city,num_vehicles,num_requests,seed,trial,lambda_val,M_val,percent_serviced,avg_waiting_time,max_waiting_time,avg_detour_factor,max_detour_factor,vmt,real_quantum_hardware,rep
32_Phoenix_City,5,5,50542,1,2500.0,5000.0,100.0,266.1136,1052.7258461538463,1.2787929338235269,1.9062076955911944,1215.777538461539,0,0
32_Phoenix_City,5,5,50542,1,2500.0,5000.0,100.0,266.1136,1052.7258461538463,1.2787929338235269,1.9062076955911944,1215.777538461539,0,1
32_Phoenix_City,5,5,50542,1,2500.0,5000.0,100.0,266.1136,1052.7258461538463,1.2787929338235269,1.9062076955911944,1215.777538461539,0,2
32_Phoenix_City,5,5,50542,1,2500.0,5000.0,100.0,266.1136,1052.7258461538463,1.2787929338235269,1.9062076955911944,1215.777538461539,0,3
32_Phoenix_City,5,5,50542,1,2500.0,5000.0,100.0,266.1136,1052.7258461538463,1.2787929338235269,1.9062076955911944,1215.777538461539,0,4
32_Phoenix_City,5,5,50542,1,2500.0,12500.0,100.0,266.1136,1052.7258461538463,1.2787929338235269,1.9062076955911944,1215.777538461539,0,0
32_Phoenix_City,5,5,50542,1,2500.0,12500.0,100.0,266.1136,1052.7258461538463,1.2787929338235269,1.9062076955911944,1215.777538461539,0,1
32_Phoenix_City,5,5,50542,1,2500.0,12500.0,100.0,266.1136,1052.7258461538463,1.2787929338235269,1.9062076955911944,1215.777538461539,0,2
32_Phoenix_City,5,5,50542,1,2500.0,12500.0,100.0,266.1136,1052.7258461538463,1.2787929338235269,1.9062076955911944,1215.777538461539,0,3
32_Phoenix_City,5,5,50542,1,2500.0,12500.0,100.0,266.1136,1052.7258461538463,1.2787929338235269,1.9062076955911944,1215.777538461539,0,4
32_Phoenix_City,5,5,50542,1,2500.0,25000.0,100.0,266.1136,1052.7258461538463,1.2787929338235269,1.9062076955911944,1215.777538461539,0,0
32_Phoenix_City,5,5,50542,1,2500.0,25000.0,100.0,266.1136,1052.7258461538463,1.2787929338235269,1.9062076955911944,1215.777538461539,0,1
32_Phoenix_City,5,5,50542,1,2500.0,25000.0,100.0,266.1136,1052.7258461538463,1.2787929338235269,1.9062076955911944,1215.777538461539,0,2
32_Phoenix_City,5,5,50542,1,2500.0,25000.0,100.0,266.1136,1052.7258461538463,1.2787929338235269,1.9062076955911944,1215.777538461539,0,3
32_Phoenix_City,5,5,50542,1,2500.0,25000.0,100.0,266.1136,1052.7258461538463,1.2787929338235269,1.9062076955911944,1215.777538461539,0,4
32_Phoenix_City,5,5,50542,1,5000.0,10000.0,100.0,266.1136,1052.7258461538463,1.2787929338235269,1.9062076955911944,1215.777538461539,0,0
32_Phoenix_City,5,5,50542,1,5000.0,10000.0,100.0,266.1136,1052.7258461538463,1.2787929338235269,1.9062076955911944,1215.777538461539,0,1
32_Phoenix_City,5,5,50542,1,5000.0,10000.0,100.0,266.1136,1052.7258461538463,1.2787929338235269,1.9062076955911944,1215.777538461539,0,2
32_Phoenix_City,5,5,50542,1,5000.0,10000.0,100.0,266.1136,1052.7258461538463,1.2787929338235269,1.9062076955911944,1215.777538461539,0,3
32_Phoenix_City,5,5,50542,1,5000.0,10000.0,100.0,266.1136,1052.7258461538463,1.2787929338235269,1.9062076955911944,1215.777538461539,0,4
32_Phoenix_City,5,5,50542,1,5000.0,25000.0,100.0,266.1136,1052.7258461538463,1.2787929338235269,1.9062076955911944,1215.777538461539,0,0
32_Phoenix_City,5,5,50542,1,5000.0,25000.0,100.0,266.1136,1052.7258461538463,1.2787929338235269,1.9062076955911944,1215.777538461539,0,1
32_Phoenix_City,5,5,50542,1,5000.0,25000.0,100.0,266.1136,1052.7258461538463,1.2787929338235269,1.9062076955911944,1215.777538461539,0,2
32_Phoenix_City,5,5,50542,1,5000.0,25000.0,100.0,266.1136,1052.7258461538463,1.2787929338235269,1.9062076955911944,1215.777538461539,0,3
32_Phoenix_City,5,5,50542,1,5000.0,25000.0,100.0,266.1136,1052.7258461538463,1.2787929338235269,1.9062076955911944,1215.777538461539,0,4
32_Phoenix_City,5,5,50542,1,5000.0,50000.0,100.0,266.1136,1052.7258461538463,1.2787929338235269,1.9062076955911944,1215.777538461539,0,0
32_Phoenix_City,5,5,50542,1,5000.0,50000.0,100.0,266.1136,1052.7258461538463,1.2787929338235269,1.9062076955911944,1215.777538461539,0,1
32_Phoenix_City,5,5,50542,1,5000.0,50000.0,100.0,266.1136,1052.7258461538463,1.2787929338235269,1.9062076955911944,1215.777538461539,0,2
32_Phoenix_City,5,5,50542,1,5000.0,50000.0,100.0,266.1136,1052.7258461538463,1.2787929338235269,1.9062076955911944,1215.777538461539,0,3
32_Phoenix_City,5,5,50542,1,5000.0,50000.0,100.0,266.1136,1052.7258461538463,1.2787929338235269,1.9062076955911944,1215.777538461539,0,4
32_Phoenix_City,5,5,50542,1,10000.0,20000.0,100.0,266.1136,1052.7258461538463,1.2787929338235269,1.9062076955911944,1215.777538461539,0,0
32_Phoenix_City,5,5,50542,1,10000.0,20000.0,100.0,266.1136,1052.7258461538463,1.2787929338235269,1.9062076955911944,1215.777538461539,0,1
32_Phoenix_City,5,5,50542,1,10000.0,20000.0,100.0,266.1136,1052.7258461538463,1.2787929338235269,1.9062076955911944,1215.777538461539,0,2
32_Phoenix_City,5,5,50542,1,10000.0,20000.0,100.0,266.1136,1052.7258461538463,1.2787929338235269,1.9062076955911944,1215.777538461539,0,3
32_Phoenix_City,5,5,50542,1,10000.0,20000.0,100.0,266.1136,1052.7258461538463,1.2787929338235269,1.9062076955911944,1215.777538461539,0,4
32_Phoenix_City,5,5,50542,1,10000.0,50000.0,100.0,266.1136,1052.7258461538463,1.2787929338235269,1.9062076955911944,1215.777538461539,0,0
32_Phoenix_City,5,5,50542,1,10000.0,50000.0,100.0,266.1136,1052.7258461538463,1.2787929338235269,1.9062076955911944,1215.777538461539,0,1
32_Phoenix_City,5,5,50542,1,10000.0,50000.0,100.0,266.1136,1052.7258461538463,1.2787929338235269,1.9062076955911944,1215.777538461539,0,2
32_Phoenix_City,5,5,50542,1,10000.0,50000.0,100.0,266.1136,1052.7258461538463,1.2787929338235269,1.9062076955911944,1215.777538461539,0,3
32_Phoenix_City,5,5,50542,1,10000.0,50000.0,100.0,266.1136,1052.7258461538463,1.2787929338235269,1.9062076955911944,1215.777538461539,0,4
32_Phoenix_City,5,5,50542,1,10000.0,100000.0,100.0,266.1136,1052.7258461538463,1.2787929338235269,1.9062076955911944,1215.777538461539,0,0
32_Phoenix_City,5,5,50542,1,10000.0,100000.0,100.0,266.1136,1052.7258461538463,1.2787929338235269,1.9062076955911944,1215.777538461539,0,1
32_Phoenix_City,5,5,50542,1,10000.0,100000.0,100.0,266.1136,1052.7258461538463,1.2787929338235269,1.9062076955911944,1215.777538461539,0,2
32_Phoenix_City,5,5,50542,1,10000.0,100000.0,100.0,266.1136,1052.7258461538463,1.2787929338235269,1.9062076955911944,1215.777538461539,0,3
32_Phoenix_City,5,5,50542,1,10000.0,100000.0,100.0,266.1136,1052.7258461538463,1.2787929338235269,1.9062076955911944,1215.777538461539,0,4
32_Phoenix_City,5,5,50542,1,20000.0,40000.0,100.0,266.1136,1052.7258461538463,1.2787929338235269,1.9062076955911944,1215.777538461539,0,0
32_Phoenix_City,5,5,50542,1,20000.0,40000.0,100.0,266.1136,1052.7258461538463,1.2787929338235269,1.9062076955911944,1215.777538461539,0,1
32_Phoenix_City,5,5,50542,1,20000.0,40000.0,100.0,266.1136,1052.7258461538463,1.2787929338235269,1.9062076955911944,1215.777538461539,0,2
32_Phoenix_City,5,5,50542,1,20000.0,40000.0,100.0,266.1136,1052.7258461538463,1.2787929338235269,1.9062076955911944,1215.777538461539,0,3
32_Phoenix_City,5,5,50542,1,20000.0,40000.0,100.0,266.1136,1052.7258461538463,1.2787929338235269,1.9062076955911944,1215.777538461539,0,4
32_Phoenix_City,5,5,50542,1,20000.0,100000.0,100.0,266.1136,1052.7258461538463,1.2787929338235269,1.9062076955911944,1215.777538461539,0,0
32_Phoenix_City,5,5,50542,1,20000.0,100000.0,100.0,266.1136,1052.7258461538463,1.2787929338235269,1.9062076955911944,1215.777538461539,0,1
32_Phoenix_City,5,5,50542,1,20000.0,100000.0,100.0,266.1136,1052.7258461538463,1.2787929338235269,1.9062076955911944,1215.777538461539,0,2
32_Phoenix_City,5,5,50542,1,20000.0,100000.0,100.0,266.1136,1052.7258461538463,1.2787929338235269,1.9062076955911944,1215.777538461539,0,3
32_Phoenix_City,5,5,50542,1,20000.0,100000.0,100.0,266.1136,1052.7258461538463,1.2787929338235269,1.9062076955911944,1215.777538461539,0,4
32_Phoenix_City,5,5,50542,1,20000.0,200000.0,100.0,266.1136,1052.7258461538463,1.2787929338235269,1.9062076955911944,1215.777538461539,0,0
32_Phoenix_City,5,5,50542,1,20000.0,200000.0,100.0,266.1136,1052.7258461538463,1.2787929338235269,1.9062076955911944,1215.777538461539,0,1
32_Phoenix_City,5,5,50542,1,20000.0,200000.0,100.0,266.1136,1052.7258461538463,1.2787929338235269,1.9062076955911944,1215.777538461539,0,2
32_Phoenix_City,5,5,50542,1,20000.0,200000.0,100.0,266.1136,1052.7258461538463,1.2787929338235269,1.9062076955911944,1215.777538461539,0,3
32_Phoenix_City,5,5,50542,1,20000.0,200000.0,100.0,266.1136,1052.7258461538463,1.2787929338235269,1.9062076955911944,1215.777538461539,0,4
32_Phoenix_City,5,5,50542,1,40000.0,80000.0,100.0,266.1136,1052.7258461538463,1.2787929338235269,1.9062076955911944,1215.777538461539,0,0
32_Phoenix_City,5,5,50542,1,40000.0,80000.0,100.0,266.1136,1052.7258461538463,1.2787929338235269,1.9062076955911944,1215.777538461539,0,1
32_Phoenix_City,5,5,50542,1,40000.0,80000.0,100.0,266.1136,1052.7258461538463,1.2787929338235269,1.9062076955911944,1215.777538461539,0,2
32_Phoenix_City,5,5,50542,1,40000.0,80000.0,100.0,266.1136,1052.7258461538463,1.2787929338235269,1.9062076955911944,1215.777538461539,0,3
32_Phoenix_City,5,5,50542,1,40000.0,80000.0,100.0,266.1136,1052.7258461538463,1.2787929338235269,1.9062076955911944,1215.777538461539,0,4
32_Phoenix_City,5,5,50542,1,40000.0,200000.0,100.0,266.1136,1052.7258461538463,1.2787929338235269,1.9062076955911944,1215.777538461539,0,0
32_Phoenix_City,5,5,50542,1,40000.0,200000.0,100.0,266.1136,1052.7258461538463,1.2787929338235269,1.9062076955911944,1215.777538461539,0,1
32_Phoenix_City,5,5,50542,1,40000.0,200000.0,100.0,266.1136,1052.7258461538463,1.2787929338235269,1.9062076955911944,1215.777538461539,0,2
32_Phoenix_City,5,5,50542,1,40000.0,200000.0,100.0,266.1136,1052.7258461538463,1.2787929338235269,1.9062076955911944,1215.777538461539,0,3
32_Phoenix_City,5,5,50542,1,40000.0,200000.0,100.0,266.1136,1052.7258461538463,1.2787929338235269,1.9062076955911944,1215.777538461539,0,4
32_Phoenix_City,5,5,50542,1,40000.0,400000.0,100.0,266.1136,1052.7258461538463,1.2787929338235269,1.9062076955911944,1215.777538461539,0,0
32_Phoenix_City,5,5,50542,1,40000.0,400000.0,100.0,266.1136,1052.7258461538463,1.2787929338235269,1.9062076955911944,1215.777538461539,0,1
32_Phoenix_City,5,5,50542,1,40000.0,400000.0,100.0,266.1136,1052.7258461538463,1.2787929338235269,1.9062076955911944,1215.777538461539,0,2
32_Phoenix_City,5,5,50542,1,40000.0,400000.0,100.0,266.1136,1052.7258461538463,1.2787929338235269,1.9062076955911944,1215.777538461539,0,3
32_Phoenix_City,5,5,50542,1,40000.0,400000.0,100.0,266.1136,1052.7258461538463,1.2787929338235269,1.9062076955911944,1215.777538461539,0,4
32_Phoenix_City,5,5,50543,2,2500.0,5000.0,80.0,64.51523076923081,258.06092307692325,2.076366314975824,2.719201364601357,1326.1467692307688,0,0
32_Phoenix_City,5,5,50543,2,2500.0,5000.0,80.0,64.51523076923081,258.06092307692325,2.076366314975824,2.719201364601357,1326.1467692307688,0,1
32_Phoenix_City,5,5,50543,2,2500.0,5000.0,80.0,64.51523076923081,258.06092307692325,2.076366314975824,2.719201364601357,1326.1467692307688,0,2
32_Phoenix_City,5,5,50543,2,2500.0,5000.0,80.0,64.51523076923081,258.06092307692325,2.076366314975824,2.719201364601357,1326.1467692307688,0,3
32_Phoenix_City,5,5,50543,2,2500.0,5000.0,80.0,64.51523076923081,258.06092307692325,2.076366314975824,2.719201364601357,1326.1467692307688,0,4
32_Phoenix_City,5,5,50543,2,2500.0,12500.0,80.0,64.51523076923081,258.06092307692325,2.076366314975824,2.719201364601357,1326.1467692307688,0,0
32_Phoenix_City,5,5,50543,2,2500.0,12500.0,80.0,64.51523076923081,258.06092307692325,2.076366314975824,2.719201364601357,1326.1467692307688,0,1
32_Phoenix_City,5,5,50543,2,2500.0,12500.0,80.0,64.51523076923081,258.06092307692325,2.076366314975824,2.719201364601357,1326.1467692307688,0,2
32_Phoenix_City,5,5,50543,2,2500.0,12500.0,80.0,64.51523076923081,258.06092307692325,2.076366314975824,2.719201364601357,1326.1467692307688,0,3
32_Phoenix_City,5,5,50543,2,2500.0,12500.0,80.0,64.51523076923081,258.06092307692325,2.076366314975824,2.719201364601357,1326.1467692307688,0,4
32_Phoenix_City,5,5,50543,2,2500.0,25000.0,80.0,64.51523076923081,258.06092307692325,2.076366314975824,2.719201364601357,1326.1467692307688,0,0
32_Phoenix_City,5,5,50543,2,2500.0,25000.0,80.0,64.51523076923081,258.06092307692325,2.076366314975824,2.719201364601357,1326.1467692307688,0,1
32_Phoenix_City,5,5,50543,2,2500.0,25000.0,80.0,64.51523076923081,258.06092307692325,2.076366314975824,2.719201364601357,1326.1467692307688,0,2
32_Phoenix_City,5,5,50543,2,2500.0,25000.0,80.0,64.51523076923081,258.06092307692325,2.076366314975824,2.719201364601357,1326.1467692307688,0,3
32_Phoenix_City,5,5,50543,2,2500.0,25000.0,80.0,64.51523076923081,258.06092307692325,2.076366314975824,2.719201364601357,1326.1467692307688,0,4
32_Phoenix_City,5,5,50543,2,5000.0,10000.0,80.0,64.51523076923081,258.06092307692325,2.076366314975824,2.719201364601357,1326.1467692307688,0,0
32_Phoenix_City,5,5,50543,2,5000.0,10000.0,80.0,64.51523076923081,258.06092307692325,2.076366314975824,2.719201364601357,1326.1467692307688,0,1
32_Phoenix_City,5,5,50543,2,5000.0,10000.0,80.0,64.51523076923081,258.06092307692325,2.076366314975824,2.719201364601357,1326.1467692307688,0,2
32_Phoenix_City,5,5,50543,2,5000.0,10000.0,80.0,64.51523076923081,258.06092307692325,2.076366314975824,2.719201364601357,1326.1467692307688,0,3
32_Phoenix_City,5,5,50543,2,5000.0,10000.0,80.0,64.51523076923081,258.06092307692325,2.076366314975824,2.719201364601357,1326.1467692307688,0,4
32_Phoenix_City,5,5,50543,2,5000.0,25000.0,80.0,64.51523076923081,258.06092307692325,2.076366314975824,2.719201364601357,1326.1467692307688,0,0
32_Phoenix_City,5,5,50543,2,5000.0,25000.0,80.0,64.51523076923081,258.06092307692325,2.076366314975824,2.719201364601357,1326.1467692307688,0,1
32_Phoenix_City,5,5,50543,2,5000.0,25000.0,80.0,64.51523076923081,258.06092307692325,2.076366314975824,2.719201364601357,1326.1467692307688,0,2
32_Phoenix_City,5,5,50543,2,5000.0,25000.0,80.0,64.51523076923081,258.06092307692325,2.076366314975824,2.719201364601357,1326.1467692307688,0,3
32_Phoenix_City,5,5,50543,2,5000.0,25000.0,80.0,64.51523076923081,258.06092307692325,2.076366314975824,2.719201364601357,1326.1467692307688,0,4
32_Phoenix_City,5,5,50543,2,5000.0,50000.0,80.0,64.51523076923081,258.06092307692325,2.076366314975824,2.719201364601357,1326.1467692307688,0,0
32_Phoenix_City,5,5,50543,2,5000.0,50000.0,80.0,64.51523076923081,258.06092307692325,2.076366314975824,2.719201364601357,1326.1467692307688,0,1
32_Phoenix_City,5,5,50543,2,5000.0,50000.0,80.0,64.51523076923081,258.06092307692325,2.076366314975824,2.719201364601357,1326.1467692307688,0,2
32_Phoenix_City,5,5,50543,2,5000.0,50000.0,80.0,64.51523076923081,258.06092307692325,2.076366314975824,2.719201364601357,1326.1467692307688,0,3
32_Phoenix_City,5,5,50543,2,5000.0,50000.0,80.0,64.51523076923081,258.06092307692325,2.076366314975824,2.719201364601357,1326.1467692307688,0,4
32_Phoenix_City,5,5,50543,2,10000.0,20000.0,80.0,64.51523076923081,258.06092307692325,2.076366314975824,2.719201364601357,1326.1467692307688,0,0
32_Phoenix_City,5,5,50543,2,10000.0,20000.0,80.0,64.51523076923081,258.06092307692325,2.076366314975824,2.719201364601357,1326.1467692307688,0,1
32_Phoenix_City,5,5,50543,2,10000.0,20000.0,80.0,64.51523076923081,258.06092307692325,2.076366314975824,2.719201364601357,1326.1467692307688,0,2
32_Phoenix_City,5,5,50543,2,10000.0,20000.0,80.0,64.51523076923081,258.06092307692325,2.076366314975824,2.719201364601357,1326.1467692307688,0,3
32_Phoenix_City,5,5,50543,2,10000.0,20000.0,80.0,64.51523076923081,258.06092307692325,2.076366314975824,2.719201364601357,1326.1467692307688,0,4
32_Phoenix_City,5,5,50543,2,10000.0,50000.0,80.0,64.51523076923081,258.06092307692325,2.076366314975824,2.719201364601357,1326.1467692307688,0,0
32_Phoenix_City,5,5,50543,2,10000.0,50000.0,80.0,64.51523076923081,258.06092307692325,2.076366314975824,2.719201364601357,1326.1467692307688,0,1
32_Phoenix_City,5,5,50543,2,10000.0,50000.0,80.0,64.51523076923081,258.06092307692325,2.076366314975824,2.719201364601357,1326.1467692307688,0,2
32_Phoenix_City,5,5,50543,2,10000.0,50000.0,80.0,64.51523076923081,258.06092307692325,2.076366314975824,2.719201364601357,1326.1467692307688,0,3
32_Phoenix_City,5,5,50543,2,10000.0,50000.0,80.0,64.51523076923081,258.06092307692325,2.076366314975824,2.719201364601357,1326.1467692307688,0,4
32_Phoenix_City,5,5,50543,2,10000.0,100000.0,80.0,64.51523076923081,258.06092307692325,2.076366314975824,2.719201364601357,1326.1467692307688,0,0
32_Phoenix_City,5,5,50543,2,10000.0,100000.0,80.0,64.51523076923081,258.06092307692325,2.076366314975824,2.719201364601357,1326.1467692307688,0,1
32_Phoenix_City,5,5,50543,2,10000.0,100000.0,80.0,64.51523076923081,258.06092307692325,2.076366314975824,2.719201364601357,1326.1467692307688,0,2
32_Phoenix_City,5,5,50543,2,10000.0,100000.0,80.0,64.51523076923081,258.06092307692325,2.076366314975824,2.719201364601357,1326.1467692307688,0,3
32_Phoenix_City,5,5,50543,2,10000.0,100000.0,80.0,64.51523076923081,258.06092307692325,2.076366314975824,2.719201364601357,1326.1467692307688,0,4
32_Phoenix_City,5,5,50543,2,20000.0,40000.0,80.0,64.51523076923081,258.06092307692325,2.076366314975824,2.719201364601357,1326.1467692307688,0,0
32_Phoenix_City,5,5,50543,2,20000.0,40000.0,80.0,64.51523076923081,258.06092307692325,2.076366314975824,2.719201364601357,1326.1467692307688,0,1
32_Phoenix_City,5,5,50543,2,20000.0,40000.0,80.0,64.51523076923081,258.06092307692325,2.076366314975824,2.719201364601357,1326.1467692307688,0,2
32_Phoenix_City,5,5,50543,2,20000.0,40000.0,80.0,64.51523076923081,258.06092307692325,2.076366314975824,2.719201364601357,1326.1467692307688,0,3
32_Phoenix_City,5,5,50543,2,20000.0,40000.0,80.0,64.51523076923081,258.06092307692325,2.076366314975824,2.719201364601357,1326.1467692307688,0,4
32_Phoenix_City,5,5,50543,2,20000.0,100000.0,80.0,64.51523076923081,258.06092307692325,2.076366314975824,2.719201364601357,1326.1467692307688,0,0
32_Phoenix_City,5,5,50543,2,20000.0,100000.0,80.0,64.51523076923081,258.06092307692325,2.076366314975824,2.719201364601357,1326.1467692307688,0,1
32_Phoenix_City,5,5,50543,2,20000.0,100000.0,80.0,64.51523076923081,258.06092307692325,2.076366314975824,2.719201364601357,1326.1467692307688,0,2
32_Phoenix_City,5,5,50543,2,20000.0,100000.0,80.0,64.51523076923081,258.06092307692325,2.076366314975824,2.719201364601357,1326.1467692307688,0,3
32_Phoenix_City,5,5,50543,2,20000.0,100000.0,80.0,64.51523076923081,258.06092307692325,2.076366314975824,2.719201364601357,1326.1467692307688,0,4
32_Phoenix_City,5,5,50543,2,20000.0,200000.0,80.0,64.51523076923081,258.06092307692325,2.076366314975824,2.719201364601357,1326.1467692307688,0,0
32_Phoenix_City,5,5,50543,2,20000.0,200000.0,80.0,64.51523076923081,258.06092307692325,2.076366314975824,2.719201364601357,1326.1467692307688,0,1
32_Phoenix_City,5,5,50543,2,20000.0,200000.0,80.0,64.51523076923081,258.06092307692325,2.076366314975824,2.719201364601357,1326.1467692307688,0,2
32_Phoenix_City,5,5,50543,2,20000.0,200000.0,80.0,64.51523076923081,258.06092307692325,2.076366314975824,2.719201364601357,1326.1467692307688,0,3
32_Phoenix_City,5,5,50543,2,20000.0,200000.0,80.0,64.51523076923081,258.06092307692325,2.076366314975824,2.719201364601357,1326.1467692307688,0,4
32_Phoenix_City,5,5,50543,2,40000.0,80000.0,80.0,64.51523076923081,258.06092307692325,2.076366314975824,2.719201364601357,1326.1467692307688,0,0
32_Phoenix_City,5,5,50543,2,40000.0,80000.0,80.0,64.51523076923081,258.06092307692325,2.076366314975824,2.719201364601357,1326.1467692307688,0,1
32_Phoenix_City,5,5,50543,2,40000.0,80000.0,80.0,64.51523076923081,258.06092307692325,2.076366314975824,2.719201364601357,1326.1467692307688,0,2
32_Phoenix_City,5,5,50543,2,40000.0,80000.0,80.0,64.51523076923081,258.06092307692325,2.076366314975824,2.719201364601357,1326.1467692307688,0,3
32_Phoenix_City,5,5,50543,2,40000.0,80000.0,80.0,64.51523076923081,258.06092307692325,2.076366314975824,2.719201364601357,1326.1467692307688,0,4
32_Phoenix_City,5,5,50543,2,40000.0,200000.0,80.0,64.51523076923081,258.06092307692325,2.076366314975824,2.719201364601357,1326.1467692307688,0,0
32_Phoenix_City,5,5,50543,2,40000.0,200000.0,80.0,64.51523076923081,258.06092307692325,2.076366314975824,2.719201364601357,1326.1467692307688,0,1
32_Phoenix_City,5,5,50543,2,40000.0,200000.0,80.0,64.51523076923081,258.06092307692325,2.076366314975824,2.719201364601357,1326.1467692307688,0,2
32_Phoenix_City,5,5,50543,2,40000.0,200000.0,80.0,64.51523076923081,258.06092307692325,2.076366314975824,2.719201364601357,1326.1467692307688,0,3
32_Phoenix_City,5,5,50543,2,40000.0,200000.0,80.0,64.51523076923081,258.06092307692325,2.076366314975824,2.719201364601357,1326.1467692307688,0,4
32_Phoenix_City,5,5,50543,2,40000.0,400000.0,80.0,64.51523076923081,258.06092307692325,2.076366314975824,2.719201364601357,1326.1467692307688,0,0
32_Phoenix_City,5,5,50543,2,40000.0,400000.0,80.0,64.51523076923081,258.06092307692325,2.076366314975824,2.719201364601357,1326.1467692307688,0,1
32_Phoenix_City,5,5,50543,2,40000.0,400000.0,80.0,64.51523076923081,258.06092307692325,2.076366314975824,2.719201364601357,1326.1467692307688,0,2
32_Phoenix_City,5,5,50543,2,40000.0,400000.0,80.0,64.51523076923081,258.06092307692325,2.076366314975824,2.719201364601357,1326.1467692307688,0,3
32_Phoenix_City,5,5,50543,2,40000.0,400000.0,80.0,64.51523076923081,258.06092307692325,2.076366314975824,2.719201364601357,1326.1467692307688,0,4
32_Phoenix_City,5,5,50544,3,2500.0,5000.0,100.0,138.65298461538458,693.264923076923,2.3868959003128536,4.224821934237266,1646.4067692307694,0,0
32_Phoenix_City,5,5,50544,3,2500.0,5000.0,100.0,138.65298461538458,693.264923076923,2.3868959003128536,4.224821934237266,1646.4067692307694,0,1
32_Phoenix_City,5,5,50544,3,2500.0,5000.0,100.0,138.65298461538458,693.264923076923,2.3868959003128536,4.224821934237266,1646.4067692307694,0,2
32_Phoenix_City,5,5,50544,3,2500.0,5000.0,100.0,138.65298461538458,693.264923076923,2.3868959003128536,4.224821934237266,1646.4067692307694,0,3
32_Phoenix_City,5,5,50544,3,2500.0,5000.0,100.0,138.65298461538458,693.264923076923,2.3868959003128536,4.224821934237266,1646.4067692307694,0,4
32_Phoenix_City,5,5,50544,3,2500.0,12500.0,100.0,138.65298461538458,693.264923076923,2.3868959003128536,4.224821934237266,1646.4067692307694,0,0
32_Phoenix_City,5,5,50544,3,2500.0,12500.0,100.0,138.65298461538458,693.264923076923,2.3868959003128536,4.224821934237266,1646.4067692307694,0,1
32_Phoenix_City,5,5,50544,3,2500.0,12500.0,100.0,138.65298461538458,693.264923076923,2.3868959003128536,4.224821934237266,1646.4067692307694,0,2
32_Phoenix_City,5,5,50544,3,2500.0,12500.0,100.0,138.65298461538458,693.264923076923,2.3868959003128536,4.224821934237266,1646.4067692307694,0,3
32_Phoenix_City,5,5,50544,3,2500.0,12500.0,100.0,138.65298461538458,693.264923076923,2.3868959003128536,4.224821934237266,1646.4067692307694,0,4
32_Phoenix_City,5,5,50544,3,2500.0,25000.0,100.0,138.65298461538458,693.264923076923,2.3868959003128536,4.224821934237266,1646.4067692307694,0,0
32_Phoenix_City,5,5,50544,3,2500.0,25000.0,100.0,138.65298461538458,693.264923076923,2.3868959003128536,4.224821934237266,1646.4067692307694,0,1
32_Phoenix_City,5,5,50544,3,2500.0,25000.0,100.0,138.65298461538458,693.264923076923,2.3868959003128536,4.224821934237266,1646.4067692307694,0,2
32_Phoenix_City,5,5,50544,3,2500.0,25000.0,100.0,138.65298461538458,693.264923076923,2.3868959003128536,4.224821934237266,1646.4067692307694,0,3
32_Phoenix_City,5,5,50544,3,2500.0,25000.0,100.0,138.65298461538458,693.264923076923,2.3868959003128536,4.224821934237266,1646.4067692307694,0,4
32_Phoenix_City,5,5,50544,3,5000.0,10000.0,100.0,138.65298461538458,693.264923076923,2.3868959003128536,4.224821934237266,1646.4067692307694,0,0
32_Phoenix_City,5,5,50544,3,5000.0,10000.0,100.0,138.65298461538458,693.264923076923,2.3868959003128536,4.224821934237266,1646.4067692307694,0,1
32_Phoenix_City,5,5,50544,3,5000.0,10000.0,100.0,138.65298461538458,693.264923076923,2.3868959003128536,4.224821934237266,1646.4067692307694,0,2
32_Phoenix_City,5,5,50544,3,5000.0,10000.0,100.0,138.65298461538458,693.264923076923,2.3868959003128536,4.224821934237266,1646.4067692307694,0,3
32_Phoenix_City,5,5,50544,3,5000.0,10000.0,100.0,138.65298461538458,693.264923076923,2.3868959003128536,4.224821934237266,1646.4067692307694,0,4
32_Phoenix_City,5,5,50544,3,5000.0,25000.0,100.0,138.65298461538458,693.264923076923,2.3868959003128536,4.224821934237266,1646.4067692307694,0,0
32_Phoenix_City,5,5,50544,3,5000.0,25000.0,100.0,138.65298461538458,693.264923076923,2.3868959003128536,4.224821934237266,1646.4067692307694,0,1
32_Phoenix_City,5,5,50544,3,5000.0,25000.0,100.0,138.65298461538458,693.264923076923,2.3868959003128536,4.224821934237266,1646.4067692307694,0,2
32_Phoenix_City,5,5,50544,3,5000.0,25000.0,100.0,138.65298461538458,693.264923076923,2.3868959003128536,4.224821934237266,1646.4067692307694,0,3
32_Phoenix_City,5,5,50544,3,5000.0,25000.0,100.0,138.65298461538458,693.264923076923,2.3868959003128536,4.224821934237266,1646.4067692307694,0,4
32_Phoenix_City,5,5,50544,3,5000.0,50000.0,100.0,138.65298461538458,693.264923076923,2.3868959003128536,4.224821934237266,1646.4067692307694,0,0
32_Phoenix_City,5,5,50544,3,5000.0,50000.0,100.0,138.65298461538458,693.264923076923,2.3868959003128536,4.224821934237266,1646.4067692307694,0,1
32_Phoenix_City,5,5,50544,3,5000.0,50000.0,100.0,138.65298461538458,693.264923076923,2.3868959003128536,4.224821934237266,1646.4067692307694,0,2
32_Phoenix_City,5,5,50544,3,5000.0,50000.0,100.0,138.65298461538458,693.264923076923,2.3868959003128536,4.224821934237266,1646.4067692307694,0,3
32_Phoenix_City,5,5,50544,3,5000.0,50000.0,100.0,138.65298461538458,693.264923076923,2.3868959003128536,4.224821934237266,1646.4067692307694,0,4
32_Phoenix_City,5,5,50544,3,10000.0,20000.0,100.0,138.65298461538458,693.264923076923,2.3868959003128536,4.224821934237266,1646.4067692307694,0,0
32_Phoenix_City,5,5,50544,3,10000.0,20000.0,100.0,138.65298461538458,693.264923076923,2.3868959003128536,4.224821934237266,1646.4067692307694,0,1
32_Phoenix_City,5,5,50544,3,10000.0,20000.0,100.0,138.65298461538458,693.264923076923,2.3868959003128536,4.224821934237266,1646.4067692307694,0,2
32_Phoenix_City,5,5,50544,3,10000.0,20000.0,100.0,138.65298461538458,693.264923076923,2.3868959003128536,4.224821934237266,1646.4067692307694,0,3
32_Phoenix_City,5,5,50544,3,10000.0,20000.0,100.0,138.65298461538458,693.264923076923,2.3868959003128536,4.224821934237266,1646.4067692307694,0,4
32_Phoenix_City,5,5,50544,3,10000.0,50000.0,100.0,138.65298461538458,693.264923076923,2.3868959003128536,4.224821934237266,1646.4067692307694,0,0
32_Phoenix_City,5,5,50544,3,10000.0,50000.0,100.0,138.65298461538458,693.264923076923,2.3868959003128536,4.224821934237266,1646.4067692307694,0,1
32_Phoenix_City,5,5,50544,3,10000.0,50000.0,100.0,138.65298461538458,693.264923076923,2.3868959003128536,4.224821934237266,1646.4067692307694,0,2
32_Phoenix_City,5,5,50544,3,10000.0,50000.0,100.0,138.65298461538458,693.264923076923,2.3868959003128536,4.224821934237266,1646.4067692307694,0,3
32_Phoenix_City,5,5,50544,3,10000.0,50000.0,100.0,138.65298461538458,693.264923076923,2.3868959003128536,4.224821934237266,1646.4067692307694,0,4
32_Phoenix_City,5,5,50544,3,10000.0,100000.0,100.0,138.65298461538458,693.264923076923,2.3868959003128536,4.224821934237266,1646.4067692307694,0,0
32_Phoenix_City,5,5,50544,3,10000.0,100000.0,100.0,138.65298461538458,693.264923076923,2.3868959003128536,4.224821934237266,1646.4067692307694,0,1
32_Phoenix_City,5,5,50544,3,10000.0,100000.0,100.0,138.65298461538458,693.264923076923,2.3868959003128536,4.224821934237266,1646.4067692307694,0,2
32_Phoenix_City,5,5,50544,3,10000.0,100000.0,100.0,138.65298461538458,693.264923076923,2.3868959003128536,4.224821934237266,1646.4067692307694,0,3
32_Phoenix_City,5,5,50544,3,10000.0,100000.0,100.0,138.65298461538458,693.264923076923,2.3868959003128536,4.224821934237266,1646.4067692307694,0,4
32_Phoenix_City,5,5,50544,3,20000.0,40000.0,100.0,138.65298461538458,693.264923076923,2.3868959003128536,4.224821934237266,1646.4067692307694,0,0
32_Phoenix_City,5,5,50544,3,20000.0,40000.0,100.0,138.65298461538458,693.264923076923,2.3868959003128536,4.224821934237266,1646.4067692307694,0,1
32_Phoenix_City,5,5,50544,3,20000.0,40000.0,100.0,138.65298461538458,693.264923076923,2.3868959003128536,4.224821934237266,1646.4067692307694,0,2
32_Phoenix_City,5,5,50544,3,20000.0,40000.0,100.0,138.65298461538458,693.264923076923,2.3868959003128536,4.224821934237266,1646.4067692307694,0,3
32_Phoenix_City,5,5,50544,3,20000.0,40000.0,100.0,138.65298461538458,693.264923076923,2.3868959003128536,4.224821934237266,1646.4067692307694,0,4
32_Phoenix_City,5,5,50544,3,20000.0,100000.0,100.0,138.65298461538458,693.264923076923,2.3868959003128536,4.224821934237266,1646.4067692307694,0,0
32_Phoenix_City,5,5,50544,3,20000.0,100000.0,100.0,138.65298461538458,693.264923076923,2.3868959003128536,4.224821934237266,1646.4067692307694,0,1
32_Phoenix_City,5,5,50544,3,20000.0,100000.0,100.0,138.65298461538458,693.264923076923,2.3868959003128536,4.224821934237266,1646.4067692307694,0,2
32_Phoenix_City,5,5,50544,3,20000.0,100000.0,100.0,138.65298461538458,693.264923076923,2.3868959003128536,4.224821934237266,1646.4067692307694,0,3
32_Phoenix_City,5,5,50544,3,20000.0,100000.0,100.0,138.65298461538458,693.264923076923,2.3868959003128536,4.224821934237266,1646.4067692307694,0,4
32_Phoenix_City,5,5,50544,3,20000.0,200000.0,100.0,138.65298461538458,693.264923076923,2.3868959003128536,4.224821934237266,1646.4067692307694,0,0
32_Phoenix_City,5,5,50544,3,20000.0,200000.0,100.0,138.65298461538458,693.264923076923,2.3868959003128536,4.224821934237266,1646.4067692307694,0,1
32_Phoenix_City,5,5,50544,3,20000.0,200000.0,100.0,138.65298461538458,693.264923076923,2.3868959003128536,4.224821934237266,1646.4067692307694,0,2
32_Phoenix_City,5,5,50544,3,20000.0,200000.0,100.0,138.65298461538458,693.264923076923,2.3868959003128536,4.224821934237266,1646.4067692307694,0,3
32_Phoenix_City,5,5,50544,3,20000.0,200000.0,100.0,138.65298461538458,693.264923076923,2.3868959003128536,4.224821934237266,1646.4067692307694,0,4
32_Phoenix_City,5,5,50544,3,40000.0,80000.0,100.0,138.65298461538458,693.264923076923,2.3868959003128536,4.224821934237266,1646.4067692307694,0,0
32_Phoenix_City,5,5,50544,3,40000.0,80000.0,100.0,138.65298461538458,693.264923076923,2.3868959003128536,4.224821934237266,1646.4067692307694,0,1
32_Phoenix_City,5,5,50544,3,40000.0,80000.0,100.0,138.65298461538458,693.264923076923,2.3868959003128536,4.224821934237266,1646.4067692307694,0,2
32_Phoenix_City,5,5,50544,3,40000.0,80000.0,100.0,138.65298461538458,693.264923076923,2.3868959003128536,4.224821934237266,1646.4067692307694,0,3
32_Phoenix_City,5,5,50544,3,40000.0,80000.0,100.0,138.65298461538458,693.264923076923,2.3868959003128536,4.224821934237266,1646.4067692307694,0,4
32_Phoenix_City,5,5,50544,3,40000.0,200000.0,100.0,138.65298461538458,693.264923076923,2.3868959003128536,4.224821934237266,1646.4067692307694,0,0
32_Phoenix_City,5,5,50544,3,40000.0,200000.0,100.0,138.65298461538458,693.264923076923,2.3868959003128536,4.224821934237266,1646.4067692307694,0,1
32_Phoenix_City,5,5,50544,3,40000.0,200000.0,100.0,138.65298461538458,693.264923076923,2.3868959003128536,4.224821934237266,1646.4067692307694,0,2
32_Phoenix_City,5,5,50544,3,40000.0,200000.0,100.0,138.65298461538458,693.264923076923,2.3868959003128536,4.224821934237266,1646.4067692307694,0,3
32_Phoenix_City,5,5,50544,3,40000.0,200000.0,100.0,138.65298461538458,693.264923076923,2.3868959003128536,4.224821934237266,1646.4067692307694,0,4
32_Phoenix_City,5,5,50544,3,40000.0,400000.0,100.0,138.65298461538458,693.264923076923,2.3868959003128536,4.224821934237266,1646.4067692307694,0,0
32_Phoenix_City,5,5,50544,3,40000.0,400000.0,100.0,138.65298461538458,693.264923076923,2.3868959003128536,4.224821934237266,1646.4067692307694,0,1
32_Phoenix_City,5,5,50544,3,40000.0,400000.0,100.0,138.65298461538458,693.264923076923,2.3868959003128536,4.224821934237266,1646.4067692307694,0,2
32_Phoenix_City,5,5,50544,3,40000.0,400000.0,100.0,138.65298461538458,693.264923076923,2.3868959003128536,4.224821934237266,1646.4067692307694,0,3
32_Phoenix_City,5,5,50544,3,40000.0,400000.0,100.0,138.65298461538458,693.264923076923,2.3868959003128536,4.224821934237266,1646.4067692307694,0,4
32_Phoenix_City,5,10,100542,1,2500.0,5000.0,70.0,431.5246593406593,1488.5898461538463,1.3208424551874507,1.7265429030617276,2091.9166153846154,0,0
32_Phoenix_City,5,10,100542,1,2500.0,5000.0,70.0,431.5246593406593,1488.5898461538463,1.3208424551874507,1.7265429030617276,2091.9166153846154,0,1
32_Phoenix_City,5,10,100542,1,2500.0,5000.0,70.0,431.5246593406593,1488.5898461538463,1.3208424551874507,1.7265429030617276,2091.9166153846154,0,2
32_Phoenix_City,5,10,100542,1,2500.0,5000.0,70.0,431.5246593406593,1488.5898461538463,1.3208424551874507,1.7265429030617276,2091.9166153846154,0,3
32_Phoenix_City,5,10,100542,1,2500.0,5000.0,70.0,431.5246593406593,1488.5898461538463,1.3208424551874507,1.7265429030617276,2091.9166153846154,0,4
32_Phoenix_City,5,10,100542,1,2500.0,12500.0,70.0,431.5246593406593,1488.5898461538463,1.3208424551874507,1.7265429030617276,2091.9166153846154,0,0
32_Phoenix_City,5,10,100542,1,2500.0,12500.0,70.0,431.5246593406593,1488.5898461538463,1.3208424551874507,1.7265429030617276,2091.9166153846154,0,1
32_Phoenix_City,5,10,100542,1,2500.0,12500.0,70.0,431.5246593406593,1488.5898461538463,1.3208424551874507,1.7265429030617276,2091.9166153846154,0,2
32_Phoenix_City,5,10,100542,1,2500.0,12500.0,70.0,431.5246593406593,1488.5898461538463,1.3208424551874507,1.7265429030617276,2091.9166153846154,0,3
32_Phoenix_City,5,10,100542,1,2500.0,12500.0,70.0,431.5246593406593,1488.5898461538463,1.3208424551874507,1.7265429030617276,2091.9166153846154,0,4
32_Phoenix_City,5,10,100542,1,2500.0,25000.0,70.0,431.5246593406593,1488.5898461538463,1.3208424551874507,1.7265429030617276,2091.9166153846154,0,0
32_Phoenix_City,5,10,100542,1,2500.0,25000.0,70.0,431.5246593406593,1488.5898461538463,1.3208424551874507,1.7265429030617276,2091.9166153846154,0,1
32_Phoenix_City,5,10,100542,1,2500.0,25000.0,70.0,431.5246593406593,1488.5898461538463,1.3208424551874507,1.7265429030617276,2091.9166153846154,0,2
32_Phoenix_City,5,10,100542,1,2500.0,25000.0,70.0,431.5246593406593,1488.5898461538463,1.3208424551874507,1.7265429030617276,2091.9166153846154,0,3
32_Phoenix_City,5,10,100542,1,2500.0,25000.0,70.0,431.5246593406593,1488.5898461538463,1.3208424551874507,1.7265429030617276,2091.9166153846154,0,4
32_Phoenix_City,5,10,100542,1,5000.0,10000.0,70.0,431.5246593406593,1488.5898461538463,1.3208424551874507,1.7265429030617276,2091.9166153846154,0,0
32_Phoenix_City,5,10,100542,1,5000.0,10000.0,70.0,431.5246593406593,1488.5898461538463,1.3208424551874507,1.7265429030617276,2091.9166153846154,0,1
32_Phoenix_City,5,10,100542,1,5000.0,10000.0,70.0,431.5246593406593,1488.5898461538463,1.3208424551874507,1.7265429030617276,2091.9166153846154,0,2
32_Phoenix_City,5,10,100542,1,5000.0,10000.0,70.0,431.5246593406593,1488.5898461538463,1.3208424551874507,1.7265429030617276,2091.9166153846154,0,3
32_Phoenix_City,5,10,100542,1,5000.0,10000.0,70.0,431.5246593406593,1488.5898461538463,1.3208424551874507,1.7265429030617276,2091.9166153846154,0,4
32_Phoenix_City,5,10,100542,1,5000.0,25000.0,70.0,431.5246593406593,1488.5898461538463,1.3208424551874507,1.7265429030617276,2091.9166153846154,0,0
32_Phoenix_City,5,10,100542,1,5000.0,25000.0,70.0,431.5246593406593,1488.5898461538463,1.3208424551874507,1.7265429030617276,2091.9166153846154,0,1
32_Phoenix_City,5,10,100542,1,5000.0,25000.0,70.0,431.5246593406593,1488.5898461538463,1.3208424551874507,1.7265429030617276,2091.9166153846154,0,2
32_Phoenix_City,5,10,100542,1,5000.0,25000.0,70.0,431.5246593406593,1488.5898461538463,1.3208424551874507,1.7265429030617276,2091.9166153846154,0,3
32_Phoenix_City,5,10,100542,1,5000.0,25000.0,70.0,431.5246593406593,1488.5898461538463,1.3208424551874507,1.7265429030617276,2091.9166153846154,0,4
32_Phoenix_City,5,10,100542,1,5000.0,50000.0,70.0,431.5246593406593,1488.5898461538463,1.3208424551874507,1.7265429030617276,2091.9166153846154,0,0
32_Phoenix_City,5,10,100542,1,5000.0,50000.0,70.0,431.5246593406593,1488.5898461538463,1.3208424551874507,1.7265429030617276,2091.9166153846154,0,1
32_Phoenix_City,5,10,100542,1,5000.0,50000.0,70.0,431.5246593406593,1488.5898461538463,1.3208424551874507,1.7265429030617276,2091.9166153846154,0,2
32_Phoenix_City,5,10,100542,1,5000.0,50000.0,70.0,431.5246593406593,1488.5898461538463,1.3208424551874507,1.7265429030617276,2091.9166153846154,0,3
32_Phoenix_City,5,10,100542,1,5000.0,50000.0,70.0,431.5246593406593,1488.5898461538463,1.3208424551874507,1.7265429030617276,2091.9166153846154,0,4
32_Phoenix_City,5,10,100542,1,10000.0,20000.0,70.0,431.5246593406593,1488.5898461538463,1.3208424551874507,1.7265429030617276,2091.9166153846154,0,0
32_Phoenix_City,5,10,100542,1,10000.0,20000.0,70.0,431.5246593406593,1488.5898461538463,1.3208424551874507,1.7265429030617276,2091.9166153846154,0,1
32_Phoenix_City,5,10,100542,1,10000.0,20000.0,70.0,431.5246593406593,1488.5898461538463,1.3208424551874507,1.7265429030617276,2091.9166153846154,0,2
32_Phoenix_City,5,10,100542,1,10000.0,20000.0,70.0,431.5246593406593,1488.5898461538463,1.3208424551874507,1.7265429030617276,2091.9166153846154,0,3
32_Phoenix_City,5,10,100542,1,10000.0,20000.0,70.0,431.5246593406593,1488.5898461538463,1.3208424551874507,1.7265429030617276,2091.9166153846154,0,4
32_Phoenix_City,5,10,100542,1,10000.0,50000.0,70.0,431.5246593406593,1488.5898461538463,1.3208424551874507,1.7265429030617276,2091.9166153846154,0,0
32_Phoenix_City,5,10,100542,1,10000.0,50000.0,70.0,431.5246593406593,1488.5898461538463,1.3208424551874507,1.7265429030617276,2091.9166153846154,0,1
32_Phoenix_City,5,10,100542,1,10000.0,50000.0,70.0,431.5246593406593,1488.5898461538463,1.3208424551874507,1.7265429030617276,2091.9166153846154,0,2
32_Phoenix_City,5,10,100542,1,10000.0,50000.0,70.0,431.5246593406593,1488.5898461538463,1.3208424551874507,1.7265429030617276,2091.9166153846154,0,3
32_Phoenix_City,5,10,100542,1,10000.0,50000.0,70.0,431.5246593406593,1488.5898461538463,1.3208424551874507,1.7265429030617276,2091.9166153846154,0,4
32_Phoenix_City,5,10,100542,1,10000.0,100000.0,70.0,431.5246593406593,1488.5898461538463,1.3208424551874507,1.7265429030617276,2091.9166153846154,0,0
32_Phoenix_City,5,10,100542,1,10000.0,100000.0,60.0,210.59856410256407,1263.5913846153844,1.6739999868764066,3.0002378829577165,1842.8070769230767,0,1
32_Phoenix_City,5,10,100542,1,10000.0,100000.0,70.0,431.5246593406593,1488.5898461538463,1.3208424551874507,1.7265429030617276,2091.9166153846154,0,2
32_Phoenix_City,5,10,100542,1,10000.0,100000.0,70.0,431.5246593406593,1488.5898461538463,1.3208424551874507,1.7265429030617276,2091.9166153846154,0,3
32_Phoenix_City,5,10,100542,1,10000.0,100000.0,70.0,431.5246593406593,1488.5898461538463,1.3208424551874507,1.7265429030617276,2091.9166153846154,0,4
32_Phoenix_City,5,10,100542,1,20000.0,40000.0,70.0,431.5246593406593,1488.5898461538463,1.3208424551874507,1.7265429030617276,2091.9166153846154,0,0
32_Phoenix_City,5,10,100542,1,20000.0,40000.0,70.0,431.5246593406593,1488.5898461538463,1.3208424551874507,1.7265429030617276,2091.9166153846154,0,1
32_Phoenix_City,5,10,100542,1,20000.0,40000.0,70.0,431.5246593406593,1488.5898461538463,1.3208424551874507,1.7265429030617276,2091.9166153846154,0,2
32_Phoenix_City,5,10,100542,1,20000.0,40000.0,70.0,431.5246593406593,1488.5898461538463,1.3208424551874507,1.7265429030617276,2091.9166153846154,0,3
32_Phoenix_City,5,10,100542,1,20000.0,40000.0,70.0,431.5246593406593,1488.5898461538463,1.3208424551874507,1.7265429030617276,2091.9166153846154,0,4
32_Phoenix_City,5,10,100542,1,20000.0,100000.0,70.0,431.5246593406593,1488.5898461538463,1.3208424551874507,1.7265429030617276,2091.9166153846154,0,0
32_Phoenix_City,5,10,100542,1,20000.0,100000.0,70.0,431.5246593406593,1488.5898461538463,1.3208424551874507,1.7265429030617276,2091.9166153846154,0,1
32_Phoenix_City,5,10,100542,1,20000.0,100000.0,70.0,431.5246593406593,1488.5898461538463,1.3208424551874507,1.7265429030617276,2091.9166153846154,0,2
32_Phoenix_City,5,10,100542,1,20000.0,100000.0,70.0,431.5246593406593,1488.5898461538463,1.3208424551874507,1.7265429030617276,2091.9166153846154,0,3
32_Phoenix_City,5,10,100542,1,20000.0,100000.0,70.0,431.5246593406593,1488.5898461538463,1.3208424551874507,1.7265429030617276,2091.9166153846154,0,4
32_Phoenix_City,5,10,100542,1,20000.0,200000.0,70.0,431.5246593406593,1488.5898461538463,1.3208424551874507,1.7265429030617276,2091.9166153846154,0,0
32_Phoenix_City,5,10,100542,1,20000.0,200000.0,70.0,431.5246593406593,1488.5898461538463,1.3208424551874507,1.7265429030617276,2091.9166153846154,0,1
32_Phoenix_City,5,10,100542,1,20000.0,200000.0,70.0,431.5246593406593,1488.5898461538463,1.3208424551874507,1.7265429030617276,2091.9166153846154,0,2
32_Phoenix_City,5,10,100542,1,20000.0,200000.0,70.0,431.5246593406593,1488.5898461538463,1.3208424551874507,1.7265429030617276,2091.9166153846154,0,3
32_Phoenix_City,5,10,100542,1,20000.0,200000.0,70.0,431.5246593406593,1488.5898461538463,1.3208424551874507,1.7265429030617276,2091.9166153846154,0,4
32_Phoenix_City,5,10,100542,1,40000.0,80000.0,70.0,431.5246593406593,1488.5898461538463,1.3208424551874507,1.7265429030617276,2091.9166153846154,0,0
32_Phoenix_City,5,10,100542,1,40000.0,80000.0,70.0,431.5246593406593,1488.5898461538463,1.3208424551874507,1.7265429030617276,2091.9166153846154,0,1
32_Phoenix_City,5,10,100542,1,40000.0,80000.0,70.0,431.5246593406593,1488.5898461538463,1.3208424551874507,1.7265429030617276,2091.9166153846154,0,2
32_Phoenix_City,5,10,100542,1,40000.0,80000.0,70.0,431.5246593406593,1488.5898461538463,1.3208424551874507,1.7265429030617276,2091.9166153846154,0,3
32_Phoenix_City,5,10,100542,1,40000.0,80000.0,70.0,431.5246593406593,1488.5898461538463,1.3208424551874507,1.7265429030617276,2091.9166153846154,0,4
32_Phoenix_City,5,10,100542,1,40000.0,200000.0,70.0,431.5246593406593,1488.5898461538463,1.3208424551874507,1.7265429030617276,2091.9166153846154,0,0
32_Phoenix_City,5,10,100542,1,40000.0,200000.0,70.0,431.5246593406593,1488.5898461538463,1.3208424551874507,1.7265429030617276,2091.9166153846154,0,1
32_Phoenix_City,5,10,100542,1,40000.0,200000.0,70.0,431.5246593406593,1488.5898461538463,1.3208424551874507,1.7265429030617276,2091.9166153846154,0,2
32_Phoenix_City,5,10,100542,1,40000.0,200000.0,70.0,431.5246593406593,1488.5898461538463,1.3208424551874507,1.7265429030617276,2091.9166153846154,0,3
32_Phoenix_City,5,10,100542,1,40000.0,200000.0,90.0,298.05473504273505,1263.5913846153844,1.6939811300520602,2.8507510386705017,2999.5753846153843,0,4
32_Phoenix_City,5,10,100542,1,40000.0,400000.0,70.0,431.5246593406593,1488.5898461538463,1.3208424551874507,1.7265429030617276,2091.9166153846154,0,0
32_Phoenix_City,5,10,100542,1,40000.0,400000.0,70.0,431.5246593406593,1488.5898461538463,1.3208424551874507,1.7265429030617276,2091.9166153846154,0,1
32_Phoenix_City,5,10,100542,1,40000.0,400000.0,70.0,431.5246593406593,1488.5898461538463,1.3208424551874507,1.7265429030617276,2091.9166153846154,0,2
32_Phoenix_City,5,10,100542,1,40000.0,400000.0,70.0,431.5246593406593,1488.5898461538463,1.3208424551874507,1.7265429030617276,2091.9166153846154,0,3
32_Phoenix_City,5,10,100542,1,40000.0,400000.0,90.0,298.05473504273505,1263.5913846153844,1.6939811300520602,2.8507510386705017,2999.5753846153843,0,4
32_Phoenix_City,5,10,100543,2,2500.0,5000.0,80.0,503.5373076923077,1260.0252307692308,1.7081690226359556,1.9431092159377288,2756.799692307692,0,0
32_Phoenix_City,5,10,100543,2,2500.0,5000.0,80.0,503.5373076923077,1260.0252307692308,1.7081690226359556,1.9431092159377288,2756.799692307692,0,1
32_Phoenix_City,5,10,100543,2,2500.0,5000.0,80.0,503.5373076923077,1260.0252307692308,1.7081690226359556,1.9431092159377288,2756.799692307692,0,2
32_Phoenix_City,5,10,100543,2,2500.0,5000.0,80.0,503.5373076923077,1260.0252307692308,1.7081690226359556,1.9431092159377288,2756.799692307692,0,3
32_Phoenix_City,5,10,100543,2,2500.0,5000.0,80.0,503.5373076923077,1260.0252307692308,1.7081690226359556,1.9431092159377288,2756.799692307692,0,4
32_Phoenix_City,5,10,100543,2,2500.0,12500.0,80.0,503.5373076923077,1260.0252307692308,1.7081690226359556,1.9431092159377288,2756.799692307692,0,0
32_Phoenix_City,5,10,100543,2,2500.0,12500.0,80.0,503.5373076923077,1260.0252307692308,1.7081690226359556,1.9431092159377288,2756.799692307692,0,1
32_Phoenix_City,5,10,100543,2,2500.0,12500.0,80.0,503.5373076923077,1260.0252307692308,1.7081690226359556,1.9431092159377288,2756.799692307692,0,2
32_Phoenix_City,5,10,100543,2,2500.0,12500.0,80.0,503.5373076923077,1260.0252307692308,1.7081690226359556,1.9431092159377288,2756.799692307692,0,3
32_Phoenix_City,5,10,100543,2,2500.0,12500.0,80.0,503.5373076923077,1260.0252307692308,1.7081690226359556,1.9431092159377288,2756.799692307692,0,4
32_Phoenix_City,5,10,100543,2,2500.0,25000.0,80.0,503.5373076923077,1260.0252307692308,1.7081690226359556,1.9431092159377288,2756.799692307692,0,0
32_Phoenix_City,5,10,100543,2,2500.0,25000.0,50.0,750.2830769230769,1598.9055384615383,1.818724815244121,2.345886871048791,1549.3190769230764,0,1
32_Phoenix_City,5,10,100543,2,2500.0,25000.0,80.0,503.5373076923077,1260.0252307692308,1.7081690226359556,1.9431092159377288,2756.799692307692,0,2
32_Phoenix_City,5,10,100543,2,2500.0,25000.0,50.0,750.2830769230769,1598.9055384615383,1.818724815244121,2.345886871048791,1549.3190769230764,0,3
32_Phoenix_City,5,10,100543,2,2500.0,25000.0,80.0,503.5373076923077,1260.0252307692308,1.7081690226359556,1.9431092159377288,2756.799692307692,0,4
32_Phoenix_City,5,10,100543,2,5000.0,10000.0,80.0,503.5373076923077,1260.0252307692308,1.7081690226359556,1.9431092159377288,2756.799692307692,0,0
32_Phoenix_City,5,10,100543,2,5000.0,10000.0,80.0,503.5373076923077,1260.0252307692308,1.7081690226359556,1.9431092159377288,2756.799692307692,0,1
32_Phoenix_City,5,10,100543,2,5000.0,10000.0,80.0,503.5373076923077,1260.0252307692308,1.7081690226359556,1.9431092159377288,2756.799692307692,0,2
32_Phoenix_City,5,10,100543,2,5000.0,10000.0,80.0,503.5373076923077,1260.0252307692308,1.7081690226359556,1.9431092159377288,2756.799692307692,0,3
32_Phoenix_City,5,10,100543,2,5000.0,10000.0,80.0,503.5373076923077,1260.0252307692308,1.7081690226359556,1.9431092159377288,2756.799692307692,0,4
32_Phoenix_City,5,10,100543,2,5000.0,25000.0,80.0,503.5373076923077,1260.0252307692308,1.7081690226359556,1.9431092159377288,2756.799692307692,0,0
32_Phoenix_City,5,10,100543,2,5000.0,25000.0,80.0,503.5373076923077,1260.0252307692308,1.7081690226359556,1.9431092159377288,2756.799692307692,0,1
32_Phoenix_City,5,10,100543,2,5000.0,25000.0,80.0,503.5373076923077,1260.0252307692308,1.7081690226359556,1.9431092159377288,2756.799692307692,0,2
32_Phoenix_City,5,10,100543,2,5000.0,25000.0,80.0,503.5373076923077,1260.0252307692308,1.7081690226359556,1.9431092159377288,2756.799692307692,0,3
32_Phoenix_City,5,10,100543,2,5000.0,25000.0,80.0,503.5373076923077,1260.0252307692308,1.7081690226359556,1.9431092159377288,2756.799692307692,0,4
32_Phoenix_City,5,10,100543,2,5000.0,50000.0,80.0,503.5373076923077,1260.0252307692308,1.7081690226359556,1.9431092159377288,2756.799692307692,0,0
32_Phoenix_City,5,10,100543,2,5000.0,50000.0,80.0,503.5373076923077,1260.0252307692308,1.7081690226359556,1.9431092159377288,2756.799692307692,0,1
32_Phoenix_City,5,10,100543,2,5000.0,50000.0,80.0,503.5373076923077,1260.0252307692308,1.7081690226359556,1.9431092159377288,2756.799692307692,0,2
32_Phoenix_City,5,10,100543,2,5000.0,50000.0,50.0,750.2830769230769,1598.9055384615383,1.818724815244121,2.345886871048791,1549.3190769230764,0,3
32_Phoenix_City,5,10,100543,2,5000.0,50000.0,80.0,503.5373076923077,1260.0252307692308,1.7081690226359556,1.9431092159377288,2756.799692307692,0,4
32_Phoenix_City,5,10,100543,2,10000.0,20000.0,80.0,503.5373076923077,1260.0252307692308,1.7081690226359556,1.9431092159377288,2756.799692307692,0,0
32_Phoenix_City,5,10,100543,2,10000.0,20000.0,80.0,503.5373076923077,1260.0252307692308,1.7081690226359556,1.9431092159377288,2756.799692307692,0,1
32_Phoenix_City,5,10,100543,2,10000.0,20000.0,80.0,503.5373076923077,1260.0252307692308,1.7081690226359556,1.9431092159377288,2756.799692307692,0,2
32_Phoenix_City,5,10,100543,2,10000.0,20000.0,80.0,503.5373076923077,1260.0252307692308,1.7081690226359556,1.9431092159377288,2756.799692307692,0,3
32_Phoenix_City,5,10,100543,2,10000.0,20000.0,80.0,503.5373076923077,1260.0252307692308,1.7081690226359556,1.9431092159377288,2756.799692307692,0,4
32_Phoenix_City,5,10,100543,2,10000.0,50000.0,80.0,503.5373076923077,1260.0252307692308,1.7081690226359556,1.9431092159377288,2756.799692307692,0,0
32_Phoenix_City,5,10,100543,2,10000.0,50000.0,80.0,503.5373076923077,1260.0252307692308,1.7081690226359556,1.9431092159377288,2756.799692307692,0,1
32_Phoenix_City,5,10,100543,2,10000.0,50000.0,80.0,503.5373076923077,1260.0252307692308,1.7081690226359556,1.9431092159377288,2756.799692307692,0,2
32_Phoenix_City,5,10,100543,2,10000.0,50000.0,80.0,503.5373076923077,1260.0252307692308,1.7081690226359556,1.9431092159377288,2756.799692307692,0,3
32_Phoenix_City,5,10,100543,2,10000.0,50000.0,80.0,503.5373076923077,1260.0252307692308,1.7081690226359556,1.9431092159377288,2756.799692307692,0,4
32_Phoenix_City,5,10,100543,2,10000.0,100000.0,80.0,503.5373076923077,1260.0252307692308,1.7081690226359556,1.9431092159377288,2756.799692307692,0,0
32_Phoenix_City,5,10,100543,2,10000.0,100000.0,50.0,750.2830769230769,1598.9055384615383,1.818724815244121,2.345886871048791,1549.3190769230764,0,1
32_Phoenix_City,5,10,100543,2,10000.0,100000.0,50.0,750.2830769230769,1598.9055384615383,1.818724815244121,2.345886871048791,1549.3190769230764,0,2
32_Phoenix_City,5,10,100543,2,10000.0,100000.0,80.0,503.5373076923077,1260.0252307692308,1.7081690226359556,1.9431092159377288,2756.799692307692,0,3
32_Phoenix_City,5,10,100543,2,10000.0,100000.0,50.0,750.2830769230769,1598.9055384615383,1.818724815244121,2.345886871048791,1549.3190769230764,0,4
32_Phoenix_City,5,10,100543,2,20000.0,40000.0,80.0,503.5373076923077,1260.0252307692308,1.7081690226359556,1.9431092159377288,2756.799692307692,0,0
32_Phoenix_City,5,10,100543,2,20000.0,40000.0,80.0,503.5373076923077,1260.0252307692308,1.7081690226359556,1.9431092159377288,2756.799692307692,0,1
32_Phoenix_City,5,10,100543,2,20000.0,40000.0,80.0,503.5373076923077,1260.0252307692308,1.7081690226359556,1.9431092159377288,2756.799692307692,0,2
32_Phoenix_City,5,10,100543,2,20000.0,40000.0,80.0,503.5373076923077,1260.0252307692308,1.7081690226359556,1.9431092159377288,2756.799692307692,0,3
32_Phoenix_City,5,10,100543,2,20000.0,40000.0,80.0,503.5373076923077,1260.0252307692308,1.7081690226359556,1.9431092159377288,2756.799692307692,0,4
32_Phoenix_City,5,10,100543,2,20000.0,100000.0,80.0,503.5373076923077,1260.0252307692308,1.7081690226359556,1.9431092159377288,2756.799692307692,0,0
32_Phoenix_City,5,10,100543,2,20000.0,100000.0,50.0,750.2830769230769,1598.9055384615383,1.818724815244121,2.345886871048791,1549.3190769230764,0,1
32_Phoenix_City,5,10,100543,2,20000.0,100000.0,80.0,503.5373076923077,1260.0252307692308,1.7081690226359556,1.9431092159377288,2756.799692307692,0,2
32_Phoenix_City,5,10,100543,2,20000.0,100000.0,80.0,503.5373076923077,1260.0252307692308,1.7081690226359556,1.9431092159377288,2756.799692307692,0,3
32_Phoenix_City,5,10,100543,2,20000.0,100000.0,80.0,503.5373076923077,1260.0252307692308,1.7081690226359556,1.9431092159377288,2756.799692307692,0,4
32_Phoenix_City,5,10,100543,2,20000.0,200000.0,80.0,503.5373076923077,1260.0252307692308,1.7081690226359556,1.9431092159377288,2756.799692307692,0,0
32_Phoenix_City,5,10,100543,2,20000.0,200000.0,50.0,750.2830769230769,1598.9055384615383,1.818724815244121,2.345886871048791,1549.3190769230764,0,1
32_Phoenix_City,5,10,100543,2,20000.0,200000.0,80.0,503.5373076923077,1260.0252307692308,1.7081690226359556,1.9431092159377288,2756.799692307692,0,2
32_Phoenix_City,5,10,100543,2,20000.0,200000.0,80.0,503.5373076923077,1260.0252307692308,1.7081690226359556,1.9431092159377288,2756.799692307692,0,3
32_Phoenix_City,5,10,100543,2,20000.0,200000.0,50.0,750.2830769230769,1598.9055384615383,1.818724815244121,2.345886871048791,1549.3190769230764,0,4
32_Phoenix_City,5,10,100543,2,40000.0,80000.0,80.0,503.5373076923077,1260.0252307692308,1.7081690226359556,1.9431092159377288,2756.799692307692,0,0
32_Phoenix_City,5,10,100543,2,40000.0,80000.0,80.0,503.5373076923077,1260.0252307692308,1.7081690226359556,1.9431092159377288,2756.799692307692,0,1
32_Phoenix_City,5,10,100543,2,40000.0,80000.0,80.0,503.5373076923077,1260.0252307692308,1.7081690226359556,1.9431092159377288,2756.799692307692,0,2
32_Phoenix_City,5,10,100543,2,40000.0,80000.0,80.0,503.5373076923077,1260.0252307692308,1.7081690226359556,1.9431092159377288,2756.799692307692,0,3
32_Phoenix_City,5,10,100543,2,40000.0,80000.0,80.0,503.5373076923077,1260.0252307692308,1.7081690226359556,1.9431092159377288,2756.799692307692,0,4
32_Phoenix_City,5,10,100543,2,40000.0,200000.0,80.0,503.5373076923077,1260.0252307692308,1.7081690226359556,1.9431092159377288,2756.799692307692,0,0
32_Phoenix_City,5,10,100543,2,40000.0,200000.0,80.0,503.5373076923077,1260.0252307692308,1.7081690226359556,1.9431092159377288,2756.799692307692,0,1
32_Phoenix_City,5,10,100543,2,40000.0,200000.0,80.0,503.5373076923077,1260.0252307692308,1.7081690226359556,1.9431092159377288,2756.799692307692,0,2
32_Phoenix_City,5,10,100543,2,40000.0,200000.0,80.0,503.5373076923077,1260.0252307692308,1.7081690226359556,1.9431092159377288,2756.799692307692,0,3
32_Phoenix_City,5,10,100543,2,40000.0,200000.0,80.0,503.5373076923077,1260.0252307692308,1.7081690226359556,1.9431092159377288,2756.799692307692,0,4
32_Phoenix_City,5,10,100543,2,40000.0,400000.0,50.0,750.2830769230769,1598.9055384615383,1.818724815244121,2.345886871048791,1549.3190769230764,0,0
32_Phoenix_City,5,10,100543,2,40000.0,400000.0,80.0,503.5373076923077,1260.0252307692308,1.7081690226359556,1.9431092159377288,2756.799692307692,0,1
32_Phoenix_City,5,10,100543,2,40000.0,400000.0,80.0,503.5373076923077,1260.0252307692308,1.7081690226359556,1.9431092159377288,2756.799692307692,0,2
32_Phoenix_City,5,10,100543,2,40000.0,400000.0,50.0,750.2830769230769,1598.9055384615383,1.818724815244121,2.345886871048791,1549.3190769230764,0,3
32_Phoenix_City,5,10,100543,2,40000.0,400000.0,80.0,503.5373076923077,1260.0252307692308,1.7081690226359556,1.9431092159377288,2756.799692307692,0,4
32_Phoenix_City,5,10,100544,3,2500.0,5000.0,70.0,634.0367472527472,1551.3726153846155,1.86539616428674,2.9207324212137107,1929.131692307692,0,0
32_Phoenix_City,5,10,100544,3,2500.0,5000.0,70.0,634.0367472527472,1551.3726153846155,1.86539616428674,2.9207324212137107,1929.131692307692,0,1
32_Phoenix_City,5,10,100544,3,2500.0,5000.0,70.0,634.0367472527472,1551.3726153846155,1.86539616428674,2.9207324212137107,1929.131692307692,0,2
32_Phoenix_City,5,10,100544,3,2500.0,5000.0,70.0,634.0367472527472,1551.3726153846155,1.86539616428674,2.9207324212137107,1929.131692307692,0,3
32_Phoenix_City,5,10,100544,3,2500.0,5000.0,70.0,634.0367472527472,1551.3726153846155,1.86539616428674,2.9207324212137107,1929.131692307692,0,4
32_Phoenix_City,5,10,100544,3,2500.0,12500.0,70.0,634.0367472527472,1551.3726153846155,1.86539616428674,2.9207324212137107,1929.131692307692,0,0
32_Phoenix_City,5,10,100544,3,2500.0,12500.0,70.0,634.0367472527472,1551.3726153846155,1.86539616428674,2.9207324212137107,1929.131692307692,0,1
32_Phoenix_City,5,10,100544,3,2500.0,12500.0,70.0,634.0367472527472,1551.3726153846155,1.86539616428674,2.9207324212137107,1929.131692307692,0,2
32_Phoenix_City,5,10,100544,3,2500.0,12500.0,70.0,634.0367472527472,1551.3726153846155,1.86539616428674,2.9207324212137107,1929.131692307692,0,3
32_Phoenix_City,5,10,100544,3,2500.0,12500.0,70.0,634.0367472527472,1551.3726153846155,1.86539616428674,2.9207324212137107,1929.131692307692,0,4
32_Phoenix_City,5,10,100544,3,2500.0,25000.0,60.0,710.1743846153846,1551.3726153846155,1.7876999035974923,3.02592727090586,1440.763692307692,0,0
32_Phoenix_City,5,10,100544,3,2500.0,25000.0,60.0,710.1743846153846,1551.3726153846155,1.7876999035974923,3.02592727090586,1440.763692307692,0,1
32_Phoenix_City,5,10,100544,3,2500.0,25000.0,70.0,634.0367472527472,1551.3726153846155,1.86539616428674,2.9207324212137107,1929.131692307692,0,2
32_Phoenix_City,5,10,100544,3,2500.0,25000.0,70.0,634.0367472527472,1551.3726153846155,1.86539616428674,2.9207324212137107,1929.131692307692,0,3
32_Phoenix_City,5,10,100544,3,2500.0,25000.0,70.0,634.0367472527472,1551.3726153846155,1.86539616428674,2.9207324212137107,1929.131692307692,0,4
32_Phoenix_City,5,10,100544,3,5000.0,10000.0,70.0,634.0367472527472,1551.3726153846155,1.86539616428674,2.9207324212137107,1929.131692307692,0,0
32_Phoenix_City,5,10,100544,3,5000.0,10000.0,70.0,634.0367472527472,1551.3726153846155,1.86539616428674,2.9207324212137107,1929.131692307692,0,1
32_Phoenix_City,5,10,100544,3,5000.0,10000.0,70.0,634.0367472527472,1551.3726153846155,1.86539616428674,2.9207324212137107,1929.131692307692,0,2
32_Phoenix_City,5,10,100544,3,5000.0,10000.0,70.0,634.0367472527472,1551.3726153846155,1.86539616428674,2.9207324212137107,1929.131692307692,0,3
32_Phoenix_City,5,10,100544,3,5000.0,10000.0,70.0,634.0367472527472,1551.3726153846155,1.86539616428674,2.9207324212137107,1929.131692307692,0,4
32_Phoenix_City,5,10,100544,3,5000.0,25000.0,70.0,634.0367472527472,1551.3726153846155,1.86539616428674,2.9207324212137107,1929.131692307692,0,0
32_Phoenix_City,5,10,100544,3,5000.0,25000.0,70.0,634.0367472527472,1551.3726153846155,1.86539616428674,2.9207324212137107,1929.131692307692,0,1
32_Phoenix_City,5,10,100544,3,5000.0,25000.0,70.0,634.0367472527472,1551.3726153846155,1.86539616428674,2.9207324212137107,1929.131692307692,0,2
32_Phoenix_City,5,10,100544,3,5000.0,25000.0,70.0,634.0367472527472,1551.3726153846155,1.86539616428674,2.9207324212137107,1929.131692307692,0,3
32_Phoenix_City,5,10,100544,3,5000.0,25000.0,70.0,634.0367472527472,1551.3726153846155,1.86539616428674,2.9207324212137107,1929.131692307692,0,4
32_Phoenix_City,5,10,100544,3,5000.0,50000.0,60.0,710.1743846153846,1551.3726153846155,1.7876999035974923,3.02592727090586,1440.763692307692,0,0
32_Phoenix_City,5,10,100544,3,5000.0,50000.0,70.0,634.0367472527472,1551.3726153846155,1.86539616428674,2.9207324212137107,1929.131692307692,0,1
32_Phoenix_City,5,10,100544,3,5000.0,50000.0,80.0,617.9922307692308,1551.3726153846155,1.738657489590392,2.9207324212137107,2512.1800000000003,0,2
32_Phoenix_City,5,10,100544,3,5000.0,50000.0,70.0,634.0367472527472,1551.3726153846155,1.86539616428674,2.9207324212137107,1929.131692307692,0,3
32_Phoenix_City,5,10,100544,3,5000.0,50000.0,70.0,634.0367472527472,1551.3726153846155,1.86539616428674,2.9207324212137107,1929.131692307692,0,4
32_Phoenix_City,5,10,100544,3,10000.0,20000.0,70.0,634.0367472527472,1551.3726153846155,1.86539616428674,2.9207324212137107,1929.131692307692,0,0
32_Phoenix_City,5,10,100544,3,10000.0,20000.0,70.0,634.0367472527472,1551.3726153846155,1.86539616428674,2.9207324212137107,1929.131692307692,0,1
32_Phoenix_City,5,10,100544,3,10000.0,20000.0,70.0,634.0367472527472,1551.3726153846155,1.86539616428674,2.9207324212137107,1929.131692307692,0,2
32_Phoenix_City,5,10,100544,3,10000.0,20000.0,70.0,634.0367472527472,1551.3726153846155,1.86539616428674,2.9207324212137107,1929.131692307692,0,3
32_Phoenix_City,5,10,100544,3,10000.0,20000.0,70.0,634.0367472527472,1551.3726153846155,1.86539616428674,2.9207324212137107,1929.131692307692,0,4
32_Phoenix_City,5,10,100544,3,10000.0,50000.0,70.0,634.0367472527472,1551.3726153846155,1.86539616428674,2.9207324212137107,1929.131692307692,0,0
32_Phoenix_City,5,10,100544,3,10000.0,50000.0,70.0,634.0367472527472,1551.3726153846155,1.86539616428674,2.9207324212137107,1929.131692307692,0,1
32_Phoenix_City,5,10,100544,3,10000.0,50000.0,70.0,634.0367472527472,1551.3726153846155,1.86539616428674,2.9207324212137107,1929.131692307692,0,2
32_Phoenix_City,5,10,100544,3,10000.0,50000.0,70.0,634.0367472527472,1551.3726153846155,1.86539616428674,2.9207324212137107,1929.131692307692,0,3
32_Phoenix_City,5,10,100544,3,10000.0,50000.0,70.0,634.0367472527472,1551.3726153846155,1.86539616428674,2.9207324212137107,1929.131692307692,0,4
32_Phoenix_City,5,10,100544,3,10000.0,100000.0,70.0,634.0367472527472,1551.3726153846155,1.86539616428674,2.9207324212137107,1929.131692307692,0,0
32_Phoenix_City,5,10,100544,3,10000.0,100000.0,70.0,634.0367472527472,1551.3726153846155,1.86539616428674,2.9207324212137107,1929.131692307692,0,1
32_Phoenix_City,5,10,100544,3,10000.0,100000.0,60.0,710.1743846153846,1551.3726153846155,1.7876999035974923,3.02592727090586,1440.763692307692,0,2
32_Phoenix_City,5,10,100544,3,10000.0,100000.0,80.0,617.9922307692308,1551.3726153846155,1.738657489590392,2.9207324212137107,2512.1800000000003,0,3
32_Phoenix_City,5,10,100544,3,10000.0,100000.0,70.0,634.0367472527472,1551.3726153846155,1.86539616428674,2.9207324212137107,1929.131692307692,0,4
32_Phoenix_City,5,10,100544,3,20000.0,40000.0,70.0,634.0367472527472,1551.3726153846155,1.86539616428674,2.9207324212137107,1929.131692307692,0,0
32_Phoenix_City,5,10,100544,3,20000.0,40000.0,70.0,634.0367472527472,1551.3726153846155,1.86539616428674,2.9207324212137107,1929.131692307692,0,1
32_Phoenix_City,5,10,100544,3,20000.0,40000.0,70.0,634.0367472527472,1551.3726153846155,1.86539616428674,2.9207324212137107,1929.131692307692,0,2
32_Phoenix_City,5,10,100544,3,20000.0,40000.0,70.0,634.0367472527472,1551.3726153846155,1.86539616428674,2.9207324212137107,1929.131692307692,0,3
32_Phoenix_City,5,10,100544,3,20000.0,40000.0,70.0,634.0367472527472,1551.3726153846155,1.86539616428674,2.9207324212137107,1929.131692307692,0,4
32_Phoenix_City,5,10,100544,3,20000.0,100000.0,80.0,617.9922307692308,1551.3726153846155,1.738657489590392,2.9207324212137107,2512.1800000000003,0,0
32_Phoenix_City,5,10,100544,3,20000.0,100000.0,80.0,617.9922307692308,1551.3726153846155,1.738657489590392,2.9207324212137107,2512.1800000000003,0,1
32_Phoenix_City,5,10,100544,3,20000.0,100000.0,70.0,634.0367472527472,1551.3726153846155,1.86539616428674,2.9207324212137107,1929.131692307692,0,2
32_Phoenix_City,5,10,100544,3,20000.0,100000.0,70.0,634.0367472527472,1551.3726153846155,1.86539616428674,2.9207324212137107,1929.131692307692,0,3
32_Phoenix_City,5,10,100544,3,20000.0,100000.0,70.0,634.0367472527472,1551.3726153846155,1.86539616428674,2.9207324212137107,1929.131692307692,0,4
32_Phoenix_City,5,10,100544,3,20000.0,200000.0,70.0,634.0367472527472,1551.3726153846155,1.86539616428674,2.9207324212137107,1929.131692307692,0,0
32_Phoenix_City,5,10,100544,3,20000.0,200000.0,70.0,634.0367472527472,1551.3726153846155,1.86539616428674,2.9207324212137107,1929.131692307692,0,1
32_Phoenix_City,5,10,100544,3,20000.0,200000.0,80.0,617.9922307692308,1551.3726153846155,1.738657489590392,2.9207324212137107,2512.1800000000003,0,2
32_Phoenix_City,5,10,100544,3,20000.0,200000.0,70.0,634.0367472527472,1551.3726153846155,1.86539616428674,2.9207324212137107,1929.131692307692,0,3
32_Phoenix_City,5,10,100544,3,20000.0,200000.0,70.0,634.0367472527472,1551.3726153846155,1.86539616428674,2.9207324212137107,1929.131692307692,0,4
32_Phoenix_City,5,10,100544,3,40000.0,80000.0,70.0,634.0367472527472,1551.3726153846155,1.86539616428674,2.9207324212137107,1929.131692307692,0,0
32_Phoenix_City,5,10,100544,3,40000.0,80000.0,70.0,634.0367472527472,1551.3726153846155,1.86539616428674,2.9207324212137107,1929.131692307692,0,1
32_Phoenix_City,5,10,100544,3,40000.0,80000.0,70.0,634.0367472527472,1551.3726153846155,1.86539616428674,2.9207324212137107,1929.131692307692,0,2
32_Phoenix_City,5,10,100544,3,40000.0,80000.0,70.0,634.0367472527472,1551.3726153846155,1.86539616428674,2.9207324212137107,1929.131692307692,0,3
32_Phoenix_City,5,10,100544,3,40000.0,80000.0,70.0,634.0367472527472,1551.3726153846155,1.86539616428674,2.9207324212137107,1929.131692307692,0,4
32_Phoenix_City,5,10,100544,3,40000.0,200000.0,70.0,634.0367472527472,1551.3726153846155,1.86539616428674,2.9207324212137107,1929.131692307692,0,0
32_Phoenix_City,5,10,100544,3,40000.0,200000.0,70.0,634.0367472527472,1551.3726153846155,1.86539616428674,2.9207324212137107,1929.131692307692,0,1
32_Phoenix_City,5,10,100544,3,40000.0,200000.0,80.0,617.9922307692308,1551.3726153846155,1.738657489590392,2.9207324212137107,2512.1800000000003,0,2
32_Phoenix_City,5,10,100544,3,40000.0,200000.0,70.0,634.0367472527472,1551.3726153846155,1.86539616428674,2.9207324212137107,1929.131692307692,0,3
32_Phoenix_City,5,10,100544,3,40000.0,200000.0,70.0,634.0367472527472,1551.3726153846155,1.86539616428674,2.9207324212137107,1929.131692307692,0,4
32_Phoenix_City,5,10,100544,3,40000.0,400000.0,70.0,634.0367472527472,1551.3726153846155,1.86539616428674,2.9207324212137107,1929.131692307692,0,0
32_Phoenix_City,5,10,100544,3,40000.0,400000.0,70.0,634.0367472527472,1551.3726153846155,1.86539616428674,2.9207324212137107,1929.131692307692,0,1
32_Phoenix_City,5,10,100544,3,40000.0,400000.0,80.0,617.9922307692308,1551.3726153846155,1.738657489590392,2.9207324212137107,2512.1800000000003,0,2
32_Phoenix_City,5,10,100544,3,40000.0,400000.0,70.0,634.0367472527472,1551.3726153846155,1.86539616428674,2.9207324212137107,1929.131692307692,0,3
32_Phoenix_City,5,10,100544,3,40000.0,400000.0,70.0,634.0367472527472,1551.3726153846155,1.86539616428674,2.9207324212137107,1929.131692307692,0,4
32_Phoenix_City,10,10,101042,1,2500.0,5000.0,100.0,438.46890769230765,1497.8636923076924,1.4743785758000083,2.032851861363207,3358.2221538461536,0,0
32_Phoenix_City,10,10,101042,1,2500.0,5000.0,100.0,438.46890769230765,1497.8636923076924,1.4743785758000083,2.032851861363207,3358.2221538461536,0,1
32_Phoenix_City,10,10,101042,1,2500.0,5000.0,100.0,438.46890769230765,1497.8636923076924,1.4743785758000083,2.032851861363207,3358.2221538461536,0,2
32_Phoenix_City,10,10,101042,1,2500.0,5000.0,100.0,438.46890769230765,1497.8636923076924,1.4743785758000083,2.032851861363207,3358.2221538461536,0,3
32_Phoenix_City,10,10,101042,1,2500.0,5000.0,100.0,438.46890769230765,1497.8636923076924,1.4743785758000083,2.032851861363207,3358.2221538461536,0,4
32_Phoenix_City,10,10,101042,1,2500.0,12500.0,100.0,402.9359538461538,1117.4773846153848,1.5188534531635394,2.032851861363207,3468.936923076923,0,0
32_Phoenix_City,10,10,101042,1,2500.0,12500.0,100.0,438.46890769230765,1497.8636923076924,1.4743785758000083,2.032851861363207,3358.2221538461536,0,1
32_Phoenix_City,10,10,101042,1,2500.0,12500.0,100.0,402.9359538461538,1117.4773846153848,1.5188534531635394,2.032851861363207,3468.936923076923,0,2
32_Phoenix_City,10,10,101042,1,2500.0,12500.0,100.0,438.46890769230765,1497.8636923076924,1.4743785758000083,2.032851861363207,3358.2221538461536,0,3
32_Phoenix_City,10,10,101042,1,2500.0,12500.0,100.0,422.2452769230769,1320.1586153846151,1.559440259904976,1.699317512527506,3907.950461538461,0,4
32_Phoenix_City,10,10,101042,1,2500.0,25000.0,100.0,438.46890769230765,1497.8636923076924,1.4743785758000083,2.032851861363207,3358.2221538461536,0,0
32_Phoenix_City,10,10,101042,1,2500.0,25000.0,100.0,438.46890769230765,1497.8636923076924,1.4743785758000083,2.032851861363207,3358.2221538461536,0,1
32_Phoenix_City,10,10,101042,1,2500.0,25000.0,100.0,402.9359538461538,1117.4773846153848,1.4476854960996617,2.032851861363207,3362.356,0,2
32_Phoenix_City,10,10,101042,1,2500.0,25000.0,100.0,402.9359538461538,1117.4773846153848,1.4476854960996617,2.032851861363207,3362.356,0,3
32_Phoenix_City,10,10,101042,1,2500.0,25000.0,100.0,438.46890769230765,1497.8636923076924,1.4743785758000083,2.032851861363207,3358.2221538461536,0,4
32_Phoenix_City,10,10,101042,1,5000.0,10000.0,100.0,438.46890769230765,1497.8636923076924,1.4743785758000083,2.032851861363207,3358.2221538461536,0,0
32_Phoenix_City,10,10,101042,1,5000.0,10000.0,100.0,438.46890769230765,1497.8636923076924,1.4743785758000083,2.032851861363207,3358.2221538461536,0,1
32_Phoenix_City,10,10,101042,1,5000.0,10000.0,100.0,438.46890769230765,1497.8636923076924,1.4743785758000083,2.032851861363207,3358.2221538461536,0,2
32_Phoenix_City,10,10,101042,1,5000.0,10000.0,100.0,438.46890769230765,1497.8636923076924,1.4743785758000083,2.032851861363207,3358.2221538461536,0,3
32_Phoenix_City,10,10,101042,1,5000.0,10000.0,100.0,438.46890769230765,1497.8636923076924,1.4743785758000083,2.032851861363207,3358.2221538461536,0,4
32_Phoenix_City,10,10,101042,1,5000.0,25000.0,100.0,402.9359538461538,1117.4773846153848,1.5188534531635394,2.032851861363207,3468.936923076923,0,0
32_Phoenix_City,10,10,101042,1,5000.0,25000.0,100.0,438.46890769230765,1497.8636923076924,1.4743785758000083,2.032851861363207,3358.2221538461536,0,1
32_Phoenix_City,10,10,101042,1,5000.0,25000.0,100.0,438.46890769230765,1497.8636923076924,1.4743785758000083,2.032851861363207,3358.2221538461536,0,2
32_Phoenix_City,10,10,101042,1,5000.0,25000.0,100.0,438.46890769230765,1497.8636923076924,1.4743785758000083,2.032851861363207,3358.2221538461536,0,3
32_Phoenix_City,10,10,101042,1,5000.0,25000.0,100.0,438.46890769230765,1497.8636923076924,1.4743785758000083,2.032851861363207,3358.2221538461536,0,4
32_Phoenix_City,10,10,101042,1,5000.0,50000.0,100.0,402.9359538461538,1117.4773846153848,1.4476854960996617,2.032851861363207,3362.356,0,0
32_Phoenix_City,10,10,101042,1,5000.0,50000.0,100.0,438.46890769230765,1497.8636923076924,1.4743785758000083,2.032851861363207,3358.2221538461536,0,1
32_Phoenix_City,10,10,101042,1,5000.0,50000.0,100.0,438.46890769230765,1497.8636923076924,1.4743785758000083,2.032851861363207,3358.2221538461536,0,2
32_Phoenix_City,10,10,101042,1,5000.0,50000.0,100.0,438.46890769230765,1497.8636923076924,1.4743785758000083,2.032851861363207,3358.2221538461536,0,3
32_Phoenix_City,10,10,101042,1,5000.0,50000.0,100.0,438.46890769230765,1497.8636923076924,1.4743785758000083,2.032851861363207,3358.2221538461536,0,4
32_Phoenix_City,10,10,101042,1,10000.0,20000.0,100.0,438.46890769230765,1497.8636923076924,1.4743785758000083,2.032851861363207,3358.2221538461536,0,0
32_Phoenix_City,10,10,101042,1,10000.0,20000.0,100.0,438.46890769230765,1497.8636923076924,1.4743785758000083,2.032851861363207,3358.2221538461536,0,1
32_Phoenix_City,10,10,101042,1,10000.0,20000.0,100.0,402.9359538461538,1117.4773846153848,1.5188534531635394,2.032851861363207,3468.936923076923,0,2
32_Phoenix_City,10,10,101042,1,10000.0,20000.0,100.0,402.9359538461538,1117.4773846153848,1.5188534531635394,2.032851861363207,3468.936923076923,0,3
32_Phoenix_City,10,10,101042,1,10000.0,20000.0,100.0,438.46890769230765,1497.8636923076924,1.4743785758000083,2.032851861363207,3358.2221538461536,0,4
32_Phoenix_City,10,10,101042,1,10000.0,50000.0,100.0,402.9359538461538,1117.4773846153848,1.5188534531635394,2.032851861363207,3468.936923076923,0,0
32_Phoenix_City,10,10,101042,1,10000.0,50000.0,100.0,402.9359538461538,1117.4773846153848,1.5188534531635394,2.032851861363207,3468.936923076923,0,1
32_Phoenix_City,10,10,101042,1,10000.0,50000.0,100.0,438.46890769230765,1497.8636923076924,1.4743785758000083,2.032851861363207,3358.2221538461536,0,2
32_Phoenix_City,10,10,101042,1,10000.0,50000.0,100.0,438.46890769230765,1497.8636923076924,1.4743785758000083,2.032851861363207,3358.2221538461536,0,3
32_Phoenix_City,10,10,101042,1,10000.0,50000.0,100.0,438.46890769230765,1497.8636923076924,1.4743785758000083,2.032851861363207,3358.2221538461536,0,4
32_Phoenix_City,10,10,101042,1,10000.0,100000.0,100.0,438.46890769230765,1497.8636923076924,1.4743785758000083,2.032851861363207,3358.2221538461536,0,0
32_Phoenix_City,10,10,101042,1,10000.0,100000.0,100.0,343.2426307692307,1320.1586153846151,1.3794670871956132,1.69661122606622,3273.5061538461537,0,1
32_Phoenix_City,10,10,101042,1,10000.0,100000.0,100.0,438.46890769230765,1497.8636923076924,1.4743785758000083,2.032851861363207,3358.2221538461536,0,2
32_Phoenix_City,10,10,101042,1,10000.0,100000.0,100.0,279.287923076923,1052.0344615384615,1.4886343014244128,2.032851861363207,3372.2526153846147,0,3
32_Phoenix_City,10,10,101042,1,10000.0,100000.0,100.0,402.9359538461538,1117.4773846153848,1.4476854960996617,2.032851861363207,3362.356,0,4
32_Phoenix_City,10,10,101042,1,20000.0,40000.0,100.0,438.46890769230765,1497.8636923076924,1.4743785758000083,2.032851861363207,3358.2221538461536,0,0
32_Phoenix_City,10,10,101042,1,20000.0,40000.0,100.0,438.46890769230765,1497.8636923076924,1.4743785758000083,2.032851861363207,3358.2221538461536,0,1
32_Phoenix_City,10,10,101042,1,20000.0,40000.0,100.0,438.46890769230765,1497.8636923076924,1.4743785758000083,2.032851861363207,3358.2221538461536,0,2
32_Phoenix_City,10,10,101042,1,20000.0,40000.0,100.0,438.46890769230765,1497.8636923076924,1.4743785758000083,2.032851861363207,3358.2221538461536,0,3
32_Phoenix_City,10,10,101042,1,20000.0,40000.0,100.0,438.46890769230765,1497.8636923076924,1.4743785758000083,2.032851861363207,3358.2221538461536,0,4
32_Phoenix_City,10,10,101042,1,20000.0,100000.0,100.0,438.46890769230765,1497.8636923076924,1.4743785758000083,2.032851861363207,3358.2221538461536,0,0
32_Phoenix_City,10,10,101042,1,20000.0,100000.0,100.0,438.46890769230765,1497.8636923076924,1.4743785758000083,2.032851861363207,3358.2221538461536,0,1
32_Phoenix_City,10,10,101042,1,20000.0,100000.0,100.0,438.46890769230765,1497.8636923076924,1.4743785758000083,2.032851861363207,3358.2221538461536,0,2
32_Phoenix_City,10,10,101042,1,20000.0,100000.0,100.0,402.9359538461538,1117.4773846153848,1.4476854960996617,2.032851861363207,3362.356,0,3
32_Phoenix_City,10,10,101042,1,20000.0,100000.0,100.0,438.46890769230765,1497.8636923076924,1.4743785758000083,2.032851861363207,3358.2221538461536,0,4
32_Phoenix_City,10,10,101042,1,20000.0,200000.0,100.0,402.9359538461538,1117.4773846153848,1.4476854960996617,2.032851861363207,3362.356,0,0
32_Phoenix_City,10,10,101042,1,20000.0,200000.0,100.0,438.46890769230765,1497.8636923076924,1.4743785758000083,2.032851861363207,3358.2221538461536,0,1
32_Phoenix_City,10,10,101042,1,20000.0,200000.0,100.0,343.2426307692307,1320.1586153846151,1.3794670871956132,1.69661122606622,3273.5061538461537,0,2
32_Phoenix_City,10,10,101042,1,20000.0,200000.0,100.0,402.9359538461538,1117.4773846153848,1.5188534531635394,2.032851861363207,3468.936923076923,0,3
32_Phoenix_City,10,10,101042,1,20000.0,200000.0,100.0,447.0195538461538,1320.1586153846151,1.4426307611564966,1.69661122606622,3332.5366153846157,0,4
32_Phoenix_City,10,10,101042,1,40000.0,80000.0,100.0,438.46890769230765,1497.8636923076924,1.4743785758000083,2.032851861363207,3358.2221538461536,0,0
32_Phoenix_City,10,10,101042,1,40000.0,80000.0,100.0,438.46890769230765,1497.8636923076924,1.4743785758000083,2.032851861363207,3358.2221538461536,0,1
32_Phoenix_City,10,10,101042,1,40000.0,80000.0,100.0,438.46890769230765,1497.8636923076924,1.4743785758000083,2.032851861363207,3358.2221538461536,0,2
32_Phoenix_City,10,10,101042,1,40000.0,80000.0,100.0,438.46890769230765,1497.8636923076924,1.4743785758000083,2.032851861363207,3358.2221538461536,0,3
32_Phoenix_City,10,10,101042,1,40000.0,80000.0,100.0,438.46890769230765,1497.8636923076924,1.4743785758000083,2.032851861363207,3358.2221538461536,0,4
32_Phoenix_City,10,10,101042,1,40000.0,200000.0,100.0,402.9359538461538,1117.4773846153848,1.5188534531635394,2.032851861363207,3468.936923076923,0,0
32_Phoenix_City,10,10,101042,1,40000.0,200000.0,100.0,438.46890769230765,1497.8636923076924,1.4743785758000083,2.032851861363207,3358.2221538461536,0,1
32_Phoenix_City,10,10,101042,1,40000.0,200000.0,100.0,402.9359538461538,1117.4773846153848,1.5188534531635394,2.032851861363207,3468.936923076923,0,2
32_Phoenix_City,10,10,101042,1,40000.0,200000.0,100.0,402.9359538461538,1117.4773846153848,1.5188534531635394,2.032851861363207,3468.936923076923,0,3
32_Phoenix_City,10,10,101042,1,40000.0,200000.0,100.0,402.9359538461538,1117.4773846153848,1.5188534531635394,2.032851861363207,3468.936923076923,0,4
32_Phoenix_City,10,10,101042,1,40000.0,400000.0,100.0,438.46890769230765,1497.8636923076924,1.4743785758000083,2.032851861363207,3358.2221538461536,0,0
32_Phoenix_City,10,10,101042,1,40000.0,400000.0,100.0,438.46890769230765,1497.8636923076924,1.4743785758000083,2.032851861363207,3358.2221538461536,0,1
32_Phoenix_City,10,10,101042,1,40000.0,400000.0,100.0,438.46890769230765,1497.8636923076924,1.4743785758000083,2.032851861363207,3358.2221538461536,0,2
32_Phoenix_City,10,10,101042,1,40000.0,400000.0,100.0,438.46890769230765,1497.8636923076924,1.4743785758000083,2.032851861363207,3358.2221538461536,0,3
32_Phoenix_City,10,10,101042,1,40000.0,400000.0,100.0,438.46890769230765,1497.8636923076924,1.4743785758000083,2.032851861363207,3358.2221538461536,0,4
32_Phoenix_City,10,10,101043,2,2500.0,5000.0,100.0,100.55278461538458,548.1655384615383,1.942562987988684,3.213897521631353,5029.463230769232,0,0
32_Phoenix_City,10,10,101043,2,2500.0,5000.0,100.0,100.55278461538458,548.1655384615383,1.942562987988684,3.213897521631353,5029.463230769232,0,1
32_Phoenix_City,10,10,101043,2,2500.0,5000.0,100.0,100.55278461538458,548.1655384615383,1.942562987988684,3.213897521631353,5029.463230769232,0,2
32_Phoenix_City,10,10,101043,2,2500.0,5000.0,100.0,100.55278461538458,548.1655384615383,1.942562987988684,3.213897521631353,5029.463230769232,0,3
32_Phoenix_City,10,10,101043,2,2500.0,5000.0,100.0,100.55278461538458,548.1655384615383,1.942562987988684,3.213897521631353,5029.463230769232,0,4
32_Phoenix_City,10,10,101043,2,2500.0,12500.0,100.0,100.55278461538458,548.1655384615383,1.942562987988684,3.213897521631353,5029.463230769232,0,0
32_Phoenix_City,10,10,101043,2,2500.0,12500.0,100.0,100.55278461538458,548.1655384615383,1.942562987988684,3.213897521631353,5029.463230769232,0,1
32_Phoenix_City,10,10,101043,2,2500.0,12500.0,90.0,111.7253162393162,548.1655384615383,1.965245723134108,3.213897521631353,4645.718000000002,0,2
32_Phoenix_City,10,10,101043,2,2500.0,12500.0,100.0,100.55278461538458,548.1655384615383,1.942562987988684,3.213897521631353,5029.463230769232,0,3
32_Phoenix_City,10,10,101043,2,2500.0,12500.0,100.0,100.55278461538458,548.1655384615383,1.942562987988684,3.213897521631353,5029.463230769232,0,4
32_Phoenix_City,10,10,101043,2,2500.0,25000.0,100.0,100.55278461538458,548.1655384615383,1.942562987988684,3.213897521631353,5029.463230769232,0,0
32_Phoenix_City,10,10,101043,2,2500.0,25000.0,80.0,54.53244230769229,436.2595384615384,1.5918095077313548,1.839833261551713,3746.21953846154,0,1
32_Phoenix_City,10,10,101043,2,2500.0,25000.0,100.0,100.55278461538458,548.1655384615383,1.942562987988684,3.213897521631353,5029.463230769232,0,2
32_Phoenix_City,10,10,101043,2,2500.0,25000.0,90.0,111.7253162393162,548.1655384615383,1.965245723134108,3.213897521631353,4645.718000000002,0,3
32_Phoenix_City,10,10,101043,2,2500.0,25000.0,100.0,100.55278461538458,548.1655384615383,1.942562987988684,3.213897521631353,5029.463230769232,0,4
32_Phoenix_City,10,10,101043,2,5000.0,10000.0,100.0,100.55278461538458,548.1655384615383,1.942562987988684,3.213897521631353,5029.463230769232,0,0
32_Phoenix_City,10,10,101043,2,5000.0,10000.0,100.0,100.55278461538458,548.1655384615383,1.942562987988684,3.213897521631353,5029.463230769232,0,1
32_Phoenix_City,10,10,101043,2,5000.0,10000.0,100.0,100.55278461538458,548.1655384615383,1.942562987988684,3.213897521631353,5029.463230769232,0,2
32_Phoenix_City,10,10,101043,2,5000.0,10000.0,100.0,100.55278461538458,548.1655384615383,1.942562987988684,3.213897521631353,5029.463230769232,0,3
32_Phoenix_City,10,10,101043,2,5000.0,10000.0,100.0,100.55278461538458,548.1655384615383,1.942562987988684,3.213897521631353,5029.463230769232,0,4
32_Phoenix_City,10,10,101043,2,5000.0,25000.0,100.0,100.55278461538458,548.1655384615383,1.942562987988684,3.213897521631353,5029.463230769232,0,0
32_Phoenix_City,10,10,101043,2,5000.0,25000.0,100.0,100.55278461538458,548.1655384615383,1.942562987988684,3.213897521631353,5029.463230769232,0,1
32_Phoenix_City,10,10,101043,2,5000.0,25000.0,100.0,100.55278461538458,548.1655384615383,1.942562987988684,3.213897521631353,5029.463230769232,0,2
32_Phoenix_City,10,10,101043,2,5000.0,25000.0,100.0,100.55278461538458,548.1655384615383,1.942562987988684,3.213897521631353,5029.463230769232,0,3
32_Phoenix_City,10,10,101043,2,5000.0,25000.0,100.0,100.55278461538458,548.1655384615383,1.942562987988684,3.213897521631353,5029.463230769232,0,4
32_Phoenix_City,10,10,101043,2,5000.0,50000.0,90.0,111.7253162393162,548.1655384615383,1.965245723134108,3.213897521631353,4645.718000000002,0,0
32_Phoenix_City,10,10,101043,2,5000.0,50000.0,90.0,111.7253162393162,548.1655384615383,1.965245723134108,3.213897521631353,4645.718000000002,0,1
32_Phoenix_City,10,10,101043,2,5000.0,50000.0,90.0,111.7253162393162,548.1655384615383,1.965245723134108,3.213897521631353,4645.718000000002,0,2
32_Phoenix_City,10,10,101043,2,5000.0,50000.0,100.0,100.55278461538458,548.1655384615383,1.942562987988684,3.213897521631353,5029.463230769232,0,3
32_Phoenix_City,10,10,101043,2,5000.0,50000.0,100.0,100.55278461538458,548.1655384615383,1.942562987988684,3.213897521631353,5029.463230769232,0,4
32_Phoenix_City,10,10,101043,2,10000.0,20000.0,100.0,100.55278461538458,548.1655384615383,1.942562987988684,3.213897521631353,5029.463230769232,0,0
32_Phoenix_City,10,10,101043,2,10000.0,20000.0,100.0,100.55278461538458,548.1655384615383,1.942562987988684,3.213897521631353,5029.463230769232,0,1
32_Phoenix_City,10,10,101043,2,10000.0,20000.0,100.0,100.55278461538458,548.1655384615383,1.942562987988684,3.213897521631353,5029.463230769232,0,2
32_Phoenix_City,10,10,101043,2,10000.0,20000.0,100.0,100.55278461538458,548.1655384615383,1.942562987988684,3.213897521631353,5029.463230769232,0,3
32_Phoenix_City,10,10,101043,2,10000.0,20000.0,100.0,100.55278461538458,548.1655384615383,1.942562987988684,3.213897521631353,5029.463230769232,0,4
32_Phoenix_City,10,10,101043,2,10000.0,50000.0,90.0,111.7253162393162,548.1655384615383,1.965245723134108,3.213897521631353,4645.718000000002,0,0
32_Phoenix_City,10,10,101043,2,10000.0,50000.0,100.0,100.55278461538458,548.1655384615383,1.942562987988684,3.213897521631353,5029.463230769232,0,1
32_Phoenix_City,10,10,101043,2,10000.0,50000.0,100.0,100.55278461538458,548.1655384615383,1.942562987988684,3.213897521631353,5029.463230769232,0,2
32_Phoenix_City,10,10,101043,2,10000.0,50000.0,100.0,100.55278461538458,548.1655384615383,1.942562987988684,3.213897521631353,5029.463230769232,0,3
32_Phoenix_City,10,10,101043,2,10000.0,50000.0,100.0,100.55278461538458,548.1655384615383,1.942562987988684,3.213897521631353,5029.463230769232,0,4
32_Phoenix_City,10,10,101043,2,10000.0,100000.0,90.0,111.7253162393162,548.1655384615383,1.965245723134108,3.213897521631353,4645.718000000002,0,0
32_Phoenix_City,10,10,101043,2,10000.0,100000.0,100.0,100.55278461538458,548.1655384615383,1.942562987988684,3.213897521631353,5029.463230769232,0,1
32_Phoenix_City,10,10,101043,2,10000.0,100000.0,100.0,100.55278461538458,548.1655384615383,1.942562987988684,3.213897521631353,5029.463230769232,0,2
32_Phoenix_City,10,10,101043,2,10000.0,100000.0,90.0,50.81803418803416,436.2595384615384,1.587064248960587,2.0896074570848446,4593.1900000000005,0,3
32_Phoenix_City,10,10,101043,2,10000.0,100000.0,90.0,111.7253162393162,548.1655384615383,1.965245723134108,3.213897521631353,4645.718000000002,0,4
32_Phoenix_City,10,10,101043,2,20000.0,40000.0,100.0,100.55278461538458,548.1655384615383,1.942562987988684,3.213897521631353,5029.463230769232,0,0
32_Phoenix_City,10,10,101043,2,20000.0,40000.0,100.0,100.55278461538458,548.1655384615383,1.942562987988684,3.213897521631353,5029.463230769232,0,1
32_Phoenix_City,10,10,101043,2,20000.0,40000.0,100.0,100.55278461538458,548.1655384615383,1.942562987988684,3.213897521631353,5029.463230769232,0,2
32_Phoenix_City,10,10,101043,2,20000.0,40000.0,100.0,100.55278461538458,548.1655384615383,1.942562987988684,3.213897521631353,5029.463230769232,0,3
32_Phoenix_City,10,10,101043,2,20000.0,40000.0,100.0,100.55278461538458,548.1655384615383,1.942562987988684,3.213897521631353,5029.463230769232,0,4
32_Phoenix_City,10,10,101043,2,20000.0,100000.0,90.0,50.81803418803416,436.2595384615384,1.587064248960587,2.0896074570848446,4593.1900000000005,0,0
32_Phoenix_City,10,10,101043,2,20000.0,100000.0,80.0,54.53244230769229,436.2595384615384,1.5918095077313548,1.839833261551713,3746.21953846154,0,1
32_Phoenix_City,10,10,101043,2,20000.0,100000.0,100.0,100.55278461538458,548.1655384615383,1.942562987988684,3.213897521631353,5029.463230769232,0,2
32_Phoenix_City,10,10,101043,2,20000.0,100000.0,100.0,100.55278461538458,548.1655384615383,1.942562987988684,3.213897521631353,5029.463230769232,0,3
32_Phoenix_City,10,10,101043,2,20000.0,100000.0,100.0,100.55278461538458,548.1655384615383,1.942562987988684,3.213897521631353,5029.463230769232,0,4
32_Phoenix_City,10,10,101043,2,20000.0,200000.0,100.0,100.55278461538458,548.1655384615383,1.942562987988684,3.213897521631353,5029.463230769232,0,0
32_Phoenix_City,10,10,101043,2,20000.0,200000.0,100.0,100.55278461538458,548.1655384615383,1.942562987988684,3.213897521631353,5029.463230769232,0,1
32_Phoenix_City,10,10,101043,2,20000.0,200000.0,100.0,100.55278461538458,548.1655384615383,1.942562987988684,3.213897521631353,5029.463230769232,0,2
32_Phoenix_City,10,10,101043,2,20000.0,200000.0,100.0,100.55278461538458,548.1655384615383,1.942562987988684,3.213897521631353,5029.463230769232,0,3
32_Phoenix_City,10,10,101043,2,20000.0,200000.0,90.0,111.7253162393162,548.1655384615383,1.965245723134108,3.213897521631353,4645.718000000002,0,4
32_Phoenix_City,10,10,101043,2,40000.0,80000.0,100.0,100.55278461538458,548.1655384615383,1.942562987988684,3.213897521631353,5029.463230769232,0,0
32_Phoenix_City,10,10,101043,2,40000.0,80000.0,100.0,100.55278461538458,548.1655384615383,1.942562987988684,3.213897521631353,5029.463230769232,0,1
32_Phoenix_City,10,10,101043,2,40000.0,80000.0,100.0,100.55278461538458,548.1655384615383,1.942562987988684,3.213897521631353,5029.463230769232,0,2
32_Phoenix_City,10,10,101043,2,40000.0,80000.0,100.0,100.55278461538458,548.1655384615383,1.942562987988684,3.213897521631353,5029.463230769232,0,3
32_Phoenix_City,10,10,101043,2,40000.0,80000.0,100.0,100.55278461538458,548.1655384615383,1.942562987988684,3.213897521631353,5029.463230769232,0,4
32_Phoenix_City,10,10,101043,2,40000.0,200000.0,100.0,100.55278461538458,548.1655384615383,1.942562987988684,3.213897521631353,5029.463230769232,0,0
32_Phoenix_City,10,10,101043,2,40000.0,200000.0,100.0,100.55278461538458,548.1655384615383,1.942562987988684,3.213897521631353,5029.463230769232,0,1
32_Phoenix_City,10,10,101043,2,40000.0,200000.0,100.0,100.55278461538458,548.1655384615383,1.942562987988684,3.213897521631353,5029.463230769232,0,2
32_Phoenix_City,10,10,101043,2,40000.0,200000.0,100.0,100.55278461538458,548.1655384615383,1.942562987988684,3.213897521631353,5029.463230769232,0,3
32_Phoenix_City,10,10,101043,2,40000.0,200000.0,100.0,100.55278461538458,548.1655384615383,1.942562987988684,3.213897521631353,5029.463230769232,0,4
32_Phoenix_City,10,10,101043,2,40000.0,400000.0,100.0,100.55278461538458,548.1655384615383,1.942562987988684,3.213897521631353,5029.463230769232,0,0
32_Phoenix_City,10,10,101043,2,40000.0,400000.0,100.0,100.55278461538458,548.1655384615383,1.942562987988684,3.213897521631353,5029.463230769232,0,1
32_Phoenix_City,10,10,101043,2,40000.0,400000.0,90.0,50.81803418803416,436.2595384615384,1.587064248960587,2.0896074570848446,4593.1900000000005,0,2
32_Phoenix_City,10,10,101043,2,40000.0,400000.0,100.0,100.55278461538458,548.1655384615383,1.942562987988684,3.213897521631353,5029.463230769232,0,3
32_Phoenix_City,10,10,101043,2,40000.0,400000.0,90.0,111.7253162393162,548.1655384615383,1.965245723134108,3.213897521631353,4645.718000000002,0,4
32_Phoenix_City,10,10,101044,3,2500.0,5000.0,100.0,547.7714153846154,1774.0261538461536,1.743295840859402,2.8881435294993683,3308.088,0,0
32_Phoenix_City,10,10,101044,3,2500.0,5000.0,100.0,547.7714153846154,1774.0261538461536,1.743295840859402,2.8881435294993683,3308.088,0,1
32_Phoenix_City,10,10,101044,3,2500.0,5000.0,100.0,547.7714153846154,1774.0261538461536,1.743295840859402,2.8881435294993683,3308.088,0,2
32_Phoenix_City,10,10,101044,3,2500.0,5000.0,100.0,547.7714153846154,1774.0261538461536,1.743295840859402,2.8881435294993683,3308.088,0,3
32_Phoenix_City,10,10,101044,3,2500.0,5000.0,100.0,547.7714153846154,1774.0261538461536,1.743295840859402,2.8881435294993683,3308.088,0,4
32_Phoenix_City,10,10,101044,3,2500.0,12500.0,100.0,547.7714153846154,1774.0261538461536,1.743295840859402,2.8881435294993683,3308.088,0,0
32_Phoenix_City,10,10,101044,3,2500.0,12500.0,100.0,547.7714153846154,1774.0261538461536,1.743295840859402,2.8881435294993683,3308.088,0,1
32_Phoenix_City,10,10,101044,3,2500.0,12500.0,100.0,547.7714153846154,1774.0261538461536,1.743295840859402,2.8881435294993683,3308.088,0,2
32_Phoenix_City,10,10,101044,3,2500.0,12500.0,100.0,547.7714153846154,1774.0261538461536,1.743295840859402,2.8881435294993683,3308.088,0,3
32_Phoenix_City,10,10,101044,3,2500.0,12500.0,100.0,547.7714153846154,1774.0261538461536,1.743295840859402,2.8881435294993683,3308.088,0,4
32_Phoenix_City,10,10,101044,3,2500.0,25000.0,90.0,570.4550085470086,1759.8359999999998,1.800696348727881,2.8881435294993683,3229.440307692307,0,0
32_Phoenix_City,10,10,101044,3,2500.0,25000.0,100.0,547.7714153846154,1774.0261538461536,1.743295840859402,2.8881435294993683,3308.088,0,1
32_Phoenix_City,10,10,101044,3,2500.0,25000.0,100.0,547.7714153846154,1774.0261538461536,1.743295840859402,2.8881435294993683,3308.088,0,2
32_Phoenix_City,10,10,101044,3,2500.0,25000.0,100.0,574.9285846153846,1774.0261538461536,1.9140965907768264,4.078170967801091,3666.044615384616,0,3
32_Phoenix_City,10,10,101044,3,2500.0,25000.0,100.0,547.7714153846154,1774.0261538461536,1.743295840859402,2.8881435294993683,3308.088,0,4
32_Phoenix_City,10,10,101044,3,5000.0,10000.0,100.0,547.7714153846154,1774.0261538461536,1.743295840859402,2.8881435294993683,3308.088,0,0
32_Phoenix_City,10,10,101044,3,5000.0,10000.0,100.0,547.7714153846154,1774.0261538461536,1.743295840859402,2.8881435294993683,3308.088,0,1
32_Phoenix_City,10,10,101044,3,5000.0,10000.0,100.0,547.7714153846154,1774.0261538461536,1.743295840859402,2.8881435294993683,3308.088,0,2
32_Phoenix_City,10,10,101044,3,5000.0,10000.0,100.0,547.7714153846154,1774.0261538461536,1.743295840859402,2.8881435294993683,3308.088,0,3
32_Phoenix_City,10,10,101044,3,5000.0,10000.0,100.0,547.7714153846154,1774.0261538461536,1.743295840859402,2.8881435294993683,3308.088,0,4
32_Phoenix_City,10,10,101044,3,5000.0,25000.0,100.0,547.7714153846154,1774.0261538461536,1.743295840859402,2.8881435294993683,3308.088,0,0
32_Phoenix_City,10,10,101044,3,5000.0,25000.0,100.0,547.7714153846154,1774.0261538461536,1.743295840859402,2.8881435294993683,3308.088,0,1
32_Phoenix_City,10,10,101044,3,5000.0,25000.0,100.0,547.7714153846154,1774.0261538461536,1.743295840859402,2.8881435294993683,3308.088,0,2
32_Phoenix_City,10,10,101044,3,5000.0,25000.0,90.0,607.0582222222222,1759.8359999999998,1.7267484902246375,2.8881435294993683,3188.2812307692307,0,3
32_Phoenix_City,10,10,101044,3,5000.0,25000.0,100.0,547.7714153846154,1774.0261538461536,1.743295840859402,2.8881435294993683,3308.088,0,4
32_Phoenix_City,10,10,101044,3,5000.0,50000.0,90.0,607.0582222222222,1759.8359999999998,1.7267484902246375,2.8881435294993683,3188.2812307692307,0,0
32_Phoenix_City,10,10,101044,3,5000.0,50000.0,90.0,607.0582222222222,1759.8359999999998,1.7267484902246375,2.8881435294993683,3188.2812307692307,0,1
32_Phoenix_City,10,10,101044,3,5000.0,50000.0,100.0,547.7714153846154,1774.0261538461536,1.743295840859402,2.8881435294993683,3308.088,0,2
32_Phoenix_City,10,10,101044,3,5000.0,50000.0,100.0,547.7714153846154,1774.0261538461536,1.743295840859402,2.8881435294993683,3308.088,0,3
32_Phoenix_City,10,10,101044,3,5000.0,50000.0,100.0,547.7714153846154,1774.0261538461536,1.743295840859402,2.8881435294993683,3308.088,0,4
32_Phoenix_City,10,10,101044,3,10000.0,20000.0,100.0,547.7714153846154,1774.0261538461536,1.743295840859402,2.8881435294993683,3308.088,0,0
32_Phoenix_City,10,10,101044,3,10000.0,20000.0,100.0,547.7714153846154,1774.0261538461536,1.743295840859402,2.8881435294993683,3308.088,0,1
32_Phoenix_City,10,10,101044,3,10000.0,20000.0,100.0,547.7714153846154,1774.0261538461536,1.743295840859402,2.8881435294993683,3308.088,0,2
32_Phoenix_City,10,10,101044,3,10000.0,20000.0,100.0,547.7714153846154,1774.0261538461536,1.743295840859402,2.8881435294993683,3308.088,0,3
32_Phoenix_City,10,10,101044,3,10000.0,20000.0,100.0,547.7714153846154,1774.0261538461536,1.743295840859402,2.8881435294993683,3308.088,0,4
32_Phoenix_City,10,10,101044,3,10000.0,50000.0,100.0,547.7714153846154,1774.0261538461536,1.743295840859402,2.8881435294993683,3308.088,0,0
32_Phoenix_City,10,10,101044,3,10000.0,50000.0,100.0,547.7714153846154,1774.0261538461536,1.743295840859402,2.8881435294993683,3308.088,0,1
32_Phoenix_City,10,10,101044,3,10000.0,50000.0,100.0,547.7714153846154,1774.0261538461536,1.743295840859402,2.8881435294993683,3308.088,0,2
32_Phoenix_City,10,10,101044,3,10000.0,50000.0,100.0,547.7714153846154,1774.0261538461536,1.743295840859402,2.8881435294993683,3308.088,0,3
32_Phoenix_City,10,10,101044,3,10000.0,50000.0,100.0,547.7714153846154,1774.0261538461536,1.743295840859402,2.8881435294993683,3308.088,0,4
32_Phoenix_City,10,10,101044,3,10000.0,100000.0,100.0,547.7714153846154,1774.0261538461536,1.743295840859402,2.8881435294993683,3308.088,0,0
32_Phoenix_City,10,10,101044,3,10000.0,100000.0,100.0,547.7714153846154,1774.0261538461536,1.743295840859402,2.8881435294993683,3308.088,0,1
32_Phoenix_City,10,10,101044,3,10000.0,100000.0,90.0,570.4550085470086,1759.8359999999998,1.800696348727881,2.8881435294993683,3229.440307692307,0,2
32_Phoenix_City,10,10,101044,3,10000.0,100000.0,100.0,547.7714153846154,1774.0261538461536,1.743295840859402,2.8881435294993683,3308.088,0,3
32_Phoenix_City,10,10,101044,3,10000.0,100000.0,100.0,547.7714153846154,1774.0261538461536,1.743295840859402,2.8881435294993683,3308.088,0,4
32_Phoenix_City,10,10,101044,3,20000.0,40000.0,100.0,547.7714153846154,1774.0261538461536,1.743295840859402,2.8881435294993683,3308.088,0,0
32_Phoenix_City,10,10,101044,3,20000.0,40000.0,100.0,547.7714153846154,1774.0261538461536,1.743295840859402,2.8881435294993683,3308.088,0,1
32_Phoenix_City,10,10,101044,3,20000.0,40000.0,100.0,547.7714153846154,1774.0261538461536,1.743295840859402,2.8881435294993683,3308.088,0,2
32_Phoenix_City,10,10,101044,3,20000.0,40000.0,100.0,547.7714153846154,1774.0261538461536,1.743295840859402,2.8881435294993683,3308.088,0,3
32_Phoenix_City,10,10,101044,3,20000.0,40000.0,100.0,547.7714153846154,1774.0261538461536,1.743295840859402,2.8881435294993683,3308.088,0,4
32_Phoenix_City,10,10,101044,3,20000.0,100000.0,100.0,547.7714153846154,1774.0261538461536,1.743295840859402,2.8881435294993683,3308.088,0,0
32_Phoenix_City,10,10,101044,3,20000.0,100000.0,100.0,547.7714153846154,1774.0261538461536,1.743295840859402,2.8881435294993683,3308.088,0,1
32_Phoenix_City,10,10,101044,3,20000.0,100000.0,100.0,547.7714153846154,1774.0261538461536,1.743295840859402,2.8881435294993683,3308.088,0,2
32_Phoenix_City,10,10,101044,3,20000.0,100000.0,100.0,547.7714153846154,1774.0261538461536,1.743295840859402,2.8881435294993683,3308.088,0,3
32_Phoenix_City,10,10,101044,3,20000.0,100000.0,100.0,547.7714153846154,1774.0261538461536,1.743295840859402,2.8881435294993683,3308.088,0,4
32_Phoenix_City,10,10,101044,3,20000.0,200000.0,90.0,607.0582222222222,1759.8359999999998,1.7267484902246375,2.8881435294993683,3188.2812307692307,0,0
32_Phoenix_City,10,10,101044,3,20000.0,200000.0,100.0,547.7714153846154,1774.0261538461536,1.743295840859402,2.8881435294993683,3308.088,0,1
32_Phoenix_City,10,10,101044,3,20000.0,200000.0,100.0,547.7714153846154,1774.0261538461536,1.743295840859402,2.8881435294993683,3308.088,0,2
32_Phoenix_City,10,10,101044,3,20000.0,200000.0,100.0,547.7714153846154,1774.0261538461536,1.743295840859402,2.8881435294993683,3308.088,0,3
32_Phoenix_City,10,10,101044,3,20000.0,200000.0,100.0,547.7714153846154,1774.0261538461536,1.743295840859402,2.8881435294993683,3308.088,0,4
32_Phoenix_City,10,10,101044,3,40000.0,80000.0,100.0,547.7714153846154,1774.0261538461536,1.743295840859402,2.8881435294993683,3308.088,0,0
32_Phoenix_City,10,10,101044,3,40000.0,80000.0,100.0,547.7714153846154,1774.0261538461536,1.743295840859402,2.8881435294993683,3308.088,0,1
32_Phoenix_City,10,10,101044,3,40000.0,80000.0,100.0,547.7714153846154,1774.0261538461536,1.743295840859402,2.8881435294993683,3308.088,0,2
32_Phoenix_City,10,10,101044,3,40000.0,80000.0,100.0,547.7714153846154,1774.0261538461536,1.743295840859402,2.8881435294993683,3308.088,0,3
32_Phoenix_City,10,10,101044,3,40000.0,80000.0,100.0,547.7714153846154,1774.0261538461536,1.743295840859402,2.8881435294993683,3308.088,0,4
32_Phoenix_City,10,10,101044,3,40000.0,200000.0,100.0,547.7714153846154,1774.0261538461536,1.743295840859402,2.8881435294993683,3308.088,0,0
32_Phoenix_City,10,10,101044,3,40000.0,200000.0,100.0,547.7714153846154,1774.0261538461536,1.743295840859402,2.8881435294993683,3308.088,0,1
32_Phoenix_City,10,10,101044,3,40000.0,200000.0,100.0,547.7714153846154,1774.0261538461536,1.743295840859402,2.8881435294993683,3308.088,0,2
32_Phoenix_City,10,10,101044,3,40000.0,200000.0,90.0,607.0582222222222,1759.8359999999998,1.7267484902246375,2.8881435294993683,3188.2812307692307,0,3
32_Phoenix_City,10,10,101044,3,40000.0,200000.0,100.0,547.7714153846154,1774.0261538461536,1.743295840859402,2.8881435294993683,3308.088,0,4
32_Phoenix_City,10,10,101044,3,40000.0,400000.0,100.0,547.7714153846154,1774.0261538461536,1.743295840859402,2.8881435294993683,3308.088,0,0
32_Phoenix_City,10,10,101044,3,40000.0,400000.0,100.0,547.7714153846154,1774.0261538461536,1.743295840859402,2.8881435294993683,3308.088,0,1
32_Phoenix_City,10,10,101044,3,40000.0,400000.0,100.0,547.7714153846154,1774.0261538461536,1.743295840859402,2.8881435294993683,3308.088,0,2
32_Phoenix_City,10,10,101044,3,40000.0,400000.0,100.0,547.7714153846154,1774.0261538461536,1.743295840859402,2.8881435294993683,3308.088,0,3
32_Phoenix_City,10,10,101044,3,40000.0,400000.0,100.0,547.7714153846154,1774.0261538461536,1.743295840859402,2.8881435294993683,3308.088,0,4
32_Phoenix_City,10,20,201042,1,2500.0,5000.0,75.0,577.4030666666665,1724.8246153846153,1.8276977531398693,3.9141306838798378,4080.853076923076,0,0
32_Phoenix_City,10,20,201042,1,2500.0,5000.0,85.0,333.3881990950226,1777.8464615384614,1.8589382047036025,3.275962070708287,5508.139538461538,0,1
32_Phoenix_City,10,20,201042,1,2500.0,5000.0,85.0,493.683737556561,1574.0184615384617,2.203135985915426,4.445304164360264,5285.392461538461,0,2
32_Phoenix_City,10,20,201042,1,2500.0,5000.0,85.0,326.98676923076926,1768.3704615384613,1.975752035950092,5.023482931730002,5490.468153846154,0,3
32_Phoenix_City,10,20,201042,1,2500.0,5000.0,80.0,411.0708365384615,1707.3984615384616,1.6643974620378152,2.852335897430438,4607.036153846153,0,4
32_Phoenix_City,10,20,201042,1,2500.0,12500.0,70.0,430.4037802197802,1494.8766153846154,1.7228984602103965,2.6834363182740524,3952.1032307692303,0,0
32_Phoenix_City,10,20,201042,1,2500.0,12500.0,75.0,550.4315076923077,1793.6390769230766,2.0689955261723703,4.82054346786742,4050.120461538461,0,1
32_Phoenix_City,10,20,201042,1,2500.0,12500.0,90.0,467.1327521367522,1707.3984615384616,2.320457401796521,6.106143651051316,6205.890615384615,0,2
32_Phoenix_City,10,20,201042,1,2500.0,12500.0,80.0,460.0090480769231,1793.6390769230766,1.949695861886355,3.0193543044187523,4960.857692307692,0,3
32_Phoenix_City,10,20,201042,1,2500.0,12500.0,95.0,581.8135870445344,1707.3984615384616,1.9864326802246108,3.8842898842004647,7222.431230769232,0,4
32_Phoenix_City,10,20,201042,1,2500.0,25000.0,85.0,333.7360180995475,1289.3375384615383,1.8618894629467653,3.275962070708287,5050.779538461537,0,0
32_Phoenix_City,10,20,201042,1,2500.0,25000.0,75.0,560.6869948717948,1742.0049230769228,2.0256953849409927,4.187527618842678,4332.172461538461,0,1
32_Phoenix_City,10,20,201042,1,2500.0,25000.0,80.0,411.0708365384615,1707.3984615384616,1.9160975287746216,3.9141306838798378,4899.117692307691,0,2
32_Phoenix_City,10,20,201042,1,2500.0,25000.0,80.0,603.0699999999999,1742.0049230769228,2.1462295897271138,4.82054346786742,5406.424153846154,0,3
32_Phoenix_City,10,20,201042,1,2500.0,25000.0,85.0,503.11748416289583,1652.2803076923074,1.8393888027387404,5.023482931730002,5316.80046153846,0,4
32_Phoenix_City,10,20,201042,1,5000.0,10000.0,90.0,321.1654358974358,1494.8766153846154,2.334422414535335,5.023482931730002,6514.105384615384,0,0
32_Phoenix_City,10,20,201042,1,5000.0,10000.0,85.0,346.8303800904977,1707.3984615384616,1.949272731452113,3.9141306838798378,4819.180153846153,0,1
32_Phoenix_City,10,20,201042,1,5000.0,10000.0,85.0,448.8614841628959,1652.2803076923074,1.8713854748770995,5.023482931730002,5487.709999999999,0,2
32_Phoenix_City,10,20,201042,1,5000.0,10000.0,85.0,361.33245248868775,1494.8766153846154,2.2223845327590546,5.023482931730002,5812.353692307692,0,3
32_Phoenix_City,10,20,201042,1,5000.0,10000.0,90.0,480.96333333333337,1494.8766153846154,1.769810508367885,2.646135374794876,6213.655538461537,0,4
32_Phoenix_City,10,20,201042,1,5000.0,25000.0,65.0,358.454650887574,1494.8766153846154,1.7912384967443529,3.275962070708287,3672.590615384616,0,0
32_Phoenix_City,10,20,201042,1,5000.0,25000.0,80.0,438.18744230769227,1777.8464615384614,1.4806091489052202,2.2871556386169045,4642.044769230768,0,1
32_Phoenix_City,10,20,201042,1,5000.0,25000.0,90.0,416.3326068376068,1494.8766153846154,2.007585776379397,4.087325415353021,6496.672461538461,0,2
32_Phoenix_City,10,20,201042,1,5000.0,25000.0,85.0,349.6511312217194,1777.8464615384614,1.7162294567241414,3.275962070708287,5336.4604615384615,0,3
32_Phoenix_City,10,20,201042,1,5000.0,25000.0,60.0,330.0360769230769,1494.8766153846154,2.734693253248716,7.842192647710773,3137.9678461538456,0,4
32_Phoenix_City,10,20,201042,1,5000.0,50000.0,70.0,454.8245494505494,1777.8464615384614,1.820397011075806,3.275962070708287,4022.676153846153,0,0
32_Phoenix_City,10,20,201042,1,5000.0,50000.0,80.0,526.1418269230769,1742.0049230769228,1.804597681440539,3.656714670052481,4497.912153846153,0,1
32_Phoenix_City,10,20,201042,1,5000.0,50000.0,70.0,495.4443846153845,1707.3984615384616,1.8917820017480016,3.9141306838798378,3635.2798461538455,0,2
32_Phoenix_City,10,20,201042,1,5000.0,50000.0,75.0,412.1884923076922,1742.0049230769228,1.9881049217766305,4.187527618842678,4298.326923076923,0,3
32_Phoenix_City,10,20,201042,1,5000.0,50000.0,85.0,501.0355384615384,1707.3984615384616,1.840003534451732,4.087325415353021,5833.83923076923,0,4
32_Phoenix_City,10,20,201042,1,10000.0,20000.0,80.0,217.8951730769231,1267.8316923076925,1.8424688986743116,3.275962070708287,4389.229692307692,0,0
32_Phoenix_City,10,20,201042,1,10000.0,20000.0,80.0,268.31611538461533,1777.8464615384614,1.822193053444749,3.275962070708287,4429.482307692307,0,1
32_Phoenix_City,10,20,201042,1,10000.0,20000.0,85.0,590.2807873303167,1793.6390769230766,1.8615604562232169,4.087325415353021,5796.076153846153,0,2
32_Phoenix_City,10,20,201042,1,10000.0,20000.0,90.0,517.7698547008546,1494.8766153846154,2.3075418039525597,5.023482931730002,6631.05523076923,0,3
32_Phoenix_City,10,20,201042,1,10000.0,20000.0,80.0,542.3891442307691,1742.0049230769228,2.109272752167355,3.9141306838798378,4318.472461538461,0,4
32_Phoenix_City,10,20,201042,1,10000.0,50000.0,90.0,377.12471794871794,1768.3704615384613,2.008033152744765,3.275962070708287,5554.723846153845,0,0
32_Phoenix_City,10,20,201042,1,10000.0,50000.0,85.0,350.39910407239813,1707.3984615384616,1.625555234900068,2.852335897430438,5123.101384615384,0,1
32_Phoenix_City,10,20,201042,1,10000.0,50000.0,80.0,493.44086538461534,1742.0049230769228,1.6401689402339574,2.2462571864679006,4648.986307692307,0,2
32_Phoenix_City,10,20,201042,1,10000.0,50000.0,90.0,515.7042051282051,1793.6390769230766,1.862066201906245,4.026571516518798,6235.442307692307,0,3
32_Phoenix_City,10,20,201042,1,10000.0,50000.0,85.0,577.8787601809954,1793.6390769230766,1.897659579056252,4.087325415353021,5103.906307692307,0,4
32_Phoenix_City,10,20,201042,1,10000.0,100000.0,75.0,477.0219794871794,1707.3984615384616,2.0229873845715103,3.9141306838798378,4116.021076923076,0,0
32_Phoenix_City,10,20,201042,1,10000.0,100000.0,80.0,457.1869038461538,1494.8766153846154,1.8518433206747484,3.275962070708287,5290.827846153847,0,1
32_Phoenix_City,10,20,201042,1,10000.0,100000.0,80.0,439.362548076923,1742.0049230769228,1.8610197614374289,2.852335897430438,4521.744769230768,0,2
32_Phoenix_City,10,20,201042,1,10000.0,100000.0,95.0,442.2596437246964,1707.3984615384616,2.137235993626623,5.023482931730002,7123.982923076923,0,3
32_Phoenix_City,10,20,201042,1,10000.0,100000.0,75.0,469.3307076923076,1777.8464615384614,1.7702966213279785,3.275962070708287,4937.179230769231,0,4
32_Phoenix_City,10,20,201042,1,20000.0,40000.0,85.0,427.7335837104072,1494.8766153846154,2.0593389654177714,4.087325415353021,5382.963538461537,0,0
32_Phoenix_City,10,20,201042,1,20000.0,40000.0,100.0,493.6476538461538,1707.3984615384616,1.7929923425452514,4.087325415353021,6583.078307692307,0,1
32_Phoenix_City,10,20,201042,1,20000.0,40000.0,80.0,314.0753461538461,1777.8464615384614,1.7952026768864275,3.275962070708287,4511.9832307692295,0,2
32_Phoenix_City,10,20,201042,1,20000.0,40000.0,70.0,453.90897802197793,1707.3984615384616,1.9029066077413987,2.852335897430438,3979.037999999999,0,3
32_Phoenix_City,10,20,201042,1,20000.0,40000.0,75.0,494.2918974358974,1742.0049230769228,1.7639588400801092,2.5000461114590826,4380.965076923077,0,4
32_Phoenix_City,10,20,201042,1,20000.0,100000.0,85.0,418.7677466063348,1707.3984615384616,2.328638644123208,6.106143651051316,5300.305076923077,0,0
32_Phoenix_City,10,20,201042,1,20000.0,100000.0,95.0,525.1247530364371,1777.8464615384614,1.9280662462215616,4.087325415353021,6095.777999999999,0,1
32_Phoenix_City,10,20,201042,1,20000.0,100000.0,85.0,412.41171040723975,1777.8464615384614,1.8137783147394293,3.275962070708287,5438.409692307692,0,2
32_Phoenix_City,10,20,201042,1,20000.0,100000.0,70.0,394.58234065934056,1707.3984615384616,2.0187922631391597,3.9141306838798378,3766.988461538461,0,3
32_Phoenix_City,10,20,201042,1,20000.0,100000.0,90.0,299.1982564102565,1494.8766153846154,1.7947938918108437,2.7425762022508264,5631.712769230769,0,4
32_Phoenix_City,10,20,201042,1,20000.0,200000.0,70.0,520.1381978021979,1494.8766153846154,1.8009027913022764,2.641476704234857,4124.0364615384615,0,0
32_Phoenix_City,10,20,201042,1,20000.0,200000.0,85.0,586.9563438914026,1768.3704615384613,1.8057687475214157,2.7425762022508264,5346.418,0,1
32_Phoenix_City,10,20,201042,1,20000.0,200000.0,85.0,328.37619909502257,1777.8464615384614,1.6898196552499565,3.275962070708287,5095.154,0,2
32_Phoenix_City,10,20,201042,1,20000.0,200000.0,90.0,526.6000512820513,1768.3704615384613,2.0994122165030427,4.445304164360264,5805.056461538461,0,3
32_Phoenix_City,10,20,201042,1,20000.0,200000.0,90.0,480.5267948717949,1793.6390769230766,2.130959229587258,4.087325415353021,6273.424769230769,0,4
32_Phoenix_City,10,20,201042,1,40000.0,80000.0,70.0,344.912,1707.3984615384616,1.858944655095143,3.275962070708287,3667.885076923077,0,0
32_Phoenix_City,10,20,201042,1,40000.0,80000.0,85.0,482.7429230769232,1575.692,1.8889825757003007,4.087325415353021,5613.508153846154,0,1
32_Phoenix_City,10,20,201042,1,40000.0,80000.0,80.0,580.1672307692307,1793.6390769230766,1.7237190857277231,2.7750648830827065,5318.1478461538445,0,2
32_Phoenix_City,10,20,201042,1,40000.0,80000.0,80.0,516.9941730769231,1793.6390769230766,1.7340630726762871,3.275962070708287,5011.544769230769,0,3
32_Phoenix_City,10,20,201042,1,40000.0,80000.0,95.0,389.7813603238866,1707.3984615384616,2.0594342457433275,5.023482931730002,6306.5090769230765,0,4
32_Phoenix_City,10,20,201042,1,40000.0,200000.0,80.0,331.6203461538461,1777.8464615384614,1.7400294637406126,3.275962070708287,4950.027846153846,0,0
32_Phoenix_City,10,20,201042,1,40000.0,200000.0,80.0,196.7650384615385,1494.8766153846154,2.4035118502724875,6.106143651051316,4834.668769230769,0,1
32_Phoenix_City,10,20,201042,1,40000.0,200000.0,85.0,303.9454117647059,1289.3375384615383,2.147767240171878,6.106143651051316,5455.299538461538,0,2
32_Phoenix_City,10,20,201042,1,40000.0,200000.0,80.0,411.0708365384615,1707.3984615384616,2.0163675491211857,3.9141306838798378,5314.509384615384,0,3
32_Phoenix_City,10,20,201042,1,40000.0,200000.0,95.0,483.0431336032388,1742.0049230769228,1.756559194224227,2.852335897430438,5990.778615384616,0,4
32_Phoenix_City,10,20,201042,1,40000.0,400000.0,70.0,476.3071428571429,1494.8766153846154,1.6471171079605884,2.2871556386169045,3694.8463076923063,0,0
32_Phoenix_City,10,20,201042,1,40000.0,400000.0,90.0,404.14379487179485,1575.692,2.094309329376579,4.445304164360264,6831.439230769231,0,1
32_Phoenix_City,10,20,201042,1,40000.0,400000.0,85.0,477.6073574660633,1494.8766153846154,2.228553289220783,5.023482931730002,6200.1838461538455,0,2
32_Phoenix_City,10,20,201042,1,40000.0,400000.0,90.0,466.3015213675213,1768.3704615384613,1.703272097892698,2.5000461114590826,5350.26169230769,0,3
32_Phoenix_City,10,20,201042,1,40000.0,400000.0,70.0,458.0975384615384,1742.0049230769228,1.881510387230935,4.187527618842678,3293.7379999999994,0,4
32_Phoenix_City,10,20,201043,2,2500.0,5000.0,85.0,577.0249683257919,1696.2529230769228,1.896793118651084,6.395213564032253,5871.179692307692,0,0
32_Phoenix_City,10,20,201043,2,2500.0,5000.0,75.0,502.0167487179487,1532.5653846153846,1.6351849109747496,3.8846628578186087,4508.455384615383,0,1
32_Phoenix_City,10,20,201043,2,2500.0,5000.0,85.0,538.2122895927602,1696.2529230769228,1.765880936907792,5.345324060044788,5906.369230769231,0,2
32_Phoenix_City,10,20,201043,2,2500.0,5000.0,85.0,461.6789411764706,1532.5653846153846,1.609635250664996,3.8846628578186087,5072.506769230768,0,3
32_Phoenix_City,10,20,201043,2,2500.0,5000.0,65.0,565.3105798816567,1459.6483076923078,1.7741299698954804,3.8846628578186087,4598.353846153847,0,4
32_Phoenix_City,10,20,201043,2,2500.0,12500.0,80.0,682.6909519230769,1532.5653846153846,1.790453113692591,4.525709724388206,5140.804923076923,0,0
32_Phoenix_City,10,20,201043,2,2500.0,12500.0,60.0,498.87305128205134,1459.6483076923078,1.4881798296422142,3.8846628578186087,4098.287384615384,0,1
32_Phoenix_City,10,20,201043,2,2500.0,12500.0,80.0,789.7527596153847,1796.472923076923,1.7793048731445134,5.749196224657979,5595.346153846154,0,2
32_Phoenix_City,10,20,201043,2,2500.0,12500.0,80.0,728.0309615384615,1742.01723076923,1.4913190420260514,2.38594588688972,5910.344615384614,0,3
32_Phoenix_City,10,20,201043,2,2500.0,12500.0,70.0,603.7194065934066,1796.472923076923,1.966093144412425,5.749196224657979,5093.539076923078,0,4
32_Phoenix_City,10,20,201043,2,2500.0,25000.0,85.0,527.0185610859728,1696.2529230769228,1.8582786982192212,6.395213564032253,6075.511692307692,0,0
32_Phoenix_City,10,20,201043,2,2500.0,25000.0,80.0,670.0045961538461,1731.6683076923073,1.4926490292163588,2.422230712182844,5534.502153846153,0,1
32_Phoenix_City,10,20,201043,2,2500.0,25000.0,85.0,376.8739728506787,1390.289230769231,1.456469417411252,3.8846628578186087,5200.292,0,2
32_Phoenix_City,10,20,201043,2,2500.0,25000.0,75.0,636.8978358974359,1735.0001538461538,1.2842068912661,1.543861829330608,5149.766769230769,0,3
32_Phoenix_City,10,20,201043,2,2500.0,25000.0,85.0,558.2452398190044,1735.0001538461538,1.6965081892826357,4.965249726869068,5196.038769230768,0,4
32_Phoenix_City,10,20,201043,2,5000.0,10000.0,70.0,715.0954615384616,1735.0001538461538,2.3798509223310256,11.986338441800552,5143.874153846153,0,0
32_Phoenix_City,10,20,201043,2,5000.0,10000.0,85.0,547.6421176470587,1732.834153846154,1.4632076948781834,2.620132555347212,6039.333538461538,0,1
32_Phoenix_City,10,20,201043,2,5000.0,10000.0,80.0,618.6005865384616,1796.472923076923,1.881930252789073,5.749196224657979,5747.224307692308,0,2
32_Phoenix_City,10,20,201043,2,5000.0,10000.0,85.0,507.4690135746607,1459.6483076923078,1.5522319389548844,3.8846628578186087,5793.347384615385,0,3
32_Phoenix_City,10,20,201043,2,5000.0,10000.0,90.0,644.1280598290598,1731.6683076923073,1.3431132412477935,1.857895928206402,5958.714153846155,0,4
32_Phoenix_City,10,20,201043,2,5000.0,25000.0,70.0,615.4501538461537,1742.01723076923,1.308242428507845,2.0,4423.867076923077,0,0
32_Phoenix_City,10,20,201043,2,5000.0,25000.0,75.0,518.6842153846153,1742.01723076923,1.2108417717865914,1.543861829330608,4316.281230769231,0,1
32_Phoenix_City,10,20,201043,2,5000.0,25000.0,85.0,707.1575837104073,1796.472923076923,1.4982177622021189,4.300300300300299,4772.631384615384,0,2
32_Phoenix_City,10,20,201043,2,5000.0,25000.0,65.0,905.3705207100592,1735.0001538461538,1.7460754359853243,4.525709724388206,4717.033230769231,0,3
32_Phoenix_City,10,20,201043,2,5000.0,25000.0,75.0,543.4161025641026,1459.6483076923078,1.5072445996929438,3.8846628578186087,4906.845846153847,0,4
32_Phoenix_City,10,20,201043,2,5000.0,50000.0,85.0,502.8186606334842,1459.6483076923078,1.578521411534798,3.8846628578186087,5637.464923076923,0,0
32_Phoenix_City,10,20,201043,2,5000.0,50000.0,70.0,508.8857582417582,1459.6483076923078,1.6757144177049663,4.525709724388206,4887.482461538461,0,1
32_Phoenix_City,10,20,201043,2,5000.0,50000.0,65.0,586.4259881656805,1731.6683076923073,1.4842297093420318,1.997228576068946,4360.612615384615,0,2
32_Phoenix_City,10,20,201043,2,5000.0,50000.0,70.0,626.1086263736264,1735.0001538461538,1.4853494594158791,3.8846628578186087,4115.123076923076,0,3
32_Phoenix_City,10,20,201043,2,5000.0,50000.0,80.0,727.8351634615385,1732.834153846154,1.620158826536306,3.4605939720754937,5599.341846153848,0,4
32_Phoenix_City,10,20,201043,2,10000.0,20000.0,80.0,761.1379903846155,1796.472923076923,1.8582019698590064,5.749196224657979,5980.596615384616,0,0
32_Phoenix_City,10,20,201043,2,10000.0,20000.0,75.0,619.8958051282051,1796.472923076923,1.7662467440920324,4.300300300300299,4813.94,0,1
32_Phoenix_City,10,20,201043,2,10000.0,20000.0,80.0,714.8995865384616,1796.472923076923,1.8575627608903431,5.749196224657979,5826.437538461539,0,2
32_Phoenix_City,10,20,201043,2,10000.0,20000.0,70.0,581.7082967032967,1532.5653846153846,1.7232108213776471,4.525709724388206,4285.1273846153845,0,3
32_Phoenix_City,10,20,201043,2,10000.0,20000.0,95.0,827.5964939271255,1735.0001538461538,1.7790933990217748,4.525709724388206,7222.096615384616,0,4
32_Phoenix_City,10,20,201043,2,10000.0,50000.0,75.0,518.0762871794873,1796.472923076923,1.8439369716554757,4.300300300300299,4993.181230769231,0,0
32_Phoenix_City,10,20,201043,2,10000.0,50000.0,85.0,795.6459638009048,1735.0001538461538,1.3844402375954468,2.335461428406673,5352.873846153846,0,1
32_Phoenix_City,10,20,201043,2,10000.0,50000.0,85.0,644.9888054298643,1796.472923076923,1.723358035930244,5.749196224657979,5582.570153846154,0,2
32_Phoenix_City,10,20,201043,2,10000.0,50000.0,70.0,653.9002857142858,1459.6483076923078,1.8051252681164156,4.525709724388206,5562.988000000001,0,3
32_Phoenix_City,10,20,201043,2,10000.0,50000.0,80.0,470.753673076923,1642.725846153846,1.77239873634987,4.965249726869068,5304.647999999999,0,4
32_Phoenix_City,10,20,201043,2,10000.0,100000.0,75.0,696.0853025641026,1736.619076923077,1.7438994867131696,3.8846628578186087,5117.205846153846,0,0
32_Phoenix_City,10,20,201043,2,10000.0,100000.0,75.0,516.1319487179487,1696.2529230769228,2.073472288420531,6.395213564032253,5240.594769230769,0,1
32_Phoenix_City,10,20,201043,2,10000.0,100000.0,75.0,608.5863897435897,1735.0001538461538,1.6085667533958634,3.8846628578186087,4794.830461538461,0,2
32_Phoenix_City,10,20,201043,2,10000.0,100000.0,60.0,628.7069230769231,1586.5356923076924,1.5978620044438776,3.4605939720754937,4411.587692307693,0,3
32_Phoenix_City,10,20,201043,2,10000.0,100000.0,75.0,560.1710153846154,1790.6858461538468,1.245922185089501,1.543861829330608,4794.304923076923,0,4
32_Phoenix_City,10,20,201043,2,20000.0,40000.0,80.0,731.5568653846153,1761.4393846153844,1.8251666942816729,5.345324060044788,5585.057538461539,0,0
32_Phoenix_City,10,20,201043,2,20000.0,40000.0,85.0,546.8078733031674,1796.472923076923,1.2882883254817106,2.0698875097219678,5456.600615384616,0,1
32_Phoenix_City,10,20,201043,2,20000.0,40000.0,80.0,687.097798076923,1735.0001538461538,1.5688734402357247,4.525709724388206,4982.537230769231,0,2
32_Phoenix_City,10,20,201043,2,20000.0,40000.0,85.0,700.6000090497737,1732.834153846154,2.398730440342147,11.986338441800552,6289.623692307691,0,3
32_Phoenix_City,10,20,201043,2,20000.0,40000.0,85.0,547.2630497737557,1538.2738461538463,1.51258101031058,3.8846628578186087,5164.562769230768,0,4
32_Phoenix_City,10,20,201043,2,20000.0,100000.0,70.0,444.2473076923077,1532.5653846153846,1.6985705459692546,4.525709724388206,4104.1775384615385,0,0
32_Phoenix_City,10,20,201043,2,20000.0,100000.0,75.0,621.4999487179487,1712.8732307692308,1.4608328450869092,2.5897705418293864,4670.725846153846,0,1
32_Phoenix_City,10,20,201043,2,20000.0,100000.0,65.0,670.2114082840236,1732.834153846154,1.972510482059312,5.345324060044788,5011.504615384616,0,2
32_Phoenix_City,10,20,201043,2,20000.0,100000.0,65.0,700.4860946745562,1742.01723076923,1.4153939471242345,1.997228576068946,4504.653846153846,0,3
32_Phoenix_City,10,20,201043,2,20000.0,100000.0,80.0,619.7178173076923,1742.01723076923,1.2869689694633553,1.8269022359770504,5091.836923076924,0,4
32_Phoenix_City,10,20,201043,2,20000.0,200000.0,85.0,654.7268325791856,1732.834153846154,1.4000217724657882,1.857895928206402,6376.339384615385,0,0
32_Phoenix_City,10,20,201043,2,20000.0,200000.0,70.0,458.398,1136.0578461538462,1.829208816552483,4.525709724388206,4683.021230769232,0,1
32_Phoenix_City,10,20,201043,2,20000.0,200000.0,80.0,537.45825,1459.6483076923078,1.6241577256313786,3.8846628578186087,5543.0975384615385,0,2
32_Phoenix_City,10,20,201043,2,20000.0,200000.0,80.0,611.4766923076924,1796.472923076923,1.831566599339548,5.749196224657979,5677.5341538461535,0,3
32_Phoenix_City,10,20,201043,2,20000.0,200000.0,80.0,700.2625576923077,1796.472923076923,1.896885793345412,5.749196224657979,6056.132615384615,0,4
32_Phoenix_City,10,20,201043,2,40000.0,80000.0,75.0,477.5340307692308,1459.6483076923078,1.6468061663100555,3.8846628578186087,5216.14,0,0
32_Phoenix_City,10,20,201043,2,40000.0,80000.0,70.0,427.97184615384623,1359.0316923076923,1.619881009027594,3.8846628578186087,4846.78676923077,0,1
32_Phoenix_City,10,20,201043,2,40000.0,80000.0,75.0,501.9434974358974,1735.0001538461538,1.3468154058083708,1.6911058797605818,4461.38923076923,0,2
32_Phoenix_City,10,20,201043,2,40000.0,80000.0,90.0,683.3454957264958,1796.472923076923,1.7173496521507094,5.749196224657979,6067.304,0,3
32_Phoenix_City,10,20,201043,2,40000.0,80000.0,75.0,553.4821641025642,1538.2738461538463,1.9343010043188276,4.525709724388206,5336.984923076923,0,4
32_Phoenix_City,10,20,201043,2,40000.0,200000.0,80.0,500.3824134615385,1532.5653846153846,1.76971416804148,4.525709724388206,5237.289538461538,0,0
32_Phoenix_City,10,20,201043,2,40000.0,200000.0,80.0,565.8870000000001,1796.473230769231,1.451426363302024,2.38594588688972,5752.159692307693,0,1
32_Phoenix_City,10,20,201043,2,40000.0,200000.0,70.0,523.336978021978,1532.5653846153846,1.2470270787458353,1.543861829330608,4411.746769230768,0,2
32_Phoenix_City,10,20,201043,2,40000.0,200000.0,80.0,526.1871346153847,1732.834153846154,1.6168004603816286,3.872054445769728,5417.992615384615,0,3
32_Phoenix_City,10,20,201043,2,40000.0,200000.0,70.0,359.743032967033,1017.1184615384618,1.6494499419689042,3.8846628578186087,4845.02,0,4
32_Phoenix_City,10,20,201043,2,40000.0,400000.0,80.0,514.1150769230769,1538.2738461538463,1.562469078861212,3.8846628578186087,5486.657846153847,0,0
32_Phoenix_City,10,20,201043,2,40000.0,400000.0,80.0,618.471673076923,1732.834153846154,1.7088196857013458,5.345324060044788,5546.835692307693,0,1
32_Phoenix_City,10,20,201043,2,40000.0,400000.0,70.0,697.987043956044,1735.0001538461538,1.484684132115949,3.8846628578186087,4156.360923076923,0,2
32_Phoenix_City,10,20,201043,2,40000.0,400000.0,75.0,716.5955692307692,1732.834153846154,1.3674307266890846,2.362262847642965,5372.598769230769,0,3
32_Phoenix_City,10,20,201043,2,40000.0,400000.0,70.0,710.4567692307693,1796.472923076923,1.7994922037568108,5.749196224657979,5171.615384615386,0,4
32_Phoenix_City,10,20,201044,3,2500.0,5000.0,75.0,448.0389743589743,1673.7335384615385,1.8544277653886891,3.2950208569248893,5687.047230769231,0,0
32_Phoenix_City,10,20,201044,3,2500.0,5000.0,75.0,408.1473025641026,1673.7335384615385,1.6786028205768737,2.4150491747621845,5417.775538461538,0,1
32_Phoenix_City,10,20,201044,3,2500.0,5000.0,80.0,387.94326923076926,1627.871384615385,1.6009616980379648,2.3262547737513826,5604.364307692307,0,2
32_Phoenix_City,10,20,201044,3,2500.0,5000.0,75.0,517.3239179487181,1673.7335384615385,1.7946757484335047,2.2642666276994827,5847.730923076924,0,3
32_Phoenix_City,10,20,201044,3,2500.0,5000.0,75.0,473.3121846153847,1341.7944615384615,1.4906099798501955,2.3262547737513826,5253.436615384616,0,4
32_Phoenix_City,10,20,201044,3,2500.0,12500.0,75.0,308.103158974359,1535.136,1.6263944280046292,2.5573813876323794,5676.165230769232,0,0
32_Phoenix_City,10,20,201044,3,2500.0,12500.0,70.0,551.5338901098901,1787.238769230769,1.5973930365511009,2.2642666276994827,5495.346153846154,0,1
32_Phoenix_City,10,20,201044,3,2500.0,12500.0,75.0,502.7305025641026,1673.7335384615385,1.6358950707231197,2.3262547737513826,5443.501846153846,0,2
32_Phoenix_City,10,20,201044,3,2500.0,12500.0,80.0,377.6924230769231,1673.7335384615385,1.7355799839206971,2.5953459225883835,6179.843076923077,0,3
32_Phoenix_City,10,20,201044,3,2500.0,12500.0,75.0,502.7305025641026,1673.7335384615385,1.6358950707231197,2.3262547737513826,5443.501846153846,0,4
32_Phoenix_City,10,20,201044,3,2500.0,25000.0,75.0,477.2419076923077,1623.3892307692313,1.56879941006294,2.3262547737513826,5584.733538461538,0,0
32_Phoenix_City,10,20,201044,3,2500.0,25000.0,60.0,451.1207948717949,1249.3760000000002,1.5781621549524836,2.4266699567451453,4744.888615384616,0,1
32_Phoenix_City,10,20,201044,3,2500.0,25000.0,80.0,493.89940384615386,1758.083076923077,1.640471355373383,2.4266699567451453,6306.722769230769,0,2
32_Phoenix_City,10,20,201044,3,2500.0,25000.0,75.0,409.1163692307693,1673.7335384615385,1.6695252088548846,2.3262547737513826,5477.673538461539,0,3
32_Phoenix_City,10,20,201044,3,2500.0,25000.0,80.0,430.510076923077,1758.083076923077,1.8306290823373228,3.236652069628516,6330.975846153847,0,4
32_Phoenix_City,10,20,201044,3,5000.0,10000.0,70.0,448.0728571428572,1673.7335384615385,1.5207302108504417,2.3262547737513826,5052.718461538461,0,0
32_Phoenix_City,10,20,201044,3,5000.0,10000.0,80.0,535.7399423076924,1623.3892307692313,1.744898001842073,2.6617772186326056,6555.069076923077,0,1
32_Phoenix_City,10,20,201044,3,5000.0,10000.0,75.0,470.09870769230776,1470.6787692307698,1.670317204146065,2.2377840255687427,5584.938307692309,0,2
32_Phoenix_City,10,20,201044,3,5000.0,10000.0,75.0,391.60512820512827,1535.136,1.5234306862138571,2.3262547737513826,5411.040923076923,0,3
32_Phoenix_City,10,20,201044,3,5000.0,10000.0,75.0,407.2067897435898,1627.871384615385,1.7652580040375798,2.3262547737513826,5495.248153846155,0,4
32_Phoenix_City,10,20,201044,3,5000.0,25000.0,85.0,534.4779909502262,1771.6929230769229,1.835942529156048,3.2950208569248893,6864.674615384615,0,0
32_Phoenix_City,10,20,201044,3,5000.0,25000.0,75.0,349.5997333333333,1535.136,1.6840651139448908,2.5573813876323794,6126.751384615385,0,1
32_Phoenix_City,10,20,201044,3,5000.0,25000.0,75.0,418.3509333333334,1048.4332307692312,1.606668304928314,2.4266699567451453,5418.248615384617,0,2
32_Phoenix_City,10,20,201044,3,5000.0,25000.0,75.0,432.7404512820513,1673.7335384615385,1.6631529011102062,2.2642666276994827,5882.84276923077,0,3
32_Phoenix_City,10,20,201044,3,5000.0,25000.0,75.0,428.9618666666667,1673.7335384615385,1.5556698979791048,2.3262547737513826,5536.991230769232,0,4
32_Phoenix_City,10,20,201044,3,5000.0,50000.0,80.0,457.4340384615385,1623.3892307692313,1.7850454570217202,2.6617772186326056,6485.129692307693,0,0
32_Phoenix_City,10,20,201044,3,5000.0,50000.0,75.0,504.7142153846154,1623.3892307692313,1.6332942194306814,2.6617772186326056,5608.198923076924,0,1
32_Phoenix_City,10,20,201044,3,5000.0,50000.0,70.0,302.3686373626374,1317.4193846153848,1.6750773405099788,4.25360505831973,4891.660000000001,0,2
32_Phoenix_City,10,20,201044,3,5000.0,50000.0,75.0,556.1275897435899,1758.083076923077,1.6410792839485653,2.2455511045201546,6290.885076923079,0,3
32_Phoenix_City,10,20,201044,3,5000.0,50000.0,75.0,444.647282051282,1673.7335384615385,1.7281824714239502,2.5764278415753483,5138.23323076923,0,4
32_Phoenix_City,10,20,201044,3,10000.0,20000.0,90.0,475.6672649572649,1535.136,1.7125346658348817,3.2950208569248893,6608.646923076924,0,0
32_Phoenix_City,10,20,201044,3,10000.0,20000.0,80.0,390.8482115384615,1113.7039999999995,1.7155229001313603,2.2377840255687427,6386.177384615385,0,1
32_Phoenix_City,10,20,201044,3,10000.0,20000.0,70.0,426.27400000000006,1197.778153846154,1.67825891696898,3.323937282229967,5431.326923076923,0,2
32_Phoenix_City,10,20,201044,3,10000.0,20000.0,75.0,481.1403076923078,1758.083076923077,1.6774796462219856,2.2377840255687427,6294.185692307693,0,3
32_Phoenix_City,10,20,201044,3,10000.0,20000.0,70.0,347.3333186813187,1535.136,1.5637385164386797,2.2377840255687427,4838.036153846153,0,4
32_Phoenix_City,10,20,201044,3,10000.0,50000.0,80.0,404.59961538461545,1758.083076923077,1.7656808581452672,2.8519516292730933,6652.364923076924,0,0
32_Phoenix_City,10,20,201044,3,10000.0,50000.0,70.0,424.8904615384616,1654.4689230769236,1.821479666583068,2.9156891188647216,5068.392153846153,0,1
32_Phoenix_City,10,20,201044,3,10000.0,50000.0,70.0,549.318901098901,1775.3689230769232,1.7629314048344549,2.350461692760341,5221.189230769231,0,2
32_Phoenix_City,10,20,201044,3,10000.0,50000.0,75.0,441.0042666666667,1317.4193846153848,1.7347181566643204,2.5764278415753483,5316.823384615384,0,3
32_Phoenix_City,10,20,201044,3,10000.0,50000.0,75.0,437.65844102564114,1197.7778461538464,1.6393197896375282,2.710370485440985,5242.569538461539,0,4
32_Phoenix_City,10,20,201044,3,10000.0,100000.0,80.0,689.1454615384616,1623.3892307692313,1.6810197255731216,2.350461692760341,5899.587692307693,0,0
32_Phoenix_City,10,20,201044,3,10000.0,100000.0,75.0,361.7805333333334,1673.7335384615385,1.6850043195380715,2.2642666276994827,5020.406307692308,0,1
32_Phoenix_City,10,20,201044,3,10000.0,100000.0,80.0,458.3196153846154,1627.871384615385,1.728007683513779,2.5764278415753483,5784.790153846156,0,2
32_Phoenix_City,10,20,201044,3,10000.0,100000.0,80.0,510.0122692307693,1623.3892307692313,1.4753368840364618,2.1037233527835038,5876.837846153847,0,3
32_Phoenix_City,10,20,201044,3,10000.0,100000.0,75.0,448.0389743589743,1673.7335384615385,1.8544277653886891,3.2950208569248893,5687.047230769231,0,4
32_Phoenix_City,10,20,201044,3,20000.0,40000.0,75.0,446.73885128205137,1341.7944615384615,1.8318894233068328,3.629974150212408,6199.669846153846,0,0
32_Phoenix_City,10,20,201044,3,20000.0,40000.0,75.0,562.7652717948718,1775.3689230769232,1.6775771585572856,2.350461692760341,5241.122461538462,0,1
32_Phoenix_City,10,20,201044,3,20000.0,40000.0,75.0,575.6049435897437,1627.871384615385,1.6524223543507388,2.4266699567451453,5237.032615384616,0,2
32_Phoenix_City,10,20,201044,3,20000.0,40000.0,75.0,508.0212512820513,1758.083076923077,1.6622077657165253,2.350461692760341,5267.524923076924,0,3
32_Phoenix_City,10,20,201044,3,20000.0,40000.0,80.0,267.052,1470.6784615384613,1.5879431323448512,2.4089413509823028,6732.698769230769,0,4
32_Phoenix_City,10,20,201044,3,20000.0,100000.0,80.0,542.5004807692309,1673.7335384615385,1.8585678987260568,2.520549790219278,6644.274,0,0
32_Phoenix_City,10,20,201044,3,20000.0,100000.0,70.0,426.8942637362638,1673.7335384615385,1.5965752366658852,2.3262547737513826,5238.459230769231,0,1
32_Phoenix_City,10,20,201044,3,20000.0,100000.0,80.0,513.9203653846155,1673.7335384615385,1.6599408587898912,2.5764278415753483,5555.417538461539,0,2
32_Phoenix_City,10,20,201044,3,20000.0,100000.0,80.0,386.7507499999999,1535.136,1.6571435680003468,2.5573813876323794,6178.370461538462,0,3
32_Phoenix_City,10,20,201044,3,20000.0,100000.0,75.0,428.14713846153865,1470.6787692307698,1.7149522354914415,4.010336945788247,5401.008461538462,0,4
32_Phoenix_City,10,20,201044,3,20000.0,200000.0,75.0,492.37895384615393,1787.238769230769,1.6126328639595868,2.350461692760341,5629.854153846155,0,0
32_Phoenix_City,10,20,201044,3,20000.0,200000.0,75.0,448.0389743589743,1673.7335384615385,1.959924528209665,3.375023393345061,6002.457076923076,0,1
32_Phoenix_City,10,20,201044,3,20000.0,200000.0,70.0,370.9556263736264,1126.0215384615385,1.609481958315787,2.350461692760341,5333.293846153847,0,2
32_Phoenix_City,10,20,201044,3,20000.0,200000.0,75.0,493.32219487179486,1758.083076923077,1.7215411328823105,2.3262547737513826,5811.871230769231,0,3
32_Phoenix_City,10,20,201044,3,20000.0,200000.0,70.0,465.83597802197806,1085.5267692307698,1.8162830476734857,2.4266699567451453,5304.203846153848,0,4
32_Phoenix_City,10,20,201044,3,40000.0,80000.0,80.0,497.5121923076923,1787.238769230769,1.845764954880271,2.5012539333286017,6413.625538461538,0,0
32_Phoenix_City,10,20,201044,3,40000.0,80000.0,70.0,459.053978021978,1197.778153846154,1.6422855845980655,2.6617772186326056,5080.932153846155,0,1
32_Phoenix_City,10,20,201044,3,40000.0,80000.0,75.0,354.2549743589743,995.2873846153844,1.7549945032502647,2.3262547737513826,6152.887384615385,0,2
32_Phoenix_City,10,20,201044,3,40000.0,80000.0,75.0,523.3041846153848,1623.3892307692313,1.4845548202191592,2.020185670975212,5734.635076923077,0,3
32_Phoenix_City,10,20,201044,3,40000.0,80000.0,75.0,477.8366564102564,1673.7335384615385,1.882927677057301,2.520549790219278,6106.086,0,4
32_Phoenix_City,10,20,201044,3,40000.0,200000.0,75.0,466.0241435897436,1470.6784615384613,1.5786959796978852,3.236652069628516,5404.98876923077,0,0
32_Phoenix_City,10,20,201044,3,40000.0,200000.0,85.0,482.1478733031673,1771.6929230769229,1.867591893909649,3.2950208569248893,7021.821692307692,0,1
32_Phoenix_City,10,20,201044,3,40000.0,200000.0,75.0,417.3108512820514,1787.238769230769,1.64865548170053,2.450377118149202,6075.68476923077,0,2
32_Phoenix_City,10,20,201044,3,40000.0,200000.0,80.0,393.6311153846154,1758.083076923077,1.684271292056342,3.467399601382588,6569.607076923077,0,3
32_Phoenix_City,10,20,201044,3,40000.0,200000.0,75.0,593.761394871795,1758.083076923077,1.5206884176179425,2.972521360101661,5706.732153846155,0,4
32_Phoenix_City,10,20,201044,3,40000.0,400000.0,75.0,317.70635897435903,1341.7944615384615,1.661709600021802,2.2377840255687427,5770.808461538461,0,0
32_Phoenix_City,10,20,201044,3,40000.0,400000.0,90.0,499.8298461538461,1787.238769230769,1.610723498319523,2.2455511045201546,7054.022153846155,0,1
32_Phoenix_City,10,20,201044,3,40000.0,400000.0,80.0,426.0950576923077,1758.083076923077,1.721645354054304,2.8519516292730933,6923.822461538463,0,2
32_Phoenix_City,10,20,201044,3,40000.0,400000.0,75.0,477.8366564102564,1673.7335384615385,1.882927677057301,2.520549790219278,6106.086,0,3
32_Phoenix_City,10,20,201044,3,40000.0,400000.0,65.0,399.14880473372784,1673.7335384615385,1.8975197727826696,2.7350051796681787,5139.668769230768,0,4
32_Phoenix_City,20,20,202042,1,2500.0,5000.0,100.0,300.1050307692308,1735.8335384615384,1.34915942247019,1.959170837364733,6704.197538461538,0,0
32_Phoenix_City,20,20,202042,1,2500.0,5000.0,100.0,358.7996923076923,1583.4744615384616,1.3426733239788866,2.235940409098477,6492.197538461539,0,1
32_Phoenix_City,20,20,202042,1,2500.0,5000.0,100.0,212.9153230769231,1297.5350769230772,1.5779922582491188,2.7651215583608244,7181.765538461538,0,2
32_Phoenix_City,20,20,202042,1,2500.0,5000.0,90.0,347.674717948718,1621.9941538461535,1.287268973062672,1.8252658885757935,5449.561230769229,0,3
32_Phoenix_City,20,20,202042,1,2500.0,5000.0,95.0,311.50592712550605,1583.4744615384616,1.417596049115694,2.7651215583608244,6422.521538461539,0,4
32_Phoenix_City,20,20,202042,1,2500.0,12500.0,95.0,327.40876113360326,1533.8230769230768,1.478908525086041,2.185589067971125,6755.13876923077,0,0
32_Phoenix_City,20,20,202042,1,2500.0,12500.0,95.0,231.4145101214575,1297.5350769230772,1.5773230957835616,2.7651215583608244,6775.493230769231,0,1
32_Phoenix_City,20,20,202042,1,2500.0,12500.0,90.0,272.6807521367521,1583.4744615384616,1.445768699978059,2.923558723674603,6196.346461538461,0,2
32_Phoenix_City,20,20,202042,1,2500.0,12500.0,95.0,240.7947854251012,1297.5350769230772,1.4028681743378677,2.30306570767544,6007.805846153846,0,3
32_Phoenix_City,20,20,202042,1,2500.0,12500.0,100.0,233.5359846153846,1735.8335384615384,1.362851083829982,2.0,6448.608923076923,0,4
32_Phoenix_City,20,20,202042,1,2500.0,25000.0,100.0,328.88833846153847,1533.8230769230768,1.407960423237267,2.0,6816.104615384616,0,0
32_Phoenix_City,20,20,202042,1,2500.0,25000.0,95.0,201.13535222672067,1353.745230769231,1.4379958594482527,2.0,6698.515076923077,0,1
32_Phoenix_City,20,20,202042,1,2500.0,25000.0,100.0,268.54258461538467,1364.1658461538464,1.4793980992446365,2.326871593654747,7049.35723076923,0,2
32_Phoenix_City,20,20,202042,1,2500.0,25000.0,90.0,292.5141025641026,1583.4744615384616,1.319984714640602,1.805264168252556,6107.064615384616,0,3
32_Phoenix_City,20,20,202042,1,2500.0,25000.0,100.0,259.5370461538461,1583.4744615384616,1.3346184455536807,2.0368656523811124,6715.825230769231,0,4
32_Phoenix_City,20,20,202042,1,5000.0,10000.0,95.0,309.48646153846147,1735.8335384615384,1.6179439333609629,2.185589067971125,6835.353846153847,0,0
32_Phoenix_City,20,20,202042,1,5000.0,10000.0,100.0,184.1729538461538,1637.9126153846155,1.4950361682037123,2.276716667823554,7300.599076923077,0,1
32_Phoenix_City,20,20,202042,1,5000.0,10000.0,100.0,288.3392923076923,1364.1658461538464,1.3782155155071294,2.2109589370988374,6719.975999999999,0,2
32_Phoenix_City,20,20,202042,1,5000.0,10000.0,100.0,247.99032307692303,1735.8335384615384,1.4791744613458724,2.406036577589359,7015.874461538463,0,3
32_Phoenix_City,20,20,202042,1,5000.0,10000.0,100.0,292.58156923076933,1364.1658461538464,1.3883131271205853,2.8505993556784164,6463.598153846154,0,4
32_Phoenix_City,20,20,202042,1,5000.0,25000.0,95.0,333.03097975708505,1735.8335384615384,1.3367836481029285,1.7619460239678966,6065.268615384615,0,0
32_Phoenix_City,20,20,202042,1,5000.0,25000.0,95.0,216.43423481781372,1364.1658461538464,1.7737384120133577,4.885576946361547,6833.252923076923,0,1
32_Phoenix_City,20,20,202042,1,5000.0,25000.0,95.0,376.5182510121457,1735.8335384615384,1.4021528810891526,2.434789950404693,6166.058769230769,0,2
32_Phoenix_City,20,20,202042,1,5000.0,25000.0,95.0,278.1192388663967,1735.8335384615384,1.5491933565305065,2.6069668093512783,6676.535384615384,0,3
32_Phoenix_City,20,20,202042,1,5000.0,25000.0,90.0,298.37880341880344,1583.4744615384616,1.282121217157402,1.6057528924488709,5426.56123076923,0,4
32_Phoenix_City,20,20,202042,1,5000.0,50000.0,100.0,363.2090461538462,1735.8335384615384,1.3961641966683889,2.0,6580.172,0,0
32_Phoenix_City,20,20,202042,1,5000.0,50000.0,90.0,245.905264957265,1297.5350769230772,1.321370955376612,2.30306570767544,5477.102461538461,0,1
32_Phoenix_City,20,20,202042,1,5000.0,50000.0,100.0,268.54258461538467,1364.1658461538464,1.4550228424983107,2.326871593654747,6980.564923076923,0,2
32_Phoenix_City,20,20,202042,1,5000.0,50000.0,100.0,316.3794307692308,1735.8335384615384,1.3087183980648998,1.7619460239678966,6540.361846153846,0,3
32_Phoenix_City,20,20,202042,1,5000.0,50000.0,95.0,360.8248259109312,1782.0313846153845,1.52619058073352,2.471739782114574,6731.194153846154,0,4
32_Phoenix_City,20,20,202042,1,10000.0,20000.0,100.0,296.0713692307692,1735.8335384615384,1.588179715637729,2.850288899508421,7401.245230769232,0,0
32_Phoenix_City,20,20,202042,1,10000.0,20000.0,100.0,298.3818769230769,1637.9126153846155,1.4273861525129137,2.7651215583608244,6794.220307692308,0,1
32_Phoenix_City,20,20,202042,1,10000.0,20000.0,100.0,283.88207692307697,1735.8335384615384,1.4403585479700902,2.1405839067233225,6820.0496923076935,0,2
32_Phoenix_City,20,20,202042,1,10000.0,20000.0,100.0,264.8519076923077,1735.8335384615384,1.5565903022485064,2.185589067971125,7335.516307692309,0,3
32_Phoenix_City,20,20,202042,1,10000.0,20000.0,100.0,361.7020153846154,1583.4744615384616,1.4988465738722485,2.326871593654747,6946.5410769230775,0,4
32_Phoenix_City,20,20,202042,1,10000.0,50000.0,100.0,348.8764769230769,1782.0313846153845,1.3616974728053963,2.471739782114574,6399.390153846153,0,0
32_Phoenix_City,20,20,202042,1,10000.0,50000.0,95.0,350.1077732793522,1735.8335384615384,1.4003936614684478,1.9164530285802552,6338.483692307692,0,1
32_Phoenix_City,20,20,202042,1,10000.0,50000.0,90.0,270.49394871794874,1353.745230769231,1.359303209309933,2.0,5734.239076923077,0,2
32_Phoenix_City,20,20,202042,1,10000.0,50000.0,95.0,269.1002429149798,1637.9126153846155,1.5175660236188293,2.235940409098477,7101.048923076923,0,3
32_Phoenix_City,20,20,202042,1,10000.0,50000.0,95.0,309.48646153846147,1735.8335384615384,1.6179439333609629,2.185589067971125,6835.353846153847,0,4
32_Phoenix_City,20,20,202042,1,10000.0,100000.0,100.0,364.89258461538464,1583.4744615384616,1.2062074441394306,1.491453997287695,5878.695384615386,0,0
32_Phoenix_City,20,20,202042,1,10000.0,100000.0,95.0,405.67059109311737,1735.8335384615384,1.359077036824981,1.9164530285802552,6452.465538461539,0,1
32_Phoenix_City,20,20,202042,1,10000.0,100000.0,90.0,297.7308547008548,1735.8335384615384,1.4470359622255138,2.185589067971125,6844.896615384616,0,2
32_Phoenix_City,20,20,202042,1,10000.0,100000.0,90.0,327.9226153846153,1735.8335384615384,1.5535556190659223,2.185589067971125,6437.891692307692,0,3
32_Phoenix_City,20,20,202042,1,10000.0,100000.0,100.0,344.5444307692308,1735.8335384615384,1.5417440075461568,2.185589067971125,7262.524615384616,0,4
32_Phoenix_City,20,20,202042,1,20000.0,40000.0,95.0,278.1192388663967,1735.8335384615384,1.5768241149694602,2.6069668093512783,6805.380307692309,0,0
32_Phoenix_City,20,20,202042,1,20000.0,40000.0,95.0,282.67640485829963,1364.1658461538464,1.5054046291552696,2.6744563299472937,6671.598153846155,0,1
32_Phoenix_City,20,20,202042,1,20000.0,40000.0,95.0,244.82375708502025,1583.4744615384616,1.3729249258839396,2.8653411762704586,6103.004307692308,0,2
32_Phoenix_City,20,20,202042,1,20000.0,40000.0,95.0,300.1812145748988,1637.9126153846155,1.4847867194887512,2.0,6854.308923076924,0,3
32_Phoenix_City,20,20,202042,1,20000.0,40000.0,100.0,244.62252307692307,1364.1658461538464,1.4643466590126388,2.3097250406975447,6929.687692307693,0,4
32_Phoenix_City,20,20,202042,1,20000.0,100000.0,95.0,238.42139271255067,1637.9126153846155,1.4924414868502398,2.235940409098477,7340.186461538461,0,0
32_Phoenix_City,20,20,202042,1,20000.0,100000.0,100.0,400.41003076923073,1735.8335384615384,1.318289543202819,1.9164530285802552,6493.016923076923,0,1
32_Phoenix_City,20,20,202042,1,20000.0,100000.0,100.0,315.12800000000004,1735.8335384615384,1.444596645649691,2.1405839067233225,6820.049692307693,0,2
32_Phoenix_City,20,20,202042,1,20000.0,100000.0,90.0,385.345282051282,1735.8335384615384,1.364765729676043,1.7619460239678966,5808.7418461538455,0,3
32_Phoenix_City,20,20,202042,1,20000.0,100000.0,100.0,296.0713692307692,1735.8335384615384,1.539763064891662,2.406036577589359,6933.33076923077,0,4
32_Phoenix_City,20,20,202042,1,20000.0,200000.0,95.0,239.35789473684213,1364.1658461538464,1.5683776817302515,2.6744563299472937,6839.435692307692,0,0
32_Phoenix_City,20,20,202042,1,20000.0,200000.0,100.0,261.6356307692307,1621.9941538461535,1.4635970016306998,2.30306570767544,6909.017538461538,0,1
32_Phoenix_City,20,20,202042,1,20000.0,200000.0,100.0,377.04178461538464,1735.8335384615384,1.5019549623289965,2.185589067971125,7146.864615384615,0,2
32_Phoenix_City,20,20,202042,1,20000.0,200000.0,95.0,269.42667206477734,1353.745230769231,1.4912192667520874,2.838085837038252,6297.5670769230765,0,3
32_Phoenix_City,20,20,202042,1,20000.0,200000.0,95.0,293.9328906882591,1735.8335384615384,1.566475273534938,2.406036577589359,6842.338000000002,0,4
32_Phoenix_City,20,20,202042,1,40000.0,80000.0,100.0,167.8352769230769,992.9104615384612,1.6264825985163802,4.024739072526941,7013.996307692308,0,0
32_Phoenix_City,20,20,202042,1,40000.0,80000.0,95.0,271.5563076923077,1364.1658461538464,1.6939726701787916,4.885576946361547,6560.486769230768,0,1
32_Phoenix_City,20,20,202042,1,40000.0,80000.0,100.0,309.01972307692307,1583.4744615384616,1.3104618791881688,1.935414742399718,6667.316615384616,0,2
32_Phoenix_City,20,20,202042,1,40000.0,80000.0,90.0,283.7281367521368,1782.0313846153845,1.3233804056219236,2.471739782114574,5366.091384615385,0,3
32_Phoenix_City,20,20,202042,1,40000.0,80000.0,95.0,304.29857489878543,1735.8335384615384,1.4856660123415166,2.2266645513630774,6456.489384615385,0,4
32_Phoenix_City,20,20,202042,1,40000.0,200000.0,100.0,329.81260000000003,1735.8335384615384,1.3872948692418456,2.1699191516186187,6676.5678461538455,0,0
32_Phoenix_City,20,20,202042,1,40000.0,200000.0,95.0,258.32913360323886,1583.4744615384616,1.4588055723259756,2.923558723674603,6155.385846153847,0,1
32_Phoenix_City,20,20,202042,1,40000.0,200000.0,100.0,281.1236153846154,1364.1658461538464,1.520936822271033,2.326871593654747,7051.243846153846,0,2
32_Phoenix_City,20,20,202042,1,40000.0,200000.0,95.0,228.95849392712557,1353.745230769231,1.423666924738421,2.838085837038252,6705.064307692307,0,3
32_Phoenix_City,20,20,202042,1,40000.0,200000.0,100.0,312.29432307692304,1735.8335384615384,1.5135120712688868,2.6069668093512783,7030.295846153847,0,4
32_Phoenix_City,20,20,202042,1,40000.0,400000.0,100.0,352.88970769230764,1735.8335384615384,1.4299239646740731,2.0,6795.543384615385,0,0
32_Phoenix_City,20,20,202042,1,40000.0,400000.0,90.0,328.488,1735.8335384615384,1.3320158902394157,2.0,5760.156307692308,0,1
32_Phoenix_City,20,20,202042,1,40000.0,400000.0,95.0,210.8782024291498,1297.5350769230772,1.558999740329521,2.6744563299472937,6887.721846153847,0,2
32_Phoenix_City,20,20,202042,1,40000.0,400000.0,90.0,312.35957264957267,1364.1658461538464,1.4662491289399229,2.30306570767544,6153.8907692307685,0,3
32_Phoenix_City,20,20,202042,1,40000.0,400000.0,100.0,329.2046615384616,1364.1658461538464,1.5053306769098762,2.326871593654747,6910.403846153848,0,4
32_Phoenix_City,20,20,202043,2,2500.0,5000.0,95.0,576.3891174089068,1707.772,1.922777773194548,4.3491194043343535,6089.113692307694,0,0
32_Phoenix_City,20,20,202043,2,2500.0,5000.0,95.0,504.94045344129546,1649.8775384615385,1.8654717328020425,3.466860320358535,5722.63676923077,0,1
32_Phoenix_City,20,20,202043,2,2500.0,5000.0,100.0,628.9743692307692,1707.772,1.6899524379672697,2.2228422283712623,6121.097692307693,0,2
32_Phoenix_City,20,20,202043,2,2500.0,5000.0,95.0,650.5025425101214,1649.8775384615385,1.829738252362726,2.482891547462929,5905.530923076922,0,3
32_Phoenix_City,20,20,202043,2,2500.0,5000.0,90.0,619.1796068376068,1707.772,1.686108501785146,3.231461468289515,5050.090923076924,0,4
32_Phoenix_City,20,20,202043,2,2500.0,12500.0,100.0,554.425123076923,1707.772,1.768414279099089,4.3491194043343535,5847.377692307692,0,0
32_Phoenix_City,20,20,202043,2,2500.0,12500.0,100.0,484.4402,1707.772,1.7105034802296486,2.313134913911722,6334.157384615386,0,1
32_Phoenix_City,20,20,202043,2,2500.0,12500.0,95.0,507.0951740890688,1649.8775384615385,1.9093695278245988,3.979058612486838,6212.887384615385,0,2
32_Phoenix_City,20,20,202043,2,2500.0,12500.0,95.0,489.3237246963563,1707.772,1.8045355868191424,3.139153633878745,6644.173384615385,0,3
32_Phoenix_City,20,20,202043,2,2500.0,12500.0,95.0,503.6222186234817,1649.8775384615385,1.8400205154038192,4.105123695375969,6338.794923076924,0,4
32_Phoenix_City,20,20,202043,2,2500.0,25000.0,100.0,473.8926461538461,1707.772,1.6872167880537765,2.348955453391682,6123.990615384616,0,0
32_Phoenix_City,20,20,202043,2,2500.0,25000.0,95.0,581.3662186234818,1707.772,1.7003034487581647,2.483825750250671,6076.124153846155,0,1
32_Phoenix_City,20,20,202043,2,2500.0,25000.0,90.0,413.0925641025641,1649.8775384615385,1.9828066793315384,3.832418145227698,6052.412153846153,0,2
32_Phoenix_City,20,20,202043,2,2500.0,25000.0,100.0,460.4671384615385,1649.8775384615385,1.808883353540227,4.3491194043343535,5891.466,0,3
32_Phoenix_City,20,20,202043,2,2500.0,25000.0,95.0,380.146008097166,1649.8775384615385,2.0143345377056336,3.979058612486838,6542.066923076924,0,4
32_Phoenix_City,20,20,202043,2,5000.0,10000.0,95.0,378.22408097165993,1707.772,1.885572660439501,2.313134913911722,6216.083538461538,0,0
32_Phoenix_City,20,20,202043,2,5000.0,10000.0,90.0,515.3502735042734,1707.772,1.9071262682201584,4.425286496060957,5752.113692307692,0,1
32_Phoenix_City,20,20,202043,2,5000.0,10000.0,100.0,691.4763230769231,1707.772,1.8376437501317733,3.231461468289515,6293.359230769232,0,2
32_Phoenix_City,20,20,202043,2,5000.0,10000.0,100.0,645.297723076923,1707.772,2.029099761743809,4.448726632348958,6415.601076923077,0,3
32_Phoenix_City,20,20,202043,2,5000.0,10000.0,100.0,563.7377692307692,1707.772,1.8211355701239476,3.610832600530904,6078.511538461539,0,4
32_Phoenix_City,20,20,202043,2,5000.0,25000.0,100.0,688.4619230769231,1707.772,1.8345017603089848,3.940606974270149,6297.039384615386,0,0
32_Phoenix_City,20,20,202043,2,5000.0,25000.0,90.0,552.3405982905983,1649.8775384615385,1.8668007883138749,4.3491194043343535,5354.453538461538,0,1
32_Phoenix_City,20,20,202043,2,5000.0,25000.0,95.0,666.8552226720648,1707.772,1.9134413216308692,3.9917670457021854,6015.1555384615385,0,2
32_Phoenix_City,20,20,202043,2,5000.0,25000.0,90.0,448.8184273504273,1707.772,1.67807398723177,2.236707042099316,5357.202000000001,0,3
32_Phoenix_City,20,20,202043,2,5000.0,25000.0,95.0,351.896971659919,1649.8775384615385,1.991337479680762,3.0268730313793824,6751.168153846154,0,4
32_Phoenix_City,20,20,202043,2,5000.0,50000.0,95.0,572.2067368421052,1707.772,1.880273467306388,4.3491194043343535,5784.867538461538,0,0
32_Phoenix_City,20,20,202043,2,5000.0,50000.0,100.0,554.425123076923,1707.772,1.6714615940376112,2.5312288650372654,6137.576461538461,0,1
32_Phoenix_City,20,20,202043,2,5000.0,50000.0,95.0,386.4737004048583,1649.8775384615385,2.003721386847748,3.9917670457021854,6929.223230769229,0,2
32_Phoenix_City,20,20,202043,2,5000.0,50000.0,85.0,526.0778642533937,1545.880923076923,1.727304688421111,2.4245302355589646,5972.762307692307,0,3
32_Phoenix_City,20,20,202043,2,5000.0,50000.0,100.0,367.5333384615385,1649.8775384615385,1.9539318217031127,2.344509037906437,7173.015230769231,0,4
32_Phoenix_City,20,20,202043,2,10000.0,20000.0,100.0,367.15001538461536,1649.8775384615385,2.0015707250732544,3.9917670457021854,7026.017692307692,0,0
32_Phoenix_City,20,20,202043,2,10000.0,20000.0,100.0,563.5106615384615,1789.013846153846,1.735374606750027,2.9674002183040438,6211.532461538462,0,1
32_Phoenix_City,20,20,202043,2,10000.0,20000.0,85.0,533.0035475113121,1649.8775384615385,1.6387690833512636,2.353147315810913,4968.372,0,2
32_Phoenix_City,20,20,202043,2,10000.0,20000.0,100.0,648.1067846153845,1649.8775384615385,1.9516952868388169,4.401821999458142,6350.908153846153,0,3
32_Phoenix_City,20,20,202043,2,10000.0,20000.0,90.0,469.75625641025647,1707.772,1.7514144681688102,2.344509037906437,6399.367230769231,0,4
32_Phoenix_City,20,20,202043,2,10000.0,50000.0,95.0,386.4737004048583,1649.8775384615385,2.003721386847748,3.9917670457021854,6929.223230769229,0,0
32_Phoenix_City,20,20,202043,2,10000.0,50000.0,95.0,454.1060890688259,1611.2347692307694,1.855270767527973,3.0268730313793824,6481.509384615384,0,1
32_Phoenix_City,20,20,202043,2,10000.0,50000.0,95.0,512.319967611336,1707.772,1.8420883863754591,3.139153633878745,6061.982,0,2
32_Phoenix_City,20,20,202043,2,10000.0,50000.0,95.0,573.1889230769231,1707.772,1.951639743225185,3.9917670457021854,6571.768461538461,0,3
32_Phoenix_City,20,20,202043,2,10000.0,50000.0,100.0,569.3356307692306,1649.8775384615385,1.9279864513238263,4.3491194043343535,6403.662923076924,0,4
32_Phoenix_City,20,20,202043,2,10000.0,100000.0,95.0,477.0425748987855,1649.8775384615385,1.836509501582481,2.4245302355589646,6117.427846153847,0,0
32_Phoenix_City,20,20,202043,2,10000.0,100000.0,90.0,559.0957948717949,1707.772,1.824519571119773,2.348955453391682,6093.674923076924,0,1
32_Phoenix_City,20,20,202043,2,10000.0,100000.0,95.0,662.0782834008097,1707.772,1.9041917012390777,3.940606974270149,6082.946923076924,0,2
32_Phoenix_City,20,20,202043,2,10000.0,100000.0,95.0,494.977020242915,1707.772,2.169307451054613,4.448726632348958,6146.0340000000015,0,3
32_Phoenix_City,20,20,202043,2,10000.0,100000.0,95.0,531.6743319838056,1649.8775384615385,2.155085851978663,4.013073474080977,6265.727846153847,0,4
32_Phoenix_City,20,20,202043,2,20000.0,40000.0,100.0,394.3688307692308,1649.8775384615385,2.119604237237981,3.9917670457021854,7322.473076923076,0,0
32_Phoenix_City,20,20,202043,2,20000.0,40000.0,95.0,520.1778623481781,1586.7772307692303,1.7495295110715454,2.353147315810913,6340.001384615385,0,1
32_Phoenix_City,20,20,202043,2,20000.0,40000.0,100.0,422.7806307692308,1707.772,1.9179803583666848,3.139153633878745,7094.289384615386,0,2
32_Phoenix_City,20,20,202043,2,20000.0,40000.0,90.0,460.8138461538462,1649.8775384615385,1.8309701079795948,4.3491194043343535,5645.783538461539,0,3
32_Phoenix_City,20,20,202043,2,20000.0,40000.0,95.0,653.5751093117409,1707.772,1.752138999399496,3.610832600530904,5517.990307692307,0,4
32_Phoenix_City,20,20,202043,2,20000.0,100000.0,95.0,496.1001619433199,1707.772,1.820296819241376,3.979058612486838,6104.262307692306,0,0
32_Phoenix_City,20,20,202043,2,20000.0,100000.0,100.0,606.028,1707.772,1.6974908527743915,4.3491194043343535,5609.467846153847,0,1
32_Phoenix_City,20,20,202043,2,20000.0,100000.0,90.0,481.8662393162393,1649.8775384615385,2.060213093231777,4.105123695375969,5465.680769230768,0,2
32_Phoenix_City,20,20,202043,2,20000.0,100000.0,90.0,357.6994017094017,1649.8775384615385,1.87667619153219,2.313134913911722,6164.298615384615,0,3
32_Phoenix_City,20,20,202043,2,20000.0,100000.0,100.0,608.213323076923,1649.8775384615385,1.7487897961957672,3.466860320358535,5975.420153846154,0,4
32_Phoenix_City,20,20,202043,2,20000.0,200000.0,100.0,651.3939538461539,1649.8775384615385,1.7156264198064164,2.3423406491671366,6286.6195384615385,0,0
32_Phoenix_City,20,20,202043,2,20000.0,200000.0,95.0,392.06422672064775,1327.788923076923,2.1324413299458067,4.448726632348958,6680.289384615385,0,1
32_Phoenix_City,20,20,202043,2,20000.0,200000.0,95.0,360.5336032388664,1649.8775384615385,1.962739849098817,4.425286496060957,6511.686923076924,0,2
32_Phoenix_City,20,20,202043,2,20000.0,200000.0,100.0,643.6299538461537,1649.8775384615385,1.685170805699087,2.4245302355589646,6213.143538461538,0,3
32_Phoenix_City,20,20,202043,2,20000.0,200000.0,100.0,570.0355384615384,1707.772,1.88762623706196,4.105123695375969,6390.582307692308,0,4
32_Phoenix_City,20,20,202043,2,40000.0,80000.0,95.0,443.7562429149797,1649.8775384615385,1.9551969045931257,3.610832600530904,6011.715230769232,0,0
32_Phoenix_City,20,20,202043,2,40000.0,80000.0,95.0,463.08916599190286,1707.772,1.774858597713413,2.182523974631147,6386.235230769231,0,1
32_Phoenix_City,20,20,202043,2,40000.0,80000.0,95.0,461.3887125506073,1707.772,1.9469299306263248,3.9917670457021854,6618.267230769231,0,2
32_Phoenix_City,20,20,202043,2,40000.0,80000.0,90.0,510.8101196581196,1707.772,1.7159011397889916,2.313134913911722,5765.953692307693,0,3
32_Phoenix_City,20,20,202043,2,40000.0,80000.0,95.0,536.0724210526315,1649.8775384615385,2.036291898076792,3.610832600530904,5736.925692307692,0,4
32_Phoenix_City,20,20,202043,2,40000.0,200000.0,95.0,683.9861376518219,1707.772,1.9312978151468647,3.979058612486838,5850.494307692308,0,0
32_Phoenix_City,20,20,202043,2,40000.0,200000.0,95.0,457.2293603238867,1707.772,1.7297221455942122,2.313134913911722,6033.610615384616,0,1
32_Phoenix_City,20,20,202043,2,40000.0,200000.0,95.0,540.1596437246963,1707.772,2.0251158355605643,3.9917670457021854,6771.73923076923,0,2
32_Phoenix_City,20,20,202043,2,40000.0,200000.0,100.0,535.2046923076923,1707.772,1.9769939388909112,4.401821999458142,6487.890307692308,0,3
32_Phoenix_City,20,20,202043,2,40000.0,200000.0,100.0,551.2452461538461,1649.8775384615385,1.723252540156086,2.4245302355589646,6161.609384615384,0,4
32_Phoenix_City,20,20,202043,2,40000.0,400000.0,95.0,360.7091174089069,1649.8775384615385,2.1636047857072347,3.9917670457021854,6644.236769230768,0,0
32_Phoenix_City,20,20,202043,2,40000.0,400000.0,90.0,628.3571111111111,1707.772,1.8307068401417983,3.979058612486838,5671.291692307694,0,1
32_Phoenix_City,20,20,202043,2,40000.0,400000.0,95.0,589.8351578947368,1649.8775384615385,1.579765820083442,2.153919692982006,5123.481384615385,0,2
32_Phoenix_City,20,20,202043,2,40000.0,400000.0,90.0,535.095282051282,1707.772,1.872547749402928,4.105123695375969,5694.970307692309,0,3
32_Phoenix_City,20,20,202043,2,40000.0,400000.0,95.0,432.6400485829959,1707.772,1.8120038123318485,2.344509037906437,6667.727846153846,0,4
32_Phoenix_City,20,20,202044,3,2500.0,5000.0,90.0,487.1112136752138,1651.0446153846156,1.478287424073045,1.6783717127123323,7292.846461538464,0,0
32_Phoenix_City,20,20,202044,3,2500.0,5000.0,95.0,536.4657327935223,1605.3443076923077,1.5441815271253798,2.4154089948686988,7602.098461538462,0,1
32_Phoenix_City,20,20,202044,3,2500.0,5000.0,95.0,721.6102995951417,1798.464,1.4735290736786446,1.885343692286113,7757.148307692309,0,2
32_Phoenix_City,20,20,202044,3,2500.0,5000.0,90.0,454.129435897436,1634.365230769231,1.4394916551224637,1.8026772769551027,7600.343384615385,0,3
32_Phoenix_City,20,20,202044,3,2500.0,5000.0,90.0,406.7962393162394,1651.0446153846156,1.4039187416549308,1.6483758608561472,6721.363384615386,0,4
32_Phoenix_City,20,20,202044,3,2500.0,12500.0,90.0,514.4438119658121,1634.365230769231,1.70950341149831,2.403453926092018,7852.81353846154,0,0
32_Phoenix_City,20,20,202044,3,2500.0,12500.0,90.0,529.5977777777779,1651.0446153846156,1.3712796517932535,1.6470153798110705,6521.622461538463,0,1
32_Phoenix_City,20,20,202044,3,2500.0,12500.0,95.0,440.81557894736846,1651.0446153846156,1.525415194714632,1.885343692286113,8044.3316923076945,0,2
32_Phoenix_City,20,20,202044,3,2500.0,12500.0,95.0,340.48089068825914,1651.0446153846156,1.5977231699205163,2.0078825613881124,8278.207384615387,0,3
32_Phoenix_City,20,20,202044,3,2500.0,12500.0,100.0,554.6058153846154,1634.365230769231,1.6202277625228845,2.4154089948686988,8370.667384615386,0,4
32_Phoenix_City,20,20,202044,3,2500.0,25000.0,100.0,417.630476923077,1605.3443076923077,1.4940809057323323,2.031502165979712,8133.745230769231,0,0
32_Phoenix_City,20,20,202044,3,2500.0,25000.0,100.0,385.9514307692308,1452.042153846154,1.604808443587498,2.403453926092018,8295.721230769233,0,1
32_Phoenix_City,20,20,202044,3,2500.0,25000.0,95.0,599.7662834008097,1651.0446153846156,1.496650069472157,1.6470153798110705,7897.89753846154,0,2
32_Phoenix_City,20,20,202044,3,2500.0,25000.0,95.0,439.8234008097166,1651.0446153846156,1.5009137960895726,1.8026772769551027,8137.566153846155,0,3
32_Phoenix_City,20,20,202044,3,2500.0,25000.0,95.0,482.13170850202425,1634.365230769231,1.4903934351744943,2.4154089948686988,7359.27753846154,0,4
32_Phoenix_City,20,20,202044,3,5000.0,10000.0,90.0,338.4570598290599,1605.3443076923077,1.7277484332512123,2.4154089948686988,8303.448000000002,0,0
32_Phoenix_City,20,20,202044,3,5000.0,10000.0,100.0,446.6960461538462,1634.365230769231,1.512299353201655,1.885343692286113,8009.217846153847,0,1
32_Phoenix_City,20,20,202044,3,5000.0,10000.0,95.0,536.1700728744939,1651.0446153846156,1.5649700083322151,1.8026772769551027,7996.66830769231,0,2
32_Phoenix_City,20,20,202044,3,5000.0,10000.0,100.0,600.2979692307692,1634.365230769231,1.5092991654690484,1.922518732219418,8064.076615384617,0,3
32_Phoenix_City,20,20,202044,3,5000.0,10000.0,95.0,505.4481619433199,1651.0446153846156,1.530881604879672,1.922518732219418,7628.048615384617,0,4
32_Phoenix_City,20,20,202044,3,5000.0,25000.0,95.0,472.50029149797575,1634.365230769231,1.522713571412956,2.2124702383595354,7662.82276923077,0,0
32_Phoenix_City,20,20,202044,3,5000.0,25000.0,95.0,587.6991093117409,1798.464,1.5828675320872727,2.2124702383595354,8124.588923076924,0,1
32_Phoenix_City,20,20,202044,3,5000.0,25000.0,100.0,366.50515384615386,1651.0446153846156,1.51348208767171,2.068732012616173,8225.802153846154,0,2
32_Phoenix_City,20,20,202044,3,5000.0,25000.0,100.0,420.3347846153847,1651.0446153846156,1.4536013313821805,2.0324375737452547,7600.045538461539,0,3
32_Phoenix_City,20,20,202044,3,5000.0,25000.0,90.0,431.8382222222223,1634.365230769231,1.5789902881795337,2.403453926092018,6796.804615384616,0,4
32_Phoenix_City,20,20,202044,3,5000.0,50000.0,95.0,543.5913036437247,1651.0446153846156,1.5372069462638351,1.885343692286113,7695.324307692308,0,0
32_Phoenix_City,20,20,202044,3,5000.0,50000.0,95.0,430.0413603238866,1634.365230769231,1.5276410959297506,2.2124702383595354,7857.040923076923,0,1
32_Phoenix_City,20,20,202044,3,5000.0,50000.0,95.0,415.71391093117415,1634.365230769231,1.5772881047804492,2.403453926092018,7056.798769230772,0,2
32_Phoenix_City,20,20,202044,3,5000.0,50000.0,90.0,458.3032307692308,1651.0446153846156,1.4358190578199357,1.6470153798110705,6825.614153846155,0,3
32_Phoenix_City,20,20,202044,3,5000.0,50000.0,100.0,373.8627846153846,1452.042153846154,1.5403873015435543,2.283132661638049,8387.516000000001,0,4
32_Phoenix_City,20,20,202044,3,10000.0,20000.0,90.0,454.5644102564103,1634.365230769231,1.59222848448333,2.4154089948686988,7319.384307692308,0,0
32_Phoenix_City,20,20,202044,3,10000.0,20000.0,95.0,431.87621052631584,1634.365230769231,1.7773844406349832,4.521825774113316,7567.258461538462,0,1
32_Phoenix_City,20,20,202044,3,10000.0,20000.0,90.0,397.5975726495727,1634.365230769231,1.6898995512183774,2.4154089948686988,7975.369846153847,0,2
32_Phoenix_City,20,20,202044,3,10000.0,20000.0,100.0,542.8885846153846,1634.365230769231,1.5237088754257098,2.157855669202808,8388.120307692308,0,3
32_Phoenix_City,20,20,202044,3,10000.0,20000.0,95.0,542.2817651821863,1634.365230769231,1.8412780472858905,3.55134464853135,7947.935076923076,0,4
32_Phoenix_City,20,20,202044,3,10000.0,50000.0,95.0,562.7273522267207,1798.464,1.5085930885443186,2.2124702383595354,8139.412307692309,0,0
32_Phoenix_City,20,20,202044,3,10000.0,50000.0,100.0,433.7984615384616,1651.0446153846156,1.5635494035070254,2.068732012616173,8625.392923076926,0,1
32_Phoenix_City,20,20,202044,3,10000.0,50000.0,90.0,517.6404786324787,1634.365230769231,1.6826496992640745,2.403453926092018,7933.586153846156,0,2
32_Phoenix_City,20,20,202044,3,10000.0,50000.0,95.0,455.91083400809714,1779.4387692307691,1.5340319516896777,2.157855669202808,8011.524000000001,0,3
32_Phoenix_City,20,20,202044,3,10000.0,50000.0,90.0,592.8350769230769,1634.365230769231,1.6517831889125008,2.4154089948686988,7415.22953846154,0,4
32_Phoenix_City,20,20,202044,3,10000.0,100000.0,100.0,679.4065230769231,1651.0446153846156,1.4918841921488168,1.738075219065664,8088.9790769230785,0,0
32_Phoenix_City,20,20,202044,3,10000.0,100000.0,95.0,592.3240485829959,1651.0446153846156,1.5978000972965878,2.157855669202808,8608.458461538465,0,1
32_Phoenix_City,20,20,202044,3,10000.0,100000.0,95.0,438.3491174089069,1448.996923076923,1.5168007528825749,1.885343692286113,8160.676307692309,0,2
32_Phoenix_City,20,20,202044,3,10000.0,100000.0,95.0,453.2328259109311,1651.0446153846156,1.5903435614862735,2.157855669202808,8477.97107692308,0,3
32_Phoenix_City,20,20,202044,3,10000.0,100000.0,100.0,466.9031538461539,1651.0446153846156,1.421186609051,1.715477833735334,7413.101230769232,0,4
32_Phoenix_City,20,20,202044,3,20000.0,40000.0,90.0,406.1565641025641,1651.0446153846156,1.6263856615144632,2.283132661638049,8479.877846153846,0,0
32_Phoenix_City,20,20,202044,3,20000.0,40000.0,95.0,402.2616194331984,1651.0446153846156,1.607256307433086,2.157855669202808,8386.238461538464,0,1
32_Phoenix_City,20,20,202044,3,20000.0,40000.0,90.0,414.4538290598291,1634.365230769231,1.5463352549262015,2.058644122316519,7090.590769230769,0,2
32_Phoenix_City,20,20,202044,3,20000.0,40000.0,90.0,442.4243589743589,1448.996923076923,1.6790559598629262,2.239391887453194,7972.094769230771,0,3
32_Phoenix_City,20,20,202044,3,20000.0,40000.0,90.0,425.2571623931624,1651.0446153846156,1.5504985990506504,1.861191493143304,7955.599076923077,0,4
32_Phoenix_City,20,20,202044,3,20000.0,100000.0,100.0,542.1783538461539,1651.0446153846156,1.6628121484785938,3.55134464853135,7735.013846153846,0,0
32_Phoenix_City,20,20,202044,3,20000.0,100000.0,100.0,593.5986615384616,1654.2156923076927,1.4938635967267857,1.738075219065664,8028.030153846155,0,1
32_Phoenix_City,20,20,202044,3,20000.0,100000.0,95.0,450.5575546558704,1651.0446153846156,1.5089182638229213,2.0306258684062275,7594.78953846154,0,2
32_Phoenix_City,20,20,202044,3,20000.0,100000.0,95.0,547.5669635627531,1651.0446153846156,1.472752374264934,1.6470153798110705,7453.334461538461,0,3
32_Phoenix_City,20,20,202044,3,20000.0,100000.0,100.0,370.77167692307694,1634.365230769231,1.6364928343913585,2.4154089948686988,8749.681538461538,0,4
32_Phoenix_City,20,20,202044,3,20000.0,200000.0,95.0,371.0702024291498,1651.0446153846156,1.486731660560703,1.8974363905918188,7598.478461538464,0,0
32_Phoenix_City,20,20,202044,3,20000.0,200000.0,100.0,413.9829384615385,1651.0446153846156,1.4768832732390036,1.698608598063595,7906.590461538463,0,1
32_Phoenix_City,20,20,202044,3,20000.0,200000.0,90.0,495.967452991453,1651.0446153846156,1.496016750250558,1.885343692286113,6613.804923076924,0,2
32_Phoenix_City,20,20,202044,3,20000.0,200000.0,95.0,415.8953198380567,1651.0446153846156,1.5648744277506892,1.8974363905918188,7615.289538461538,0,3
32_Phoenix_City,20,20,202044,3,20000.0,200000.0,95.0,464.6967611336033,1651.0446153846156,1.4997454312844505,1.9135650927833896,7316.056307692308,0,4
32_Phoenix_City,20,20,202044,3,40000.0,80000.0,100.0,502.71427692307697,1634.365230769231,1.5546850317900407,2.4154089948686988,8124.667692307692,0,0
32_Phoenix_City,20,20,202044,3,40000.0,80000.0,95.0,522.2588340080972,1654.2156923076927,1.6039047816835414,2.157855669202808,8483.40307692308,0,1
32_Phoenix_City,20,20,202044,3,40000.0,80000.0,100.0,578.3414923076923,1700.9855384615385,1.4913409783842315,1.922518732219418,8191.130769230769,0,2
32_Phoenix_City,20,20,202044,3,40000.0,80000.0,95.0,496.473036437247,1634.365230769231,1.5253651982772902,2.403453926092018,7600.452615384615,0,3
32_Phoenix_City,20,20,202044,3,40000.0,80000.0,100.0,376.4651692307692,1732.551384615385,1.507860345681612,2.0324375737452547,7932.451384615385,0,4
32_Phoenix_City,20,20,202044,3,40000.0,200000.0,100.0,336.8799846153846,1452.042153846154,1.5300797483616937,1.885343692286113,8328.615384615387,0,0
32_Phoenix_City,20,20,202044,3,40000.0,200000.0,90.0,505.1416923076925,1634.365230769231,1.543500455865046,2.4154089948686988,6912.59076923077,0,1
32_Phoenix_City,20,20,202044,3,40000.0,200000.0,95.0,491.4761619433199,1634.365230769231,1.5560966034417851,2.403453926092018,7419.064923076924,0,2
32_Phoenix_City,20,20,202044,3,40000.0,200000.0,100.0,670.4319538461539,1651.0446153846156,1.6679045602643192,3.55134464853135,8147.817538461539,0,3
32_Phoenix_City,20,20,202044,3,40000.0,200000.0,100.0,502.7062615384615,1634.365230769231,1.4886505085075343,1.9827848477302603,7808.651384615386,0,4
32_Phoenix_City,20,20,202044,3,40000.0,400000.0,100.0,434.76130769230775,1651.0446153846156,1.4927915599191657,1.738075219065664,8133.736307692308,0,0
32_Phoenix_City,20,20,202044,3,40000.0,400000.0,95.0,341.5667854251012,1651.0446153846156,1.5895971120910246,2.068732012616173,7919.302461538463,0,1
32_Phoenix_City,20,20,202044,3,40000.0,400000.0,100.0,577.9414461538462,1634.365230769231,1.572983799108591,2.4154089948686988,8046.391076923078,0,2
32_Phoenix_City,20,20,202044,3,40000.0,400000.0,95.0,503.4937489878543,1651.0446153846156,1.494799595007673,1.922518732219418,7431.115384615386,0,3
32_Phoenix_City,20,20,202044,3,40000.0,400000.0,95.0,598.5218299595141,1654.2156923076927,1.6093174812462656,2.157855669202808,8316.538461538465,0,4
32_Phoenix_City,20,30,302042,1,2500.0,5000.0,93.33333333333331,539.8051043956044,1668.3287692307692,1.520428864415583,3.138658570103096,10073.376461538464,0,0
32_Phoenix_City,20,30,302042,1,2500.0,5000.0,96.66666666666669,399.5557931034483,1706.747076923077,1.5484480774059726,2.737419909314525,9945.17523076923,0,1
32_Phoenix_City,20,30,302042,1,2500.0,5000.0,93.33333333333331,363.4981098901099,1706.747076923077,1.524625125824428,2.208870363604076,10230.486307692308,0,2
32_Phoenix_City,20,30,302042,1,2500.0,5000.0,100.0,419.84246666666667,1706.747076923077,1.5578246975040462,2.63886405531311,10605.158615384616,0,3
32_Phoenix_City,20,30,302042,1,2500.0,5000.0,100.0,483.4697076923076,1675.2024615384616,1.5549213311078744,2.3772743861112566,11197.797076923078,0,4
32_Phoenix_City,20,30,302042,1,2500.0,12500.0,96.66666666666669,384.3559045092838,1706.747076923077,1.4722875036428005,2.601596088056904,9429.455538461538,0,0
32_Phoenix_City,20,30,302042,1,2500.0,12500.0,100.0,533.8062102564103,1706.747076923077,1.6128770267522805,2.737419909314525,10930.86892307692,0,1
32_Phoenix_City,20,30,302042,1,2500.0,12500.0,96.66666666666669,417.1942864721485,1562.1787692307691,1.6329337624939992,2.613681295836952,10709.872153846152,0,2
32_Phoenix_City,20,30,302042,1,2500.0,12500.0,96.66666666666669,500.862074270557,1706.747076923077,1.560258443199673,2.58403151999152,10906.274923076922,0,3
32_Phoenix_City,20,30,302042,1,2500.0,12500.0,96.66666666666669,413.56145358090185,1706.747076923077,1.5595824135611478,2.737419909314525,10620.315846153844,0,4
32_Phoenix_City,20,30,302042,1,2500.0,25000.0,100.0,528.3014307692308,1706.747076923077,1.619019621599922,2.6018788712548697,11200.132153846153,0,0
32_Phoenix_City,20,30,302042,1,2500.0,25000.0,96.66666666666669,550.5218196286472,1755.6753846153847,1.5252811540323017,2.107163482193708,10652.290923076922,0,1
32_Phoenix_City,20,30,302042,1,2500.0,25000.0,100.0,492.9554307692308,1759.7716923076923,16100.880513507567,273688.99999999994,11325.11923076923,0,2
32_Phoenix_City,20,30,302042,1,2500.0,25000.0,96.66666666666669,429.74930503978777,1783.8987692307692,1.4848047223001106,1.934956653760625,10750.396769230769,0,3
32_Phoenix_City,20,30,302042,1,2500.0,25000.0,96.66666666666669,432.252525198939,1668.3287692307692,1.470346200012385,2.3721574411149966,10072.379230769233,0,4
32_Phoenix_City,20,30,302042,1,5000.0,10000.0,96.66666666666669,480.5576286472148,1779.7575384615384,1.5568925229259978,2.63886405531311,10314.97369230769,0,0
32_Phoenix_City,20,30,302042,1,5000.0,10000.0,93.33333333333331,329.6330604395604,1494.6750769230769,18247.45591994533,273688.99999999994,10034.946615384615,0,1
32_Phoenix_City,20,30,302042,1,5000.0,10000.0,96.66666666666669,445.0846525198939,1688.5479999999998,23415.41519025036,351209.0,10857.125999999998,0,2
32_Phoenix_City,20,30,302042,1,5000.0,10000.0,100.0,484.0750769230769,1779.7575384615384,1.5418317092064413,2.601596088056904,10447.993384615384,0,3
32_Phoenix_City,20,30,302042,1,5000.0,10000.0,96.66666666666669,477.66424933687,1706.747076923077,1.5625759519151383,2.58403151999152,10778.178923076925,0,4
32_Phoenix_City,20,30,302042,1,5000.0,25000.0,96.66666666666669,425.641400530504,1706.747076923077,1.5203881475728975,2.3384481619075337,10567.794307692307,0,0
32_Phoenix_City,20,30,302042,1,5000.0,25000.0,96.66666666666669,392.882774535809,1688.5479999999998,1.56188441621896,2.58403151999152,10200.705076923075,0,1
32_Phoenix_City,20,30,302042,1,5000.0,25000.0,100.0,441.34955897435896,1790.0824615384613,1.5639774709417813,2.107163482193708,11225.391846153843,0,2
32_Phoenix_City,20,30,302042,1,5000.0,25000.0,93.33333333333331,431.5856758241758,1668.3287692307692,1.5777689075392494,2.58403151999152,9525.429384615383,0,3
32_Phoenix_City,20,30,302042,1,5000.0,25000.0,93.33333333333331,378.5126318681319,1668.3287692307692,17106.927606814195,273688.99999999994,9215.35092307692,0,4
32_Phoenix_City,20,30,302042,1,5000.0,50000.0,100.0,466.3875743589743,1706.747076923077,1.5978832905488562,2.58403151999152,11195.360615384616,0,0
32_Phoenix_City,20,30,302042,1,5000.0,50000.0,96.66666666666669,522.599050397878,1755.540615384616,1.582271495344997,2.737419909314525,11014.65923076923,0,1
32_Phoenix_City,20,30,302042,1,5000.0,50000.0,100.0,542.5671794871795,1790.0824615384613,23908.10005898456,382506.00000000006,11275.833076923076,0,2
32_Phoenix_City,20,30,302042,1,5000.0,50000.0,100.0,491.6939230769231,1706.747076923077,1.5475196960435964,2.53269598274702,10535.237384615382,0,3
32_Phoenix_City,20,30,302042,1,5000.0,50000.0,100.0,368.3684153846154,1675.2024615384616,1.585849628486839,2.63886405531311,10776.162307692308,0,4
32_Phoenix_City,20,30,302042,1,10000.0,20000.0,96.66666666666669,602.8372360742707,1755.6753846153847,1.4998959384589328,2.58403151999152,9739.76846153846,0,0
32_Phoenix_City,20,30,302042,1,10000.0,20000.0,100.0,490.9386512820512,1706.747076923077,13353.96704252402,213641.0,10427.954615384617,0,1
32_Phoenix_City,20,30,302042,1,10000.0,20000.0,93.33333333333331,539.4571593406594,1779.7575384615384,1.60788853089215,2.58403151999152,10242.41676923077,0,2
32_Phoenix_City,20,30,302042,1,10000.0,20000.0,96.66666666666669,431.0648116710876,1706.747076923077,1.536267069224854,2.737419909314525,10166.180153846151,0,3
32_Phoenix_City,20,30,302042,1,10000.0,20000.0,93.33333333333331,459.3046098901099,1706.747076923077,13353.893750343905,213641.0,8906.92923076923,0,4
32_Phoenix_City,20,30,302042,1,10000.0,50000.0,96.66666666666669,512.5753793103448,1668.3287692307692,1.4995029177414056,2.164641023406229,10133.209076923076,0,0
32_Phoenix_City,20,30,302042,1,10000.0,50000.0,96.66666666666669,424.7586949602122,1783.8987692307692,17107.00245868245,273688.99999999994,10421.24846153846,0,1
32_Phoenix_City,20,30,302042,1,10000.0,50000.0,93.33333333333331,469.46437912087913,1594.1867692307696,1.6091913397474724,2.737419909314525,10461.256461538462,0,2
32_Phoenix_City,20,30,302042,1,10000.0,50000.0,96.66666666666669,278.18239787798404,1344.677846153846,1.5702991324911757,2.58403151999152,9902.662923076923,0,3
32_Phoenix_City,20,30,302042,1,10000.0,50000.0,90.0,378.1372307692308,1706.747076923077,1.477196457835159,2.58403151999152,9600.66969230769,0,4
32_Phoenix_City,20,30,302042,1,10000.0,100000.0,100.0,379.7933794871795,1706.747076923077,25025.877413886727,400390.0,10886.04446153846,0,0
32_Phoenix_City,20,30,302042,1,10000.0,100000.0,96.66666666666669,476.07409549071616,1755.6753846153847,1.4677259369051237,2.5723992797917368,9255.901384615385,0,1
32_Phoenix_City,20,30,302042,1,10000.0,100000.0,96.66666666666669,412.832700265252,1706.747076923077,1.5893067477892204,2.601596088056904,10756.400461538462,0,2
32_Phoenix_City,20,30,302042,1,10000.0,100000.0,100.0,498.8676666666667,1706.747076923077,1.5235808666324129,2.58403151999152,10598.413384615384,0,3
32_Phoenix_City,20,30,302042,1,10000.0,100000.0,100.0,446.6672410256411,1706.747076923077,1.5986523666923045,2.53269598274702,10716.328461538462,0,4
32_Phoenix_City,20,30,302042,1,20000.0,40000.0,93.33333333333331,512.3951153846153,1706.747076923077,1.4176011007995333,2.58403151999152,9278.038923076923,0,0
32_Phoenix_City,20,30,302042,1,20000.0,40000.0,96.66666666666669,449.96308753315645,1706.747076923077,1.7187283326490428,2.737419909314525,11417.05923076923,0,1
32_Phoenix_City,20,30,302042,1,20000.0,40000.0,96.66666666666669,494.3823819628647,1668.3287692307692,1.542871183104474,3.532165209740225,10252.850307692306,0,2
32_Phoenix_City,20,30,302042,1,20000.0,40000.0,100.0,453.9452820512821,1706.747076923077,1.6096511243181886,3.532165209740225,11023.511692307691,0,3
32_Phoenix_City,20,30,302042,1,20000.0,40000.0,100.0,420.7627846153847,1675.2024615384616,1.6145063420123933,2.737419909314525,11427.290923076922,0,4
32_Phoenix_City,20,30,302042,1,20000.0,100000.0,100.0,492.2693025641026,1706.747076923077,1.5630438206006088,3.532165209740225,10813.478,0,0
32_Phoenix_City,20,30,302042,1,20000.0,100000.0,100.0,420.27619487179487,1706.747076923077,1.499027386262149,2.107163482193708,10597.154,0,1
32_Phoenix_City,20,30,302042,1,20000.0,100000.0,100.0,444.0097589743589,1706.747076923077,1.5366507478856923,2.58403151999152,10287.424923076924,0,2
32_Phoenix_City,20,30,302042,1,20000.0,100000.0,96.66666666666669,437.9204562334217,1706.747076923077,1.5551133392040792,2.3384481619075337,11130.375692307693,0,3
32_Phoenix_City,20,30,302042,1,20000.0,100000.0,96.66666666666669,543.8200159151194,1706.747076923077,1.4819794534311266,2.1336238667812157,10358.067230769231,0,4
32_Phoenix_City,20,30,302042,1,20000.0,200000.0,100.0,464.6785230769231,1706.747076923077,1.6075287003118988,3.0169218426006386,10949.903538461538,0,0
32_Phoenix_City,20,30,302042,1,20000.0,200000.0,96.66666666666669,371.5867320954907,1755.6753846153847,1.484644275651135,2.4310700995522523,10306.81923076923,0,1
32_Phoenix_City,20,30,302042,1,20000.0,200000.0,100.0,486.6863794871795,1784.1858461538463,1.4879454628651156,2.3384481619075337,10290.90661538461,0,2
32_Phoenix_City,20,30,302042,1,20000.0,200000.0,93.33333333333331,463.7523791208791,1706.747076923077,1.5390556624335403,3.138658570103096,9013.369692307691,0,3
32_Phoenix_City,20,30,302042,1,20000.0,200000.0,100.0,413.0025538461539,1706.747076923077,1.5833347477571644,2.58403151999152,11079.760615384614,0,4
32_Phoenix_City,20,30,302042,1,40000.0,80000.0,93.33333333333331,477.1694945054945,1783.8987692307692,1.531166756867444,2.53269598274702,9379.492307692308,0,0
32_Phoenix_City,20,30,302042,1,40000.0,80000.0,93.33333333333331,537.2189285714286,1706.747076923077,1.5897330361880726,2.58403151999152,10913.601076923078,0,1
32_Phoenix_City,20,30,302042,1,40000.0,80000.0,93.33333333333331,369.237478021978,1706.747076923077,1.5237513421632014,2.63886405531311,9589.023846153848,0,2
32_Phoenix_City,20,30,302042,1,40000.0,80000.0,96.66666666666669,436.2195066312997,1668.3287692307692,1.5697625169319278,3.138658570103096,10176.536153846151,0,3
32_Phoenix_City,20,30,302042,1,40000.0,80000.0,93.33333333333331,456.0875604395604,1706.747076923077,1.609961969349283,2.442677193963679,9800.763538461537,0,4
32_Phoenix_City,20,30,302042,1,40000.0,200000.0,90.0,417.0458062678063,1668.3287692307692,1.586553249730159,2.137918929990443,9814.505384615384,0,0
32_Phoenix_City,20,30,302042,1,40000.0,200000.0,96.66666666666669,552.1663395225464,1706.747076923077,1.5818214364204644,2.63886405531311,10570.943846153845,0,1
32_Phoenix_City,20,30,302042,1,40000.0,200000.0,93.33333333333331,309.7026593406593,1706.747076923077,26694.027481766618,400390.0,9342.990769230766,0,2
32_Phoenix_City,20,30,302042,1,40000.0,200000.0,96.66666666666669,525.6905888594165,1779.7575384615384,1.4574504792170178,2.1210730970232268,10362.85538461538,0,3
32_Phoenix_City,20,30,302042,1,40000.0,200000.0,96.66666666666669,402.89625464190976,1706.747076923077,1.6499050513367082,2.63886405531311,10516.781384615384,0,4
32_Phoenix_City,20,30,302042,1,40000.0,400000.0,96.66666666666669,445.1047639257294,1755.540615384616,1.522439911861044,2.58403151999152,10157.189846153848,0,0
32_Phoenix_City,20,30,302042,1,40000.0,400000.0,96.66666666666669,509.78783554376656,1706.747076923077,16100.82853456838,273688.99999999994,10793.902307692306,0,1
32_Phoenix_City,20,30,302042,1,40000.0,400000.0,93.33333333333331,410.7763461538461,1706.747076923077,23908.14152995216,382506.00000000006,10187.45276923077,0,2
32_Phoenix_City,20,30,302042,1,40000.0,400000.0,93.33333333333331,398.6463516483517,1706.747076923077,1.530331806919118,2.6062155752656126,9688.553846153844,0,3
32_Phoenix_City,20,30,302042,1,40000.0,400000.0,96.66666666666669,446.0884084880637,1668.3287692307692,1.5412839180708426,2.3772743861112566,11100.435076923077,0,4
32_Phoenix_City,20,30,302043,2,2500.0,5000.0,86.66666666666667,744.2507337278106,1698.6510769230767,1.808595576109286,7.783292202032263,8934.586461538462,0,0
32_Phoenix_City,20,30,302043,2,2500.0,5000.0,86.66666666666667,696.8137041420118,1768.8141538461537,1.5164683877798513,2.442884778550823,8773.025846153847,0,1
32_Phoenix_City,20,30,302043,2,2500.0,5000.0,90.0,741.7014358974359,1623.6095384615382,1.4560182673816455,2.031986541759208,9684.43984615385,0,2
32_Phoenix_City,20,30,302043,2,2500.0,5000.0,86.66666666666667,763.0318698224851,1768.8141538461537,1.4853556127624954,2.031986541759208,9450.450923076924,0,3
32_Phoenix_City,20,30,302043,2,2500.0,5000.0,90.0,725.6225982905983,1768.8141538461537,1.4249040630232506,2.6936195260590883,8809.509846153847,0,4
32_Phoenix_City,20,30,302043,2,2500.0,12500.0,76.66666666666667,773.3539264214047,1633.3966153846154,1.5166389210735884,2.6936195260590883,8064.082769230769,0,0
32_Phoenix_City,20,30,302043,2,2500.0,12500.0,76.66666666666667,889.8812575250835,1768.8141538461537,1.5979053260045133,2.442884778550823,8178.912769230769,0,1
32_Phoenix_City,20,30,302043,2,2500.0,12500.0,80.0,766.2817435897437,1698.6510769230767,1.9464205284888891,7.783292202032263,8296.593692307693,0,2
32_Phoenix_City,20,30,302043,2,2500.0,12500.0,80.0,696.5866410256409,1623.6095384615382,1.6606119621709583,2.5010334744680844,9170.926,0,3
32_Phoenix_City,20,30,302043,2,2500.0,12500.0,86.66666666666667,748.9681538461538,1640.5083076923074,1.49281119114085,2.7075073281504745,9157.422923076923,0,4
32_Phoenix_City,20,30,302043,2,2500.0,25000.0,80.0,649.5337435897436,1750.8218461538463,1.405506996213468,2.4413730908418207,7254.115692307692,0,0
32_Phoenix_City,20,30,302043,2,2500.0,25000.0,86.66666666666667,842.7651479289941,1768.8141538461537,1.606000191876637,2.442884778550823,9573.88107692308,0,1
32_Phoenix_City,20,30,302043,2,2500.0,25000.0,86.66666666666667,739.6883905325443,1734.5963076923076,1.891015958022617,7.783292202032263,9124.912923076923,0,2
32_Phoenix_City,20,30,302043,2,2500.0,25000.0,80.0,734.7340384615385,1734.5963076923076,1.6333139345985368,2.272593664544384,9144.746307692309,0,3
32_Phoenix_City,20,30,302043,2,2500.0,25000.0,83.33333333333333,820.0331199999999,1768.8141538461537,1.692853724146416,2.6936195260590883,9689.463384615385,0,4
32_Phoenix_City,20,30,302043,2,5000.0,10000.0,83.33333333333333,648.6048984615384,1640.5083076923074,1.612447921945562,2.7075073281504745,9476.65753846154,0,0
32_Phoenix_City,20,30,302043,2,5000.0,10000.0,80.0,677.934782051282,1768.8141538461537,1.673546230661696,5.093770583947375,7443.268769230769,0,1
32_Phoenix_City,20,30,302043,2,5000.0,10000.0,96.66666666666669,751.0473846153845,1698.6510769230767,1.4472861434139073,2.148514354345669,10417.658615384616,0,2
32_Phoenix_City,20,30,302043,2,5000.0,10000.0,83.33333333333333,621.0404307692307,1574.5366153846153,1.584465037041159,2.8539427371015367,9109.414153846154,0,3
32_Phoenix_City,20,30,302043,2,5000.0,10000.0,86.66666666666667,711.5618816568048,1698.6510769230767,1.895045704539416,7.346349716375199,8490.372307692309,0,4
32_Phoenix_City,20,30,302043,2,5000.0,25000.0,93.33333333333331,775.7931868131867,1794.6166153846152,1.490854154259273,2.031986541759208,9991.162307692308,0,0
32_Phoenix_City,20,30,302043,2,5000.0,25000.0,90.0,871.3870541310541,1633.3966153846154,1.4466965613129654,2.108159388684079,10193.997384615384,0,1
32_Phoenix_City,20,30,302043,2,5000.0,25000.0,86.66666666666667,761.5800946745561,1768.8141538461537,1.5561921578997744,2.442884778550823,9019.248153846154,0,2
32_Phoenix_City,20,30,302043,2,5000.0,25000.0,83.33333333333333,665.8277415384614,1680.726461538461,1.4434269898056575,2.961861927830641,8276.677076923077,0,3
32_Phoenix_City,20,30,302043,2,5000.0,25000.0,83.33333333333333,581.9228430769231,1698.6510769230767,1.532416361907071,2.1626875520685247,9200.517230769234,0,4
32_Phoenix_City,20,30,302043,2,5000.0,50000.0,83.33333333333333,728.6126523076922,1623.6095384615382,1.5786581905067096,3.1563961986646665,8539.746153846154,0,0
32_Phoenix_City,20,30,302043,2,5000.0,50000.0,80.0,737.3757692307692,1768.8141538461537,1.618375765317262,2.442884778550823,8996.495230769233,0,1
32_Phoenix_City,20,30,302043,2,5000.0,50000.0,73.33333333333333,802.247916083916,1680.726461538461,1.4005905473373583,1.720116424644178,7367.7355384615375,0,2
32_Phoenix_City,20,30,302043,2,5000.0,50000.0,86.66666666666667,702.6191124260355,1680.726461538461,1.6178700497419254,3.277513267276363,9638.611076923078,0,3
32_Phoenix_City,20,30,302043,2,5000.0,50000.0,73.33333333333333,740.1240559440558,1682.3775384615385,1.680268227465357,5.093770583947375,6704.404153846154,0,4
32_Phoenix_City,20,30,302043,2,10000.0,20000.0,86.66666666666667,709.4170414201183,1698.6510769230767,1.560672469973755,3.0961663099389494,9227.025230769232,0,0
32_Phoenix_City,20,30,302043,2,10000.0,20000.0,80.0,786.4577307692307,1753.1326153846153,1.6364702517862553,2.7075073281504745,8798.176000000001,0,1
32_Phoenix_City,20,30,302043,2,10000.0,20000.0,90.0,730.305150997151,1623.6095384615382,1.527587015526171,1.99075876526836,10336.897230769231,0,2
32_Phoenix_City,20,30,302043,2,10000.0,20000.0,76.66666666666667,688.1284682274247,1608.0375384615386,1.4800841933371205,2.272593664544384,8209.862307692309,0,3
32_Phoenix_City,20,30,302043,2,10000.0,20000.0,80.0,709.1035256410256,1683.6369230769233,1.597941529981435,2.7075073281504745,8405.816923076925,0,4
32_Phoenix_City,20,30,302043,2,10000.0,50000.0,76.66666666666667,743.1695785953177,1608.0375384615386,1.351421332655466,1.8745132401495013,7691.710615384614,0,0
32_Phoenix_City,20,30,302043,2,10000.0,50000.0,83.33333333333333,741.1862769230768,1680.726461538461,1.3945331106408634,2.031986541759208,8457.921076923076,0,1
32_Phoenix_City,20,30,302043,2,10000.0,50000.0,76.66666666666667,793.1424347826088,1683.6369230769233,1.598689669441306,2.6936195260590883,8348.324153846153,0,2
32_Phoenix_City,20,30,302043,2,10000.0,50000.0,86.66666666666667,814.1686627218934,1682.3775384615385,1.5343628572603571,3.1563961986646665,9754.503076923076,0,3
32_Phoenix_City,20,30,302043,2,10000.0,50000.0,86.66666666666667,797.609124260355,1750.8218461538463,1.6250160674191192,2.6039992890633967,9540.01476923077,0,4
32_Phoenix_City,20,30,302043,2,10000.0,100000.0,76.66666666666667,802.0890568561873,1683.6369230769233,1.6483792041943583,2.8100532877959057,8730.042153846154,0,0
32_Phoenix_City,20,30,302043,2,10000.0,100000.0,76.66666666666667,620.6540735785953,1608.0375384615386,1.5219194258598965,2.740856020056844,7770.9493846153855,0,1
32_Phoenix_City,20,30,302043,2,10000.0,100000.0,86.66666666666667,669.4401420118343,1698.6510769230767,1.6478858745104454,4.346674667693212,9069.17276923077,0,2
32_Phoenix_City,20,30,302043,2,10000.0,100000.0,76.66666666666667,693.5163612040135,1608.0375384615386,1.388543680965077,2.162275281735802,7504.707384615385,0,3
32_Phoenix_City,20,30,302043,2,10000.0,100000.0,73.33333333333333,681.3621118881119,1608.0375384615386,1.748619823006776,5.093770583947375,7649.417384615385,0,4
32_Phoenix_City,20,30,302043,2,20000.0,40000.0,80.0,663.1265256410256,1698.6510769230767,1.5926329032785391,3.0961663099389494,7846.716307692308,0,0
32_Phoenix_City,20,30,302043,2,20000.0,40000.0,86.66666666666667,747.6346035502958,1623.6095384615382,1.3552664510624437,2.031986541759208,9016.221384615385,0,1
32_Phoenix_City,20,30,302043,2,20000.0,40000.0,83.33333333333333,667.3183630769231,1713.2972307692307,1.490342934945741,2.373646807055596,8566.011692307691,0,2
32_Phoenix_City,20,30,302043,2,20000.0,40000.0,80.0,656.216358974359,1623.6095384615382,1.6778342491420908,3.1822405455358727,8993.283692307694,0,3
32_Phoenix_City,20,30,302043,2,20000.0,40000.0,83.33333333333333,724.1025230769231,1680.726461538461,1.3154876896574896,1.848831382494356,7927.818923076924,0,4
32_Phoenix_City,20,30,302043,2,20000.0,100000.0,83.33333333333333,754.8613415384616,1750.8218461538463,1.635400683764926,2.4413730908418207,8712.47153846154,0,0
32_Phoenix_City,20,30,302043,2,20000.0,100000.0,86.66666666666667,711.1532662721893,1750.8218461538463,1.39823785221392,2.4413730908418207,8496.049076923076,0,1
32_Phoenix_City,20,30,302043,2,20000.0,100000.0,86.66666666666667,796.8318934911241,1698.6510769230767,1.4541829256346206,2.0402743230480773,8556.26476923077,0,2
32_Phoenix_City,20,30,302043,2,20000.0,100000.0,90.0,744.0624387464387,1623.6095384615382,1.540614054243314,2.092885334903417,10258.99461538462,0,3
32_Phoenix_City,20,30,302043,2,20000.0,100000.0,86.66666666666667,771.1991597633137,1768.8141538461537,1.46702259609463,1.895204612383596,9207.506615384616,0,4
32_Phoenix_City,20,30,302043,2,20000.0,200000.0,90.0,745.0243988603988,1720.8338461538465,1.5281070036100906,3.1563961986646665,9740.572,0,0
32_Phoenix_City,20,30,302043,2,20000.0,200000.0,80.0,802.315641025641,1698.6510769230767,1.945101235318966,7.783292202032263,8951.594615384614,0,1
32_Phoenix_City,20,30,302043,2,20000.0,200000.0,76.66666666666667,787.5451237458194,1680.726461538461,1.6753721600342109,3.277513267276363,7897.407230769231,0,2
32_Phoenix_City,20,30,302043,2,20000.0,200000.0,90.0,763.6322735042735,1698.6510769230767,1.4479365281477274,2.0402743230480773,9915.405692307691,0,3
32_Phoenix_City,20,30,302043,2,20000.0,200000.0,83.33333333333333,753.2604676923075,1680.726461538461,1.4949632778611994,2.7075073281504745,9251.025076923075,0,4
32_Phoenix_City,20,30,302043,2,40000.0,80000.0,83.33333333333333,574.1179076923077,1768.8141538461537,1.3367802498564871,2.3212667371776936,7872.016,0,0
32_Phoenix_City,20,30,302043,2,40000.0,80000.0,86.66666666666667,824.1772071005915,1698.6510769230767,1.5559010883400946,3.1563961986646665,9111.16276923077,0,1
32_Phoenix_City,20,30,302043,2,40000.0,80000.0,86.66666666666667,727.6136094674556,1698.6510769230767,1.833978413236,7.346349716375199,8940.884307692308,0,2
32_Phoenix_City,20,30,302043,2,40000.0,80000.0,83.33333333333333,704.9855876923076,1698.6510769230767,1.8227976364842369,7.783292202032263,8676.7,0,3
32_Phoenix_City,20,30,302043,2,40000.0,80000.0,73.33333333333333,739.5504475524475,1768.8141538461537,1.6464226291701474,2.6936195260590883,7481.586769230769,0,4
32_Phoenix_City,20,30,302043,2,40000.0,200000.0,73.33333333333333,680.1880419580419,1768.8141538461537,1.4745867552820373,2.5325278121378365,7631.464923076922,0,0
32_Phoenix_City,20,30,302043,2,40000.0,200000.0,73.33333333333333,677.2545174825175,1608.0375384615386,1.370254266883981,2.0369206030584603,7317.349230769231,0,1
32_Phoenix_City,20,30,302043,2,40000.0,200000.0,83.33333333333333,625.5494646153845,1623.6095384615382,1.7936059815297123,6.3017747442601415,9030.597846153849,0,2
32_Phoenix_City,20,30,302043,2,40000.0,200000.0,73.33333333333333,735.3088951048951,1608.0375384615386,1.7748532271774635,5.093770583947375,7816.439692307693,0,3
32_Phoenix_City,20,30,302043,2,40000.0,200000.0,80.0,827.9986025641025,1682.3775384615385,1.7934799648346051,6.355020483066085,8201.789384615386,0,4
32_Phoenix_City,20,30,302043,2,40000.0,400000.0,76.66666666666667,682.9612173913043,1608.0375384615386,1.3858546028490573,1.893700977318116,7604.976923076923,0,0
32_Phoenix_City,20,30,302043,2,40000.0,400000.0,83.33333333333333,696.7056861538462,1623.6095384615382,1.3815850662351734,1.869443293126136,8291.557692307691,0,1
32_Phoenix_City,20,30,302043,2,40000.0,400000.0,76.66666666666667,825.8212173913045,1683.6369230769233,1.4361508210156608,2.6936195260590883,7781.975692307693,0,2
32_Phoenix_City,20,30,302043,2,40000.0,400000.0,83.33333333333333,608.1194707692307,1608.0375384615386,1.4187266927066409,2.5010334744680844,8551.951076923076,0,3
32_Phoenix_City,20,30,302043,2,40000.0,400000.0,83.33333333333333,682.5583138461539,1759.3163076923074,1.5165636981147257,2.272593664544384,9458.94153846154,0,4
32_Phoenix_City,20,30,302044,3,2500.0,5000.0,96.66666666666669,540.8030079575597,1780.0292307692307,1.7671695134965046,4.66963100081318,8771.186769230768,0,0
32_Phoenix_City,20,30,302044,3,2500.0,5000.0,100.0,499.7216,1779.895692307692,1.519252150750087,2.182364715689958,9261.642461538462,0,1
32_Phoenix_City,20,30,302044,3,2500.0,5000.0,100.0,455.1482461538461,1779.895692307692,1.6305844554701652,2.9492577509683606,9673.125846153847,0,2
32_Phoenix_City,20,30,302044,3,2500.0,5000.0,96.66666666666669,572.6416551724137,1701.674769230769,1.896395066401495,3.822395333946007,9464.99323076923,0,3
32_Phoenix_City,20,30,302044,3,2500.0,5000.0,100.0,504.7466461538461,1779.895692307692,1.895930417714447,3.822395333946007,10543.240307692306,0,4
32_Phoenix_City,20,30,302044,3,2500.0,12500.0,96.66666666666669,410.0828116710874,1630.657846153846,1.6381134434737008,2.9492577509683606,9839.039076923078,0,0
32_Phoenix_City,20,30,302044,3,2500.0,12500.0,96.66666666666669,524.4052413793103,1779.895692307692,1.6252910257607194,3.308207066099113,9234.682769230769,0,1
32_Phoenix_City,20,30,302044,3,2500.0,12500.0,100.0,486.6119282051282,1779.895692307692,1.7029735419849268,3.118307878392258,9617.486153846154,0,2
32_Phoenix_City,20,30,302044,3,2500.0,12500.0,96.66666666666669,497.2819151193634,1779.895692307692,1.6950594101289984,3.3577838897717736,9687.768307692308,0,3
32_Phoenix_City,20,30,302044,3,2500.0,12500.0,96.66666666666669,435.5959575596817,1779.895692307692,1.7673568088794591,3.520108673650688,10025.67846153846,0,4
32_Phoenix_City,20,30,302044,3,2500.0,25000.0,100.0,449.3428512820512,1785.8898461538463,1.893190332938804,4.067322645675338,10400.56553846154,0,0
32_Phoenix_City,20,30,302044,3,2500.0,25000.0,100.0,485.8450051282051,1779.895692307692,1.7589218144308103,3.295895706009328,10511.488923076922,0,1
32_Phoenix_City,20,30,302044,3,2500.0,25000.0,100.0,440.3432717948718,1779.895692307692,2.4664190946113056,13.387532316003565,9726.08123076923,0,2
32_Phoenix_City,20,30,302044,3,2500.0,25000.0,96.66666666666669,466.1744297082228,1721.3913846153846,1.6575495893870071,2.48735715382422,9607.940923076923,0,3
32_Phoenix_City,20,30,302044,3,2500.0,25000.0,100.0,558.7021641025641,1779.895692307692,1.8637650584428245,3.2554923873546304,10351.801846153849,0,4
32_Phoenix_City,20,30,302044,3,5000.0,10000.0,100.0,419.7871692307692,1779.895692307692,1.7049353719755789,3.487662301448481,9119.235692307691,0,0
32_Phoenix_City,20,30,302044,3,5000.0,10000.0,100.0,509.2856615384615,1779.895692307692,1.660124743635763,3.193923394451377,9403.90215384615,0,1
32_Phoenix_City,20,30,302044,3,5000.0,10000.0,96.66666666666669,400.98708753315645,1785.8898461538463,1.5751735868082903,3.193923394451377,8515.543692307692,0,2
32_Phoenix_City,20,30,302044,3,5000.0,10000.0,100.0,517.8552717948718,1785.8898461538463,1.7713638414327006,3.2554923873546304,9504.982769230768,0,3
32_Phoenix_City,20,30,302044,3,5000.0,10000.0,96.66666666666669,447.65435543766574,1779.895692307692,1.6521026246917427,3.448253160578409,9046.646153846154,0,4
32_Phoenix_City,20,30,302044,3,5000.0,25000.0,100.0,500.5584512820512,1779.895692307692,1.949196899064088,3.2554923873546304,11121.706461538462,0,0
32_Phoenix_City,20,30,302044,3,5000.0,25000.0,96.66666666666669,499.180700265252,1779.895692307692,1.7513687797924342,3.3577838897717736,9525.207384615383,0,1
32_Phoenix_City,20,30,302044,3,5000.0,25000.0,96.66666666666669,447.7612201591512,1630.657846153846,1.693437705413115,3.308207066099113,9192.316307692308,0,2
32_Phoenix_City,20,30,302044,3,5000.0,25000.0,93.33333333333331,380.8466868131868,1630.657846153846,1.9276573366552463,3.308207066099113,9585.752923076923,0,3
32_Phoenix_City,20,30,302044,3,5000.0,25000.0,100.0,444.8885641025641,1779.895692307692,2.4169791239852274,12.444870940423632,9359.77323076923,0,4
32_Phoenix_City,20,30,302044,3,5000.0,50000.0,100.0,455.804841025641,1780.0292307692307,1.9762462317617937,4.258756316126484,10527.419076923074,0,0
32_Phoenix_City,20,30,302044,3,5000.0,50000.0,100.0,500.9568512820513,1779.895692307692,2.253769104335549,8.913198005867901,10118.879999999996,0,1
32_Phoenix_City,20,30,302044,3,5000.0,50000.0,100.0,364.27362051282046,1779.895692307692,1.8161205007798065,3.773873548078869,9932.135384615383,0,2
32_Phoenix_City,20,30,302044,3,5000.0,50000.0,96.66666666666669,427.0310875331565,1779.895692307692,1.7566813285453269,3.822395333946007,9207.285538461538,0,3
32_Phoenix_City,20,30,302044,3,5000.0,50000.0,100.0,474.97192820512817,1630.657846153846,1.8539425232817228,3.7243473719966937,10442.807076923074,0,4
32_Phoenix_City,20,30,302044,3,10000.0,20000.0,96.66666666666669,479.9541538461538,1779.895692307692,1.7426659694165747,2.9492577509683606,9902.539384615384,0,0
32_Phoenix_City,20,30,302044,3,10000.0,20000.0,96.66666666666669,474.7154588859416,1779.895692307692,1.6860997587169868,3.0071916311550715,8975.902153846153,0,1
32_Phoenix_City,20,30,302044,3,10000.0,20000.0,96.66666666666669,526.0241273209549,1779.895692307692,1.832956264608137,3.308207066099113,9638.269846153846,0,2
32_Phoenix_City,20,30,302044,3,10000.0,20000.0,100.0,413.16524102564097,1779.895692307692,1.969674147669356,3.448253160578409,10995.696615384615,0,3
32_Phoenix_City,20,30,302044,3,10000.0,20000.0,100.0,517.878564102564,1785.8898461538463,1.6096464645149104,2.028379221956792,9938.89446153846,0,4
32_Phoenix_City,20,30,302044,3,10000.0,50000.0,100.0,490.6629230769231,1779.895692307692,1.626782418171624,2.7466956667224367,9068.203999999998,0,0
32_Phoenix_City,20,30,302044,3,10000.0,50000.0,100.0,460.67273333333327,1779.895692307692,2.081474191037426,5.974524484638572,10108.439384615383,0,1
32_Phoenix_City,20,30,302044,3,10000.0,50000.0,93.33333333333331,433.4247692307692,1779.895692307692,1.550454694049675,3.308207066099113,8879.34646153846,0,2
32_Phoenix_City,20,30,302044,3,10000.0,50000.0,96.66666666666669,525.4142493368701,1779.895692307692,1.8842961213535057,3.773873548078869,9744.835076923076,0,3
32_Phoenix_City,20,30,302044,3,10000.0,50000.0,96.66666666666669,423.4152360742705,1779.895692307692,1.92019127567486,3.448253160578409,10474.595076923077,0,4
32_Phoenix_City,20,30,302044,3,10000.0,100000.0,100.0,408.86321025641024,1779.895692307692,3.0320646248464693,23.055458817355632,10598.039692307691,0,0
32_Phoenix_City,20,30,302044,3,10000.0,100000.0,96.66666666666669,412.7334323607427,1779.895692307692,1.895942591147872,3.316461466009029,9647.125230769228,0,1
32_Phoenix_City,20,30,302044,3,10000.0,100000.0,96.66666666666669,368.74044562334217,1779.895692307692,1.639662232148315,2.9601746706858814,8932.568307692305,0,2
32_Phoenix_City,20,30,302044,3,10000.0,100000.0,96.66666666666669,483.7639469496021,1779.895692307692,1.7016574336193293,3.0040366320761054,9269.487076923077,0,3
32_Phoenix_City,20,30,302044,3,10000.0,100000.0,96.66666666666669,411.44761803713527,1630.657846153846,1.57943708483256,2.3842685898551665,9044.63323076923,0,4
32_Phoenix_City,20,30,302044,3,20000.0,40000.0,100.0,494.5404717948719,1779.895692307692,2.18867348484866,6.687975618977785,10690.75046153846,0,0
32_Phoenix_City,20,30,302044,3,20000.0,40000.0,93.33333333333331,456.5421098901098,1779.895692307692,1.5387419693062576,2.279229929644224,8239.982769230768,0,1
32_Phoenix_City,20,30,302044,3,20000.0,40000.0,96.66666666666669,351.8662440318302,1779.895692307692,1.795536085224577,6.231185108120001,9613.664,0,2
32_Phoenix_City,20,30,302044,3,20000.0,40000.0,100.0,479.3162358974359,1785.8898461538463,2.0188770387846917,8.913198005867901,8784.516615384613,0,3
32_Phoenix_City,20,30,302044,3,20000.0,40000.0,96.66666666666669,489.9419310344827,1779.895692307692,1.705122605725962,3.773873548078869,9212.610461538465,0,4
32_Phoenix_City,20,30,302044,3,20000.0,100000.0,100.0,508.660523076923,1779.895692307692,1.865676843824588,3.448253160578409,10613.765230769228,0,0
32_Phoenix_City,20,30,302044,3,20000.0,100000.0,96.66666666666669,476.3432466843501,1779.895692307692,1.8459330767618511,3.013293382207554,10622.90892307692,0,1
32_Phoenix_City,20,30,302044,3,20000.0,100000.0,100.0,360.11426666666665,1630.657846153846,2.5514682205639416,13.387532316003565,11506.690153846152,0,2
32_Phoenix_City,20,30,302044,3,20000.0,100000.0,96.66666666666669,461.950875331565,1630.657846153846,2.210230992296714,13.14713721165334,9022.179076923076,0,3
32_Phoenix_City,20,30,302044,3,20000.0,100000.0,96.66666666666669,461.72721485411137,1779.895692307692,2.22083562811119,8.913198005867901,8982.234153846153,0,4
32_Phoenix_City,20,30,302044,3,20000.0,200000.0,96.66666666666669,435.5145358090186,1779.895692307692,1.7168474923694568,3.773873548078869,9177.015076923077,0,0
32_Phoenix_City,20,30,302044,3,20000.0,200000.0,93.33333333333331,489.5043846153845,1780.0292307692307,2.006823340843854,3.773873548078869,8921.376307692308,0,1
32_Phoenix_City,20,30,302044,3,20000.0,200000.0,96.66666666666669,400.2342599469496,1779.895692307692,1.7955869724206237,3.773873548078869,9934.507384615385,0,2
32_Phoenix_City,20,30,302044,3,20000.0,200000.0,100.0,529.7321128205127,1785.8898461538463,1.9958848580677409,7.785526376057722,9349.81969230769,0,3
32_Phoenix_City,20,30,302044,3,20000.0,200000.0,100.0,478.39711282051286,1630.657846153846,1.822470858637502,3.2554923873546304,10551.952923076922,0,4
32_Phoenix_City,20,30,302044,3,40000.0,80000.0,100.0,386.3647179487179,1779.895692307692,1.8905561128035653,3.773873548078869,10493.461230769231,0,0
32_Phoenix_City,20,30,302044,3,40000.0,80000.0,96.66666666666669,546.7678196286472,1779.895692307692,1.8989053611918816,3.448253160578409,9179.667692307692,0,1
32_Phoenix_City,20,30,302044,3,40000.0,80000.0,96.66666666666669,412.3815596816975,1630.657846153846,2.2189659415296137,14.71972285156016,9052.447076923076,0,2
32_Phoenix_City,20,30,302044,3,40000.0,80000.0,100.0,447.0733333333333,1721.3913846153846,2.0234436703929584,8.913198005867901,9526.697538461536,0,3
32_Phoenix_City,20,30,302044,3,40000.0,80000.0,96.66666666666669,411.8432679045093,1779.895692307692,2.8259391262427926,23.055458817355632,9111.145538461536,0,4
32_Phoenix_City,20,30,302044,3,40000.0,200000.0,96.66666666666669,581.3371458885941,1779.895692307692,1.812433413354383,3.295895706009328,10112.467384615384,0,0
32_Phoenix_City,20,30,302044,3,40000.0,200000.0,96.66666666666669,457.7468116710874,1779.895692307692,1.719152225600744,3.316461466009029,9198.829538461538,0,1
32_Phoenix_City,20,30,302044,3,40000.0,200000.0,100.0,411.3305025641026,1779.895692307692,1.7254607800768016,2.9601746706858814,9628.643692307687,0,2
32_Phoenix_City,20,30,302044,3,40000.0,200000.0,93.33333333333331,347.03159340659334,1630.657846153846,1.6394158472039706,2.972010691360961,8890.428923076923,0,3
32_Phoenix_City,20,30,302044,3,40000.0,200000.0,96.66666666666669,420.6036923076923,1779.895692307692,1.966729128054362,7.785526376057722,8848.868923076923,0,4
32_Phoenix_City,20,30,302044,3,40000.0,400000.0,96.66666666666669,419.9660265251989,1630.657846153846,1.7246864164168263,3.520108673650688,9648.221846153843,0,0
32_Phoenix_City,20,30,302044,3,40000.0,400000.0,100.0,401.31118974358975,1779.895692307692,1.851394882854546,4.067322645675338,10041.707384615383,0,1
32_Phoenix_City,20,30,302044,3,40000.0,400000.0,100.0,528.3816307692308,1779.895692307692,1.8418427212122477,3.773873548078869,10501.209846153846,0,2
32_Phoenix_City,20,30,302044,3,40000.0,400000.0,96.66666666666669,526.6678090185676,1779.895692307692,1.757349120499298,3.308207066099113,9675.885846153846,0,3
32_Phoenix_City,20,30,302044,3,40000.0,400000.0,100.0,423.9185538461539,1779.895692307692,1.589229957474951,3.118307878392258,8829.832307692306,0,4
32_Phoenix_City,20,40,402042,1,2500.0,5000.0,95.0,571.7025748987855,1776.0421538461542,2.0512036227004056,6.285319694291966,14336.740615384617,0,0
32_Phoenix_City,20,40,402042,1,2500.0,5000.0,95.0,607.0609554655871,1755.3301538461535,1.6422901494688906,3.032318579588016,13271.440153846152,0,1
32_Phoenix_City,20,40,402042,1,2500.0,5000.0,95.0,604.3108866396763,1755.3301538461535,1.964452468674276,5.072264291538409,13815.419384615385,0,2
32_Phoenix_City,20,40,402042,1,2500.0,5000.0,95.0,646.1208744939271,1718.544,1.829961936873677,3.9515483970367313,13977.367692307693,0,3
32_Phoenix_City,20,40,402042,1,2500.0,5000.0,95.0,450.72246558704455,1710.621846153846,1.9671150355060216,5.072264291538409,12462.39292307692,0,4
32_Phoenix_City,20,40,402042,1,2500.0,12500.0,95.0,491.6791052631579,1709.7369230769232,1.7306126794600112,3.557214650252156,13933.689538461536,0,0
32_Phoenix_City,20,40,402042,1,2500.0,12500.0,95.0,549.6578623481781,1755.3301538461535,1.9678734926053263,6.285319694291966,13207.264769230766,0,1
32_Phoenix_City,20,40,402042,1,2500.0,12500.0,95.0,546.21095951417,1755.3301538461535,1.958732134527572,6.285319694291966,13418.360615384612,0,2
32_Phoenix_City,20,40,402042,1,2500.0,12500.0,95.0,630.1683238866398,1776.0421538461542,1.830001742182081,4.928938718913296,13291.991076923076,0,3
32_Phoenix_City,20,40,402042,1,2500.0,12500.0,95.0,576.6864615384616,1755.3301538461535,2.0712556352530167,5.072264291538409,13839.248615384617,0,4
32_Phoenix_City,20,40,402042,1,2500.0,25000.0,95.0,601.6016032388663,1718.544,1.7751178152992046,3.9515483970367313,12638.468153846154,0,0
32_Phoenix_City,20,40,402042,1,2500.0,25000.0,100.0,660.2455076923077,1755.3301538461535,1.829023005339604,3.9515483970367313,14374.811692307694,0,1
32_Phoenix_City,20,40,402042,1,2500.0,25000.0,95.0,558.2501578947368,1755.3301538461535,1.9850357971601047,5.072264291538409,13512.878153846152,0,2
32_Phoenix_City,20,40,402042,1,2500.0,25000.0,95.0,630.0727044534414,1776.0421538461542,1.9912375559071287,6.285319694291966,13571.993230769229,0,3
32_Phoenix_City,20,40,402042,1,2500.0,25000.0,100.0,652.9369538461539,1776.0421538461542,1.9758475894889715,6.285319694291966,14046.307076923074,0,4
32_Phoenix_City,20,40,402042,1,5000.0,10000.0,95.0,587.6063238866396,1755.3301538461535,1.916947784696255,6.285319694291966,13475.427076923075,0,0
32_Phoenix_City,20,40,402042,1,5000.0,10000.0,95.0,681.4827327935221,1755.3301538461535,1.74212769476078,4.092190519003919,13036.02523076923,0,1
32_Phoenix_City,20,40,402042,1,5000.0,10000.0,95.0,600.0330931174088,1755.3301538461535,1.6687647560894634,4.928938718913296,12860.429846153846,0,2
32_Phoenix_City,20,40,402042,1,5000.0,10000.0,100.0,692.1904423076924,1755.3301538461535,1.6641235079164844,3.9515483970367313,14003.215538461538,0,3
32_Phoenix_City,20,40,402042,1,5000.0,10000.0,95.0,567.7726315789473,1718.544,1.9552084502343692,4.928938718913296,13697.199999999995,0,4
32_Phoenix_City,20,40,402042,1,5000.0,25000.0,95.0,666.0597044534413,1755.3301538461535,1.859309437684345,6.285319694291966,12526.88153846154,0,0
32_Phoenix_City,20,40,402042,1,5000.0,25000.0,95.0,533.2637732793522,1709.7369230769232,1.6372322456258046,3.9515483970367313,12893.521076923076,0,1
32_Phoenix_City,20,40,402042,1,5000.0,25000.0,95.0,625.6386032388664,1755.3301538461535,1.8910883434572188,6.285319694291966,13002.794923076925,0,2
32_Phoenix_City,20,40,402042,1,5000.0,25000.0,95.0,657.5814251012147,1755.3301538461535,2.1353539972037234,7.757361754046002,13638.381076923077,0,3
32_Phoenix_City,20,40,402042,1,5000.0,25000.0,100.0,528.7911538461539,1755.3301538461535,1.7974013372061974,3.7686905663442714,14434.977230769233,0,4
32_Phoenix_City,20,40,402042,1,5000.0,50000.0,95.0,552.3645101214576,1776.0421538461542,1.9564704571017308,5.072264291538409,13787.738153846149,0,0
32_Phoenix_City,20,40,402042,1,5000.0,50000.0,100.0,586.0515961538462,1706.2858461538465,1.7615692663736788,4.928938718913296,14099.286769230765,0,1
32_Phoenix_City,20,40,402042,1,5000.0,50000.0,95.0,555.2209068825911,1706.2858461538465,1.7371757696452372,3.1020056947528896,13980.604923076922,0,2
32_Phoenix_City,20,40,402042,1,5000.0,50000.0,100.0,530.7028307692308,1755.3301538461535,1.8509753443188897,3.9914661905376048,14376.046769230768,0,3
32_Phoenix_City,20,40,402042,1,5000.0,50000.0,95.0,665.1482955465586,1726.9723076923078,2.00131231457981,7.757361754046002,13652.629846153844,0,4
32_Phoenix_City,20,40,402042,1,10000.0,20000.0,95.0,642.5952226720648,1755.3301538461535,2.0367454000918137,6.285319694291966,14445.231384615385,0,0
32_Phoenix_City,20,40,402042,1,10000.0,20000.0,100.0,572.0132576923077,1755.3301538461535,1.8365541054865249,4.928938718913296,14504.270307692306,0,1
32_Phoenix_City,20,40,402042,1,10000.0,20000.0,90.0,573.7797094017094,1755.3301538461535,1.8681807868925115,3.9515483970367313,13227.394769230768,0,2
32_Phoenix_City,20,40,402042,1,10000.0,20000.0,95.0,637.5710526315789,1755.3301538461535,1.6928134017493075,2.47825390826715,14212.61046153846,0,3
32_Phoenix_City,20,40,402042,1,10000.0,20000.0,95.0,553.4844291497976,1755.3301538461535,1.897670267824627,4.928938718913296,12829.343076923076,0,4
32_Phoenix_City,20,40,402042,1,10000.0,50000.0,95.0,516.2857611336033,1755.3301538461535,1.802555201085116,3.9914661905376048,12970.689230769229,0,0
32_Phoenix_City,20,40,402042,1,10000.0,50000.0,95.0,538.9514210526315,1755.3301538461535,1.8332610856235088,4.928938718913296,12931.23292307692,0,1
32_Phoenix_City,20,40,402042,1,10000.0,50000.0,95.0,673.5454251012146,1718.544,1.9876566037582728,6.285319694291966,13354.11938461538,0,2
32_Phoenix_City,20,40,402042,1,10000.0,50000.0,95.0,611.8317935222673,1755.3301538461535,2.000186881957504,6.285319694291966,13617.496307692309,0,3
32_Phoenix_City,20,40,402042,1,10000.0,50000.0,95.0,512.6284777327936,1755.3301538461535,1.931068463793454,6.285319694291966,13417.068307692309,0,4
32_Phoenix_City,20,40,402042,1,10000.0,100000.0,95.0,537.3873522267207,1755.3301538461535,1.735221873984763,3.9914661905376048,13074.416615384613,0,0
32_Phoenix_City,20,40,402042,1,10000.0,100000.0,100.0,597.8386846153846,1731.8258461538462,1.6895841095369026,2.96260813716456,14284.236615384614,0,1
32_Phoenix_City,20,40,402042,1,10000.0,100000.0,95.0,572.4249392712551,1693.160615384615,1.9615260690252012,6.051767625986084,13458.965846153846,0,2
32_Phoenix_City,20,40,402042,1,10000.0,100000.0,95.0,648.6668299595142,1776.0421538461542,2.0077943635069446,6.285319694291966,13073.523999999998,0,3
32_Phoenix_City,20,40,402042,1,10000.0,100000.0,95.0,721.8332469635628,1788.1015384615384,1.676214315430265,2.340492435856958,13702.617846153842,0,4
32_Phoenix_City,20,40,402042,1,20000.0,40000.0,95.0,657.0942145748987,1776.0421538461542,2.0384669663642363,6.285319694291966,14033.73076923077,0,0
32_Phoenix_City,20,40,402042,1,20000.0,40000.0,95.0,600.0497611336033,1706.2858461538465,1.986176571743204,6.285319694291966,13197.854153846152,0,1
32_Phoenix_City,20,40,402042,1,20000.0,40000.0,95.0,491.8824170040485,1755.3301538461535,1.8742206926223264,5.072264291538409,12977.313538461533,0,2
32_Phoenix_City,20,40,402042,1,20000.0,40000.0,100.0,554.2090846153845,1755.3301538461535,1.8937372897264224,4.928938718913296,14628.67292307692,0,3
32_Phoenix_City,20,40,402042,1,20000.0,40000.0,90.0,584.4250982905983,1706.2858461538465,1.885172026271109,6.285319694291966,12552.640769230766,0,4
32_Phoenix_City,20,40,402042,1,20000.0,100000.0,100.0,558.4270230769231,1706.2858461538465,1.790448996219261,3.9914661905376048,14254.532615384614,0,0
32_Phoenix_City,20,40,402042,1,20000.0,100000.0,95.0,607.3413279352227,1755.3301538461535,1.976939829153788,7.757361754046002,13675.64492307692,0,1
32_Phoenix_City,20,40,402042,1,20000.0,100000.0,95.0,574.447943319838,1755.3301538461535,1.7095810388848809,2.618921548284036,13940.33769230769,0,2
32_Phoenix_City,20,40,402042,1,20000.0,100000.0,95.0,502.95606882591096,1668.2759999999998,1.8965308171142288,4.672018461346002,13385.418153846153,0,3
32_Phoenix_City,20,40,402042,1,20000.0,100000.0,95.0,653.9857368421052,1755.3301538461535,1.7859977268249587,3.2708224113413387,13344.245384615382,0,4
32_Phoenix_City,20,40,402042,1,20000.0,200000.0,100.0,667.7834038461539,1755.3301538461535,2.0706168481819707,6.285319694291966,14886.402769230768,0,0
32_Phoenix_City,20,40,402042,1,20000.0,200000.0,90.0,556.7196623931624,1755.3301538461535,1.9522171619659576,3.9914661905376048,12636.805538461536,0,1
32_Phoenix_City,20,40,402042,1,20000.0,200000.0,95.0,562.5174251012146,1709.7369230769232,1.804714748202537,3.3496069200748937,13970.506461538464,0,2
32_Phoenix_City,20,40,402042,1,20000.0,200000.0,100.0,648.2289423076924,1755.3301538461535,1.825505813484257,6.285319694291966,13562.560153846149,0,3
32_Phoenix_City,20,40,402042,1,20000.0,200000.0,95.0,513.4388097165992,1623.5661538461536,1.7492486794351862,2.96260813716456,14366.157076923077,0,4
32_Phoenix_City,20,40,402042,1,40000.0,80000.0,95.0,643.6415101214575,1776.0421538461542,2.053708801612087,6.285319694291966,13799.873846153843,0,0
32_Phoenix_City,20,40,402042,1,40000.0,80000.0,95.0,545.7383238866396,1755.3301538461535,1.8221723972781727,5.072264291538409,13179.43723076923,0,1
32_Phoenix_City,20,40,402042,1,40000.0,80000.0,100.0,560.3620461538461,1718.5443076923077,1.8462827266786332,5.072264291538409,13233.576307692309,0,2
32_Phoenix_City,20,40,402042,1,40000.0,80000.0,95.0,699.7477570850202,1776.0421538461542,1.974131175779679,6.285319694291966,13743.727384615384,0,3
32_Phoenix_City,20,40,402042,1,40000.0,80000.0,100.0,651.0546,1718.544,1.675008008462478,3.9515483970367313,13623.669076923075,0,4
32_Phoenix_City,20,40,402042,1,40000.0,200000.0,95.0,748.9504372469635,1731.8258461538462,1.877580473447984,6.285319694291966,12140.932923076924,0,0
32_Phoenix_City,20,40,402042,1,40000.0,200000.0,100.0,652.2998807692308,1790.456,1.9049704773430665,6.285319694291966,14252.19415384615,0,1
32_Phoenix_City,20,40,402042,1,40000.0,200000.0,95.0,652.7705748987854,1755.3301538461535,1.9088091859402931,6.285319694291966,13449.803076923075,0,2
32_Phoenix_City,20,40,402042,1,40000.0,200000.0,95.0,553.5834493927126,1755.3301538461535,1.9042667630258845,5.072264291538409,12929.317230769231,0,3
32_Phoenix_City,20,40,402042,1,40000.0,200000.0,95.0,630.7733724696357,1755.3301538461535,1.802934538987489,3.9515483970367313,13445.192615384613,0,4
32_Phoenix_City,20,40,402042,1,40000.0,400000.0,95.0,617.4570931174089,1728.2175384615384,2.120689734900705,6.285319694291966,13450.709846153844,0,0
32_Phoenix_City,20,40,402042,1,40000.0,400000.0,95.0,623.6619311740891,1755.3301538461535,2.114353607389758,6.285319694291966,14476.322153846151,0,1
32_Phoenix_City,20,40,402042,1,40000.0,400000.0,100.0,527.5662884615384,1598.422769230769,1.718756647294445,2.524420630715269,14079.591692307691,0,2
32_Phoenix_City,20,40,402042,1,40000.0,400000.0,95.0,701.9102267206478,1728.2175384615384,1.9105283297210356,6.285319694291966,12451.354307692303,0,3
32_Phoenix_City,20,40,402042,1,40000.0,400000.0,100.0,593.9251576923077,1755.3301538461535,2.007367533121544,8.850066386765707,14551.631692307688,0,4
32_Phoenix_City,20,40,402043,2,2500.0,5000.0,85.0,657.7728506787331,1765.7104615384617,1.868266363221098,3.2101919502114225,12563.518,0,0
32_Phoenix_City,20,40,402043,2,2500.0,5000.0,90.0,539.6020470085471,1785.975692307692,1.9005562166105503,3.2101919502114225,13321.63123076923,0,1
32_Phoenix_City,20,40,402043,2,2500.0,5000.0,90.0,595.9328803418804,1791.3676923076928,1.790040383894695,3.2101919502114225,13067.097692307694,0,2
32_Phoenix_City,20,40,402043,2,2500.0,5000.0,95.0,544.3511659919028,1756.0003076923076,1.7954294139541958,4.268752346852967,13554.447538461536,0,3
32_Phoenix_City,20,40,402043,2,2500.0,5000.0,100.0,682.4025038461539,1791.3676923076928,1.6853920052764824,3.378518916980454,13802.418923076924,0,4
32_Phoenix_City,20,40,402043,2,2500.0,12500.0,90.0,645.1744572649573,1791.3676923076928,1.75490779786375,3.2101919502114225,12150.22353846154,0,0
32_Phoenix_City,20,40,402043,2,2500.0,12500.0,85.0,699.1580995475114,1795.1544615384614,1.933585679917626,3.9401214037720256,11542.385384615383,0,1
32_Phoenix_City,20,40,402043,2,2500.0,12500.0,85.0,621.0043438914028,1791.3676923076928,1.7159673797509631,2.812434650852423,11416.41,0,2
32_Phoenix_City,20,40,402043,2,2500.0,12500.0,90.0,564.5271239316239,1795.1544615384614,1.9662473773803373,4.553148617273893,13613.60446153846,0,3
32_Phoenix_City,20,40,402043,2,2500.0,12500.0,90.0,546.1343205128205,1765.7104615384617,1.7723344566764911,3.2101919502114225,12398.392153846156,0,4
32_Phoenix_City,20,40,402043,2,2500.0,25000.0,95.0,639.9758825910931,1795.1544615384614,1.831115724425251,4.135890058863037,13340.50353846154,0,0
32_Phoenix_City,20,40,402043,2,2500.0,25000.0,95.0,601.7287085020243,1795.1544615384614,1.8670554578149412,4.135890058863037,14796.714,0,1
32_Phoenix_City,20,40,402043,2,2500.0,25000.0,95.0,674.0822753036437,1765.7104615384617,1.6434216870955085,2.758324968383325,13497.926615384618,0,2
32_Phoenix_City,20,40,402043,2,2500.0,25000.0,95.0,664.4089109311741,1785.975692307692,1.7220065309927304,3.2101919502114225,13562.239230769228,0,3
32_Phoenix_City,20,40,402043,2,2500.0,25000.0,95.0,703.4132024291499,1795.1544615384614,1.846318415358004,3.2101919502114225,14416.14076923077,0,4
32_Phoenix_City,20,40,402043,2,5000.0,10000.0,95.0,614.8200283400811,1791.3676923076928,1.7522917657578527,3.6128142618721135,13856.668153846154,0,0
32_Phoenix_City,20,40,402043,2,5000.0,10000.0,90.0,614.7755213675214,1785.975692307692,1.7927218902540092,4.221859932630284,12944.11,0,1
32_Phoenix_City,20,40,402043,2,5000.0,10000.0,90.0,636.9066153846154,1791.3676923076928,1.6843398929479727,2.7619821811796834,12646.08446153846,0,2
32_Phoenix_City,20,40,402043,2,5000.0,10000.0,90.0,628.4959957264957,1795.1544615384614,1.810651663799425,3.2101919502114225,13210.253076923076,0,3
32_Phoenix_City,20,40,402043,2,5000.0,10000.0,80.0,557.329860576923,1791.3676923076928,1.951157837626726,4.135890058863037,11612.550307692309,0,4
32_Phoenix_City,20,40,402043,2,5000.0,25000.0,90.0,606.832123931624,1795.1544615384614,1.849509345229507,2.984647808081459,12761.017384615385,0,0
32_Phoenix_City,20,40,402043,2,5000.0,25000.0,95.0,615.0765708502025,1791.3676923076928,1.7848185261871872,3.9401214037720256,13634.403846153844,0,1
32_Phoenix_City,20,40,402043,2,5000.0,25000.0,95.0,656.2316680161945,1795.1544615384614,1.7945604190624105,3.2101919502114225,13722.97,0,2
32_Phoenix_City,20,40,402043,2,5000.0,25000.0,90.0,648.1079615384615,1785.975692307692,1.787867097732355,4.553148617273893,12305.888769230767,0,3
32_Phoenix_City,20,40,402043,2,5000.0,25000.0,90.0,557.7696623931623,1785.975692307692,1.883762433478736,4.553148617273893,13274.947846153846,0,4
32_Phoenix_City,20,40,402043,2,5000.0,50000.0,95.0,641.0171133603238,1795.1544615384614,1.7774169070085335,3.2101919502114225,13981.896769230769,0,0
32_Phoenix_City,20,40,402043,2,5000.0,50000.0,95.0,527.8390485829959,1756.0003076923076,1.762107091990287,3.2101919502114225,13670.375230769232,0,1
32_Phoenix_City,20,40,402043,2,5000.0,50000.0,90.0,678.645376068376,1795.1544615384614,1.8429074633572835,3.2101919502114225,12829.746923076922,0,2
32_Phoenix_City,20,40,402043,2,5000.0,50000.0,95.0,627.8363846153846,1795.1544615384614,1.973869042325608,5.083947261255636,14489.588461538462,0,3
32_Phoenix_City,20,40,402043,2,5000.0,50000.0,90.0,650.6661666666666,1785.975692307692,1.8097007428404608,4.553148617273893,13310.684769230773,0,4
32_Phoenix_City,20,40,402043,2,10000.0,20000.0,85.0,565.5979773755656,1791.3676923076928,1.7589239197372837,3.148366282147146,11093.889384615386,0,0
32_Phoenix_City,20,40,402043,2,10000.0,20000.0,90.0,665.4924059829059,1756.0003076923076,1.6615142160183074,3.2101919502114225,11707.786923076925,0,1
32_Phoenix_City,20,40,402043,2,10000.0,20000.0,90.0,651.3223376068377,1791.3676923076928,1.9586346138020672,4.135890058863037,14423.625692307694,0,2
32_Phoenix_City,20,40,402043,2,10000.0,20000.0,90.0,674.3593974358974,1791.3676923076928,1.7680141024198883,3.2101919502114225,12693.226307692306,0,3
32_Phoenix_City,20,40,402043,2,10000.0,20000.0,85.0,637.7667285067873,1795.1544615384614,1.8017870414861128,3.2101919502114225,11950.270615384616,0,4
32_Phoenix_City,20,40,402043,2,10000.0,50000.0,95.0,663.687036437247,1785.975692307692,1.797807848893329,4.553148617273893,12942.538615384616,0,0
32_Phoenix_City,20,40,402043,2,10000.0,50000.0,95.0,714.0334129554656,1795.1544615384614,1.8987381647533936,5.083947261255636,14418.63646153846,0,1
32_Phoenix_City,20,40,402043,2,10000.0,50000.0,90.0,560.9280384615384,1785.975692307692,1.696300308036102,4.553148617273893,11846.13923076923,0,2
32_Phoenix_City,20,40,402043,2,10000.0,50000.0,95.0,613.766052631579,1756.0003076923076,1.7665848190601992,3.9401214037720256,13365.989692307694,0,3
32_Phoenix_City,20,40,402043,2,10000.0,50000.0,90.0,548.0481068376068,1785.975692307692,1.766796577805052,4.553148617273893,13090.403230769232,0,4
32_Phoenix_City,20,40,402043,2,10000.0,100000.0,95.0,582.8246882591093,1785.975692307692,1.695320981484404,3.2101919502114225,13509.314307692304,0,0
32_Phoenix_City,20,40,402043,2,10000.0,100000.0,80.0,644.1351201923077,1795.1544615384614,1.8064398281053784,3.201537508256105,10524.555538461538,0,1
32_Phoenix_City,20,40,402043,2,10000.0,100000.0,90.0,569.8310555555556,1791.3676923076928,1.8607333310888476,4.749223885806759,12761.305384615383,0,2
32_Phoenix_City,20,40,402043,2,10000.0,100000.0,95.0,637.4274858299594,1785.975692307692,2.0225392281754933,4.553148617273893,14968.227538461537,0,3
32_Phoenix_City,20,40,402043,2,10000.0,100000.0,90.0,616.438846153846,1768.2332307692304,1.8847961014845795,4.749223885806759,12193.833384615384,0,4
32_Phoenix_City,20,40,402043,2,20000.0,40000.0,90.0,606.4660598290598,1785.975692307692,1.9488073180373775,4.553148617273893,13551.762307692308,0,0
32_Phoenix_City,20,40,402043,2,20000.0,40000.0,95.0,617.665048582996,1795.1544615384614,1.9617514719336744,3.6216852724555486,14012.105384615385,0,1
32_Phoenix_City,20,40,402043,2,20000.0,40000.0,90.0,586.0670555555556,1795.1544615384614,1.860796974831742,3.2101919502114225,12537.326307692305,0,2
32_Phoenix_City,20,40,402043,2,20000.0,40000.0,90.0,577.8663461538462,1791.3676923076928,1.8001276137495803,3.816575064138553,12779.577076923077,0,3
32_Phoenix_City,20,40,402043,2,20000.0,40000.0,90.0,589.4877606837607,1791.3676923076928,1.786739823125013,4.135890058863037,12711.138923076922,0,4
32_Phoenix_City,20,40,402043,2,20000.0,100000.0,95.0,596.7468825910931,1795.1544615384614,1.8272044833469832,4.553148617273893,13555.539538461537,0,0
32_Phoenix_City,20,40,402043,2,20000.0,100000.0,85.0,664.1310995475113,1795.1544615384614,1.6917418408967295,3.2101919502114225,11426.701384615384,0,1
32_Phoenix_City,20,40,402043,2,20000.0,100000.0,85.0,628.3234072398191,1791.3676923076928,1.763041981140633,2.758324968383325,12869.53030769231,0,2
32_Phoenix_City,20,40,402043,2,20000.0,100000.0,95.0,657.9330526315789,1756.0003076923076,1.721930802708585,3.201537508256105,12542.375846153844,0,3
32_Phoenix_City,20,40,402043,2,20000.0,100000.0,90.0,593.3569786324786,1795.1544615384614,1.8230533622214573,3.2101919502114225,13166.11492307692,0,4
32_Phoenix_City,20,40,402043,2,20000.0,200000.0,95.0,615.0137894736843,1756.0003076923076,1.7296185528396997,3.2101919502114225,13243.239846153843,0,0
32_Phoenix_City,20,40,402043,2,20000.0,200000.0,80.0,637.8582067307692,1680.684923076923,1.820503404973448,2.758324968383325,11064.912769230768,0,1
32_Phoenix_City,20,40,402043,2,20000.0,200000.0,100.0,654.9582538461539,1781.4070769230766,1.7625831724971115,4.135890058863037,14494.930615384616,0,2
32_Phoenix_City,20,40,402043,2,20000.0,200000.0,90.0,547.284452991453,1756.0003076923076,1.9288046986528269,3.2101919502114225,13211.917384615384,0,3
32_Phoenix_City,20,40,402043,2,20000.0,200000.0,90.0,622.8622905982907,1791.3676923076928,1.7820144389752626,3.2101919502114225,12358.956461538462,0,4
32_Phoenix_City,20,40,402043,2,40000.0,80000.0,95.0,712.7894898785426,1791.3676923076928,1.7844504949900464,3.2101919502114225,13824.415230769231,0,0
32_Phoenix_City,20,40,402043,2,40000.0,80000.0,90.0,621.0690512820514,1795.1544615384614,1.9138745879293788,3.2101919502114225,13557.537076923076,0,1
32_Phoenix_City,20,40,402043,2,40000.0,80000.0,100.0,680.2009923076923,1795.1544615384614,1.8246190418275237,4.553148617273893,14064.586615384616,0,2
32_Phoenix_City,20,40,402043,2,40000.0,80000.0,95.0,649.5342469635627,1756.0003076923076,1.7329505306240018,3.201537508256105,13249.348153846153,0,3
32_Phoenix_City,20,40,402043,2,40000.0,80000.0,85.0,595.277,1795.1544615384614,1.8930320804556564,3.2101919502114225,11940.137076923076,0,4
32_Phoenix_City,20,40,402043,2,40000.0,200000.0,95.0,805.7684696356275,1791.3676923076928,1.6658653716506298,2.758324968383325,13102.134000000002,0,0
32_Phoenix_City,20,40,402043,2,40000.0,200000.0,95.0,629.8640485829959,1756.0003076923076,1.7314320421183775,4.135890058863037,13173.950307692308,0,1
32_Phoenix_City,20,40,402043,2,40000.0,200000.0,90.0,711.7676025641026,1795.1544615384614,1.915338939780448,4.135890058863037,13462.68076923077,0,2
32_Phoenix_City,20,40,402043,2,40000.0,200000.0,90.0,645.6564316239317,1795.1544615384614,1.9370292234448263,4.135890058863037,13302.260769230772,0,3
32_Phoenix_City,20,40,402043,2,40000.0,200000.0,85.0,625.1472443438914,1795.1544615384614,1.7856389160973976,3.2101919502114225,11447.292153846156,0,4
32_Phoenix_City,20,40,402043,2,40000.0,400000.0,90.0,704.305311965812,1795.1544615384614,1.789840129845122,3.2101919502114225,11963.328461538462,0,0
32_Phoenix_City,20,40,402043,2,40000.0,400000.0,90.0,668.0838162393161,1765.7104615384617,1.700212686053755,2.758241491503894,12280.409692307692,0,1
32_Phoenix_City,20,40,402043,2,40000.0,400000.0,95.0,642.1792550607288,1791.3676923076928,1.758975351415293,2.668839782700784,14315.702307692303,0,2
32_Phoenix_City,20,40,402043,2,40000.0,400000.0,95.0,575.485109311741,1751.197846153846,1.9475720729453636,4.135890058863037,13976.598,0,3
32_Phoenix_City,20,40,402043,2,40000.0,400000.0,95.0,689.2861943319838,1795.1544615384614,1.8988400949673672,4.749223885806759,13620.112153846152,0,4
32_Phoenix_City,20,40,402044,3,2500.0,5000.0,80.0,513.5466346153846,1719.8913846153846,1.6709278253416406,2.5584024989182046,11193.447846153846,0,0
32_Phoenix_City,20,40,402044,3,2500.0,5000.0,75.0,475.6409128205128,1701.3723076923077,1.5645270195854422,2.628906384019329,10443.847230769232,0,1
32_Phoenix_City,20,40,402044,3,2500.0,5000.0,75.0,437.5850923076923,1766.4676923076922,1.7539877679563227,4.708160425817619,10479.786153846151,0,2
32_Phoenix_City,20,40,402044,3,2500.0,5000.0,75.0,461.33064102564094,1766.4676923076922,1.8781215217535572,3.9253403547940873,10998.079076923075,0,3
32_Phoenix_City,20,40,402044,3,2500.0,5000.0,85.0,587.5286470588236,1766.4676923076922,1.6306912406103755,2.940917800869403,12947.993230769229,0,4
32_Phoenix_City,20,40,402044,3,2500.0,12500.0,75.0,441.8311333333333,1662.1772307692308,1.510263243120504,2.0963001568326707,10463.264615384613,0,0
32_Phoenix_City,20,40,402044,3,2500.0,12500.0,80.0,345.7807067307693,1766.4676923076922,1.6653040880122592,3.9253403547940873,10386.639999999998,0,1
32_Phoenix_City,20,40,402044,3,2500.0,12500.0,80.0,452.8491153846154,1766.4676923076922,2.0041566587592228,4.030352363506103,11533.037384615383,0,2
32_Phoenix_City,20,40,402044,3,2500.0,12500.0,80.0,438.4625192307692,1719.8913846153846,1.7022926978163715,2.629089243398066,11646.395076923078,0,3
32_Phoenix_City,20,40,402044,3,2500.0,12500.0,80.0,549.4830336538462,1793.2409230769229,1.7974350588772892,3.0337154629394845,11839.009076923076,0,4
32_Phoenix_City,20,40,402044,3,2500.0,25000.0,80.0,513.8356875,1719.8913846153846,1.799973985209277,4.053114266086559,10557.922615384616,0,0
32_Phoenix_City,20,40,402044,3,2500.0,25000.0,80.0,509.819875,1766.4676923076922,1.7562861513015808,3.05890031077047,11625.958923076922,0,1
32_Phoenix_City,20,40,402044,3,2500.0,25000.0,90.0,620.627688034188,1766.4676923076922,1.8635946274193107,4.708160425817619,13087.485692307691,0,2
32_Phoenix_City,20,40,402044,3,2500.0,25000.0,75.0,389.8192820512821,1701.3723076923077,1.7472162546291838,2.629089243398066,10381.251538461538,0,3
32_Phoenix_City,20,40,402044,3,2500.0,25000.0,70.0,439.3040714285714,1607.4212307692303,1.64561749285506,3.1193794253099427,10340.189692307693,0,4
32_Phoenix_City,20,40,402044,3,5000.0,10000.0,85.0,508.4601538461538,1766.4676923076922,1.7561224215044131,3.3527557522573237,12587.806,0,0
32_Phoenix_City,20,40,402044,3,5000.0,10000.0,80.0,347.88954807692306,1706.7267692307687,1.7547328314696724,3.9253403547940873,11508.031384615384,0,1
32_Phoenix_City,20,40,402044,3,5000.0,10000.0,80.0,498.1080865384615,1766.4676923076922,1.7773673207441705,3.9253403547940873,10931.15923076923,0,2
32_Phoenix_City,20,40,402044,3,5000.0,10000.0,80.0,520.519735576923,1766.4676923076922,1.6405399055511634,3.9253403547940873,11055.57292307692,0,3
32_Phoenix_City,20,40,402044,3,5000.0,10000.0,80.0,497.8699519230769,1701.3723076923077,1.9999851558719344,6.232023685296185,11124.861538461537,0,4
32_Phoenix_City,20,40,402044,3,5000.0,25000.0,75.0,543.3525846153846,1719.8913846153846,1.8013654778506891,3.3527557522573237,10879.071999999998,0,0
32_Phoenix_City,20,40,402044,3,5000.0,25000.0,80.0,453.5333509615384,1719.8913846153846,1.6815372547764635,2.940917800869403,12012.468153846152,0,1
32_Phoenix_City,20,40,402044,3,5000.0,25000.0,85.0,531.4667058823529,1766.4676923076922,1.82395232647802,3.9253403547940873,13052.782769230773,0,2
32_Phoenix_City,20,40,402044,3,5000.0,25000.0,80.0,473.6320961538461,1766.4676923076922,1.6484723394639025,3.1193794253099427,11593.538,0,3
32_Phoenix_City,20,40,402044,3,5000.0,25000.0,85.0,575.9968687782805,1766.4676923076922,1.8256337054841425,3.858510125157611,12298.734307692306,0,4
32_Phoenix_City,20,40,402044,3,5000.0,50000.0,80.0,502.4320576923077,1719.8913846153846,1.850426285063,3.9253403547940873,10958.43046153846,0,0
32_Phoenix_City,20,40,402044,3,5000.0,50000.0,80.0,497.67293269230765,1766.4676923076922,1.8172330012284832,4.708160425817619,11786.55046153846,0,1
32_Phoenix_City,20,40,402044,3,5000.0,50000.0,80.0,468.33412980769225,1719.8913846153846,1.7764773274860493,3.3527557522573237,11350.44446153846,0,2
32_Phoenix_City,20,40,402044,3,5000.0,50000.0,90.0,599.3834743589744,1766.4676923076922,1.6790657964901516,3.3527557522573237,13446.580769230766,0,3
32_Phoenix_City,20,40,402044,3,5000.0,50000.0,80.0,556.1814423076924,1793.2409230769229,1.6421616045031937,3.1193794253099427,11377.358,0,4
32_Phoenix_City,20,40,402044,3,10000.0,20000.0,70.0,493.5400219780219,1719.8913846153846,1.5219904692114856,2.0963001568326707,8707.65446153846,0,0
32_Phoenix_City,20,40,402044,3,10000.0,20000.0,80.0,522.1101298076923,1662.1772307692308,1.8454182494875335,4.708160425817619,12013.173230769233,0,1
32_Phoenix_City,20,40,402044,3,10000.0,20000.0,80.0,501.37042788461537,1766.4676923076922,1.6357990271493663,2.629089243398066,11210.958923076923,0,2
32_Phoenix_City,20,40,402044,3,10000.0,20000.0,65.0,366.9228520710059,1719.8913846153846,1.6563299550917587,2.629089243398066,8880.01569230769,0,3
32_Phoenix_City,20,40,402044,3,10000.0,20000.0,85.0,616.3196334841629,1793.2409230769229,1.6782460645614503,3.1193794253099427,12171.590769230766,0,4
32_Phoenix_City,20,40,402044,3,10000.0,50000.0,85.0,526.348149321267,1766.4676923076922,1.8832799283355648,3.9253403547940873,12741.714769230772,0,0
32_Phoenix_City,20,40,402044,3,10000.0,50000.0,85.0,489.24545701357465,1766.4676923076922,1.7030768383779016,4.708160425817619,11825.912307692308,0,1
32_Phoenix_City,20,40,402044,3,10000.0,50000.0,70.0,383.2133846153846,1766.4676923076922,1.7127170635655016,2.629089243398066,9844.646769230769,0,2
32_Phoenix_City,20,40,402044,3,10000.0,50000.0,75.0,511.17894358974354,1766.4676923076922,1.715627006293959,3.1193794253099427,10677.459230769233,0,3
32_Phoenix_City,20,40,402044,3,10000.0,50000.0,85.0,484.7297692307692,1719.8913846153846,1.911503823471395,4.229948795107626,13177.605076923075,0,4
32_Phoenix_City,20,40,402044,3,10000.0,100000.0,75.0,390.6946564102564,1766.4676923076922,1.9322198167575275,6.232023685296185,10895.496769230767,0,0
32_Phoenix_City,20,40,402044,3,10000.0,100000.0,75.0,514.9523333333334,1662.1772307692308,1.753440367034334,4.708160425817619,10046.98969230769,0,1
32_Phoenix_City,20,40,402044,3,10000.0,100000.0,70.0,347.3871208791208,1766.4676923076922,1.7190532084208814,2.5584024989182046,10101.624,0,2
32_Phoenix_City,20,40,402044,3,10000.0,100000.0,75.0,384.3138205128205,1701.3723076923077,1.730996402888304,3.716279797919964,10096.398923076924,0,3
32_Phoenix_City,20,40,402044,3,10000.0,100000.0,75.0,431.70881025641023,1766.4676923076922,1.86543286309838,4.708160425817619,11542.32369230769,0,4
32_Phoenix_City,20,40,402044,3,20000.0,40000.0,85.0,542.3737963800905,1719.8913846153846,1.8013644535140965,3.9253403547940873,12438.076153846156,0,0
32_Phoenix_City,20,40,402044,3,20000.0,40000.0,85.0,545.0265022624435,1766.4676923076922,1.8043009380902597,3.9253403547940873,12469.378769230769,0,1
32_Phoenix_City,20,40,402044,3,20000.0,40000.0,80.0,537.3783076923077,1719.8913846153846,1.7412346553175555,3.1915515169170634,11536.158153846152,0,2
32_Phoenix_City,20,40,402044,3,20000.0,40000.0,80.0,507.82980769230767,1766.4676923076922,1.577131452995225,2.3949236597298467,10909.457076923074,0,3
32_Phoenix_City,20,40,402044,3,20000.0,40000.0,85.0,519.4446018099546,1683.4138461538462,1.9171686077926728,6.232023685296185,12285.790923076924,0,4
32_Phoenix_City,20,40,402044,3,20000.0,100000.0,70.0,416.1748516483517,1766.4676923076922,1.6069549390382087,2.629089243398066,9473.997230769231,0,0
32_Phoenix_City,20,40,402044,3,20000.0,100000.0,75.0,398.7027948717949,1662.1772307692308,1.5830958863184177,2.2621979875757527,9900.194923076922,0,1
32_Phoenix_City,20,40,402044,3,20000.0,100000.0,75.0,427.5842307692308,1766.4676923076922,1.620901860928733,2.629089243398066,10471.97123076923,0,2
32_Phoenix_City,20,40,402044,3,20000.0,100000.0,75.0,386.7540974358975,1766.4676923076922,1.778729319778434,4.708160425817619,10913.947538461538,0,3
32_Phoenix_City,20,40,402044,3,20000.0,100000.0,80.0,468.6420144230769,1793.2409230769229,1.7090787390382816,2.882731284286136,11796.379846153846,0,4
32_Phoenix_City,20,40,402044,3,20000.0,200000.0,75.0,495.74760512820507,1719.8913846153846,1.8093036085629817,4.708160425817619,10068.222923076924,0,0
32_Phoenix_City,20,40,402044,3,20000.0,200000.0,70.0,447.16436263736256,1766.4676923076922,1.7989525478047554,3.0337154629394845,9879.422615384614,0,1
32_Phoenix_City,20,40,402044,3,20000.0,200000.0,80.0,471.4439663461538,1766.4676923076922,1.5957354453878418,2.552840113366237,10698.751384615383,0,2
32_Phoenix_City,20,40,402044,3,20000.0,200000.0,70.0,354.248445054945,1724.6695384615382,1.7056570949739196,3.9253403547940873,9410.084461538465,0,3
32_Phoenix_City,20,40,402044,3,20000.0,200000.0,80.0,532.4140625,1751.6203076923075,1.620549910787087,3.3527557522573237,10856.911384615383,0,4
32_Phoenix_City,20,40,402044,3,40000.0,80000.0,80.0,538.0379951923077,1766.4676923076922,1.7675842940397728,3.9253403547940873,11279.532461538456,0,0
32_Phoenix_City,20,40,402044,3,40000.0,80000.0,85.0,454.467443438914,1766.4676923076922,1.7155955833253436,3.9253403547940873,11702.36369230769,0,1
32_Phoenix_City,20,40,402044,3,40000.0,80000.0,75.0,418.0289384615384,1607.4212307692303,1.7663734651452667,3.9253403547940873,11589.767384615385,0,2
32_Phoenix_City,20,40,402044,3,40000.0,80000.0,70.0,480.2955549450549,1724.6695384615382,1.8772191001039669,3.3527557522573237,9812.725538461536,0,3
32_Phoenix_City,20,40,402044,3,40000.0,80000.0,80.0,414.2671490384615,1719.8913846153846,1.922159628948665,3.3527557522573237,11624.454461538462,0,4
32_Phoenix_City,20,40,402044,3,40000.0,200000.0,80.0,395.6982019230769,1662.1772307692308,1.7717565525850487,4.708160425817619,11182.565230769227,0,0
32_Phoenix_City,20,40,402044,3,40000.0,200000.0,75.0,462.7582769230768,1766.4676923076922,1.646382785533265,2.629089243398066,10416.735999999995,0,1
32_Phoenix_City,20,40,402044,3,40000.0,200000.0,80.0,399.1378990384615,1766.4676923076922,1.835136972396386,6.232023685296185,11865.705692307693,0,2
32_Phoenix_City,20,40,402044,3,40000.0,200000.0,80.0,506.1755721153846,1766.4676923076922,1.7633077867740172,3.1193794253099427,11242.73753846154,0,3
32_Phoenix_City,20,40,402044,3,40000.0,200000.0,75.0,425.0606974358974,1766.4676923076922,1.7624426067579984,2.629089243398066,10702.882769230768,0,4
32_Phoenix_City,20,40,402044,3,40000.0,400000.0,80.0,499.7747932692308,1766.4676923076922,1.789970355033378,4.708160425817619,12369.27153846154,0,0
32_Phoenix_City,20,40,402044,3,40000.0,400000.0,70.0,430.197021978022,1766.4676923076922,1.823358230005872,3.05890031077047,9518.685230769228,0,1
32_Phoenix_City,20,40,402044,3,40000.0,400000.0,85.0,595.9930678733031,1793.2409230769229,1.769699029540751,4.708160425817619,12468.599692307693,0,2
32_Phoenix_City,20,40,402044,3,40000.0,400000.0,80.0,490.6594711538461,1766.4676923076922,1.937433478931854,4.708160425817619,11734.731230769228,0,3
32_Phoenix_City,20,40,402044,3,40000.0,400000.0,80.0,387.986,1766.4676923076922,1.6573416226675417,2.5584024989182046,11373.865846153849,0,4
32_Phoenix_City,30,30,303042,1,2500.0,5000.0,96.66666666666669,484.0937241379311,1635.3129230769237,1.5897867868780908,3.1349797170565736,12453.533846153852,0,0
32_Phoenix_City,30,30,303042,1,2500.0,5000.0,96.66666666666669,470.6274111405836,1635.3129230769237,1.4313443432582649,2.0981980906745417,11855.560615384617,0,1
32_Phoenix_City,30,30,303042,1,2500.0,5000.0,96.66666666666669,420.78837135278513,1635.3129230769237,1.2939747319511925,2.0981980906745417,11298.928000000004,0,2
32_Phoenix_City,30,30,303042,1,2500.0,5000.0,96.66666666666669,281.57879575596814,1614.1913846153843,1.4246043373820048,2.61398585539418,11858.371692307694,0,3
32_Phoenix_City,30,30,303042,1,2500.0,5000.0,100.0,326.39490769230764,1756.642769230769,1.4637814271606169,2.9142380057486195,12422.44753846154,0,4
32_Phoenix_City,30,30,303042,1,2500.0,12500.0,96.66666666666669,463.2662228116711,1756.642769230769,1.4496102835886495,2.1545068650610477,12665.04153846154,0,0
32_Phoenix_City,30,30,303042,1,2500.0,12500.0,96.66666666666669,307.6602917771883,1614.1913846153843,1.593401425387722,4.27499389654304,12607.722307692313,0,1
32_Phoenix_City,30,30,303042,1,2500.0,12500.0,93.33333333333331,312.7544175824176,1614.1913846153843,1.3514815165953915,1.978000555885009,11322.456461538466,0,2
32_Phoenix_City,30,30,303042,1,2500.0,12500.0,100.0,412.2969538461538,1756.642769230769,1.3704364076673907,1.978000555885009,12484.648000000005,0,3
32_Phoenix_City,30,30,303042,1,2500.0,12500.0,96.66666666666669,467.8747639257295,1756.642769230769,1.354858002380547,1.6693497476831884,11969.952769230773,0,4
32_Phoenix_City,30,30,303042,1,2500.0,25000.0,100.0,252.39715384615383,1614.1913846153843,1.4289142496188458,2.61398585539418,11787.578461538464,0,0
32_Phoenix_City,30,30,303042,1,2500.0,25000.0,96.66666666666669,469.448100795756,1635.3129230769237,1.5571317551126211,2.632326961082324,13243.340307692308,0,1
32_Phoenix_City,30,30,303042,1,2500.0,25000.0,100.0,346.57985641025635,1614.1913846153843,1.4382998560952631,2.61398585539418,12320.08153846154,0,2
32_Phoenix_City,30,30,303042,1,2500.0,25000.0,96.66666666666669,494.6590557029178,1635.3129230769237,1.449470724357719,2.632326961082324,12778.279692307691,0,3
32_Phoenix_City,30,30,303042,1,2500.0,25000.0,96.66666666666669,490.2139098143236,1756.642769230769,1.4448989138598214,2.5383211713608897,12539.173384615386,0,4
32_Phoenix_City,30,30,303042,1,5000.0,10000.0,100.0,265.7519897435897,1756.642769230769,1.418047570870591,1.965182960398581,12720.920000000002,0,0
32_Phoenix_City,30,30,303042,1,5000.0,10000.0,96.66666666666669,466.9599045092838,1635.3129230769237,1.3405930665662666,1.7366188519410035,11971.11507692308,0,1
32_Phoenix_City,30,30,303042,1,5000.0,10000.0,93.33333333333331,350.30659340659344,1756.642769230769,1.414518673629232,2.61398585539418,11474.250923076926,0,2
32_Phoenix_City,30,30,303042,1,5000.0,10000.0,93.33333333333331,376.9190879120879,1614.1913846153843,1.385359918911552,2.0981980906745417,10698.474000000002,0,3
32_Phoenix_City,30,30,303042,1,5000.0,10000.0,96.66666666666669,288.32340053050393,1614.1913846153843,1.486191327839907,2.61398585539418,12546.63676923077,0,4
32_Phoenix_City,30,30,303042,1,5000.0,25000.0,96.66666666666669,408.466599469496,1614.1913846153843,1.4024334339028173,2.0981980906745417,12500.412615384615,0,0
32_Phoenix_City,30,30,303042,1,5000.0,25000.0,96.66666666666669,363.7522758620689,1756.642769230769,1.5326593316902022,2.55726111066463,11912.881692307692,0,1
32_Phoenix_City,30,30,303042,1,5000.0,25000.0,96.66666666666669,409.85918832891247,1635.3129230769237,1.4267581736273935,2.632326961082324,11832.056615384618,0,2
32_Phoenix_City,30,30,303042,1,5000.0,25000.0,93.33333333333331,358.0356923076924,1614.1913846153843,1.5125124054944878,2.61398585539418,11967.57384615385,0,3
32_Phoenix_City,30,30,303042,1,5000.0,25000.0,96.66666666666669,478.689724137931,1756.642769230769,1.4219432484702832,2.632326961082324,11950.067846153848,0,4
32_Phoenix_City,30,30,303042,1,5000.0,50000.0,100.0,464.8113487179488,1635.3129230769237,1.3380769663739476,2.632326961082324,11743.406153846156,0,0
32_Phoenix_City,30,30,303042,1,5000.0,50000.0,96.66666666666669,272.55892838196286,1614.1913846153843,1.5594685591271478,2.9142380057486195,12829.797846153848,0,1
32_Phoenix_City,30,30,303042,1,5000.0,50000.0,96.66666666666669,463.3648116710876,1635.3129230769237,1.5214151706592245,2.6355300588164816,12717.40030769231,0,2
32_Phoenix_City,30,30,303042,1,5000.0,50000.0,100.0,429.6870461538462,1756.642769230769,1.4452182368276298,2.362083423063217,12062.06630769231,0,3
32_Phoenix_City,30,30,303042,1,5000.0,50000.0,100.0,400.33973333333336,1756.642769230769,1.521520013324196,2.8334027782070845,13042.883076923075,0,4
32_Phoenix_City,30,30,303042,1,10000.0,20000.0,96.66666666666669,283.4300371352785,1614.1913846153843,1.38073983146776,2.0981980906745417,11806.076000000005,0,0
32_Phoenix_City,30,30,303042,1,10000.0,20000.0,96.66666666666669,362.3496763925729,1756.642769230769,1.6935172871474369,4.488118924176801,12701.219384615386,0,1
32_Phoenix_City,30,30,303042,1,10000.0,20000.0,93.33333333333331,403.8268186813187,1763.624307692308,1.4466725887029726,2.5023856477846667,11861.51861538462,0,2
32_Phoenix_City,30,30,303042,1,10000.0,20000.0,96.66666666666669,348.5874164456234,1756.642769230769,1.306765720329674,1.6693497476831884,11738.365846153849,0,3
32_Phoenix_City,30,30,303042,1,10000.0,20000.0,100.0,200.5288564102564,1614.1913846153843,1.4917728441625555,2.61398585539418,12663.728923076926,0,4
32_Phoenix_City,30,30,303042,1,10000.0,50000.0,93.33333333333331,291.7253901098901,1614.1913846153843,1.4827072115736166,2.61398585539418,11495.231384615385,0,0
32_Phoenix_City,30,30,303042,1,10000.0,50000.0,100.0,286.0828512820513,1614.1913846153843,1.6273066465850667,3.1349797170565736,13267.68276923077,0,1
32_Phoenix_City,30,30,303042,1,10000.0,50000.0,100.0,454.1306923076923,1756.642769230769,1.437583179362171,2.0981980906745417,12617.335692307695,0,2
32_Phoenix_City,30,30,303042,1,10000.0,50000.0,93.33333333333331,383.49236813186815,1763.624307692308,1.379163836464978,2.0981980906745417,11443.88830769231,0,3
32_Phoenix_City,30,30,303042,1,10000.0,50000.0,96.66666666666669,347.5726100795756,1756.642769230769,1.461635289960638,2.0981980906745417,12137.791384615388,0,4
32_Phoenix_City,30,30,303042,1,10000.0,100000.0,100.0,335.4268666666667,1614.1913846153843,1.427625107920684,2.61398585539418,12240.621230769237,0,0
32_Phoenix_City,30,30,303042,1,10000.0,100000.0,100.0,492.4723435897436,1635.3129230769237,1.3159814521287907,2.632326961082324,11509.564,0,1
32_Phoenix_City,30,30,303042,1,10000.0,100000.0,96.66666666666669,312.466801061008,1614.1913846153843,1.477741734600341,2.5819014635858824,12307.981692307692,0,2
32_Phoenix_City,30,30,303042,1,10000.0,100000.0,96.66666666666669,448.0916074270557,1756.642769230769,1.3761464138830075,2.55726111066463,11875.442461538463,0,3
32_Phoenix_City,30,30,303042,1,10000.0,100000.0,96.66666666666669,378.0502334217507,1635.3129230769237,1.320958388986333,1.9081138469229528,10904.846153846156,0,4
32_Phoenix_City,30,30,303042,1,20000.0,40000.0,96.66666666666669,401.4162281167109,1635.3129230769237,1.302482466943658,1.9939514693084963,11068.380923076926,0,0
32_Phoenix_City,30,30,303042,1,20000.0,40000.0,96.66666666666669,406.4366472148541,1756.642769230769,1.474074949818995,2.3285851173659573,12046.346461538464,0,1
32_Phoenix_City,30,30,303042,1,20000.0,40000.0,96.66666666666669,478.9356710875332,1756.642769230769,1.3990787343873414,1.9081138469229528,11716.722307692313,0,2
32_Phoenix_City,30,30,303042,1,20000.0,40000.0,100.0,421.3626205128205,1756.642769230769,1.505359900829936,2.381759512716857,12738.134307692311,0,3
32_Phoenix_City,30,30,303042,1,20000.0,40000.0,100.0,466.24826666666667,1756.642769230769,1.5083841890704457,2.632326961082324,12348.87907692308,0,4
32_Phoenix_City,30,30,303042,1,20000.0,100000.0,100.0,441.7076564102564,1756.642769230769,1.506836004046411,2.754295854507953,12107.105384615388,0,0
32_Phoenix_City,30,30,303042,1,20000.0,100000.0,93.33333333333331,396.15610989010986,1756.642769230769,1.3147841941861054,1.6693497476831884,10917.439692307697,0,1
32_Phoenix_City,30,30,303042,1,20000.0,100000.0,96.66666666666669,452.86007427055705,1756.642769230769,1.528013254123703,2.632326961082324,12724.109692307697,0,2
32_Phoenix_City,30,30,303042,1,20000.0,100000.0,96.66666666666669,495.04537931034486,1635.3129230769237,1.3715515589294425,2.632326961082324,11918.556923076923,0,3
32_Phoenix_City,30,30,303042,1,20000.0,100000.0,100.0,320.1528153846154,1756.642769230769,1.448228219848448,2.61398585539418,12475.621230769231,0,4
32_Phoenix_City,30,30,303042,1,20000.0,200000.0,93.33333333333331,335.1165054945055,1635.3129230769237,1.4049887218529429,2.61398585539418,11611.05507692308,0,0
32_Phoenix_City,30,30,303042,1,20000.0,200000.0,93.33333333333331,452.1737857142857,1635.3129230769237,1.4010434608022906,2.244470257047979,11608.549230769231,0,1
32_Phoenix_City,30,30,303042,1,20000.0,200000.0,96.66666666666669,290.5696127320955,1756.642769230769,1.5190506881192312,2.61398585539418,12875.119692307697,0,2
32_Phoenix_City,30,30,303042,1,20000.0,200000.0,96.66666666666669,407.2531246684351,1756.642769230769,1.441907605383462,2.632326961082324,12084.413230769234,0,3
32_Phoenix_City,30,30,303042,1,20000.0,200000.0,96.66666666666669,409.8211087533157,1635.3129230769237,1.3632627611731596,2.632326961082324,11583.85507692308,0,4
32_Phoenix_City,30,30,303042,1,40000.0,80000.0,96.66666666666669,282.4450291777188,1614.1913846153843,1.512574421723773,2.632326961082324,11823.712307692307,0,0
32_Phoenix_City,30,30,303042,1,40000.0,80000.0,93.33333333333331,353.3904835164835,1756.642769230769,1.4564035606289627,2.244470257047979,11740.223692307694,0,1
32_Phoenix_City,30,30,303042,1,40000.0,80000.0,96.66666666666669,361.0890557029178,1635.3129230769237,1.4823963523715928,2.632326961082324,11628.947692307693,0,2
32_Phoenix_City,30,30,303042,1,40000.0,80000.0,93.33333333333331,353.5992087912088,1756.642769230769,1.3782919656012345,2.5383211713608897,11514.326615384618,0,3
32_Phoenix_City,30,30,303042,1,40000.0,80000.0,100.0,531.7846153846154,1756.642769230769,1.3800095565686064,2.362083423063217,12110.828000000009,0,4
32_Phoenix_City,30,30,303042,1,40000.0,200000.0,96.66666666666669,561.3443129973475,1756.642769230769,1.4094609376609015,2.632326961082324,12174.958769230772,0,0
32_Phoenix_City,30,30,303042,1,40000.0,200000.0,96.66666666666669,331.5533103448276,1635.3129230769237,1.42830785785313,2.632326961082324,11916.469846153848,0,1
32_Phoenix_City,30,30,303042,1,40000.0,200000.0,96.66666666666669,387.4424190981432,1635.3129230769237,1.5370501889681054,3.1349797170565736,12537.70707692308,0,2
32_Phoenix_City,30,30,303042,1,40000.0,200000.0,100.0,422.6974974358975,1756.642769230769,1.4939217795161912,2.0981980906745417,13240.041846153848,0,3
32_Phoenix_City,30,30,303042,1,40000.0,200000.0,96.66666666666669,413.4066153846154,1635.3129230769237,1.4556066110836543,2.61398585539418,12466.888,0,4
32_Phoenix_City,30,30,303042,1,40000.0,400000.0,93.33333333333331,354.9485769230769,1635.3129230769237,1.3699000476895986,2.5383211713608897,11026.663692307697,0,0
32_Phoenix_City,30,30,303042,1,40000.0,400000.0,96.66666666666669,385.79409018567645,1756.642769230769,1.5181973300369649,2.632326961082324,12271.564615384616,0,1
32_Phoenix_City,30,30,303042,1,40000.0,400000.0,100.0,284.9972923076923,1614.1913846153843,1.4008398761559884,2.5383211713608897,11621.067692307694,0,2
32_Phoenix_City,30,30,303042,1,40000.0,400000.0,93.33333333333331,210.08141208791207,1756.642769230769,1.5161819334106426,3.033945720615161,11630.88953846154,0,3
32_Phoenix_City,30,30,303042,1,40000.0,400000.0,90.0,431.1806438746439,1614.1913846153843,1.4250347322451655,2.3285851173659573,10902.542923076924,0,4
32_Phoenix_City,30,30,303043,2,2500.0,5000.0,100.0,413.4856923076922,1752.1021538461537,1.5833782070504645,3.130373154700657,10789.728461538463,0,0
32_Phoenix_City,30,30,303043,2,2500.0,5000.0,96.66666666666669,517.6241273209548,1752.1021538461537,1.867646923461344,7.46454857574835,10516.449076923078,0,1
32_Phoenix_City,30,30,303043,2,2500.0,5000.0,96.66666666666669,414.5137931034482,1752.1021538461537,1.4107001749941286,2.163775871935046,10018.56076923077,0,2
32_Phoenix_City,30,30,303043,2,2500.0,5000.0,96.66666666666669,538.5332307692307,1757.9203076923068,2.117300893451776,11.376289131163691,9459.437076923075,0,3
32_Phoenix_City,30,30,303043,2,2500.0,5000.0,96.66666666666669,560.807724137931,1773.2224615384612,1.964857941591586,7.46454857574835,11069.341692307697,0,4
32_Phoenix_City,30,30,303043,2,2500.0,12500.0,93.33333333333331,570.9696483516483,1783.2547692307694,1.7221527902453138,6.044330871071641,9299.264307692309,0,0
32_Phoenix_City,30,30,303043,2,2500.0,12500.0,96.66666666666669,560.1812095490716,1783.2547692307694,1.8701006227207508,6.044330871071641,10387.980615384617,0,1
32_Phoenix_City,30,30,303043,2,2500.0,12500.0,96.66666666666669,417.4910079575597,1752.1021538461537,1.5748532955755636,3.130373154700657,10082.220769230767,0,2
32_Phoenix_City,30,30,303043,2,2500.0,12500.0,100.0,498.45992820512816,1773.2224615384612,1.869557371942772,7.46454857574835,10988.077076923077,0,3
32_Phoenix_City,30,30,303043,2,2500.0,12500.0,100.0,610.8854205128205,1773.2224615384612,2.041223562109968,7.46454857574835,11969.311538461538,0,4
32_Phoenix_City,30,30,303043,2,2500.0,25000.0,100.0,592.1609333333332,1752.1021538461537,1.845175173561564,7.46454857574835,10051.437846153847,0,0
32_Phoenix_City,30,30,303043,2,2500.0,25000.0,93.33333333333331,473.6497472527472,1695.8172307692307,2.3020158847481307,12.974307823147106,10412.742923076925,0,1
32_Phoenix_City,30,30,303043,2,2500.0,25000.0,93.33333333333331,326.32287912087907,1717.5156923076922,1.619447060718893,3.060747885208318,10413.24076923077,0,2
32_Phoenix_City,30,30,303043,2,2500.0,25000.0,96.66666666666669,519.2294323607426,1752.1021538461537,1.6358429283175222,3.130373154700657,10365.810153846152,0,3
32_Phoenix_City,30,30,303043,2,2500.0,25000.0,93.33333333333331,523.9664835164834,1752.1021538461537,1.5628120818807243,3.060747885208318,9745.881384615388,0,4
32_Phoenix_City,30,30,303043,2,5000.0,10000.0,93.33333333333331,558.6271538461539,1531.9827692307697,1.939776938867791,6.831800770176489,10136.012615384616,0,0
32_Phoenix_City,30,30,303043,2,5000.0,10000.0,100.0,519.5393948717949,1773.2224615384612,1.9736633757527848,7.46454857574835,11771.113384615386,0,1
32_Phoenix_City,30,30,303043,2,5000.0,10000.0,100.0,382.01217435897433,1574.4043076923076,1.5960966326322126,2.627317749603804,11317.108153846157,0,2
32_Phoenix_City,30,30,303043,2,5000.0,10000.0,96.66666666666669,502.1638567639257,1522.3172307692307,1.7431673881327436,6.044330871071641,10176.63030769231,0,3
32_Phoenix_City,30,30,303043,2,5000.0,10000.0,96.66666666666669,576.6526153846154,1767.2593846153843,2.2249551597404587,11.376289131163691,11264.685076923077,0,4
32_Phoenix_City,30,30,303043,2,5000.0,25000.0,93.33333333333331,450.4218131868132,1654.218769230769,2.2557714342875475,11.15932929454133,10058.524923076922,0,0
32_Phoenix_City,30,30,303043,2,5000.0,25000.0,100.0,471.8922307692308,1649.2733846153842,1.785885687256132,6.044330871071641,10677.183846153846,0,1
32_Phoenix_City,30,30,303043,2,5000.0,25000.0,96.66666666666669,425.2801114058355,1752.1021538461537,1.7269562741499738,4.44481115963035,10418.41061538462,0,2
32_Phoenix_City,30,30,303043,2,5000.0,25000.0,96.66666666666669,508.3853262599469,1752.1021538461537,1.4628384929413925,3.060747885208318,9854.124307692307,0,3
32_Phoenix_City,30,30,303043,2,5000.0,25000.0,96.66666666666669,581.349676392573,1752.1021538461537,1.8207315970702376,6.044330871071641,9870.221692307692,0,4
32_Phoenix_City,30,30,303043,2,5000.0,50000.0,93.33333333333331,404.2745714285714,1695.8172307692307,1.6852341515993972,3.130373154700657,10147.034,0,0
32_Phoenix_City,30,30,303043,2,5000.0,50000.0,96.66666666666669,506.2195384615384,1752.1021538461537,1.5491066302351053,2.877627542324735,10777.448153846157,0,1
32_Phoenix_City,30,30,303043,2,5000.0,50000.0,96.66666666666669,472.0432360742705,1752.1021538461537,2.26887143169295,12.974307823147106,10567.208153846155,0,2
32_Phoenix_City,30,30,303043,2,5000.0,50000.0,100.0,525.4059794871795,1773.2224615384612,1.6404622123738035,3.350906112849373,10554.444153846152,0,3
32_Phoenix_City,30,30,303043,2,5000.0,50000.0,96.66666666666669,495.8988328912466,1773.2224615384612,1.8449918047846008,7.46454857574835,10784.801692307694,0,4
32_Phoenix_City,30,30,303043,2,10000.0,20000.0,96.66666666666669,428.26395755968167,1752.1021538461537,1.6621602702259226,3.130373154700657,10421.568153846154,0,0
32_Phoenix_City,30,30,303043,2,10000.0,20000.0,100.0,409.01264102564096,1783.2547692307694,1.5278928180370472,3.060747885208318,10144.43076923077,0,1
32_Phoenix_City,30,30,303043,2,10000.0,20000.0,100.0,511.6087794871794,1752.1021538461537,2.080936905714963,9.619880307664166,11113.785384615385,0,2
32_Phoenix_City,30,30,303043,2,10000.0,20000.0,100.0,485.72377948717934,1752.1021538461537,1.6290144518121186,3.130373154700657,11007.606307692306,0,3
32_Phoenix_City,30,30,303043,2,10000.0,20000.0,96.66666666666669,619.5336710875331,1717.5156923076922,1.6372162415702998,3.130373154700657,10393.397230769231,0,4
32_Phoenix_City,30,30,303043,2,10000.0,50000.0,96.66666666666669,555.9860477453581,1773.2224615384612,1.7787620926902137,7.46454857574835,10592.301692307694,0,0
32_Phoenix_City,30,30,303043,2,10000.0,50000.0,93.33333333333331,492.1816153846153,1752.1021538461537,2.373605625744634,12.974307823147106,9839.888769230767,0,1
32_Phoenix_City,30,30,303043,2,10000.0,50000.0,96.66666666666669,468.97893368700255,1695.8172307692307,1.807268888484902,4.44481115963035,10595.30230769231,0,2
32_Phoenix_City,30,30,303043,2,10000.0,50000.0,96.66666666666669,538.2443819628646,1773.2224615384612,1.7743197175600287,7.46454857574835,10070.309230769231,0,3
32_Phoenix_City,30,30,303043,2,10000.0,50000.0,93.33333333333331,427.87135164835166,1695.8172307692307,2.145186345129763,12.974307823147106,10058.911846153846,0,4
32_Phoenix_City,30,30,303043,2,10000.0,100000.0,100.0,512.0826512820512,1752.1021538461537,1.5874251855590489,2.341950607501321,11267.92753846154,0,0
32_Phoenix_City,30,30,303043,2,10000.0,100000.0,96.66666666666669,390.5731883289124,1752.1021538461537,1.5063258183635932,3.060747885208318,10706.033384615384,0,1
32_Phoenix_City,30,30,303043,2,10000.0,100000.0,100.0,567.3677282051282,1752.1021538461537,1.8077630916537475,6.044330871071641,11303.427846153849,0,2
32_Phoenix_City,30,30,303043,2,10000.0,100000.0,96.66666666666669,495.252100795756,1717.5156923076922,8587.389243453172,137374.99999999997,10008.960923076922,0,3
32_Phoenix_City,30,30,303043,2,10000.0,100000.0,96.66666666666669,570.7108328912466,1783.2547692307694,1.489604087125191,2.5692640242761837,9401.963076923075,0,4
32_Phoenix_City,30,30,303043,2,20000.0,40000.0,100.0,552.081358974359,1773.2224615384612,1.5000878656426355,3.130373154700657,9700.096769230768,0,0
32_Phoenix_City,30,30,303043,2,20000.0,40000.0,96.66666666666669,494.54094429708215,1495.936923076923,1.7921107122926063,6.044330871071641,10260.157230769231,0,1
32_Phoenix_City,30,30,303043,2,20000.0,40000.0,100.0,533.457723076923,1752.1021538461537,1.7297623941016187,6.044330871071641,10434.531538461535,0,2
32_Phoenix_City,30,30,303043,2,20000.0,40000.0,93.33333333333331,513.5684010989011,1752.1021538461537,1.544029910596178,2.341950607501321,10331.858307692308,0,3
32_Phoenix_City,30,30,303043,2,20000.0,40000.0,96.66666666666669,411.458599469496,1783.2547692307694,1.4870255984146936,3.060747885208318,9091.496,0,4
32_Phoenix_City,30,30,303043,2,20000.0,100000.0,93.33333333333331,468.3027967032966,1783.2547692307694,1.5066677615450736,3.130373154700657,9363.439076923078,0,0
32_Phoenix_City,30,30,303043,2,20000.0,100000.0,96.66666666666669,388.1412095490716,1654.218769230769,1.603241300005402,3.130373154700657,10722.354615384616,0,1
32_Phoenix_City,30,30,303043,2,20000.0,100000.0,96.66666666666669,548.055649867374,1752.1021538461537,1.5249838949501804,3.060747885208318,10200.635384615389,0,2
32_Phoenix_City,30,30,303043,2,20000.0,100000.0,100.0,533.9930923076923,1752.1021538461537,1.751520511304019,6.044330871071641,10517.086,0,3
32_Phoenix_City,30,30,303043,2,20000.0,100000.0,100.0,462.8868307692308,1752.1021538461537,2.1039257580455,12.974307823147106,10225.988307692309,0,4
32_Phoenix_City,30,30,303043,2,20000.0,200000.0,93.33333333333331,447.95404945054935,1717.5156923076922,1.7363325683114963,6.044330871071641,10013.083846153848,0,0
32_Phoenix_City,30,30,303043,2,20000.0,200000.0,100.0,527.2348461538461,1695.8172307692307,2.166686921650701,11.376289131163691,10947.926,0,1
32_Phoenix_City,30,30,303043,2,20000.0,200000.0,100.0,483.1978666666666,1752.1021538461537,1.5673010307118438,3.130373154700657,10841.968461538465,0,2
32_Phoenix_City,30,30,303043,2,20000.0,200000.0,93.33333333333331,469.6859670329669,1695.8172307692307,2.238626055590716,11.376289131163691,10537.633999999998,0,3
32_Phoenix_City,30,30,303043,2,20000.0,200000.0,93.33333333333331,406.920021978022,1695.8172307692307,8587.31086383859,137374.99999999997,9824.219230769231,0,4
32_Phoenix_City,30,30,303043,2,40000.0,80000.0,100.0,511.11904102564097,1752.1021538461537,1.583240988234672,3.130373154700657,10413.619538461538,0,0
32_Phoenix_City,30,30,303043,2,40000.0,80000.0,100.0,493.5255948717949,1695.8172307692307,2.13935804831095,11.376289131163691,11516.87953846154,0,1
32_Phoenix_City,30,30,303043,2,40000.0,80000.0,93.33333333333331,550.6978956043955,1773.2224615384612,1.573873194338998,3.130373154700657,9994.774,0,2
32_Phoenix_City,30,30,303043,2,40000.0,80000.0,93.33333333333331,526.2912142857142,1773.2224615384612,1.9614878567113103,7.46454857574835,10970.948461538464,0,3
32_Phoenix_City,30,30,303043,2,40000.0,80000.0,100.0,382.2480615384615,1695.8172307692307,1.5807118551192434,3.060747885208318,11411.051846153849,0,4
32_Phoenix_City,30,30,303043,2,40000.0,200000.0,96.66666666666669,530.0613580901856,1752.1021538461537,1.7836092145943163,6.044330871071641,10040.470923076924,0,0
32_Phoenix_City,30,30,303043,2,40000.0,200000.0,100.0,518.2992512820513,1752.1021538461537,1.8924690315748527,6.044330871071641,11762.054,0,1
32_Phoenix_City,30,30,303043,2,40000.0,200000.0,100.0,419.5536923076923,1752.1021538461537,2.1373918210762057,12.974307823147106,10590.381384615384,0,2
32_Phoenix_City,30,30,303043,2,40000.0,200000.0,100.0,538.6281435897436,1752.1021538461537,1.9450160777119512,7.46454857574835,11073.713846153849,0,3
32_Phoenix_City,30,30,303043,2,40000.0,200000.0,96.66666666666669,478.5272891246684,1463.3147692307691,1.8440380015036888,7.46454857574835,9908.772,0,4
32_Phoenix_City,30,30,303043,2,40000.0,400000.0,100.0,583.1643948717949,1752.1021538461537,1.5970352568439012,3.060747885208318,11026.213230769232,0,0
32_Phoenix_City,30,30,303043,2,40000.0,400000.0,100.0,442.2111384615384,1695.8172307692307,1.8981865210875848,7.46454857574835,11140.26076923077,0,1
32_Phoenix_City,30,30,303043,2,40000.0,400000.0,100.0,507.55413333333325,1752.1021538461537,1.8070049400772557,7.46454857574835,11075.565076923078,0,2
32_Phoenix_City,30,30,303043,2,40000.0,400000.0,100.0,594.6406564102564,1773.2224615384612,1.9861568895797448,6.044330871071641,11956.523846153848,0,3
32_Phoenix_City,30,30,303043,2,40000.0,400000.0,100.0,515.7471384615384,1752.1021538461537,1.8603458084140585,7.46454857574835,10233.07846153846,0,4
32_Phoenix_City,30,30,303044,3,2500.0,5000.0,96.66666666666669,492.0911777188329,1669.8473846153847,1.4804168307580212,2.2146672708620607,10484.381384615384,0,0
32_Phoenix_City,30,30,303044,3,2500.0,5000.0,96.66666666666669,412.0610026525199,1692.0027692307683,1.4761215909764438,2.1422282556838392,10016.914615384618,0,1
32_Phoenix_City,30,30,303044,3,2500.0,5000.0,96.66666666666669,437.98023342175065,1757.473846153846,1.5534064786199913,2.1422282556838392,10789.40230769231,0,2
32_Phoenix_City,30,30,303044,3,2500.0,5000.0,93.33333333333331,515.720532967033,1657.9178461538463,1.447214406846326,2.3904796862768607,10077.024615384616,0,3
32_Phoenix_City,30,30,303044,3,2500.0,5000.0,100.0,458.5589128205129,1682.956923076923,1.4836778779290316,2.378078482755833,10507.09246153846,0,4
32_Phoenix_City,30,30,303044,3,2500.0,12500.0,96.66666666666669,383.4794005305041,1682.956923076923,1.524470056076704,2.353071765398958,10297.967692307691,0,0
32_Phoenix_City,30,30,303044,3,2500.0,12500.0,96.66666666666669,378.44683819628654,1696.632,1.4511592329824972,2.066137680658457,10164.060923076924,0,1
32_Phoenix_City,30,30,303044,3,2500.0,12500.0,100.0,469.0487435897436,1757.473846153846,1.475884172522164,2.4193342284365023,10671.14,0,2
32_Phoenix_City,30,30,303044,3,2500.0,12500.0,96.66666666666669,448.8910716180372,1657.9178461538463,1.486755429947042,2.3904796862768607,10200.926769230771,0,3
32_Phoenix_City,30,30,303044,3,2500.0,12500.0,100.0,510.29715897435904,1799.5793846153847,1.489037627229865,2.343768336984348,10409.761384615384,0,4
32_Phoenix_City,30,30,303044,3,2500.0,25000.0,93.33333333333331,479.20496703296703,1783.0984615384623,1.392394332340711,2.353071765398958,9591.463076923075,0,0
32_Phoenix_City,30,30,303044,3,2500.0,25000.0,96.66666666666669,402.2707639257295,1665.2750769230763,1.4231306071136496,2.3327929555040563,10039.74476923077,0,1
32_Phoenix_City,30,30,303044,3,2500.0,25000.0,96.66666666666669,451.42371883289127,1669.8473846153847,1.5459529949652084,2.666061907941207,10459.321230769232,0,2
32_Phoenix_City,30,30,303044,3,2500.0,25000.0,100.0,403.1344923076923,1669.8473846153847,1.612095228811957,2.357539612683122,10844.256153846156,0,3
32_Phoenix_City,30,30,303044,3,2500.0,25000.0,96.66666666666669,371.5734801061008,1669.8473846153847,1.4519645985754912,2.066137680658457,9902.65276923077,0,4
32_Phoenix_City,30,30,303044,3,5000.0,10000.0,96.66666666666669,479.25778779840846,1682.956923076923,1.4788928023741283,2.143027008663156,10190.980615384617,0,0
32_Phoenix_City,30,30,303044,3,5000.0,10000.0,100.0,366.028441025641,1768.7744615384613,1.6745097175661712,2.666061907941207,11232.077384615386,0,1
32_Phoenix_City,30,30,303044,3,5000.0,10000.0,93.33333333333331,388.4669285714286,1669.8473846153847,1.474563796036297,2.357539612683122,10176.178461538462,0,2
32_Phoenix_City,30,30,303044,3,5000.0,10000.0,96.66666666666669,425.18090716180376,1669.8473846153847,1.6379372198070603,2.9692161674151585,10755.421538461538,0,3
32_Phoenix_City,30,30,303044,3,5000.0,10000.0,100.0,433.8216820512821,1657.9178461538463,1.5047509858898618,2.5304845377019265,10206.241538461538,0,4
32_Phoenix_City,30,30,303044,3,5000.0,25000.0,96.66666666666669,423.3910716180372,1669.8473846153847,1.367344222842921,2.3904796862768607,9947.084153846154,0,0
32_Phoenix_City,30,30,303044,3,5000.0,25000.0,96.66666666666669,359.20665782493364,1381.576,1.5267613025757438,2.3904796862768607,10805.373384615386,0,1
32_Phoenix_City,30,30,303044,3,5000.0,25000.0,93.33333333333331,462.7267307692308,1669.8473846153847,1.4092882234123068,1.8517817170176327,9546.591846153846,0,2
32_Phoenix_City,30,30,303044,3,5000.0,25000.0,96.66666666666669,481.0026047745358,1657.9178461538463,1.4817850480340204,2.3904796862768607,10363.33969230769,0,3
32_Phoenix_City,30,30,303044,3,5000.0,25000.0,96.66666666666669,494.9592201591512,1681.3147692307691,1.5725977108835187,2.183755403130668,10796.094923076924,0,4
32_Phoenix_City,30,30,303044,3,5000.0,50000.0,100.0,465.1401282051282,1669.8473846153847,1.431787992224374,2.066137680658457,10408.872615384616,0,0
32_Phoenix_City,30,30,303044,3,5000.0,50000.0,100.0,529.7760256410257,1757.473846153846,1.5888059706545978,2.944067099443403,10725.990923076924,0,1
32_Phoenix_City,30,30,303044,3,5000.0,50000.0,96.66666666666669,437.7578143236074,1604.4455384615385,1.3007626765544036,2.044154765960855,9563.246769230767,0,2
32_Phoenix_City,30,30,303044,3,5000.0,50000.0,100.0,458.70673846153846,1669.8473846153847,1.6138205234869556,2.3904796862768607,10797.722307692306,0,3
32_Phoenix_City,30,30,303044,3,5000.0,50000.0,100.0,478.75481538461537,1757.473846153846,1.4574450925814817,2.093697158340274,10376.06723076923,0,4
32_Phoenix_City,30,30,303044,3,10000.0,20000.0,100.0,389.96361538461537,1669.8473846153847,1.5108959225502427,1.977556397121788,10816.28169230769,0,0
32_Phoenix_City,30,30,303044,3,10000.0,20000.0,96.66666666666669,373.4743395225464,1669.8473846153847,1.5506629252166348,2.183755403130668,10434.814000000002,0,1
32_Phoenix_City,30,30,303044,3,10000.0,20000.0,100.0,322.24463076923075,1669.8473846153847,1.6769971440589448,3.652496473051394,11393.88876923077,0,2
32_Phoenix_City,30,30,303044,3,10000.0,20000.0,96.66666666666669,349.885151193634,1669.8473846153847,1.5286462001646115,2.3904796862768607,10868.212153846156,0,3
32_Phoenix_City,30,30,303044,3,10000.0,20000.0,96.66666666666669,489.10661538461545,1669.8473846153847,1.4591791126280254,2.2146672708620607,10103.28246153846,0,4
32_Phoenix_City,30,30,303044,3,10000.0,50000.0,96.66666666666669,411.4647055702918,1768.7744615384613,1.5319510154736196,2.3904796862768607,10144.661846153847,0,0
32_Phoenix_City,30,30,303044,3,10000.0,50000.0,100.0,460.86735897435904,1583.5079999999998,1.4875128016950818,2.2348599976871686,10622.82276923077,0,1
32_Phoenix_City,30,30,303044,3,10000.0,50000.0,93.33333333333331,368.507456043956,1669.8473846153847,1.5471578007091915,1.976415273773024,10399.892615384617,0,2
32_Phoenix_City,30,30,303044,3,10000.0,50000.0,96.66666666666669,391.701400530504,1682.956923076923,1.4076066827097613,2.070377916172972,9892.835230769231,0,3
32_Phoenix_City,30,30,303044,3,10000.0,50000.0,96.66666666666669,312.5919734748011,1669.8473846153847,1.5155719632035418,2.3904796862768607,10236.645076923078,0,4
32_Phoenix_City,30,30,303044,3,10000.0,100000.0,93.33333333333331,367.6056538461538,1757.473846153846,1.4941943690891617,1.9278324245027727,10395.416615384614,0,0
32_Phoenix_City,30,30,303044,3,10000.0,100000.0,96.66666666666669,356.45321485411137,1604.4455384615385,1.430042293117841,2.357539612683122,9877.163846153848,0,1
32_Phoenix_City,30,30,303044,3,10000.0,100000.0,96.66666666666669,442.4996445623342,1657.9178461538463,1.673184552105891,2.357539612683122,11352.393846153846,0,2
32_Phoenix_City,30,30,303044,3,10000.0,100000.0,96.66666666666669,398.5544668435013,1757.473846153846,1.4872968665375867,2.044154765960855,9427.985538461538,0,3
32_Phoenix_City,30,30,303044,3,10000.0,100000.0,100.0,474.5839384615385,1669.8473846153847,1.4097055096066895,2.1202587561638477,10667.814153846151,0,4
32_Phoenix_City,30,30,303044,3,20000.0,40000.0,93.33333333333331,344.6937637362638,1657.9178461538463,1.6021538690936388,2.666061907941207,10061.442307692309,0,0
32_Phoenix_City,30,30,303044,3,20000.0,40000.0,100.0,497.30847692307697,1682.956923076923,1.695662303757904,4.87369536977588,10754.211538461535,0,1
32_Phoenix_City,30,30,303044,3,20000.0,40000.0,96.66666666666669,439.3172042440318,1692.0027692307683,1.5530212644285883,2.357539612683122,10318.36046153846,0,2
32_Phoenix_City,30,30,303044,3,20000.0,40000.0,93.33333333333331,459.46797252747257,1665.2750769230763,1.4218939169503828,1.8517817170176327,9709.692307692309,0,3
32_Phoenix_City,30,30,303044,3,20000.0,40000.0,96.66666666666669,504.68761273209554,1669.8473846153847,1.4814301152923737,2.3904796862768607,10389.665076923078,0,4
32_Phoenix_City,30,30,303044,3,20000.0,100000.0,96.66666666666669,379.26065251989394,1703.7852307692306,1.4370800640211168,2.3642851929879187,10113.378769230769,0,0
32_Phoenix_City,30,30,303044,3,20000.0,100000.0,96.66666666666669,428.2475437665783,1696.632,1.567066805692827,2.378078482755833,10307.623846153849,0,1
32_Phoenix_City,30,30,303044,3,20000.0,100000.0,96.66666666666669,508.798976127321,1669.8473846153847,1.5379921226198063,2.353071765398958,10525.057538461537,0,2
32_Phoenix_City,30,30,303044,3,20000.0,100000.0,100.0,447.6454871794873,1669.8473846153847,1.5524714659794168,2.357539612683122,10552.696461538462,0,3
32_Phoenix_City,30,30,303044,3,20000.0,100000.0,96.66666666666669,399.0333952254642,1445.5243076923075,1.5567617608638324,2.353071765398958,9992.083538461542,0,4
32_Phoenix_City,30,30,303044,3,20000.0,200000.0,96.66666666666669,448.8927904509284,1768.7744615384613,1.5642222947961542,2.3904796862768607,10359.655692307697,0,0
32_Phoenix_City,30,30,303044,3,20000.0,200000.0,96.66666666666669,420.1963554376658,1669.8473846153847,1.3933367380292605,2.357539612683122,9740.761846153848,0,1
32_Phoenix_City,30,30,303044,3,20000.0,200000.0,100.0,462.94905128205136,1669.8473846153847,1.4451903608230934,2.134306946005218,10168.582,0,2
32_Phoenix_City,30,30,303044,3,20000.0,200000.0,96.66666666666669,354.82454641909817,1768.7744615384613,1.375663079958255,2.066137680658457,9194.076000000005,0,3
32_Phoenix_City,30,30,303044,3,20000.0,200000.0,96.66666666666669,326.810901856764,1682.956923076923,1.3182806025166047,1.9066239159360787,9612.044461538462,0,4
32_Phoenix_City,30,30,303044,3,40000.0,80000.0,96.66666666666669,441.9466684350133,1657.9178461538463,1.447858557086431,2.066137680658457,10317.296923076923,0,0
32_Phoenix_City,30,30,303044,3,40000.0,80000.0,96.66666666666669,442.28871618037135,1657.9178461538463,1.4442506411162217,2.3904796862768607,10405.490769230772,0,1
32_Phoenix_City,30,30,303044,3,40000.0,80000.0,96.66666666666669,467.8859681697613,1681.3147692307691,1.393482220373694,2.3904796862768607,9601.967846153846,0,2
32_Phoenix_City,30,30,303044,3,40000.0,80000.0,100.0,375.37650769230765,1669.8473846153847,1.6442385688037855,2.3904796862768607,11594.730769230771,0,3
32_Phoenix_City,30,30,303044,3,40000.0,80000.0,93.33333333333331,330.60831868131874,1669.8473846153847,1.459520566860102,2.353071765398958,9388.516615384617,0,4
32_Phoenix_City,30,30,303044,3,40000.0,200000.0,100.0,529.5119846153847,1669.8473846153847,1.4269319314264743,1.9278324245027727,10052.633846153847,0,0
32_Phoenix_City,30,30,303044,3,40000.0,200000.0,100.0,476.4325692307692,1669.8473846153847,1.5192215344061215,2.357539612683122,10584.45307692308,0,1
32_Phoenix_City,30,30,303044,3,40000.0,200000.0,100.0,320.3427948717948,1669.8473846153847,1.5170437435841826,2.3904796862768607,10475.139230769231,0,2
32_Phoenix_City,30,30,303044,3,40000.0,200000.0,100.0,363.06702564102574,1696.632,1.5826293834112592,2.3904796862768607,11175.635384615389,0,3
32_Phoenix_City,30,30,303044,3,40000.0,200000.0,100.0,244.2345487179487,1236.4932307692306,1.5282553448924674,2.3904796862768607,11079.137846153846,0,4
32_Phoenix_City,30,30,303044,3,40000.0,400000.0,96.66666666666669,439.3390503978781,1669.8473846153847,1.698347692585867,2.353071765398958,11718.040923076924,0,0
32_Phoenix_City,30,30,303044,3,40000.0,400000.0,96.66666666666669,427.9228381962864,1757.473846153846,1.4097267720884237,2.1310943790872168,9871.976153846155,0,1
32_Phoenix_City,30,30,303044,3,40000.0,400000.0,100.0,410.80876410256417,1550.2996923076926,1.4211092920672137,2.00789938749583,10005.756153846156,0,2
32_Phoenix_City,30,30,303044,3,40000.0,400000.0,96.66666666666669,382.6294801061008,1689.3476923076923,1.590190669887963,2.998190772101077,10255.212153846156,0,3
32_Phoenix_City,30,30,303044,3,40000.0,400000.0,96.66666666666669,430.9554111405836,1757.473846153846,1.533851141053969,2.549621424906339,10237.93,0,4
32_Phoenix_City,30,60,603042,1,2500.0,5000.0,96.66666666666669,576.8047586206897,1725.5646153846155,1.4392651216534604,2.2689366324328817,19944.181230769234,0,0
32_Phoenix_City,30,60,603042,1,2500.0,5000.0,93.33333333333331,597.0068901098902,1781.1895384615386,1.548925118302774,3.596833631061528,19278.09123076923,0,1
32_Phoenix_City,30,60,603042,1,2500.0,5000.0,93.33333333333331,649.0673076923077,1707.044615384615,1.4758260185636003,3.3669236882235443,18724.976461538463,0,2
32_Phoenix_City,30,60,603042,1,2500.0,5000.0,96.66666666666669,595.0075278514588,1788.5052307692313,1.526178393252547,3.596833631061528,19054.106307692306,0,3
32_Phoenix_City,30,60,603042,1,2500.0,5000.0,100.0,673.9863487179487,1781.1895384615386,1.5002860546861292,3.034187521302693,20457.849846153847,0,4
32_Phoenix_City,30,60,603042,1,2500.0,12500.0,96.66666666666669,584.6276180371352,1707.044615384615,1.560154431808028,4.105431724638037,19822.52246153846,0,0
32_Phoenix_City,30,60,603042,1,2500.0,12500.0,96.66666666666669,608.6791618037136,1725.5646153846155,1.5654292229778666,3.465579157627956,19606.18569230769,0,1
32_Phoenix_City,30,60,603042,1,2500.0,12500.0,90.0,600.3176524216525,1781.1895384615386,1.5774657088059605,3.3669236882235443,17805.798769230772,0,2
32_Phoenix_City,30,60,603042,1,2500.0,12500.0,96.66666666666669,557.6032254641909,1725.5646153846155,1.5248768324565396,2.673812082418352,19799.286153846155,0,3
32_Phoenix_City,30,60,603042,1,2500.0,12500.0,100.0,666.4759282051283,1725.5646153846155,1.441652671122825,3.3669236882235443,20136.796307692304,0,4
32_Phoenix_City,30,60,603042,1,2500.0,25000.0,93.33333333333331,582.4448351648351,1696.5809230769232,1.411434771861541,3.227257457026364,18763.96984615385,0,0
32_Phoenix_City,30,60,603042,1,2500.0,25000.0,93.33333333333331,622.5819175824175,1776.1289230769237,1.6411083861432465,3.465579157627956,19858.482153846147,0,1
32_Phoenix_City,30,60,603042,1,2500.0,25000.0,96.66666666666669,718.1754270557029,1781.1895384615386,1.6343470683619044,3.40417372543359,20777.32153846154,0,2
32_Phoenix_City,30,60,603042,1,2500.0,25000.0,90.0,554.4373846153846,1725.5646153846155,1.5267463439213298,3.3669236882235443,17428.106,0,3
32_Phoenix_City,30,60,603042,1,2500.0,25000.0,96.66666666666669,566.7403076923077,1725.5646153846155,1.5218480246879418,3.465579157627956,20215.240769230768,0,4
32_Phoenix_City,30,60,603042,1,5000.0,10000.0,96.66666666666669,622.4462758620689,1775.000000000001,1.4294743460764507,3.535181167980412,19107.68800000001,0,0
32_Phoenix_City,30,60,603042,1,5000.0,10000.0,93.33333333333331,657.9180989010989,1718.1049230769231,1.6454217566977436,5.117553491390035,18766.00061538461,0,1
32_Phoenix_City,30,60,603042,1,5000.0,10000.0,93.33333333333331,667.0951263736264,1776.1289230769237,1.491110639132729,3.0831018885042165,19280.10523076923,0,2
32_Phoenix_City,30,60,603042,1,5000.0,10000.0,90.0,625.614188034188,1775.000000000001,1.480631335679362,3.535181167980412,17476.283384615384,0,3
32_Phoenix_City,30,60,603042,1,5000.0,10000.0,93.33333333333331,643.6064285714285,1725.5646153846155,1.6156911949929178,3.7254226920307,19131.58553846154,0,4
32_Phoenix_City,30,60,603042,1,5000.0,25000.0,96.66666666666669,694.7170557029178,1781.1895384615386,1.6851399250194892,4.127403696294071,20695.1216923077,0,0
32_Phoenix_City,30,60,603042,1,5000.0,25000.0,93.33333333333331,597.2035934065934,1707.044615384615,1.608269484438887,4.251757984492794,19324.483230769238,0,1
32_Phoenix_City,30,60,603042,1,5000.0,25000.0,90.0,606.3646324786325,1646.555692307692,1.5354909964692691,3.40417372543359,18348.34215384615,0,2
32_Phoenix_City,30,60,603042,1,5000.0,25000.0,96.66666666666669,618.938801061008,1741.1304615384615,1.499150342643698,3.4657638694989146,18999.91615384616,0,3
32_Phoenix_City,30,60,603042,1,5000.0,25000.0,96.66666666666669,536.0630928381963,1632.561846153846,1.518503478104977,3.465579157627956,18955.432923076925,0,4
32_Phoenix_City,30,60,603042,1,5000.0,50000.0,90.0,602.961378917379,1776.1289230769237,1.5426992928279768,3.364174488283682,17947.379692307688,0,0
32_Phoenix_City,30,60,603042,1,5000.0,50000.0,96.66666666666669,633.7314801061009,1799.7280000000003,1.5669758781686418,3.596833631061528,20622.002769230767,0,1
32_Phoenix_City,30,60,603042,1,5000.0,50000.0,96.66666666666669,625.6885305039788,1781.1895384615386,1.8032892290591795,9.309653903755022,19849.081999999995,0,2
32_Phoenix_City,30,60,603042,1,5000.0,50000.0,90.0,677.2998347578347,1781.1895384615386,1.6104337110789628,3.596833631061528,18339.49415384615,0,3
32_Phoenix_City,30,60,603042,1,5000.0,50000.0,96.66666666666669,690.2441485411141,1672.8720000000003,1.6450718439421694,3.736723491346164,21319.09215384615,0,4
32_Phoenix_City,30,60,603042,1,10000.0,20000.0,93.33333333333331,595.6107582417583,1781.1895384615386,1.463452222947051,2.497767975535971,18950.33769230769,0,0
32_Phoenix_City,30,60,603042,1,10000.0,20000.0,96.66666666666669,639.5126153846154,1781.1895384615386,1.6399102013146185,3.3669236882235443,20099.81353846153,0,1
32_Phoenix_City,30,60,603042,1,10000.0,20000.0,90.0,583.057754985755,1775.000000000001,1.4965185202260418,3.869513784553984,16585.651538461534,0,2
32_Phoenix_City,30,60,603042,1,10000.0,20000.0,93.33333333333331,645.1930000000001,1781.1895384615386,1.560408640968317,3.596833631061528,18758.822,0,3
32_Phoenix_City,30,60,603042,1,10000.0,20000.0,93.33333333333331,627.3122637362638,1718.1049230769231,1.6784225799496757,4.359523827611619,19599.37769230769,0,4
32_Phoenix_City,30,60,603042,1,10000.0,50000.0,93.33333333333331,625.0854505494507,1725.5646153846155,1.4576309313556413,2.4334956105799463,18471.19784615385,0,0
32_Phoenix_City,30,60,603042,1,10000.0,50000.0,93.33333333333331,649.2113846153846,1776.1289230769237,1.4765317309042585,3.3669236882235443,18974.272000000004,0,1
32_Phoenix_City,30,60,603042,1,10000.0,50000.0,96.66666666666669,598.9684562334219,1725.5646153846155,1.480297963115044,3.3669236882235443,19436.727230769226,0,2
32_Phoenix_City,30,60,603042,1,10000.0,50000.0,93.33333333333331,641.5916263736264,1781.1895384615386,1.5695999114703376,3.596833631061528,20169.39769230769,0,3
32_Phoenix_City,30,60,603042,1,10000.0,50000.0,96.66666666666669,631.3112148541114,1707.044615384615,1.6071374806273762,3.286481668420713,20662.737846153843,0,4
32_Phoenix_City,30,60,603042,1,10000.0,100000.0,93.33333333333331,602.038489010989,1781.1895384615386,1.6449296935759037,4.251757984492794,19513.384769230768,0,0
32_Phoenix_City,30,60,603042,1,10000.0,100000.0,93.33333333333331,614.1172747252748,1776.1289230769237,1.585302735866499,3.596833631061528,19799.774153846152,0,1
32_Phoenix_City,30,60,603042,1,10000.0,100000.0,93.33333333333331,595.4420054945056,1781.1895384615386,1.5440544634992008,3.465579157627956,18982.57846153845,0,2
32_Phoenix_City,30,60,603042,1,10000.0,100000.0,96.66666666666669,536.0220424403183,1734.7003076923074,1.4749258284598694,3.465579157627956,19570.95876923077,0,3
32_Phoenix_City,30,60,603042,1,10000.0,100000.0,96.66666666666669,595.4541007957561,1781.1895384615386,1.5704481925975662,3.920953963329463,20401.928307692306,0,4
32_Phoenix_City,30,60,603042,1,20000.0,40000.0,100.0,657.7864564102564,1725.5646153846155,1.5407876672070884,3.633633317741008,20157.60292307692,0,0
32_Phoenix_City,30,60,603042,1,20000.0,40000.0,90.0,486.7650028490028,1725.5646153846155,1.5554115519281129,3.3669236882235443,17233.683384615386,0,1
32_Phoenix_City,30,60,603042,1,20000.0,40000.0,96.66666666666669,619.7357294429709,1725.5646153846155,1.5963594912106396,4.196230536637115,20901.786153846155,0,2
32_Phoenix_City,30,60,603042,1,20000.0,40000.0,90.0,625.6676581196581,1696.5809230769232,1.667493713416947,3.596833631061528,19316.888153846157,0,3
32_Phoenix_City,30,60,603042,1,20000.0,40000.0,96.66666666666669,608.5035862068966,1781.1895384615386,1.6497141700637643,4.196230536637115,21238.14769230769,0,4
32_Phoenix_City,30,60,603042,1,20000.0,100000.0,90.0,611.7557891737893,1725.5646153846155,1.5408591852552005,3.6052085639228406,17699.749538461536,0,0
32_Phoenix_City,30,60,603042,1,20000.0,100000.0,93.33333333333331,599.4611923076924,1781.1895384615386,1.5552585803043306,4.984886843568476,19273.578769230768,0,1
32_Phoenix_City,30,60,603042,1,20000.0,100000.0,93.33333333333331,674.503489010989,1781.1895384615386,1.567782069683749,3.535181167980412,19611.077846153847,0,2
32_Phoenix_City,30,60,603042,1,20000.0,100000.0,93.33333333333331,610.586510989011,1718.1049230769231,1.4598450460133945,2.2689366324328817,18323.92353846154,0,3
32_Phoenix_City,30,60,603042,1,20000.0,100000.0,96.66666666666669,669.9438090185677,1776.1289230769237,1.5450175280825234,3.465579157627956,20583.50723076923,0,4
32_Phoenix_City,30,60,603042,1,20000.0,200000.0,96.66666666666669,689.5500212201591,1725.5646153846155,1.622998466827168,3.3669236882235443,20435.956461538462,0,0
32_Phoenix_City,30,60,603042,1,20000.0,200000.0,96.66666666666669,661.6913687002653,1725.5646153846155,1.607806255725003,3.465579157627956,20901.815384615384,0,1
32_Phoenix_City,30,60,603042,1,20000.0,200000.0,86.66666666666667,537.3855680473373,1775.000000000001,1.5440265548071537,3.596833631061528,16207.94169230769,0,2
32_Phoenix_City,30,60,603042,1,20000.0,200000.0,93.33333333333331,528.2269890109891,1781.1895384615386,1.4968885980043,3.596833631061528,18467.3,0,3
32_Phoenix_City,30,60,603042,1,20000.0,200000.0,96.66666666666669,610.5369283819629,1781.1895384615386,1.483637101818397,3.465579157627956,18907.03030769231,0,4
32_Phoenix_City,30,60,603042,1,40000.0,80000.0,93.33333333333331,616.8876978021979,1725.5646153846155,1.5634941445582289,3.3669236882235443,18447.03276923077,0,0
32_Phoenix_City,30,60,603042,1,40000.0,80000.0,93.33333333333331,642.9434285714286,1725.5646153846155,1.5689786439375013,3.535181167980412,19671.03923076923,0,1
32_Phoenix_City,30,60,603042,1,40000.0,80000.0,90.0,600.9110997150998,1781.1895384615386,1.5823446696285035,3.465579157627956,18216.22169230769,0,2
32_Phoenix_City,30,60,603042,1,40000.0,80000.0,96.66666666666669,708.9902015915119,1760.356923076923,1.5806998684478748,3.40417372543359,21277.88138461538,0,3
32_Phoenix_City,30,60,603042,1,40000.0,80000.0,96.66666666666669,645.1840636604774,1632.561846153846,1.594116015925136,3.596833631061528,20504.820307692316,0,4
32_Phoenix_City,30,60,603042,1,40000.0,200000.0,93.33333333333331,582.0397637362638,1781.1895384615386,1.593364990716296,3.465579157627956,19025.77292307692,0,0
32_Phoenix_City,30,60,603042,1,40000.0,200000.0,93.33333333333331,675.9227087912088,1725.5646153846155,1.5343274677836172,5.117553491390035,18003.34261538462,0,1
32_Phoenix_City,30,60,603042,1,40000.0,200000.0,93.33333333333331,658.4125659340659,1781.1895384615386,1.5736001828786943,3.465579157627956,20093.950461538458,0,2
32_Phoenix_City,30,60,603042,1,40000.0,200000.0,93.33333333333331,577.8975329670329,1725.5646153846155,1.6861967635616897,3.364174488283682,19579.102,0,3
32_Phoenix_City,30,60,603042,1,40000.0,200000.0,96.66666666666669,640.9776498673741,1781.1895384615386,1.585716116499153,4.219407633325459,19298.66430769231,0,4
32_Phoenix_City,30,60,603042,1,40000.0,400000.0,93.33333333333331,531.7414120879121,1725.5646153846155,1.4296079740420506,2.9426681842313025,18142.73584615385,0,0
32_Phoenix_City,30,60,603042,1,40000.0,400000.0,86.66666666666667,543.6145502958581,1707.044615384615,1.6209623457672948,4.584208185837676,16383.16384615385,0,1
32_Phoenix_City,30,60,603042,1,40000.0,400000.0,93.33333333333331,700.5076868131868,1775.000000000001,1.5109463933900678,3.364174488283682,17855.11276923077,0,2
32_Phoenix_City,30,60,603042,1,40000.0,400000.0,93.33333333333331,656.2187857142857,1741.1304615384615,1.5833709356912553,3.3669236882235443,19600.349384615383,0,3
32_Phoenix_City,30,60,603042,1,40000.0,400000.0,93.33333333333331,632.2686373626374,1725.5646153846155,1.5767885640719186,3.40417372543359,19045.664923076925,0,4
32_Phoenix_City,30,60,603043,2,2500.0,5000.0,93.33333333333331,423.8153324175824,1605.5067692307694,1.382257511944317,6.303796687536627,15151.56492307692,0,0
32_Phoenix_City,30,60,603043,2,2500.0,5000.0,96.66666666666669,390.5706339522546,1784.3363076923076,1.4357526739753117,6.625759491718844,16889.228153846154,0,1
32_Phoenix_City,30,60,603043,2,2500.0,5000.0,96.66666666666669,456.6232758620689,1784.3363076923076,1.356295411238538,2.860403047080412,17118.98061538462,0,2
32_Phoenix_City,30,60,603043,2,2500.0,5000.0,93.33333333333331,408.6629752747253,1784.3363076923076,1.4469094462530243,6.303796687536627,16081.646,0,3
32_Phoenix_City,30,60,603043,2,2500.0,5000.0,93.33333333333331,452.2753214285714,1784.3363076923076,1.3252262912114603,2.807142629786421,15704.562923076925,0,4
32_Phoenix_City,30,60,603043,2,2500.0,12500.0,93.33333333333331,412.933228021978,1780.7901538461538,1.3585050164137868,2.178546724418645,16540.924153846154,0,0
32_Phoenix_City,30,60,603043,2,2500.0,12500.0,93.33333333333331,425.3898653846154,1780.7901538461538,1.3898579815845902,2.7559314892768594,16742.158923076928,0,1
32_Phoenix_City,30,60,603043,2,2500.0,12500.0,93.33333333333331,480.36277472527473,1784.3363076923076,1.4614025033526696,6.303796687536627,16819.523230769228,0,2
32_Phoenix_City,30,60,603043,2,2500.0,12500.0,96.66666666666669,489.21458620689657,1784.3363076923076,1.2606994835153524,2.153193511824992,16655.434461538465,0,3
32_Phoenix_City,30,60,603043,2,2500.0,12500.0,100.0,506.73243333333335,1780.7901538461538,1.258454641726513,1.6580658125319094,17569.124769230766,0,4
32_Phoenix_City,30,60,603043,2,2500.0,25000.0,96.66666666666669,423.8483899204244,1761.698153846154,1.2965314765083538,2.4514529399898843,16868.54953846154,0,0
32_Phoenix_City,30,60,603043,2,2500.0,25000.0,93.33333333333331,411.6246016483516,1799.1106153846158,1.3302854013995995,2.860403047080412,15804.824,0,1
32_Phoenix_City,30,60,603043,2,2500.0,25000.0,93.33333333333331,429.8380412087912,1784.3363076923076,1.5609048495022886,6.303796687536627,16866.294153846153,0,2
32_Phoenix_City,30,60,603043,2,2500.0,25000.0,96.66666666666669,423.2101777188329,1605.5067692307694,1.343450362910311,2.4245647431533026,17319.906461538463,0,3
32_Phoenix_City,30,60,603043,2,2500.0,25000.0,93.33333333333331,388.0699862637362,1784.3363076923076,1.4587874992052945,6.303796687536627,16167.363846153845,0,4
32_Phoenix_City,30,60,603043,2,5000.0,10000.0,93.33333333333331,491.6688324175825,1784.3363076923076,1.2689672296923535,2.009279422456662,15893.85615384615,0,0
32_Phoenix_City,30,60,603043,2,5000.0,10000.0,93.33333333333331,480.0967060439561,1780.7901538461538,1.4054859597052332,6.303796687536627,15755.159692307694,0,1
32_Phoenix_City,30,60,603043,2,5000.0,10000.0,93.33333333333331,462.39468956043953,1780.7901538461538,1.3716976751346797,2.516678184224422,16391.312461538462,0,2
32_Phoenix_City,30,60,603043,2,5000.0,10000.0,96.66666666666669,468.7390477453581,1590.507076923077,1.3709801508785098,2.178546724418645,17719.93753846154,0,3
32_Phoenix_City,30,60,603043,2,5000.0,10000.0,93.33333333333331,394.3906895604396,1794.7369230769232,1.3231755364952968,2.6170645189114587,15425.879384615386,0,4
32_Phoenix_City,30,60,603043,2,5000.0,25000.0,96.66666666666669,372.2957851458886,1784.3363076923076,1.2716470676086018,2.807142629786421,15876.227076923078,0,0
32_Phoenix_City,30,60,603043,2,5000.0,25000.0,93.33333333333331,402.72991208791206,1772.5695384615383,1.354495806223133,3.457798856245557,15754.611538461537,0,1
32_Phoenix_City,30,60,603043,2,5000.0,25000.0,96.66666666666669,470.5646021220159,1799.1106153846158,1.3762545385749667,2.860403047080412,17297.197384615378,0,2
32_Phoenix_City,30,60,603043,2,5000.0,25000.0,96.66666666666669,399.2277824933687,1794.7369230769232,1.4400949008782056,6.303796687536627,17119.145846153846,0,3
32_Phoenix_City,30,60,603043,2,5000.0,25000.0,93.33333333333331,511.9921510989011,1784.3363076923076,1.3062974741243478,3.559357460398298,14891.61246153846,0,4
32_Phoenix_City,30,60,603043,2,5000.0,50000.0,93.33333333333331,496.47761263736265,1799.1106153846158,1.3419477914160045,2.009279422456662,16993.07923076923,0,0
32_Phoenix_City,30,60,603043,2,5000.0,50000.0,93.33333333333331,424.34938186813184,1799.1106153846158,1.3683081997091378,2.178546724418645,17641.840307692306,0,1
32_Phoenix_City,30,60,603043,2,5000.0,50000.0,93.33333333333331,461.80782142857146,1794.629230769231,1.4017433924315583,2.8879156070453056,16895.537692307695,0,2
32_Phoenix_City,30,60,603043,2,5000.0,50000.0,96.66666666666669,419.69889920424407,1784.3363076923076,1.3277549004214655,2.153193511824992,17454.578461538465,0,3
32_Phoenix_City,30,60,603043,2,5000.0,50000.0,93.33333333333331,398.67926098901097,1784.3363076923076,1.527550838208901,6.303796687536627,16570.458615384618,0,4
32_Phoenix_City,30,60,603043,2,10000.0,20000.0,96.66666666666669,477.334551724138,1784.3363076923076,1.2664221238030016,2.178546724418645,16763.038769230774,0,0
32_Phoenix_City,30,60,603043,2,10000.0,20000.0,96.66666666666669,452.4679257294429,1761.698153846154,1.4032961111542972,2.807142629786421,17535.288153846155,0,1
32_Phoenix_City,30,60,603043,2,10000.0,20000.0,96.66666666666669,394.22011936339527,1784.3363076923076,1.4043858266443163,6.430245725036462,16841.123692307694,0,2
32_Phoenix_City,30,60,603043,2,10000.0,20000.0,93.33333333333331,447.8526318681319,1784.3363076923076,1.4334745459562883,6.430245725036462,15802.63446153846,0,3
32_Phoenix_City,30,60,603043,2,10000.0,20000.0,93.33333333333331,393.4899972527472,1794.7369230769232,1.326118458888555,2.153193511824992,15859.188153846151,0,4
32_Phoenix_City,30,60,603043,2,10000.0,50000.0,96.66666666666669,445.9599071618037,1784.3363076923076,1.4586560341056796,6.558963874850748,16865.272923076926,0,0
32_Phoenix_City,30,60,603043,2,10000.0,50000.0,96.66666666666669,492.994824933687,1780.7901538461538,1.2631403816798286,2.301508680484488,16559.903538461538,0,1
32_Phoenix_City,30,60,603043,2,10000.0,50000.0,96.66666666666669,464.0962095490716,1794.629230769231,1.3058991430086655,2.283124365824411,17031.40461538461,0,2
32_Phoenix_City,30,60,603043,2,10000.0,50000.0,93.33333333333331,385.62557417582417,1784.3363076923076,1.3920681598283993,2.90299894947573,16756.01923076923,0,3
32_Phoenix_City,30,60,603043,2,10000.0,50000.0,93.33333333333331,449.0736565934066,1784.3363076923076,1.3199954428180012,2.283124365824411,16413.998461538464,0,4
32_Phoenix_City,30,60,603043,2,10000.0,100000.0,93.33333333333331,455.2109697802198,1792.6233846153846,1.2730329635124455,2.4060476433672147,15870.443384615388,0,0
32_Phoenix_City,30,60,603043,2,10000.0,100000.0,93.33333333333331,430.5513653846154,1779.6526153846153,1.470806263820004,6.511413855243855,16152.097692307689,0,1
32_Phoenix_City,30,60,603043,2,10000.0,100000.0,90.0,500.5773988603989,1780.7901538461538,1.327921539304855,2.035167508760774,15975.35338461539,0,2
32_Phoenix_City,30,60,603043,2,10000.0,100000.0,90.0,371.3572022792022,1780.7901538461538,1.4379161962386535,5.806186966042627,15998.911230769228,0,3
32_Phoenix_City,30,60,603043,2,10000.0,100000.0,93.33333333333331,406.27803021978025,1784.3363076923076,1.2644010193771529,2.150510265784748,15619.448923076923,0,4
32_Phoenix_City,30,60,603043,2,20000.0,40000.0,93.33333333333331,331.19278846153844,1784.3363076923076,1.4488205912561831,6.303796687536627,15919.278769230768,0,0
32_Phoenix_City,30,60,603043,2,20000.0,40000.0,100.0,435.6970743589743,1784.3363076923076,1.4456091234703812,5.806186966042627,17892.63184615385,0,1
32_Phoenix_City,30,60,603043,2,20000.0,40000.0,93.33333333333331,407.8229478021978,1784.3363076923076,1.3650078439065725,2.153193511824992,16985.12676923077,0,2
32_Phoenix_City,30,60,603043,2,20000.0,40000.0,93.33333333333331,437.4536895604396,1450.468615384615,1.4465763049191946,5.58602579297765,15708.152615384615,0,3
32_Phoenix_City,30,60,603043,2,20000.0,40000.0,96.66666666666669,446.51054641909815,1784.3363076923076,1.39966559095014,5.806186966042627,16841.38676923077,0,4
32_Phoenix_City,30,60,603043,2,20000.0,100000.0,93.33333333333331,367.2460467032967,1794.629230769231,1.3327406007054508,2.217747513840952,16408.649692307696,0,0
32_Phoenix_City,30,60,603043,2,20000.0,100000.0,96.66666666666669,503.4706843501327,1784.3363076923076,1.371947551342889,2.807142629786421,17270.672153846153,0,1
32_Phoenix_City,30,60,603043,2,20000.0,100000.0,96.66666666666669,494.8701883289124,1779.6526153846153,1.5485031879116389,6.625759491718844,17787.19923076923,0,2
32_Phoenix_City,30,60,603043,2,20000.0,100000.0,93.33333333333331,440.53641483516486,1799.1106153846158,1.3208611501036012,2.4514529399898843,16281.112923076924,0,3
32_Phoenix_City,30,60,603043,2,20000.0,100000.0,100.0,465.12528974358975,1739.967076923077,1.4798664440347566,6.303796687536627,17985.936923076923,0,4
32_Phoenix_City,30,60,603043,2,20000.0,200000.0,96.66666666666669,458.2196047745358,1783.44,1.3696589939351138,2.4245647431533026,17278.86415384615,0,0
32_Phoenix_City,30,60,603043,2,20000.0,200000.0,96.66666666666669,447.94848541114055,1784.3363076923076,1.470130808136994,6.303796687536627,16624.814000000002,0,1
32_Phoenix_City,30,60,603043,2,20000.0,200000.0,96.66666666666669,499.6429416445624,1779.6526153846153,1.305652972451648,2.283124365824411,16810.40369230769,0,2
32_Phoenix_City,30,60,603043,2,20000.0,200000.0,93.33333333333331,422.29315659340654,1784.3363076923076,1.32694861943502,2.807142629786421,16294.798615384618,0,3
32_Phoenix_City,30,60,603043,2,20000.0,200000.0,93.33333333333331,482.9635192307692,1794.7369230769232,1.2724728556306204,2.009279422456662,15194.540769230767,0,4
32_Phoenix_City,30,60,603043,2,40000.0,80000.0,96.66666666666669,434.2875039787798,1780.7901538461538,1.375699638103616,2.307049587134608,17811.79076923077,0,0
32_Phoenix_City,30,60,603043,2,40000.0,80000.0,96.66666666666669,439.8009124668435,1784.3363076923076,1.3944399501184752,2.896750628188937,18265.716615384616,0,1
32_Phoenix_City,30,60,603043,2,40000.0,80000.0,93.33333333333331,437.8343324175824,1780.7901538461538,1.283370636471812,1.929565645718745,16174.328615384611,0,2
32_Phoenix_City,30,60,603043,2,40000.0,80000.0,96.66666666666669,462.7266816976127,1784.3363076923076,1.2311296997817007,2.3724498535484284,16022.466,0,3
32_Phoenix_City,30,60,603043,2,40000.0,80000.0,96.66666666666669,449.13335278514586,1784.3363076923076,1.4100098997013075,3.559357460398298,17185.071230769234,0,4
32_Phoenix_City,30,60,603043,2,40000.0,200000.0,96.66666666666669,415.4103103448276,1784.3363076923076,1.3719095041544365,2.896750628188937,17718.373846153845,0,0
32_Phoenix_City,30,60,603043,2,40000.0,200000.0,93.33333333333331,426.8214752747253,1739.967076923077,1.2999625370037735,2.153193511824992,16050.64,0,1
32_Phoenix_City,30,60,603043,2,40000.0,200000.0,90.0,512.9551595441595,1779.6526153846153,1.4556386240637618,5.58602579297765,15197.164307692306,0,2
32_Phoenix_City,30,60,603043,2,40000.0,200000.0,96.66666666666669,495.3089230769231,1794.7369230769232,1.3252518776754565,2.807142629786421,16578.469538461537,0,3
32_Phoenix_City,30,60,603043,2,40000.0,200000.0,96.66666666666669,478.8978859416446,1784.3363076923076,1.314244244269825,2.217747513840952,17706.990769230768,0,4
32_Phoenix_City,30,60,603043,2,40000.0,400000.0,90.0,482.6142592592592,1710.3501538461535,1.291232162265015,2.153193511824992,14832.475538461536,0,0
32_Phoenix_City,30,60,603043,2,40000.0,400000.0,96.66666666666669,466.9762944297082,1784.3363076923076,1.2963416673270576,2.807142629786421,15854.664769230769,0,1
32_Phoenix_City,30,60,603043,2,40000.0,400000.0,93.33333333333331,416.0038379120879,1739.967076923077,1.463178664472835,5.58602579297765,16273.805846153848,0,2
32_Phoenix_City,30,60,603043,2,40000.0,400000.0,93.33333333333331,424.4282967032967,1784.3363076923076,1.4690995229853931,6.303796687536627,16191.88784615385,0,3
32_Phoenix_City,30,60,603043,2,40000.0,400000.0,93.33333333333331,399.0610631868132,1784.3363076923076,1.3618866080249783,3.457798856245557,16356.807230769233,0,4
32_Phoenix_City,30,60,603044,3,2500.0,5000.0,96.66666666666669,554.4345623342175,1770.0495384615383,1.4582790332837186,2.56541770019851,20574.84507692308,0,0
32_Phoenix_City,30,60,603044,3,2500.0,5000.0,90.0,446.25081766381766,1750.6601538461537,1.4404140906470873,2.56541770019851,17603.299538461535,0,1
32_Phoenix_City,30,60,603044,3,2500.0,5000.0,96.66666666666669,531.6833846153846,1733.099384615385,1.4050743724395354,2.729322875937257,19744.69953846154,0,2
32_Phoenix_City,30,60,603044,3,2500.0,5000.0,96.66666666666669,504.2198355437666,1677.7704615384614,1.4430161174111855,2.7398476061930586,19811.730153846154,0,3
32_Phoenix_City,30,60,603044,3,2500.0,5000.0,93.33333333333331,478.1694505494505,1660.4938461538463,1.4124693483674164,2.6414331562912463,18911.097076923077,0,4
32_Phoenix_City,30,60,603044,3,2500.0,12500.0,96.66666666666669,572.4521352785146,1770.0495384615383,1.4624157804584057,2.56541770019851,20531.105384615385,0,0
32_Phoenix_City,30,60,603044,3,2500.0,12500.0,93.33333333333331,514.0543736263736,1750.6601538461537,1.4156628121213648,2.6414331562912463,19154.72615384615,0,1
32_Phoenix_City,30,60,603044,3,2500.0,12500.0,96.66666666666669,534.3632281167108,1640.5327692307692,1.4783602472243964,2.7398476061930586,20726.195076923068,0,2
32_Phoenix_City,30,60,603044,3,2500.0,12500.0,90.0,518.3516467236467,1750.6601538461537,1.431226712326345,2.313629231518386,17544.921538461535,0,3
32_Phoenix_City,30,60,603044,3,2500.0,12500.0,96.66666666666669,513.9123050397877,1750.6601538461537,1.4492713914391702,2.729322875937257,20221.09307692307,0,4
32_Phoenix_City,30,60,603044,3,2500.0,25000.0,93.33333333333331,490.1379642857142,1770.0495384615383,1.4171409043313443,2.6414331562912463,19395.39,0,0
32_Phoenix_City,30,60,603044,3,2500.0,25000.0,100.0,556.448958974359,1774.0018461538457,1.5101296796716348,3.351906411543152,21471.664153846148,0,1
32_Phoenix_City,30,60,603044,3,2500.0,25000.0,93.33333333333331,525.9122115384615,1733.099384615385,1.4479582612606927,2.643600476987479,18826.738153846152,0,2
32_Phoenix_City,30,60,603044,3,2500.0,25000.0,96.66666666666669,542.4803448275861,1682.2230769230769,1.4542793617297438,2.1912089751738826,20228.322,0,3
32_Phoenix_City,30,60,603044,3,2500.0,25000.0,93.33333333333331,541.3773049450549,1754.9707692307693,1.4228385150643568,2.56541770019851,19271.950615384616,0,4
32_Phoenix_City,30,60,603044,3,5000.0,10000.0,96.66666666666669,603.5578116710875,1750.6601538461537,1.4238437129283747,2.6414331562912463,20063.047384615384,0,0
32_Phoenix_City,30,60,603044,3,5000.0,10000.0,93.33333333333331,515.5732747252747,1770.0495384615383,1.450473364266672,2.7398476061930586,18226.658,0,1
32_Phoenix_City,30,60,603044,3,5000.0,10000.0,96.66666666666669,555.1406976127321,1759.3526153846155,1.3692061362876635,2.31456717066996,19049.11953846153,0,2
32_Phoenix_City,30,60,603044,3,5000.0,10000.0,93.33333333333331,501.8684093406593,1770.0495384615383,1.509955853664699,2.6414331562912463,20472.38892307692,0,3
32_Phoenix_City,30,60,603044,3,5000.0,10000.0,96.66666666666669,562.9084403183024,1754.9707692307693,1.493805278132054,2.729322875937257,20104.52415384616,0,4
32_Phoenix_City,30,60,603044,3,5000.0,25000.0,96.66666666666669,435.1166763925729,1677.7704615384614,1.384915044644445,2.788100348080147,19812.017384615385,0,0
32_Phoenix_City,30,60,603044,3,5000.0,25000.0,96.66666666666669,554.3757135278514,1770.0495384615383,1.4064731578769771,2.6414331562912463,19800.364769230764,0,1
32_Phoenix_City,30,60,603044,3,5000.0,25000.0,90.0,526.590113960114,1677.7704615384614,1.480828602448064,2.408399296549627,18346.851846153844,0,2
32_Phoenix_City,30,60,603044,3,5000.0,25000.0,93.33333333333331,566.2167719780219,1733.099384615385,1.395898274716045,2.7398476061930586,17688.131999999998,0,3
32_Phoenix_City,30,60,603044,3,5000.0,25000.0,96.66666666666669,637.2388541114059,1770.0495384615383,1.3828737113074523,2.2772244689471526,20040.451538461537,0,4
32_Phoenix_City,30,60,603044,3,5000.0,50000.0,93.33333333333331,489.2545494505494,1654.0318461538463,1.489119931099274,3.351906411543152,19229.836461538463,0,0
32_Phoenix_City,30,60,603044,3,5000.0,50000.0,93.33333333333331,532.1494999999999,1770.0495384615383,1.4552794514982714,2.595791151669988,18968.37769230769,0,1
32_Phoenix_City,30,60,603044,3,5000.0,50000.0,93.33333333333331,582.5139285714286,1750.6601538461537,1.4669582256165898,2.729322875937257,19095.17892307692,0,2
32_Phoenix_City,30,60,603044,3,5000.0,50000.0,96.66666666666669,537.4371724137931,1655.5313846153845,1.324932753421847,1.8771490704277245,20032.227384615384,0,3
32_Phoenix_City,30,60,603044,3,5000.0,50000.0,93.33333333333331,453.5127005494505,1677.7704615384614,1.3675949899590276,2.037219790698928,18217.21461538461,0,4
32_Phoenix_City,30,60,603044,3,10000.0,20000.0,100.0,562.4122974358975,1754.9707692307693,1.431295765866166,2.92889065026698,21056.160000000003,0,0
32_Phoenix_City,30,60,603044,3,10000.0,20000.0,93.33333333333331,496.8355027472527,1770.0495384615383,1.4824303433803023,2.6414331562912463,19476.235384615386,0,1
32_Phoenix_City,30,60,603044,3,10000.0,20000.0,93.33333333333331,500.5322582417581,1677.7704615384614,1.4113134376473102,2.6414331562912463,18233.826,0,2
32_Phoenix_City,30,60,603044,3,10000.0,20000.0,96.66666666666669,523.4763740053049,1750.6601538461537,1.4404161414372316,2.893635363500278,19557.59892307692,0,3
32_Phoenix_City,30,60,603044,3,10000.0,20000.0,90.0,486.624168091168,1754.9707692307693,1.436530640697867,2.56541770019851,17931.74461538461,0,4
32_Phoenix_City,30,60,603044,3,10000.0,50000.0,90.0,499.3852336182336,1655.5313846153845,1.4198961941901913,2.47816473389002,17584.20969230769,0,0
32_Phoenix_City,30,60,603044,3,10000.0,50000.0,96.66666666666669,522.7288222811671,1733.099384615385,1.4738571667595033,2.6414331562912463,19874.736461538465,0,1
32_Phoenix_City,30,60,603044,3,10000.0,50000.0,93.33333333333331,512.3164505494505,1733.099384615385,1.4307555311459992,2.6414331562912463,18710.22553846153,0,2
32_Phoenix_City,30,60,603044,3,10000.0,50000.0,93.33333333333331,518.6467005494504,1770.0495384615383,1.4602955621861438,2.6414331562912463,19444.812153846156,0,3
32_Phoenix_City,30,60,603044,3,10000.0,50000.0,96.66666666666669,566.3954721485411,1754.9707692307693,1.428438428071638,2.6414331562912463,20151.48615384616,0,4
32_Phoenix_City,30,60,603044,3,10000.0,100000.0,96.66666666666669,596.8913183023872,1754.9707692307693,1.4247191099942382,2.6414331562912463,19813.241846153847,0,0
32_Phoenix_City,30,60,603044,3,10000.0,100000.0,96.66666666666669,537.2740371352785,1654.0318461538463,1.4502389442688557,2.6414331562912463,19986.42,0,1
32_Phoenix_City,30,60,603044,3,10000.0,100000.0,96.66666666666669,517.9936657824933,1754.9707692307693,1.4459128971546142,2.729322875937257,19637.819538461536,0,2
32_Phoenix_City,30,60,603044,3,10000.0,100000.0,96.66666666666669,558.3606923076923,1754.971076923077,1.4631327196548898,2.6414331562912463,20019.425076923068,0,3
32_Phoenix_City,30,60,603044,3,10000.0,100000.0,90.0,509.0757122507122,1677.7704615384614,1.4434971504446108,2.56541770019851,18338.60415384616,0,4
32_Phoenix_City,30,60,603044,3,20000.0,40000.0,96.66666666666669,564.7938063660478,1750.6601538461537,1.4711375475619195,2.729322875937257,19844.008153846156,0,0
32_Phoenix_City,30,60,603044,3,20000.0,40000.0,96.66666666666669,556.1043050397877,1770.0495384615383,1.4197275734870654,2.56541770019851,19764.54753846153,0,1
32_Phoenix_City,30,60,603044,3,20000.0,40000.0,96.66666666666669,551.8799602122016,1660.4938461538463,1.4614862092482688,3.4833467911041005,19305.786307692302,0,2
32_Phoenix_City,30,60,603044,3,20000.0,40000.0,96.66666666666669,557.2446923076923,1770.0495384615383,1.412928251649621,2.6414331562912463,19717.22076923077,0,3
32_Phoenix_City,30,60,603044,3,20000.0,40000.0,96.66666666666669,581.9900026525198,1770.0495384615383,1.446500634380169,3.3468182282896937,19356.96569230769,0,4
32_Phoenix_City,30,60,603044,3,20000.0,100000.0,93.33333333333331,511.0775192307692,1682.2230769230769,1.50017494158201,2.6414331562912463,19392.99646153846,0,0
32_Phoenix_City,30,60,603044,3,20000.0,100000.0,93.33333333333331,539.8456483516483,1677.7704615384614,1.4459985161790403,2.56541770019851,19112.951538461533,0,1
32_Phoenix_City,30,60,603044,3,20000.0,100000.0,93.33333333333331,528.7924313186813,1750.6601538461537,1.363654462658138,3.351906411543152,18333.60369230769,0,2
32_Phoenix_City,30,60,603044,3,20000.0,100000.0,96.66666666666669,589.5969098143236,1770.0495384615383,1.480788325792498,3.271913719407721,19980.13276923077,0,3
32_Phoenix_City,30,60,603044,3,20000.0,100000.0,93.33333333333331,559.3850741758241,1770.0495384615383,1.53889589454811,2.313629231518386,20476.078615384617,0,4
32_Phoenix_City,30,60,603044,3,20000.0,200000.0,100.0,526.6500076923077,1770.0495384615383,1.4549858725567024,2.3720744222311616,21161.996461538456,0,0
32_Phoenix_City,30,60,603044,3,20000.0,200000.0,93.33333333333331,486.2592445054945,1677.7704615384614,1.4671589336126998,2.6414331562912463,18796.60061538462,0,1
32_Phoenix_City,30,60,603044,3,20000.0,200000.0,96.66666666666669,575.6346763925729,1770.0495384615383,1.4185454041545236,2.643600476987479,19329.80046153846,0,2
32_Phoenix_City,30,60,603044,3,20000.0,200000.0,96.66666666666669,507.4467718832891,1770.0495384615383,1.3847722069426895,2.6414331562912463,19235.28246153845,0,3
32_Phoenix_City,30,60,603044,3,20000.0,200000.0,93.33333333333331,515.9710137362637,1677.7704615384614,1.4364741833999928,2.8694856674935263,18663.76769230769,0,4
32_Phoenix_City,30,60,603044,3,40000.0,80000.0,93.33333333333331,590.1428489010988,1750.6601538461537,1.3806415118406603,2.56541770019851,17879.77584615384,0,0
32_Phoenix_City,30,60,603044,3,40000.0,80000.0,96.66666666666669,587.7484588859417,1770.1209230769232,1.3843364297482528,2.47816473389002,19828.990615384613,0,1
32_Phoenix_City,30,60,603044,3,40000.0,80000.0,96.66666666666669,511.84706366047743,1677.7704615384614,1.4697797476167842,2.729322875937257,19656.548153846157,0,2
32_Phoenix_City,30,60,603044,3,40000.0,80000.0,93.33333333333331,528.9407032967033,1733.099384615385,1.4316593778161366,2.6414331562912463,18708.714307692306,0,3
32_Phoenix_City,30,60,603044,3,40000.0,80000.0,96.66666666666669,544.0820106100796,1750.6601538461537,1.4282969557160552,3.1726062726567696,20051.057999999997,0,4
32_Phoenix_City,30,60,603044,3,40000.0,200000.0,93.33333333333331,477.8632554945055,1677.7704615384614,1.466554129771611,2.56541770019851,19503.25092307692,0,0
32_Phoenix_City,30,60,603044,3,40000.0,200000.0,93.33333333333331,554.419184065934,1770.0495384615383,1.479993870031495,3.5190705906476296,18643.34261538461,0,1
32_Phoenix_City,30,60,603044,3,40000.0,200000.0,96.66666666666669,497.0228753315649,1660.4938461538463,1.3830838649715689,2.361381409161843,19207.98661538461,0,2
32_Phoenix_City,30,60,603044,3,40000.0,200000.0,93.33333333333331,579.5130576923077,1770.0495384615383,1.41365886549236,2.7398476061930586,18004.520461538457,0,3
32_Phoenix_City,30,60,603044,3,40000.0,200000.0,93.33333333333331,583.904956043956,1677.7704615384614,1.4971632266431762,2.6414331562912463,19675.055230769227,0,4
32_Phoenix_City,30,60,603044,3,40000.0,400000.0,96.66666666666669,561.1976684350133,1770.0495384615383,1.3758665679353757,2.47816473389002,19482.514153846158,0,0
32_Phoenix_City,30,60,603044,3,40000.0,400000.0,93.33333333333331,558.7687335164835,1746.9178461538463,1.5170804834373504,2.6414331562912463,20191.64538461538,0,1
32_Phoenix_City,30,60,603044,3,40000.0,400000.0,96.66666666666669,503.71259416445616,1677.7704615384614,1.4994614841173497,2.8706936353634984,21032.694,0,2
32_Phoenix_City,30,60,603044,3,40000.0,400000.0,93.33333333333331,486.5362115384616,1750.6601538461537,1.4063172204455712,2.56541770019851,18763.96507692308,0,3
32_Phoenix_City,30,60,603044,3,40000.0,400000.0,96.66666666666669,590.7429098143235,1733.099384615385,1.4142226942239804,2.729322875937257,19220.634923076923,0,4
32_Phoenix_City,40,40,404042,1,2500.0,5000.0,95.0,374.220048582996,1729.0716923076925,1.583678294856978,5.58200139313958,11159.69646153846,0,0
32_Phoenix_City,40,40,404042,1,2500.0,5000.0,100.0,315.9136692307692,1799.2716923076923,1.6651587841932447,5.582720026223807,12117.601076923074,0,1
32_Phoenix_City,40,40,404042,1,2500.0,5000.0,100.0,401.0665230769231,1729.0716923076925,1.614721752897633,5.58200139313958,12948.382153846153,0,2
32_Phoenix_City,40,40,404042,1,2500.0,5000.0,100.0,395.64506923076925,1729.0716923076925,1.748761735883227,5.58200139313958,12770.941384615386,0,3
32_Phoenix_City,40,40,404042,1,2500.0,5000.0,95.0,418.6017894736842,1729.0716923076925,1.6666546254190866,5.58200139313958,11747.837384615385,0,4
32_Phoenix_City,40,40,404042,1,2500.0,12500.0,95.0,341.87447773279354,1799.2716923076923,1.6448215896903606,5.582720026223807,12042.02476923077,0,0
32_Phoenix_City,40,40,404042,1,2500.0,12500.0,100.0,332.66012307692307,1663.425846153846,1.7672883231937586,5.58200139313958,13004.209076923076,0,1
32_Phoenix_City,40,40,404042,1,2500.0,12500.0,95.0,287.89995141700405,1494.7144615384614,1.5096536699834688,2.71914339351748,12171.14046153846,0,2
32_Phoenix_City,40,40,404042,1,2500.0,12500.0,95.0,419.7605344129555,1799.2716923076923,1.725000911738409,5.582720026223807,11349.192307692309,0,3
32_Phoenix_City,40,40,404042,1,2500.0,12500.0,95.0,425.2562834008097,1729.0716923076925,1.5862925726654922,5.58200139313958,11709.855076923075,0,4
32_Phoenix_City,40,40,404042,1,2500.0,25000.0,95.0,487.5185344129554,1729.0716923076925,1.5024228419552508,5.58200139313958,11300.91276923077,0,0
32_Phoenix_City,40,40,404042,1,2500.0,25000.0,100.0,365.8824615384616,1799.2716923076923,1.5883701787820592,5.582720026223807,12273.329076923075,0,1
32_Phoenix_City,40,40,404042,1,2500.0,25000.0,95.0,246.265012145749,1729.0716923076925,1.766091744797722,5.582720026223807,11968.794923076925,0,2
32_Phoenix_City,40,40,404042,1,2500.0,25000.0,95.0,371.5646315789474,1799.2716923076923,1.6698666829605486,5.582720026223807,12775.64384615385,0,3
32_Phoenix_City,40,40,404042,1,2500.0,25000.0,100.0,341.8114076923077,1756.7323076923076,1.6106022382683003,5.58200139313958,12484.461384615384,0,4
32_Phoenix_City,40,40,404042,1,5000.0,10000.0,95.0,319.33566801619435,1729.0716923076925,1.3846443953568062,2.8687781555827887,11782.000615384612,0,0
32_Phoenix_City,40,40,404042,1,5000.0,10000.0,95.0,370.8582510121458,1799.2716923076923,1.7584950964589208,5.582720026223807,11901.457230769229,0,1
32_Phoenix_City,40,40,404042,1,5000.0,10000.0,95.0,389.5447368421053,1608.1781538461537,1.6624652875103287,5.58200139313958,12081.118307692308,0,2
32_Phoenix_City,40,40,404042,1,5000.0,10000.0,95.0,363.0975303643725,1799.2716923076923,1.7510780919671505,5.582720026223807,12113.501692307696,0,3
32_Phoenix_City,40,40,404042,1,5000.0,10000.0,95.0,389.6303805668017,1756.7323076923076,1.642883677860257,5.582720026223807,11596.556769230769,0,4
32_Phoenix_City,40,40,404042,1,5000.0,25000.0,95.0,403.3230931174089,1799.2716923076923,1.7181494889186415,5.582720026223807,11777.478,0,0
32_Phoenix_City,40,40,404042,1,5000.0,25000.0,95.0,489.2329392712551,1799.2716923076923,1.6618025720008045,5.582720026223807,11026.51615384615,0,1
32_Phoenix_City,40,40,404042,1,5000.0,25000.0,100.0,331.1297692307692,1729.0716923076925,1.5055542814847689,5.582720026223807,11901.889999999998,0,2
32_Phoenix_City,40,40,404042,1,5000.0,25000.0,95.0,461.3633198380567,1799.2716923076923,1.7922091306049774,5.582720026223807,13257.277076923076,0,3
32_Phoenix_City,40,40,404042,1,5000.0,25000.0,95.0,394.3966396761134,1799.2716923076923,1.587604278304706,5.582720026223807,12072.568461538462,0,4
32_Phoenix_City,40,40,404042,1,5000.0,50000.0,100.0,355.1689461538461,1547.425230769231,1.5797949823847437,5.58200139313958,12507.067230769231,0,0
32_Phoenix_City,40,40,404042,1,5000.0,50000.0,95.0,300.518024291498,1799.2716923076923,1.6157978936642186,5.582720026223807,11631.76892307692,0,1
32_Phoenix_City,40,40,404042,1,5000.0,50000.0,95.0,352.64793522267206,1799.2716923076923,1.803547132180828,5.582720026223807,12082.128769230769,0,2
32_Phoenix_City,40,40,404042,1,5000.0,50000.0,95.0,386.27774898785424,1799.2716923076923,1.610724978618005,5.582720026223807,11853.225076923078,0,3
32_Phoenix_City,40,40,404042,1,5000.0,50000.0,100.0,486.5995384615384,1743.8129230769237,1.5135292183556963,5.58200139313958,11945.608923076925,0,4
32_Phoenix_City,40,40,404042,1,10000.0,20000.0,100.0,314.4350384615385,1729.0716923076925,1.8176436899238064,5.58200139313958,13348.480615384617,0,0
32_Phoenix_City,40,40,404042,1,10000.0,20000.0,95.0,336.3173927125506,1729.0716923076925,1.7732388961988268,5.58200139313958,12102.945384615385,0,1
32_Phoenix_City,40,40,404042,1,10000.0,20000.0,100.0,405.6292692307692,1729.0716923076925,1.73757203876892,5.58200139313958,12928.067846153845,0,2
32_Phoenix_City,40,40,404042,1,10000.0,20000.0,100.0,387.0989615384616,1799.2716923076923,1.7254711812559491,5.582720026223807,11875.622307692303,0,3
32_Phoenix_City,40,40,404042,1,10000.0,20000.0,95.0,354.7095141700405,1547.425230769231,1.786090405472874,5.58200139313958,12738.507999999998,0,4
32_Phoenix_City,40,40,404042,1,10000.0,50000.0,95.0,398.0317489878542,1799.2716923076923,1.486725891557057,2.6506861645976727,12250.950923076922,0,0
32_Phoenix_City,40,40,404042,1,10000.0,50000.0,95.0,396.7001376518218,1608.1781538461537,1.4594123865093651,2.9895058425531187,12348.295846153844,0,1
32_Phoenix_City,40,40,404042,1,10000.0,50000.0,95.0,403.4218866396761,1799.2716923076923,1.5629822621544889,5.582720026223807,11662.804461538462,0,2
32_Phoenix_City,40,40,404042,1,10000.0,50000.0,100.0,330.25706153846147,1729.0716923076925,1.5774106869757043,5.58200139313958,12538.498615384611,0,3
32_Phoenix_City,40,40,404042,1,10000.0,50000.0,95.0,390.043991902834,1799.2716923076923,1.659339978596084,5.582720026223807,12084.33923076923,0,4
32_Phoenix_City,40,40,404042,1,10000.0,100000.0,95.0,410.1434817813765,1729.0716923076925,1.713927326952504,5.193360469419042,12106.45923076923,0,0
32_Phoenix_City,40,40,404042,1,10000.0,100000.0,100.0,274.43833461538463,1756.7323076923076,1.7329374595481046,5.582720026223807,12503.938,0,1
32_Phoenix_City,40,40,404042,1,10000.0,100000.0,90.0,383.3503418803419,1799.2716923076923,1.8898788410012552,5.582720026223807,11765.00753846154,0,2
32_Phoenix_City,40,40,404042,1,10000.0,100000.0,100.0,365.52659230769234,1729.0716923076925,1.5598364163864282,5.272038988521472,12131.307230769233,0,3
32_Phoenix_City,40,40,404042,1,10000.0,100000.0,95.0,344.20532793522267,1799.2716923076923,1.7477959046120934,5.582720026223807,11460.686615384617,0,4
32_Phoenix_City,40,40,404042,1,20000.0,40000.0,100.0,329.4844153846154,1799.2716923076923,1.7520201063771286,5.582720026223807,12034.041076923077,0,0
32_Phoenix_City,40,40,404042,1,20000.0,40000.0,95.0,351.8434574898785,1799.2716923076923,1.950698321004628,7.166089898251584,11521.148769230767,0,1
32_Phoenix_City,40,40,404042,1,20000.0,40000.0,95.0,356.08178947368424,1799.2716923076923,1.7625091291614643,5.582720026223807,11974.809384615386,0,2
32_Phoenix_City,40,40,404042,1,20000.0,40000.0,95.0,472.99391093117407,1799.2716923076923,1.6150594150180817,5.582720026223807,11671.796615384616,0,3
32_Phoenix_City,40,40,404042,1,20000.0,40000.0,100.0,331.7188,1799.2716923076923,1.7077071459787878,5.582720026223807,12697.223230769228,0,4
32_Phoenix_City,40,40,404042,1,20000.0,100000.0,95.0,455.72936842105264,1799.2716923076923,1.7083130953749492,5.582720026223807,11894.256615384616,0,0
32_Phoenix_City,40,40,404042,1,20000.0,100000.0,95.0,399.9918947368421,1673.9076923076923,1.8278090804893297,5.58200139313958,11800.99246153846,0,1
32_Phoenix_City,40,40,404042,1,20000.0,100000.0,95.0,403.5913441295546,1551.4196923076925,1.792001876791932,5.58200139313958,12011.801999999998,0,2
32_Phoenix_City,40,40,404042,1,20000.0,100000.0,100.0,255.59903846153847,1729.0716923076925,1.7545538486526795,5.582720026223807,13002.314307692308,0,3
32_Phoenix_City,40,40,404042,1,20000.0,100000.0,95.0,368.5378542510121,1799.2716923076923,1.5639280700864575,5.582720026223807,11738.889230769231,0,4
32_Phoenix_City,40,40,404042,1,20000.0,200000.0,95.0,398.6428744939272,1799.2716923076923,1.6613477042690357,5.582720026223807,11903.328,0,0
32_Phoenix_City,40,40,404042,1,20000.0,200000.0,95.0,391.1274412955466,1799.2716923076923,1.723824333201007,5.582720026223807,12313.098000000002,0,1
32_Phoenix_City,40,40,404042,1,20000.0,200000.0,100.0,395.75240769230766,1799.2716923076923,1.6246293180963058,5.582720026223807,12210.928615384615,0,2
32_Phoenix_City,40,40,404042,1,20000.0,200000.0,95.0,472.7081376518219,1799.2716923076923,1.7689993017750876,5.582720026223807,12277.860461538465,0,3
32_Phoenix_City,40,40,404042,1,20000.0,200000.0,100.0,467.0079461538462,1799.2716923076923,1.8040208610084283,5.582720026223807,13209.574769230769,0,4
32_Phoenix_City,40,40,404042,1,40000.0,80000.0,100.0,426.5174692307693,1799.2716923076923,1.575837595548856,5.582720026223807,11895.74369230769,0,0
32_Phoenix_City,40,40,404042,1,40000.0,80000.0,100.0,439.7029230769231,1729.0716923076925,1.7631739248342853,5.58200139313958,12639.235076923076,0,1
32_Phoenix_City,40,40,404042,1,40000.0,80000.0,100.0,391.2386846153846,1729.0716923076925,1.6699298386882293,5.582720026223807,12399.310153846152,0,2
32_Phoenix_City,40,40,404042,1,40000.0,80000.0,95.0,364.9288178137652,1799.2716923076923,1.610392128001308,5.582720026223807,11633.820615384617,0,3
32_Phoenix_City,40,40,404042,1,40000.0,80000.0,95.0,358.84378947368424,1729.0716923076925,1.63417040952187,5.582720026223807,12209.734615384616,0,4
32_Phoenix_City,40,40,404042,1,40000.0,200000.0,95.0,437.2343805668017,1729.0716923076925,1.6298012310485506,5.582720026223807,11621.121692307692,0,0
32_Phoenix_City,40,40,404042,1,40000.0,200000.0,95.0,421.8208421052632,1799.2716923076923,1.545179099291507,5.194163979489349,10970.870615384618,0,1
32_Phoenix_City,40,40,404042,1,40000.0,200000.0,100.0,350.4504307692308,1551.4196923076925,1.781269408470234,5.193360469419042,12651.684769230767,0,2
32_Phoenix_City,40,40,404042,1,40000.0,200000.0,95.0,411.7170445344129,1729.0716923076925,1.7013666635045592,5.58200139313958,11791.70923076923,0,3
32_Phoenix_City,40,40,404042,1,40000.0,200000.0,95.0,419.4323157894737,1756.7323076923076,1.8104732693654333,5.58200139313958,11857.32169230769,0,4
32_Phoenix_City,40,40,404042,1,40000.0,400000.0,100.0,324.67313076923074,1799.2716923076923,1.740232504552542,5.582720026223807,12662.837692307692,0,0
32_Phoenix_City,40,40,404042,1,40000.0,400000.0,95.0,398.1757894736842,1799.2716923076923,1.4464216876188285,5.582720026223807,10387.05,0,1
32_Phoenix_City,40,40,404042,1,40000.0,400000.0,95.0,407.7415708502024,1799.2716923076923,1.648694948592911,5.582720026223807,12015.778000000002,0,2
32_Phoenix_City,40,40,404042,1,40000.0,400000.0,100.0,388.9274461538462,1799.2716923076923,1.7321875893678065,5.582720026223807,12869.47753846154,0,3
32_Phoenix_City,40,40,404042,1,40000.0,400000.0,95.0,390.590064777328,1729.0716923076925,1.5659837416244389,5.58200139313958,10740.37646153846,0,4
32_Phoenix_City,40,40,404043,2,2500.0,5000.0,95.0,391.3103157894737,1799.4301538461532,1.4424586105438286,3.955257550028302,12870.075384615384,0,0
32_Phoenix_City,40,40,404043,2,2500.0,5000.0,100.0,541.417823076923,1799.4301538461532,1.3320530144774012,2.7467437282145823,12591.642769230768,0,1
32_Phoenix_City,40,40,404043,2,2500.0,5000.0,95.0,508.2847044534413,1799.4301538461532,1.5076568859512829,2.8087431977869266,13013.401538461538,0,2
32_Phoenix_City,40,40,404043,2,2500.0,5000.0,95.0,567.1743643724697,1753.3243076923077,1.432906656477671,3.128841913185096,12432.007384615385,0,3
32_Phoenix_City,40,40,404043,2,2500.0,5000.0,95.0,485.3121052631579,1753.3243076923077,1.3886296041240265,1.990979734757984,12614.301846153849,0,4
32_Phoenix_City,40,40,404043,2,2500.0,12500.0,95.0,599.5480080971661,1779.937230769231,1.5098953760018157,3.128841913185096,13120.450769230769,0,0
32_Phoenix_City,40,40,404043,2,2500.0,12500.0,100.0,475.63737692307694,1763.7621538461544,1.4309615562170577,2.3664759584697275,13430.403384615389,0,1
32_Phoenix_City,40,40,404043,2,2500.0,12500.0,95.0,424.61305263157897,1792.9461538461535,1.5139741664032484,3.088297912830833,12596.50123076923,0,2
32_Phoenix_City,40,40,404043,2,2500.0,12500.0,95.0,479.0283562753037,1753.3243076923077,1.4763526959677902,3.0767287627949838,12876.840000000004,0,3
32_Phoenix_City,40,40,404043,2,2500.0,12500.0,95.0,591.5316275303644,1763.7621538461544,1.5263507687017963,2.8334428614101834,12957.058769230767,0,4
32_Phoenix_City,40,40,404043,2,2500.0,25000.0,95.0,465.4308582995952,1779.937230769231,1.5187503242103657,2.7467437282145823,13571.234461538465,0,0
32_Phoenix_City,40,40,404043,2,2500.0,25000.0,95.0,526.3282914979758,1786.2236923076923,1.563941143394504,4.243522971784673,12727.677538461538,0,1
32_Phoenix_City,40,40,404043,2,2500.0,25000.0,100.0,588.3729692307692,1753.3243076923077,1.3619752393536149,2.24181739196224,12932.09015384616,0,2
32_Phoenix_City,40,40,404043,2,2500.0,25000.0,95.0,438.1048097165992,1753.3243076923077,1.4039858973518502,2.0459689133093737,12563.829846153843,0,3
32_Phoenix_City,40,40,404043,2,2500.0,25000.0,100.0,444.21356153846153,1799.4301538461532,1.419009485622355,2.7467437282145823,13715.856923076924,0,4
32_Phoenix_City,40,40,404043,2,5000.0,10000.0,100.0,517.5311846153846,1799.4301538461532,1.3633660606605258,1.990979734757984,13033.263999999996,0,0
32_Phoenix_City,40,40,404043,2,5000.0,10000.0,95.0,547.3405101214574,1799.4301538461532,1.4110677223737638,2.7467437282145823,12337.231384615385,0,1
32_Phoenix_City,40,40,404043,2,5000.0,10000.0,100.0,552.3611076923078,1753.3243076923077,1.4662216157820187,2.7467437282145823,13834.40923076923,0,2
32_Phoenix_City,40,40,404043,2,5000.0,10000.0,95.0,582.1999190283401,1764.1593846153846,1.3940014904833768,2.7467437282145823,12574.799692307692,0,3
32_Phoenix_City,40,40,404043,2,5000.0,10000.0,95.0,354.4131983805668,1799.4301538461532,1.3575925980827726,1.990979734757984,12204.344307692309,0,4
32_Phoenix_City,40,40,404043,2,5000.0,25000.0,95.0,499.14905263157897,1764.1593846153846,1.52422260252085,3.128841913185096,12562.946153846156,0,0
32_Phoenix_City,40,40,404043,2,5000.0,25000.0,100.0,608.9012076923077,1753.5950769230767,1.4119205323466086,2.7467437282145823,13137.40646153846,0,1
32_Phoenix_City,40,40,404043,2,5000.0,25000.0,100.0,579.6210076923077,1794.8563076923074,1.4574388397492388,3.128841913185096,13117.96153846154,0,2
32_Phoenix_City,40,40,404043,2,5000.0,25000.0,95.0,537.9159514170041,1562.7596923076926,1.4808728353558689,2.8334428614101834,13138.869538461538,0,3
32_Phoenix_City,40,40,404043,2,5000.0,25000.0,100.0,458.1219769230769,1799.4301538461532,1.503339586797803,2.7467437282145823,13601.613538461535,0,4
32_Phoenix_City,40,40,404043,2,5000.0,50000.0,95.0,419.1686153846154,1779.937230769231,1.551735025741331,3.7399610619469015,13076.755384615386,0,0
32_Phoenix_City,40,40,404043,2,5000.0,50000.0,95.0,427.37997570850206,1799.4301538461532,1.3637726486000978,1.990979734757984,12596.830769230768,0,1
32_Phoenix_City,40,40,404043,2,5000.0,50000.0,100.0,446.1925461538461,1779.937230769231,1.437677257539253,2.219916455815192,13501.079692307689,0,2
32_Phoenix_City,40,40,404043,2,5000.0,50000.0,100.0,568.4038461538462,1753.3243076923077,1.44396296693992,2.7467437282145823,13585.131692307688,0,3
32_Phoenix_City,40,40,404043,2,5000.0,50000.0,95.0,507.7970850202428,1799.4301538461532,1.452172419489407,3.060348047638333,12673.30646153846,0,4
32_Phoenix_City,40,40,404043,2,10000.0,20000.0,95.0,490.6891983805668,1665.0003076923076,1.3449987727886266,2.7467437282145823,12307.710153846154,0,0
32_Phoenix_City,40,40,404043,2,10000.0,20000.0,95.0,328.90880161943323,1562.7596923076926,1.362350739755864,2.0160686653981355,11587.518769230768,0,1
32_Phoenix_City,40,40,404043,2,10000.0,20000.0,95.0,539.6974331983805,1799.4301538461532,1.4981323495231167,3.0788379974603206,12676.184307692303,0,2
32_Phoenix_City,40,40,404043,2,10000.0,20000.0,95.0,481.60732793522266,1779.937230769231,1.4909717518935692,2.8334428614101834,12409.41815384615,0,3
32_Phoenix_City,40,40,404043,2,10000.0,20000.0,95.0,447.2088987854251,1753.3243076923077,1.4077023384535057,2.239283323644947,12610.093846153846,0,4
32_Phoenix_City,40,40,404043,2,10000.0,50000.0,95.0,391.1898542510121,1779.937230769231,1.341487490492142,1.990979734757984,12706.355076923071,0,0
32_Phoenix_City,40,40,404043,2,10000.0,50000.0,95.0,392.81533603238864,1637.0883076923074,1.4287983609782615,2.3973067392165897,12800.672615384616,0,1
32_Phoenix_City,40,40,404043,2,10000.0,50000.0,95.0,477.1166720647773,1753.3243076923077,1.5313290631942402,3.121687880563101,13630.43507692308,0,2
32_Phoenix_City,40,40,404043,2,10000.0,50000.0,95.0,495.2725020242916,1779.937230769231,1.4309349324454026,3.128841913185096,12966.907076923078,0,3
32_Phoenix_City,40,40,404043,2,10000.0,50000.0,100.0,583.2197538461539,1779.937230769231,1.404801508597148,2.7467437282145823,13155.53046153846,0,4
32_Phoenix_City,40,40,404043,2,10000.0,100000.0,95.0,506.5044129554656,1753.3243076923077,1.3755317975156227,2.7467437282145823,12173.070153846154,0,0
32_Phoenix_City,40,40,404043,2,10000.0,100000.0,95.0,520.8972550607288,1753.3243076923077,1.4570965008307288,2.7467437282145823,12682.547076923078,0,1
32_Phoenix_City,40,40,404043,2,10000.0,100000.0,95.0,552.9051417004049,1746.2156923076927,1.38758143796546,2.7467437282145823,12737.291692307692,0,2
32_Phoenix_City,40,40,404043,2,10000.0,100000.0,100.0,531.2107846153847,1779.937230769231,1.537992680647013,2.8334428614101834,14191.616615384615,0,3
32_Phoenix_City,40,40,404043,2,10000.0,100000.0,95.0,489.04493117408913,1779.937230769231,1.5161398919228082,2.7467437282145823,13327.748,0,4
32_Phoenix_City,40,40,404043,2,20000.0,40000.0,95.0,359.57568421052633,1799.4301538461532,1.3886868278026827,2.7467437282145823,12134.455692307693,0,0
32_Phoenix_City,40,40,404043,2,20000.0,40000.0,100.0,491.584923076923,1799.4301538461532,1.455017771217348,2.7467437282145823,13692.883076923074,0,1
32_Phoenix_City,40,40,404043,2,20000.0,40000.0,95.0,530.3708744939271,1798.359692307692,1.46539199342447,2.134715987826629,13168.666461538462,0,2
32_Phoenix_City,40,40,404043,2,20000.0,40000.0,100.0,392.04341538461534,1763.7621538461544,1.502340938132042,2.7467437282145823,13988.980615384611,0,3
32_Phoenix_City,40,40,404043,2,20000.0,40000.0,95.0,520.0453522267206,1763.7621538461544,1.2882641388832037,2.3664759584697275,11484.245846153844,0,4
32_Phoenix_City,40,40,404043,2,20000.0,100000.0,100.0,501.4355153846154,1779.937230769231,1.4198955080265343,2.3664759584697275,13310.58523076923,0,0
32_Phoenix_City,40,40,404043,2,20000.0,100000.0,100.0,528.1773076923076,1799.4301538461532,1.5385987771784555,2.8087431977869266,14177.337230769232,0,1
32_Phoenix_City,40,40,404043,2,20000.0,100000.0,95.0,440.21302834008094,1764.1593846153846,1.454303811256882,2.7467437282145823,13252.204923076924,0,2
32_Phoenix_City,40,40,404043,2,20000.0,100000.0,95.0,425.2765668016195,1763.7621538461544,1.3590739801135987,1.990979734757984,12579.089538461538,0,3
32_Phoenix_City,40,40,404043,2,20000.0,100000.0,95.0,534.7715141700405,1753.3243076923077,1.4012522926199693,2.726349403804727,12250.017846153847,0,4
32_Phoenix_City,40,40,404043,2,20000.0,200000.0,95.0,489.06264777327937,1799.4301538461532,1.4340629605362445,2.7467437282145823,12741.49723076923,0,0
32_Phoenix_City,40,40,404043,2,20000.0,200000.0,100.0,443.8226615384616,1753.3243076923077,1.37971835888041,2.2406563926940635,13273.886769230772,0,1
32_Phoenix_City,40,40,404043,2,20000.0,200000.0,95.0,430.4188421052632,1753.3243076923077,1.4597914782782495,2.7467437282145823,13239.443076923077,0,2
32_Phoenix_City,40,40,404043,2,20000.0,200000.0,95.0,651.2413603238867,1786.2236923076923,1.3660560183587835,2.7467437282145823,12140.55815384615,0,3
32_Phoenix_City,40,40,404043,2,20000.0,200000.0,95.0,529.2146963562753,1779.937230769231,1.4911855652251949,2.7467437282145823,13094.580923076926,0,4
32_Phoenix_City,40,40,404043,2,40000.0,80000.0,95.0,473.9663724696356,1700.6741538461538,1.4049828834916849,3.128841913185096,12361.189538461536,0,0
32_Phoenix_City,40,40,404043,2,40000.0,80000.0,100.0,438.85177692307695,1763.7621538461544,1.4048207411357865,2.099214892639798,13377.728307692312,0,1
32_Phoenix_City,40,40,404043,2,40000.0,80000.0,95.0,448.8901295546559,1779.937230769231,1.483885346087843,2.8334428614101834,12823.84615384615,0,2
32_Phoenix_City,40,40,404043,2,40000.0,80000.0,95.0,413.0744939271255,1562.7596923076926,1.3440474665024378,2.7467437282145823,12214.512923076922,0,3
32_Phoenix_City,40,40,404043,2,40000.0,80000.0,100.0,436.44878461538457,1799.4301538461532,1.3141746788866486,1.990979734757984,12620.116615384612,0,4
32_Phoenix_City,40,40,404043,2,40000.0,200000.0,90.0,398.2836068376069,1763.7621538461544,1.3735373215954585,2.3664759584697275,11583.471999999998,0,0
32_Phoenix_City,40,40,404043,2,40000.0,200000.0,100.0,407.9077076923077,1799.4301538461532,1.3883794282091275,2.10314611872146,13237.619076923074,0,1
32_Phoenix_City,40,40,404043,2,40000.0,200000.0,100.0,480.75062307692303,1562.7596923076926,1.500247268747796,2.239283323644947,14059.60553846154,0,2
32_Phoenix_City,40,40,404043,2,40000.0,200000.0,95.0,409.9618218623482,1700.6741538461538,1.3696334846471856,2.7467437282145823,12235.257230769228,0,3
32_Phoenix_City,40,40,404043,2,40000.0,200000.0,100.0,620.0563230769231,1779.937230769231,1.5205062871221051,2.8087431977869266,13521.360307692306,0,4
32_Phoenix_City,40,40,404043,2,40000.0,400000.0,95.0,425.71435627530366,1753.3243076923077,1.380250233131525,1.990979734757984,12401.505846153848,0,0
32_Phoenix_City,40,40,404043,2,40000.0,400000.0,100.0,529.827053846154,1779.937230769231,1.4736678704525157,2.7467437282145823,13947.116615384615,0,1
32_Phoenix_City,40,40,404043,2,40000.0,400000.0,95.0,491.1308987854252,1779.937230769231,1.4777078874960126,2.7467437282145823,13036.083076923074,0,2
32_Phoenix_City,40,40,404043,2,40000.0,400000.0,95.0,473.1865020242914,1799.4301538461532,1.450660214130105,3.406047194257804,12998.090153846151,0,3
32_Phoenix_City,40,40,404043,2,40000.0,400000.0,95.0,587.5916275303643,1763.7621538461544,1.428175692305607,2.7467437282145823,13187.353538461535,0,4
32_Phoenix_City,40,40,404044,3,2500.0,5000.0,95.0,449.3699676113361,1747.9132307692307,1.4556208380574664,2.007757516693812,13539.918153846153,0,0
32_Phoenix_City,40,40,404044,3,2500.0,5000.0,100.0,321.6918538461538,1774.9190769230768,1.3840415594313042,2.007757516693812,13040.638,0,1
32_Phoenix_City,40,40,404044,3,2500.0,5000.0,100.0,332.8884538461539,1787.6040000000005,1.4844549836975054,2.2117373054873064,14369.162153846157,0,2
32_Phoenix_City,40,40,404044,3,2500.0,5000.0,95.0,389.6154898785424,1669.8701538461537,1.3645959099200833,1.950057777231093,12149.668923076924,0,3
32_Phoenix_City,40,40,404044,3,2500.0,5000.0,100.0,290.7423846153846,1567.286769230769,1.4824444185300965,2.365139028645287,14101.119230769233,0,4
32_Phoenix_City,40,40,404044,3,2500.0,12500.0,90.0,309.1934615384615,1669.8701538461537,1.3704101280096777,2.1137994801565703,11311.056615384612,0,0
32_Phoenix_City,40,40,404044,3,2500.0,12500.0,100.0,241.33713846153847,1529.7716923076923,1.425936677728146,2.204222972972974,13877.24446153846,0,1
32_Phoenix_City,40,40,404044,3,2500.0,12500.0,95.0,316.64594331983807,1669.8701538461537,1.3550977254128544,1.9737677667912423,12598.212615384617,0,2
32_Phoenix_City,40,40,404044,3,2500.0,12500.0,95.0,396.3020728744939,1774.9190769230768,1.2345380806578,1.8226715555596609,11257.375230769228,0,3
32_Phoenix_City,40,40,404044,3,2500.0,12500.0,95.0,251.35353036437243,1669.8701538461537,1.422863465474821,2.204222972972974,13002.818615384616,0,4
32_Phoenix_City,40,40,404044,3,2500.0,25000.0,100.0,323.47470000000004,1774.9190769230768,1.5658913327742594,3.1658014037334654,14067.47,0,0
32_Phoenix_City,40,40,404044,3,2500.0,25000.0,95.0,300.00034817813764,1787.6040000000005,1.5318416307350682,2.347611443221323,13618.209999999995,0,1
32_Phoenix_City,40,40,404044,3,2500.0,25000.0,100.0,400.1563,1787.6040000000005,1.4039810378291655,2.0063460694347994,13698.32769230769,0,2
32_Phoenix_City,40,40,404044,3,2500.0,25000.0,95.0,314.4632145748988,1774.9190769230768,1.389449699940695,1.9126400041983835,12483.424307692309,0,3
32_Phoenix_City,40,40,404044,3,2500.0,25000.0,100.0,292.6269615384616,1774.9190769230768,1.4744227112223107,2.172392667626501,13889.262153846154,0,4
32_Phoenix_City,40,40,404044,3,5000.0,10000.0,95.0,234.71465587044537,1774.9190769230768,1.4587521179586942,2.2666920081777757,13349.204153846153,0,0
32_Phoenix_City,40,40,404044,3,5000.0,10000.0,90.0,261.77877777777775,1529.7716923076923,1.365123229440193,2.204222972972974,11328.623692307694,0,1
32_Phoenix_City,40,40,404044,3,5000.0,10000.0,95.0,298.05541700404854,1567.286769230769,1.39713172540213,2.204222972972974,12584.427538461538,0,2
32_Phoenix_City,40,40,404044,3,5000.0,10000.0,95.0,253.91391902834005,1227.6424615384617,1.4827018802996643,2.204222972972974,12972.07092307692,0,3
32_Phoenix_City,40,40,404044,3,5000.0,10000.0,100.0,333.7307153846154,1774.9190769230768,1.378630580104652,1.9737677667912423,13598.92353846154,0,4
32_Phoenix_City,40,40,404044,3,5000.0,25000.0,100.0,362.7091769230769,1787.4218461538458,1.368856247060599,1.9126400041983835,13215.152000000002,0,0
32_Phoenix_City,40,40,404044,3,5000.0,25000.0,100.0,277.9642846153846,1669.8701538461537,1.382334144469011,2.204222972972974,13498.198615384614,0,1
32_Phoenix_City,40,40,404044,3,5000.0,25000.0,100.0,278.1889538461538,1529.7716923076923,1.4980626184733925,2.469996667777408,14482.642615384617,0,2
32_Phoenix_City,40,40,404044,3,5000.0,25000.0,95.0,301.84632388663965,1786.5753846153848,1.4865139208175977,2.204222972972974,13926.164923076924,0,3
32_Phoenix_City,40,40,404044,3,5000.0,25000.0,95.0,246.74922267206475,1669.8701538461537,1.4416378383571138,2.204222972972974,12529.727692307692,0,4
32_Phoenix_City,40,40,404044,3,5000.0,50000.0,95.0,406.81170850202426,1796.0680000000002,1.4602873415026167,2.1259761691198187,12604.192153846152,0,0
32_Phoenix_City,40,40,404044,3,5000.0,50000.0,100.0,205.22039230769232,1669.8701538461537,1.3755490959223915,2.204222972972974,13517.469692307688,0,1
32_Phoenix_City,40,40,404044,3,5000.0,50000.0,100.0,336.59345384615386,1787.6040000000005,1.3046128301959845,1.955311195977528,12755.058461538463,0,2
32_Phoenix_City,40,40,404044,3,5000.0,50000.0,95.0,321.418979757085,1796.0680000000002,1.4655119679020807,2.1259761691198187,13130.493999999995,0,3
32_Phoenix_City,40,40,404044,3,5000.0,50000.0,100.0,382.48414615384615,1774.9190769230768,1.5118375236032668,2.2117373054873064,14355.526000000002,0,4
32_Phoenix_City,40,40,404044,3,10000.0,20000.0,95.0,303.70010526315787,1567.286769230769,1.3864753574456212,2.1137994801565703,12195.737692307688,0,0
32_Phoenix_City,40,40,404044,3,10000.0,20000.0,95.0,273.3360647773279,1786.5753846153848,1.4465991781406782,2.457554663550294,12557.858307692306,0,1
32_Phoenix_City,40,40,404044,3,10000.0,20000.0,95.0,346.3912064777328,1786.5753846153848,1.5149297916817817,2.219450416325417,14010.432615384616,0,2
32_Phoenix_City,40,40,404044,3,10000.0,20000.0,95.0,234.5208582995952,1550.717846153846,1.4145104116148766,2.2117373054873064,13035.329692307692,0,3
32_Phoenix_City,40,40,404044,3,10000.0,20000.0,95.0,305.1882348178138,1747.9132307692307,1.322515515806529,2.204222972972974,12058.99323076923,0,4
32_Phoenix_City,40,40,404044,3,10000.0,50000.0,100.0,361.3287846153846,1747.9132307692307,1.5642783244865248,3.558205627090484,14603.172615384618,0,0
32_Phoenix_City,40,40,404044,3,10000.0,50000.0,95.0,312.59454251012147,1796.0680000000002,1.4012200707148792,2.2666920081777757,12171.01846153846,0,1
32_Phoenix_City,40,40,404044,3,10000.0,50000.0,95.0,318.522024291498,1740.7652307692306,1.4437446789931143,2.2117373054873064,13023.581384615383,0,2
32_Phoenix_City,40,40,404044,3,10000.0,50000.0,100.0,293.3964153846153,1774.9190769230768,1.413269158029418,2.0820846164666027,13806.293538461538,0,3
32_Phoenix_City,40,40,404044,3,10000.0,50000.0,95.0,294.4565991902834,1623.2692307692314,1.4326229419063743,2.2301611143611573,13111.460769230767,0,4
32_Phoenix_City,40,40,404044,3,10000.0,100000.0,95.0,353.6817651821862,1787.6040000000005,1.2903415517182917,2.0259122415908406,11967.47169230769,0,0
32_Phoenix_City,40,40,404044,3,10000.0,100000.0,100.0,304.5088307692307,1786.5753846153848,1.539537444604131,3.337859030753389,14399.446153846156,0,1
32_Phoenix_City,40,40,404044,3,10000.0,100000.0,95.0,289.5767368421052,1787.6040000000005,1.3708464229267907,2.1137994801565703,12509.091846153846,0,2
32_Phoenix_City,40,40,404044,3,10000.0,100000.0,100.0,295.8676461538461,1796.0680000000002,1.486286650093131,2.280746655746656,14300.63523076923,0,3
32_Phoenix_City,40,40,404044,3,10000.0,100000.0,95.0,322.5895141700405,1669.8701538461537,1.3884167222183037,2.007757516693812,12235.42369230769,0,4
32_Phoenix_City,40,40,404044,3,20000.0,40000.0,100.0,375.9767153846154,1794.2984615384612,1.456365446108014,2.2117373054873064,13862.478000000005,0,0
32_Phoenix_City,40,40,404044,3,20000.0,40000.0,95.0,449.60119028340085,1747.9132307692307,1.4426678244540332,2.1137994801565703,12930.205846153844,0,1
32_Phoenix_City,40,40,404044,3,20000.0,40000.0,95.0,258.2596194331984,1787.6040000000005,1.3521062653594678,2.2117373054873064,12543.543846153843,0,2
32_Phoenix_City,40,40,404044,3,20000.0,40000.0,100.0,393.9965769230769,1782.223076923077,1.559418928759274,2.219450416325417,14854.799076923078,0,3
32_Phoenix_City,40,40,404044,3,20000.0,40000.0,95.0,320.8155546558704,1567.286769230769,1.3809367766262075,2.1137994801565703,12601.851846153844,0,4
32_Phoenix_City,40,40,404044,3,20000.0,100000.0,100.0,360.5230769230769,1792.7587692307698,1.4848280996972212,2.172392667626501,14296.609076923078,0,0
32_Phoenix_City,40,40,404044,3,20000.0,100000.0,95.0,273.52942510121454,1787.6040000000005,1.4670054210626506,2.007757516693812,13095.374307692307,0,1
32_Phoenix_City,40,40,404044,3,20000.0,100000.0,95.0,391.4564858299595,1787.6040000000005,1.3977346177470422,2.1137994801565703,12862.763846153844,0,2
32_Phoenix_City,40,40,404044,3,20000.0,100000.0,100.0,329.6710153846154,1669.8701538461537,1.4221967305528336,2.172392667626501,13187.437076923074,0,3
32_Phoenix_City,40,40,404044,3,20000.0,100000.0,90.0,304.0973076923077,1774.9190769230768,1.4479889454556618,2.2583773439680286,11573.090153846151,0,4
32_Phoenix_City,40,40,404044,3,20000.0,200000.0,95.0,365.389983805668,1787.6040000000005,1.4335368471352825,2.2117373054873064,13224.124769230772,0,0
32_Phoenix_City,40,40,404044,3,20000.0,200000.0,90.0,352.95091452991454,1747.9132307692307,1.3520195449738497,2.0441321972257547,11670.298,0,1
32_Phoenix_City,40,40,404044,3,20000.0,200000.0,95.0,304.2374898785425,1669.8701538461537,1.4039128390905795,2.007757516693812,12720.206461538462,0,2
32_Phoenix_City,40,40,404044,3,20000.0,200000.0,95.0,311.19055060728743,1669.8701538461537,1.46786861389823,2.043793490653196,13477.694615384617,0,3
32_Phoenix_City,40,40,404044,3,20000.0,200000.0,95.0,271.8236842105263,1787.4218461538458,1.391118721527954,2.204222972972974,13213.826307692305,0,4
32_Phoenix_City,40,40,404044,3,40000.0,80000.0,95.0,356.028995951417,1747.9132307692307,1.533192360822465,3.2201739698427745,13138.422000000002,0,0
32_Phoenix_City,40,40,404044,3,40000.0,80000.0,95.0,162.562008097166,1774.9190769230768,1.4375482803590216,2.204222972972974,13482.301692307694,0,1
32_Phoenix_City,40,40,404044,3,40000.0,80000.0,95.0,291.72288259109314,1796.0680000000002,1.4287132694871278,2.204222972972974,12567.16969230769,0,2
32_Phoenix_City,40,40,404044,3,40000.0,80000.0,100.0,273.86006153846154,1669.8701538461537,1.5092425226517647,2.2301611143611573,14300.451846153846,0,3
32_Phoenix_City,40,40,404044,3,40000.0,80000.0,95.0,302.13416194331984,1567.286769230769,1.4508342553141191,2.1137994801565703,13294.40353846154,0,4
32_Phoenix_City,40,40,404044,3,40000.0,200000.0,95.0,360.7686801619433,1774.9190769230768,1.3839899248208742,2.007757516693812,12525.45338461538,0,0
32_Phoenix_City,40,40,404044,3,40000.0,200000.0,100.0,362.6137076923077,1669.8701538461537,1.4318335388876815,2.365139028645287,13816.78846153846,0,1
32_Phoenix_City,40,40,404044,3,40000.0,200000.0,95.0,342.86111740890686,1579.5009230769228,1.4072603351276995,2.007757516693812,12440.245230769233,0,2
32_Phoenix_City,40,40,404044,3,40000.0,200000.0,100.0,342.59816923076926,1786.5753846153848,1.348159765064255,2.1409407279672457,12977.115384615385,0,3
32_Phoenix_City,40,40,404044,3,40000.0,200000.0,95.0,402.1647611336032,1567.286769230769,1.4534530868546045,2.1137994801565703,13055.730153846156,0,4
32_Phoenix_City,40,40,404044,3,40000.0,400000.0,100.0,445.7471384615384,1787.4218461538458,1.3383929511317612,2.204222972972974,12821.424615384616,0,0
32_Phoenix_City,40,40,404044,3,40000.0,400000.0,100.0,354.5605461538461,1774.9190769230768,1.3459774197791754,2.1137994801565703,12930.832615384616,0,1
32_Phoenix_City,40,40,404044,3,40000.0,400000.0,90.0,270.7626495726496,1567.286769230769,1.3452155441355012,2.000089912226738,11270.186615384611,0,2
32_Phoenix_City,40,40,404044,3,40000.0,400000.0,100.0,378.7826307692307,1795.3815384615382,1.3139261132188518,2.189022552832317,12931.592769230769,0,3
32_Phoenix_City,40,40,404044,3,40000.0,400000.0,95.0,320.18357894736846,1774.9190769230768,1.404770936634113,1.9935989629262847,13011.163384615387,0,4
32_Phoenix_City,40,80,804042,1,2500.0,5000.0,92.5,519.3883825363826,1755.6046153846155,1.600137948665853,4.487282710557924,19626.953076923077,0,0
32_Phoenix_City,40,80,804042,1,2500.0,5000.0,92.5,441.863471933472,1731.718769230769,1.6048344110945871,4.894033388813232,20968.48692307692,0,1
32_Phoenix_City,40,80,804042,1,2500.0,5000.0,92.5,500.0799334719335,1769.978153846154,1.5578368551847084,3.3639542270120337,20662.896307692303,0,2
32_Phoenix_City,40,80,804042,1,2500.0,5000.0,97.5,519.3113767258383,1786.5784615384614,1.4965029607001847,2.449751643948609,21772.88446153845,0,3
32_Phoenix_City,40,80,804042,1,2500.0,5000.0,95.0,458.1052105263158,1786.5784615384614,1.5909790644557773,4.894033388813232,20923.156307692305,0,4
32_Phoenix_City,40,80,804042,1,2500.0,12500.0,95.0,422.3987914979757,1759.9055384615383,1.4837487315331153,2.4224579067603007,20815.00569230769,0,0
32_Phoenix_City,40,80,804042,1,2500.0,12500.0,95.0,433.5198866396761,1755.6046153846155,1.463479019511304,2.4224579067603007,20707.24276923077,0,1
32_Phoenix_City,40,80,804042,1,2500.0,12500.0,97.5,467.6611400394477,1766.4498461538462,1.5952989636653956,4.487282710557924,22552.98092307692,0,2
32_Phoenix_City,40,80,804042,1,2500.0,12500.0,92.5,469.2952079002079,1799.6846153846154,1.6651223209691508,6.639711404900202,21474.32784615384,0,3
32_Phoenix_City,40,80,804042,1,2500.0,12500.0,97.5,567.8150848126232,1766.4498461538462,1.6478323038651157,6.639711404900202,22448.21523076923,0,4
32_Phoenix_City,40,80,804042,1,2500.0,25000.0,95.0,465.77609514170047,1747.3963076923078,1.5289418197889972,3.2111786388125068,21249.57307692308,0,0
32_Phoenix_City,40,80,804042,1,2500.0,25000.0,92.5,442.4892079002079,1786.5787692307697,1.5736577515494652,4.487282710557924,20165.965076923072,0,1
32_Phoenix_City,40,80,804042,1,2500.0,25000.0,92.5,466.03320997921,1766.4498461538462,1.6455150890659436,6.639711404900202,20759.21476923077,0,2
32_Phoenix_City,40,80,804042,1,2500.0,25000.0,92.5,463.6719999999999,1792.422769230769,1.5781327614654537,4.487282710557924,20486.74569230769,0,3
32_Phoenix_City,40,80,804042,1,2500.0,25000.0,92.5,548.947316008316,1780.628615384615,1.6586192586214563,6.639711404900202,20622.288,0,4
32_Phoenix_City,40,80,804042,1,5000.0,10000.0,92.5,455.254185031185,1755.6046153846155,1.604945509121253,6.639711404900202,20135.891692307698,0,0
32_Phoenix_City,40,80,804042,1,5000.0,10000.0,97.5,521.900181459566,1755.6046153846155,1.535915696877821,2.449751643948609,23445.77861538461,0,1
32_Phoenix_City,40,80,804042,1,5000.0,10000.0,97.5,525.7715779092701,1766.4498461538462,1.6308024455398034,3.685938366873456,23114.98830769229,0,2
32_Phoenix_City,40,80,804042,1,5000.0,10000.0,97.5,452.4743668639053,1755.6046153846155,1.644375623458338,6.639711404900202,22097.659538461536,0,3
32_Phoenix_City,40,80,804042,1,5000.0,10000.0,95.0,511.2398421052631,1790.513230769231,1.5853960926052728,2.820626533001088,21822.912615384612,0,4
32_Phoenix_City,40,80,804042,1,5000.0,25000.0,92.5,471.17141372141367,1705.4656923076925,1.6655633691489644,4.487282710557924,21524.461384615377,0,0
32_Phoenix_City,40,80,804042,1,5000.0,25000.0,92.5,478.5838835758836,1727.3592307692306,1.5024436453799743,3.685938366873456,20413.624307692306,0,1
32_Phoenix_City,40,80,804042,1,5000.0,25000.0,95.0,536.7812327935222,1790.513230769231,1.6741856032043465,6.639711404900202,21968.351999999995,0,2
32_Phoenix_City,40,80,804042,1,5000.0,25000.0,97.5,555.43641617357,1790.6432307692307,1.6648051584788743,6.639711404900202,21870.48707692308,0,3
32_Phoenix_City,40,80,804042,1,5000.0,25000.0,95.0,413.5039777327935,1786.5784615384614,1.6021003255890924,4.894033388813232,21473.52738461538,0,4
32_Phoenix_City,40,80,804042,1,5000.0,50000.0,90.0,483.8812713675213,1755.6046153846155,1.6895593847757886,6.639711404900202,19155.55292307692,0,0
32_Phoenix_City,40,80,804042,1,5000.0,50000.0,92.5,432.1208212058212,1786.5784615384614,1.6412888830477268,6.639711404900202,20606.022307692307,0,1
32_Phoenix_City,40,80,804042,1,5000.0,50000.0,95.0,474.1721052631579,1727.3592307692306,1.6328001224144122,6.639711404900202,20233.18323076923,0,2
32_Phoenix_City,40,80,804042,1,5000.0,50000.0,92.5,482.554713097713,1766.4498461538462,1.5188500523055035,2.831873165052835,20245.089076923075,0,3
32_Phoenix_City,40,80,804042,1,5000.0,50000.0,95.0,419.06725910931175,1755.6046153846155,1.6285668586340194,6.639711404900202,21214.21384615384,0,4
32_Phoenix_City,40,80,804042,1,10000.0,20000.0,92.5,433.9228191268191,1727.3592307692306,1.5458805363713566,4.487282710557924,20613.70153846153,0,0
32_Phoenix_City,40,80,804042,1,10000.0,20000.0,92.5,544.7930103950104,1799.213846153846,1.5796541675000677,4.480453142412146,21034.95892307692,0,1
32_Phoenix_City,40,80,804042,1,10000.0,20000.0,92.5,423.69112058212056,1786.5787692307697,1.6618475264800598,6.639711404900202,20315.295230769225,0,2
32_Phoenix_City,40,80,804042,1,10000.0,20000.0,95.0,513.4446234817814,1705.4656923076925,1.593379325083652,2.780803276923799,22920.54953846153,0,3
32_Phoenix_City,40,80,804042,1,10000.0,20000.0,92.5,443.319550935551,1782.786153846154,1.654850074340248,6.639711404900202,21000.345538461537,0,4
32_Phoenix_City,40,80,804042,1,10000.0,50000.0,95.0,423.5548421052631,1750.0398461538462,1.5590000023809572,3.685938366873456,21384.85323076923,0,0
32_Phoenix_City,40,80,804042,1,10000.0,50000.0,92.5,457.9867089397089,1786.5784615384614,1.5944684843413872,4.894033388813232,20834.34723076922,0,1
32_Phoenix_City,40,80,804042,1,10000.0,50000.0,92.5,519.0995488565488,1769.978153846154,1.6455452844035698,6.639711404900202,20967.561846153847,0,2
32_Phoenix_City,40,80,804042,1,10000.0,50000.0,95.0,518.0817449392712,1766.4498461538462,1.6050969252301432,4.894033388813232,21620.52123076923,0,3
32_Phoenix_City,40,80,804042,1,10000.0,50000.0,95.0,476.8401194331984,1777.377846153846,1.6421659239260986,3.685938366873456,22429.00907692308,0,4
32_Phoenix_City,40,80,804042,1,10000.0,100000.0,92.5,490.2780935550936,1799.213846153846,1.637529896722809,6.639711404900202,20653.386461538452,0,0
32_Phoenix_City,40,80,804042,1,10000.0,100000.0,97.5,455.7255857988166,1755.6046153846155,1.5004592167939903,2.4780133683052705,22281.816769230765,0,1
32_Phoenix_City,40,80,804042,1,10000.0,100000.0,95.0,528.7806396761133,1766.4498461538462,1.6107463742283417,4.487282710557924,21540.48076923077,0,2
32_Phoenix_City,40,80,804042,1,10000.0,100000.0,95.0,534.1330587044534,1786.5784615384614,1.541824117438307,2.449751643948609,22719.468153846155,0,3
32_Phoenix_City,40,80,804042,1,10000.0,100000.0,92.5,429.6314074844075,1766.4498461538462,1.5839396945135804,4.480453142412146,20380.45846153846,0,4
32_Phoenix_City,40,80,804042,1,20000.0,40000.0,97.5,507.8747218934911,1766.4498461538462,1.5859223460197542,3.3133233203404013,22474.34076923076,0,0
32_Phoenix_City,40,80,804042,1,20000.0,40000.0,95.0,519.0091072874493,1759.9055384615383,1.6398105711258644,4.894033388813232,21282.387846153844,0,1
32_Phoenix_City,40,80,804042,1,20000.0,40000.0,92.5,474.7893097713098,1727.3592307692306,1.5318950373224167,2.6529857891937088,21366.601692307693,0,2
32_Phoenix_City,40,80,804042,1,20000.0,40000.0,97.5,451.2883885601578,1766.4498461538462,1.5751601161463331,4.894033388813232,22062.768461538457,0,3
32_Phoenix_City,40,80,804042,1,20000.0,40000.0,95.0,428.6751659919028,1766.4498461538462,1.5711705895393548,4.487282710557924,21372.905384615387,0,4
32_Phoenix_City,40,80,804042,1,20000.0,100000.0,95.0,547.4402995951417,1786.5784615384614,1.675382495178093,6.639711404900202,21439.03076923077,0,0
32_Phoenix_City,40,80,804042,1,20000.0,100000.0,92.5,494.070397089397,1747.3963076923078,1.52318755465442,2.449751643948609,20463.273538461537,0,1
32_Phoenix_City,40,80,804042,1,20000.0,100000.0,95.0,514.2766457489878,1755.6046153846155,1.702529266519279,7.128443958555054,22120.252153846155,0,2
32_Phoenix_City,40,80,804042,1,20000.0,100000.0,90.0,491.2524102564103,1790.513230769231,1.636027377280015,6.639711404900202,18879.703538461537,0,3
32_Phoenix_City,40,80,804042,1,20000.0,100000.0,95.0,431.737548582996,1705.4656923076925,1.581523551089836,4.487282710557924,21541.45784615384,0,4
32_Phoenix_City,40,80,804042,1,20000.0,200000.0,95.0,504.87962145748986,1790.513230769231,1.5660638925685446,2.5361788999837707,22399.02907692307,0,0
32_Phoenix_City,40,80,804042,1,20000.0,200000.0,95.0,448.4865607287449,1766.4498461538462,1.5963823689916818,3.8145624645904954,22213.06661538461,0,1
32_Phoenix_City,40,80,804042,1,20000.0,200000.0,90.0,411.1692243589744,1797.617230769231,1.578776213360231,2.437113762443956,19853.76046153845,0,2
32_Phoenix_City,40,80,804042,1,20000.0,200000.0,95.0,428.6731781376518,1799.213846153846,1.60776279452351,6.639711404900202,21879.75892307692,0,3
32_Phoenix_City,40,80,804042,1,20000.0,200000.0,92.5,490.496948024948,1790.513230769231,1.7481668735026772,6.639711404900202,21144.041538461533,0,4
32_Phoenix_City,40,80,804042,1,40000.0,80000.0,97.5,418.1370887573964,1747.3963076923078,1.5919697293447674,4.402238436163307,22463.703692307685,0,0
32_Phoenix_City,40,80,804042,1,40000.0,80000.0,95.0,512.351439271255,1792.422769230769,1.6829812952843906,6.639711404900202,21979.130461538454,0,1
32_Phoenix_City,40,80,804042,1,40000.0,80000.0,92.5,526.1845301455301,1786.5784615384614,1.4326986454327435,2.4117849758787053,20495.792,0,2
32_Phoenix_City,40,80,804042,1,40000.0,80000.0,95.0,466.6762692307692,1786.5784615384614,1.619912383619031,6.639711404900202,20704.32076923077,0,3
32_Phoenix_City,40,80,804042,1,40000.0,80000.0,95.0,543.3878259109312,1759.9055384615383,1.6669556929203615,6.639711404900202,21478.36215384616,0,4
32_Phoenix_City,40,80,804042,1,40000.0,200000.0,97.5,462.48494674556207,1755.6046153846155,1.5366194060488083,2.802150831546669,22071.30584615385,0,0
32_Phoenix_City,40,80,804042,1,40000.0,200000.0,95.0,520.3895526315789,1766.4498461538462,1.5303267458579428,4.487282710557924,21635.977230769226,0,1
32_Phoenix_City,40,80,804042,1,40000.0,200000.0,97.5,511.13533925049313,1790.513230769231,1.5700890774945682,2.449751643948609,23200.606923076928,0,2
32_Phoenix_City,40,80,804042,1,40000.0,200000.0,95.0,433.4059514170041,1766.4498461538462,1.5900498889259784,4.894033388813232,21186.992153846146,0,3
32_Phoenix_City,40,80,804042,1,40000.0,200000.0,92.5,459.4154095634096,1747.3963076923078,1.653732535636776,6.639711404900202,20716.142923076924,0,4
32_Phoenix_City,40,80,804042,1,40000.0,400000.0,95.0,499.5400425101215,1790.513230769231,1.607151056511793,3.685938366873456,20892.57,0,0
32_Phoenix_City,40,80,804042,1,40000.0,400000.0,92.5,514.8393118503119,1799.213846153846,1.5761921528853782,4.487282710557924,20765.256,0,1
32_Phoenix_City,40,80,804042,1,40000.0,400000.0,97.5,440.27877514792897,1786.5784615384614,1.590798445663088,3.7280250589736648,22300.01523076924,0,2
32_Phoenix_City,40,80,804042,1,40000.0,400000.0,95.0,420.953963562753,1766.4498461538462,1.6585364394274165,4.894033388813232,22113.180769230763,0,3
32_Phoenix_City,40,80,804042,1,40000.0,400000.0,92.5,513.2305051975052,1766.4498461538462,1.591031825935978,4.480453142412146,21531.05261538461,0,4
32_Phoenix_City,40,80,804043,2,2500.0,5000.0,90.0,471.6806282051282,1793.4756923076925,1.371906204455766,2.850355857757197,21698.65307692308,0,0
32_Phoenix_City,40,80,804043,2,2500.0,5000.0,92.5,522.6421954261955,1757.4510769230774,1.425446559922778,3.1100736036496435,22032.783230769222,0,1
32_Phoenix_City,40,80,804043,2,2500.0,5000.0,95.0,495.3468259109312,1786.6107692307692,1.3325758600116997,2.4209898263596723,23580.724769230776,0,2
32_Phoenix_City,40,80,804043,2,2500.0,5000.0,92.5,468.76373388773385,1688.872307692308,1.3245718893895937,2.2498863077105176,22112.66030769231,0,3
32_Phoenix_City,40,80,804043,2,2500.0,5000.0,92.5,438.6563056133056,1741.3375384615388,1.3584550758485483,3.809417767191444,21918.924461538456,0,4
32_Phoenix_City,40,80,804043,2,2500.0,12500.0,95.0,527.0052287449392,1793.4756923076925,1.3353535118657207,2.5767414185613347,22100.261076923078,0,0
32_Phoenix_City,40,80,804043,2,2500.0,12500.0,97.5,527.2789349112426,1795.4747692307692,1.365338203716402,3.809417767191444,23604.31523076923,0,1
32_Phoenix_City,40,80,804043,2,2500.0,12500.0,92.5,489.139604989605,1754.918461538461,1.371072185202707,3.222330648902336,21998.49353846153,0,2
32_Phoenix_City,40,80,804043,2,2500.0,12500.0,95.0,568.1617064777328,1788.8156923076922,1.4045912507866312,3.713809022434599,23030.076,0,3
32_Phoenix_City,40,80,804043,2,2500.0,12500.0,92.5,502.17570893970895,1796.6969230769232,1.3283532361811234,2.2498863077105176,21859.575846153846,0,4
32_Phoenix_City,40,80,804043,2,2500.0,25000.0,92.5,511.03512681912673,1779.1784615384613,1.3256363813385978,2.273102494253634,22179.42015384616,0,0
32_Phoenix_City,40,80,804043,2,2500.0,25000.0,95.0,464.02325101214575,1759.3483076923076,1.364524598375106,2.850355857757197,23439.71830769232,0,1
32_Phoenix_City,40,80,804043,2,2500.0,25000.0,92.5,406.1976673596674,1704.8203076923078,1.7829109694886756,19.437855585686183,21945.804769230766,0,2
32_Phoenix_City,40,80,804043,2,2500.0,25000.0,92.5,551.225288981289,1778.855076923077,1.3785328934482082,2.850355857757197,22551.516461538456,0,3
32_Phoenix_City,40,80,804043,2,2500.0,25000.0,95.0,554.9284109311741,1797.7646153846154,1.3962566962823917,3.5515409537754614,23399.775846153847,0,4
32_Phoenix_City,40,80,804043,2,5000.0,10000.0,97.5,552.8632366863906,1786.6107692307692,1.962744863675128,25.05120433881002,24060.66769230769,0,0
32_Phoenix_City,40,80,804043,2,5000.0,10000.0,95.0,483.0925789473684,1715.5264615384615,1.322280932115802,2.2498863077105176,22786.132307692307,0,1
32_Phoenix_City,40,80,804043,2,5000.0,10000.0,90.0,468.086532051282,1797.7646153846154,1.4858965011128298,3.5515409537754614,22287.868923076927,0,2
32_Phoenix_City,40,80,804043,2,5000.0,10000.0,95.0,521.3787348178138,1786.6107692307692,1.33826897431494,2.290271809869241,23361.60861538461,0,3
32_Phoenix_City,40,80,804043,2,5000.0,10000.0,97.5,515.9132820512821,1713.7889230769233,1.3037761319519372,2.850355857757197,22722.345846153843,0,4
32_Phoenix_City,40,80,804043,2,5000.0,25000.0,97.5,541.5895700197239,1779.1784615384613,1.27527478334428,2.5271288491848414,23215.050769230773,0,0
32_Phoenix_City,40,80,804043,2,5000.0,25000.0,97.5,589.1725305719921,1779.1784615384613,1.3466836596810603,2.850355857757197,23320.930000000004,0,1
32_Phoenix_City,40,80,804043,2,5000.0,25000.0,95.0,479.864008097166,1770.9901538461536,1.3560097980615993,2.850355857757197,22994.017076923075,0,2
32_Phoenix_City,40,80,804043,2,5000.0,25000.0,95.0,531.0220546558704,1786.6107692307692,1.350166561850566,2.850355857757197,22978.20753846154,0,3
32_Phoenix_City,40,80,804043,2,5000.0,25000.0,92.5,466.4961663201664,1778.476,1.4195714756844566,2.981218916324927,22040.24353846154,0,4
32_Phoenix_City,40,80,804043,2,5000.0,50000.0,90.0,507.6538354700854,1795.4747692307692,1.3334734772409909,2.273102494253634,20829.627076923072,0,0
32_Phoenix_City,40,80,804043,2,5000.0,50000.0,95.0,476.36902834008094,1778.476,1.317834095035814,2.850355857757197,22541.815384615384,0,1
32_Phoenix_City,40,80,804043,2,5000.0,50000.0,95.0,510.29959109311744,1786.6107692307692,1.3729470298695714,2.7858710052198035,23032.020615384616,0,2
32_Phoenix_City,40,80,804043,2,5000.0,50000.0,92.5,550.8637941787941,1796.6969230769232,1.390608414574848,2.5549335894088325,22607.875384615385,0,3
32_Phoenix_City,40,80,804043,2,5000.0,50000.0,90.0,452.3528611111112,1778.476,1.3185104020526333,2.2498863077105176,20860.15369230769,0,4
32_Phoenix_City,40,80,804043,2,10000.0,20000.0,95.0,459.59131376518224,1682.9667692307694,1.331785185473177,2.5271288491848414,22894.650307692307,0,0
32_Phoenix_City,40,80,804043,2,10000.0,20000.0,92.5,469.071659043659,1778.476,1.369620631236756,2.213889962232165,22675.680923076925,0,1
32_Phoenix_City,40,80,804043,2,10000.0,20000.0,97.5,440.7621360946745,1799.4707692307693,1.3528484878247105,3.1465565951201606,23380.536153846147,0,2
32_Phoenix_City,40,80,804043,2,10000.0,20000.0,92.5,501.5969521829522,1723.2415384615388,1.3197020840084066,2.850355857757197,21863.81969230769,0,3
32_Phoenix_City,40,80,804043,2,10000.0,20000.0,95.0,506.01204048583,1786.6107692307692,1.7664503671414753,19.437855585686183,22452.76784615385,0,4
32_Phoenix_City,40,80,804043,2,10000.0,50000.0,92.5,471.40606860706856,1739.4101538461537,1.3429268889722332,2.5271288491848414,22053.41846153846,0,0
32_Phoenix_City,40,80,804043,2,10000.0,50000.0,92.5,530.5935155925156,1795.4747692307692,1.3037090632601034,2.4685476024302817,21621.38784615384,0,1
32_Phoenix_City,40,80,804043,2,10000.0,50000.0,97.5,546.2469329388559,1788.8156923076922,1.3770752143255591,2.850355857757197,24193.683384615382,0,2
32_Phoenix_City,40,80,804043,2,10000.0,50000.0,92.5,449.4430686070687,1748.132307692308,1.4323590445579506,3.222330648902336,22766.99707692308,0,3
32_Phoenix_City,40,80,804043,2,10000.0,50000.0,92.5,490.93817255717255,1799.4707692307693,1.3621594569064126,3.0777091876799574,22301.398769230767,0,4
32_Phoenix_City,40,80,804043,2,10000.0,100000.0,97.5,433.6222090729783,1754.918461538461,1.3444263460765975,2.2498863077105176,24287.136923076923,0,0
32_Phoenix_City,40,80,804043,2,10000.0,100000.0,95.0,502.0428522267207,1756.931076923077,1.4132088789530182,2.981218916324927,23138.12153846154,0,1
32_Phoenix_City,40,80,804043,2,10000.0,100000.0,92.5,487.9436590436591,1795.4747692307692,1.296725433841765,2.4295145738879373,21082.561076923077,0,2
32_Phoenix_City,40,80,804043,2,10000.0,100000.0,92.5,430.81662370062367,1715.5264615384615,1.409796899524486,2.990022276384411,22844.185384615383,0,3
32_Phoenix_City,40,80,804043,2,10000.0,100000.0,97.5,470.0342327416173,1754.918461538461,1.3571375049818333,2.850355857757197,23666.564923076927,0,4
32_Phoenix_City,40,80,804043,2,20000.0,40000.0,97.5,532.6201656804734,1754.918461538461,1.3251882062652067,2.27478436682088,24176.854769230773,0,0
32_Phoenix_City,40,80,804043,2,20000.0,40000.0,92.5,557.8345550935551,1779.1784615384613,1.403241856602916,3.0777091876799574,22453.61969230769,0,1
32_Phoenix_City,40,80,804043,2,20000.0,40000.0,97.5,524.063157790927,1704.8203076923078,1.8614051843349944,22.249295475089063,24267.580923076923,0,2
32_Phoenix_City,40,80,804043,2,20000.0,40000.0,95.0,430.5457955465587,1778.476,1.3962425653405015,2.273102494253634,23411.17984615385,0,3
32_Phoenix_City,40,80,804043,2,20000.0,40000.0,92.5,529.3847983367983,1795.4747692307692,1.273608310045503,2.850355857757197,21462.764,0,4
32_Phoenix_City,40,80,804043,2,20000.0,100000.0,95.0,529.3376174089069,1797.7646153846154,1.320106061052223,2.1822338934460674,23131.94092307693,0,0
32_Phoenix_City,40,80,804043,2,20000.0,100000.0,95.0,443.8402611336032,1747.235076923077,1.2954012372422616,2.1009058143596584,22269.23569230769,0,1
32_Phoenix_City,40,80,804043,2,20000.0,100000.0,97.5,544.7361715976331,1788.6033846153846,1.290055095237265,2.065987411229532,23220.823076923072,0,2
32_Phoenix_City,40,80,804043,2,20000.0,100000.0,92.5,477.6533513513513,1739.4101538461537,1.2716810817914344,2.0251514434774225,21293.96092307692,0,3
32_Phoenix_City,40,80,804043,2,20000.0,100000.0,95.0,467.1847712550607,1778.476,1.4053847051947526,2.799022240220201,23347.510461538463,0,4
32_Phoenix_City,40,80,804043,2,20000.0,200000.0,95.0,537.4995890688259,1778.476,1.342297883572407,3.1655240754359504,22850.65492307692,0,0
32_Phoenix_City,40,80,804043,2,20000.0,200000.0,95.0,533.1245101214575,1778.476,1.3504607330479204,2.2498863077105176,22951.47846153846,0,1
32_Phoenix_City,40,80,804043,2,20000.0,200000.0,95.0,458.6062267206478,1754.918461538461,1.345698603749445,3.050076657484388,22566.87307692308,0,2
32_Phoenix_City,40,80,804043,2,20000.0,200000.0,92.5,494.8745675675676,1739.4101538461537,1.3847729326507234,2.4685476024302817,22713.549230769226,0,3
32_Phoenix_City,40,80,804043,2,20000.0,200000.0,95.0,483.1363259109312,1715.5264615384615,1.3466143204144057,2.279927045295925,22772.87907692308,0,4
32_Phoenix_City,40,80,804043,2,40000.0,80000.0,97.5,507.1537633136095,1786.6107692307692,1.2982778577726055,2.7858710052198035,23056.50323076923,0,0
32_Phoenix_City,40,80,804043,2,40000.0,80000.0,92.5,424.04899376299375,1778.476,1.3115413660183373,3.222330648902336,21392.77723076923,0,1
32_Phoenix_City,40,80,804043,2,40000.0,80000.0,95.0,506.8438198380567,1754.918461538461,1.4019166709831532,3.222330648902336,23556.349076923078,0,2
32_Phoenix_City,40,80,804043,2,40000.0,80000.0,90.0,483.8687991452992,1786.6107692307692,1.2932046798469083,2.850355857757197,20885.048461538467,0,3
32_Phoenix_City,40,80,804043,2,40000.0,80000.0,92.5,550.7453970893971,1778.476,1.2669094232232745,2.850355857757197,21115.01676923077,0,4
32_Phoenix_City,40,80,804043,2,40000.0,200000.0,95.0,529.9489574898785,1715.5264615384615,1.2827478298629762,2.1009058143596584,22474.496769230765,0,0
32_Phoenix_City,40,80,804043,2,40000.0,200000.0,95.0,497.47755870445343,1779.1784615384613,1.343732801199351,2.273102494253634,22799.555538461536,0,1
32_Phoenix_City,40,80,804043,2,40000.0,200000.0,95.0,507.1216437246963,1799.4707692307693,1.346290105457853,3.3490887853568534,22930.143384615385,0,2
32_Phoenix_City,40,80,804043,2,40000.0,200000.0,95.0,496.7184109311741,1779.1784615384613,1.3839289223826094,2.850355857757197,23300.198769230763,0,3
32_Phoenix_City,40,80,804043,2,40000.0,200000.0,97.5,545.6481499013807,1741.3375384615388,1.3646114924655772,2.279927045295925,24548.45338461538,0,4
32_Phoenix_City,40,80,804043,2,40000.0,400000.0,95.0,556.1336336032389,1754.918461538461,1.4061581485892445,2.850355857757197,22963.915538461537,0,0
32_Phoenix_City,40,80,804043,2,40000.0,400000.0,95.0,512.4744170040485,1786.6107692307692,1.396630149729362,3.884170061028036,22870.284615384608,0,1
32_Phoenix_City,40,80,804043,2,40000.0,400000.0,92.5,459.7063326403326,1751.784923076923,1.4182792940682345,3.809417767191444,22633.030307692312,0,2
32_Phoenix_City,40,80,804043,2,40000.0,400000.0,92.5,498.9245654885655,1754.918461538461,1.353239291376256,2.288884171818272,21430.74892307692,0,3
32_Phoenix_City,40,80,804043,2,40000.0,400000.0,92.5,473.8488191268192,1779.1784615384613,1.3410249912304455,2.273102494253634,22712.84138461537,0,4
32_Phoenix_City,40,80,804044,3,2500.0,5000.0,97.5,684.3322800788955,1756.8793846153844,1.4510030806082823,3.0911438805697737,22760.864307692307,0,0
32_Phoenix_City,40,80,804044,3,2500.0,5000.0,90.0,602.8284102564103,1749.590153846154,1.4636885822230452,3.099858486479202,20470.600923076923,0,1
32_Phoenix_City,40,80,804044,3,2500.0,5000.0,95.0,650.5522348178138,1763.927076923077,1.4737186757458236,2.88420684306244,22272.40646153846,0,2
32_Phoenix_City,40,80,804044,3,2500.0,5000.0,90.0,584.6521987179487,1747.7453846153849,1.4357086305487046,3.099858486479202,20306.65230769231,0,3
32_Phoenix_City,40,80,804044,3,2500.0,5000.0,92.5,688.8703388773389,1763.9273846153849,1.482877776743298,3.099858486479202,22092.09353846154,0,4
32_Phoenix_City,40,80,804044,3,2500.0,12500.0,95.0,658.9285283400809,1794.0587692307697,1.5183300884194746,3.1304425745302806,21642.62215384615,0,0
32_Phoenix_City,40,80,804044,3,2500.0,12500.0,92.5,661.353343035343,1720.3661538461538,1.4882803268158136,2.88420684306244,21626.401846153847,0,1
32_Phoenix_City,40,80,804044,3,2500.0,12500.0,92.5,608.2392016632017,1794.0587692307697,1.3898507748326911,2.733209193840518,21391.28153846154,0,2
32_Phoenix_City,40,80,804044,3,2500.0,12500.0,92.5,663.9251434511435,1761.864923076923,1.5228248420167791,3.4516564233248386,22188.58369230769,0,3
32_Phoenix_City,40,80,804044,3,2500.0,12500.0,92.5,577.6195613305613,1749.590153846154,1.4071964071756986,3.1304425745302806,21090.432,0,4
32_Phoenix_City,40,80,804044,3,2500.0,25000.0,92.5,689.7837733887734,1756.4876923076922,1.478056612906446,2.50214995703128,21511.043384615383,0,0
32_Phoenix_City,40,80,804044,3,2500.0,25000.0,90.0,653.3707606837606,1794.0587692307697,1.5246184142852353,3.099858486479202,20678.88461538462,0,1
32_Phoenix_City,40,80,804044,3,2500.0,25000.0,92.5,611.4933783783785,1794.0587692307697,1.4472207542396494,2.5538423822778,21569.058461538465,0,2
32_Phoenix_City,40,80,804044,3,2500.0,25000.0,92.5,658.9421413721414,1763.927076923077,1.4038112761220582,3.099858486479202,21091.274153846152,0,3
32_Phoenix_City,40,80,804044,3,2500.0,25000.0,95.0,685.0770931174089,1794.0587692307697,1.554898019239986,3.7955123848174535,22481.296,0,4
32_Phoenix_City,40,80,804044,3,5000.0,10000.0,97.5,650.6677554240631,1756.4876923076922,1.4855269089419227,3.1901941352583414,23384.63923076924,0,0
32_Phoenix_City,40,80,804044,3,5000.0,10000.0,92.5,677.5291434511435,1771.848,1.500018482506814,4.01055456869666,20615.86092307692,0,1
32_Phoenix_City,40,80,804044,3,5000.0,10000.0,90.0,610.6536517094017,1794.0587692307697,1.4515851947423828,2.9207703066401347,20272.87446153846,0,2
32_Phoenix_City,40,80,804044,3,5000.0,10000.0,90.0,610.2637051282051,1756.8793846153844,1.4213965884340996,2.9207703066401347,20060.776923076923,0,3
32_Phoenix_City,40,80,804044,3,5000.0,10000.0,92.5,696.347424116424,1785.2621538461538,1.4676531176390517,3.225750049286875,20263.312,0,4
32_Phoenix_City,40,80,804044,3,5000.0,25000.0,92.5,718.0015446985448,1759.3255384615386,1.5385620599412442,3.239286049592638,21901.482461538457,0,0
32_Phoenix_City,40,80,804044,3,5000.0,25000.0,90.0,569.1553055555555,1756.4876923076922,1.4405167164403982,2.707715356944581,19931.84369230769,0,1
32_Phoenix_City,40,80,804044,3,5000.0,25000.0,95.0,711.0873178137653,1794.0587692307697,1.5104564582630138,2.7679325901102554,23111.876000000004,0,2
32_Phoenix_City,40,80,804044,3,5000.0,25000.0,92.5,691.1893721413721,1785.2621538461538,1.4930870629664712,2.9207703066401347,21618.425538461543,0,3
32_Phoenix_City,40,80,804044,3,5000.0,25000.0,90.0,607.5718760683761,1756.4876923076922,1.4330368543245868,2.594691313147192,20743.445538461543,0,4
32_Phoenix_City,40,80,804044,3,5000.0,50000.0,90.0,611.2978247863248,1759.044307692308,1.4611291525239327,3.099858486479202,20521.69815384615,0,0
32_Phoenix_City,40,80,804044,3,5000.0,50000.0,92.5,673.6918024948025,1756.4876923076922,1.4358593917967364,2.250867647976254,21491.534769230777,0,1
32_Phoenix_City,40,80,804044,3,5000.0,50000.0,92.5,656.6259417879418,1756.4876923076922,1.4503342136116364,3.738406272522486,20677.469230769228,0,2
32_Phoenix_City,40,80,804044,3,5000.0,50000.0,82.5,646.2289277389278,1756.4876923076922,1.4241464358642733,2.3758723854228463,18593.37538461539,0,3
32_Phoenix_City,40,80,804044,3,5000.0,50000.0,95.0,669.598141700405,1747.7456923076927,1.543221176195069,4.023996788911582,22389.183384615382,0,4
32_Phoenix_City,40,80,804044,3,10000.0,20000.0,95.0,685.3580789473684,1746.5310769230773,1.5378474383411742,3.099858486479202,23309.25384615385,0,0
32_Phoenix_City,40,80,804044,3,10000.0,20000.0,95.0,688.5204210526316,1794.0587692307697,1.585879785862241,3.410141767767912,23344.85384615385,0,1
32_Phoenix_City,40,80,804044,3,10000.0,20000.0,92.5,699.58704989605,1794.0587692307697,1.472388003470267,3.187217376094181,21905.47015384616,0,2
32_Phoenix_City,40,80,804044,3,10000.0,20000.0,95.0,676.2731396761134,1799.0046153846151,1.5412309805709414,3.410141767767912,23031.535384615378,0,3
32_Phoenix_City,40,80,804044,3,10000.0,20000.0,92.5,700.1254137214138,1763.927076923077,1.5141853293949346,2.9207703066401347,21661.96338461538,0,4
32_Phoenix_City,40,80,804044,3,10000.0,50000.0,90.0,625.5757564102564,1756.4876923076922,1.423757765723611,3.8365264412993936,19957.26861538462,0,0
32_Phoenix_City,40,80,804044,3,10000.0,50000.0,92.5,660.0231247401247,1763.927076923077,1.500366943199551,2.965643255838517,21157.656923076924,0,1
32_Phoenix_City,40,80,804044,3,10000.0,50000.0,90.0,616.7375876068377,1763.927076923077,1.4376303756919138,2.965643255838517,20890.92276923077,0,2
32_Phoenix_City,40,80,804044,3,10000.0,50000.0,90.0,762.0951944444445,1756.8793846153844,1.5436238204953807,3.312346393097327,21577.738,0,3
32_Phoenix_City,40,80,804044,3,10000.0,50000.0,90.0,627.3605384615385,1794.0587692307697,1.4953816395422712,3.099858486479202,20404.206461538462,0,4
32_Phoenix_City,40,80,804044,3,10000.0,100000.0,95.0,625.0544048582996,1794.0587692307697,1.4570951492779356,3.061610218577568,21238.01969230769,0,0
32_Phoenix_City,40,80,804044,3,10000.0,100000.0,87.5,621.495010989011,1756.8793846153844,1.5149341555760465,3.156008863306902,19506.557538461537,0,1
32_Phoenix_City,40,80,804044,3,10000.0,100000.0,92.5,721.6133555093555,1756.8793846153844,1.55344611505941,3.964220752166975,21953.35261538461,0,2
32_Phoenix_City,40,80,804044,3,10000.0,100000.0,87.5,675.5814769230769,1756.4876923076922,1.541369613900376,3.7497466185088255,20122.293230769235,0,3
32_Phoenix_City,40,80,804044,3,10000.0,100000.0,92.5,656.8647754677755,1763.927076923077,1.4984002469861857,3.1901941352583414,21900.11476923077,0,4
32_Phoenix_City,40,80,804044,3,20000.0,40000.0,92.5,678.2209833679833,1799.0046153846151,1.4601546779856207,3.691767322805669,20622.71630769231,0,0
32_Phoenix_City,40,80,804044,3,20000.0,40000.0,95.0,685.0003522267207,1785.2621538461538,1.3941639317061048,2.6435802746540373,21844.508,0,1
32_Phoenix_City,40,80,804044,3,20000.0,40000.0,95.0,705.1018825910932,1796.913846153846,1.5233074177024013,3.099858486479202,22807.780923076927,0,2
32_Phoenix_City,40,80,804044,3,20000.0,40000.0,95.0,693.2347307692307,1794.3984615384616,1.4328357923046515,2.448912487873065,22088.088923076928,0,3
32_Phoenix_City,40,80,804044,3,20000.0,40000.0,92.5,630.3278274428275,1794.0587692307697,1.4850622052707445,2.3431339009977084,21488.173846153844,0,4
32_Phoenix_City,40,80,804044,3,20000.0,100000.0,92.5,641.741844074844,1794.0587692307697,1.4733899841037723,2.9207703066401347,21200.01907692308,0,0
32_Phoenix_City,40,80,804044,3,20000.0,100000.0,97.5,730.175224852071,1777.8923076923074,1.5405811243188363,2.973629782833505,23994.730153846154,0,1
32_Phoenix_City,40,80,804044,3,20000.0,100000.0,95.0,695.326463562753,1777.8923076923074,1.4565345065148192,2.697667745808177,21309.12307692308,0,2
32_Phoenix_City,40,80,804044,3,20000.0,100000.0,90.0,625.9165641025642,1756.4876923076922,1.5657682892600358,3.4516564233248386,21059.549230769237,0,3
32_Phoenix_City,40,80,804044,3,20000.0,100000.0,95.0,623.451491902834,1794.0587692307697,1.449439961571256,3.099858486479202,21686.475076923078,0,4
32_Phoenix_City,40,80,804044,3,20000.0,200000.0,95.0,605.148105263158,1794.0587692307697,1.4692529912832613,2.88420684306244,22949.02553846154,0,0
32_Phoenix_City,40,80,804044,3,20000.0,200000.0,92.5,680.4619542619542,1761.864923076923,1.5378580794003085,3.78377724204038,21525.96061538461,0,1
32_Phoenix_City,40,80,804044,3,20000.0,200000.0,95.0,695.8914655870445,1756.8793846153844,1.456207467269964,3.78377724204038,22320.623384615385,0,2
32_Phoenix_City,40,80,804044,3,20000.0,200000.0,97.5,732.0825641025641,1796.913846153846,1.5111371751184135,3.551144194549299,23016.96646153846,0,3
32_Phoenix_City,40,80,804044,3,20000.0,200000.0,95.0,645.1642307692307,1796.913846153846,1.498236159944578,2.697667745808177,22604.329846153843,0,4
32_Phoenix_City,40,80,804044,3,40000.0,80000.0,87.5,588.5308923076924,1763.927076923077,1.432977786023811,2.9207703066401347,18592.03384615385,0,0
32_Phoenix_City,40,80,804044,3,40000.0,80000.0,90.0,637.2806111111112,1794.0587692307697,1.4413627414273855,2.9207703066401347,20202.77446153846,0,1
32_Phoenix_City,40,80,804044,3,40000.0,80000.0,90.0,702.8221666666666,1799.2203076923074,1.4666679547488288,3.099858486479202,20354.850153846157,0,2
32_Phoenix_City,40,80,804044,3,40000.0,80000.0,92.5,675.6352203742205,1794.0587692307697,1.51181273009611,3.099858486479202,22174.38369230769,0,3
32_Phoenix_City,40,80,804044,3,40000.0,80000.0,92.5,641.6671663201664,1750.7624615384616,1.514208754252114,2.3431339009977084,22128.577538461544,0,4
32_Phoenix_City,40,80,804044,3,40000.0,200000.0,92.5,633.3609521829522,1756.4876923076922,1.4579216545313292,2.9207703066401347,21209.3523076923,0,0
32_Phoenix_City,40,80,804044,3,40000.0,200000.0,92.5,699.7290582120582,1794.0587692307697,1.4469330998077266,2.9207703066401347,21410.322153846155,0,1
32_Phoenix_City,40,80,804044,3,40000.0,200000.0,87.5,696.3380065934066,1756.8793846153844,1.5015998568611473,2.5503731854503,19720.08676923077,0,2
32_Phoenix_City,40,80,804044,3,40000.0,200000.0,95.0,713.9475141700404,1763.9273846153849,1.4063116078633573,3.4516564233248386,21308.783384615377,0,3
32_Phoenix_City,40,80,804044,3,40000.0,200000.0,92.5,663.0030519750519,1756.4876923076922,1.5484598093457045,3.187217376094181,22132.74646153846,0,4
32_Phoenix_City,40,80,804044,3,40000.0,400000.0,90.0,629.1649594017094,1784.539076923077,1.428425297973644,3.099858486479202,19366.82923076923,0,0
32_Phoenix_City,40,80,804044,3,40000.0,400000.0,90.0,703.8173226495726,1794.0587692307697,1.5121860226697004,2.4875996697488856,21009.328000000005,0,1
32_Phoenix_City,40,80,804044,3,40000.0,400000.0,90.0,652.8908525641025,1756.4876923076922,1.467649954847334,2.4875996697488856,21020.67723076923,0,2
32_Phoenix_City,40,80,804044,3,40000.0,400000.0,95.0,711.507520242915,1751.9372307692306,1.5010319209374294,3.099858486479202,22432.86153846154,0,3
32_Phoenix_City,40,80,804044,3,40000.0,400000.0,95.0,695.3962408906882,1756.4876923076922,1.4713885014511243,3.061610218577568,21685.526153846156,0,4
32_Phoenix_City,50,50,505042,1,2500.0,5000.0,100.0,394.1768369230769,1797.8999999999996,1.470073737412959,2.97168873083831,16138.75138461538,0,0
32_Phoenix_City,50,50,505042,1,2500.0,5000.0,96.0,405.7108205128205,1797.8999999999996,1.424092612664303,2.8495743982830475,14976.130615384613,0,1
32_Phoenix_City,50,50,505042,1,2500.0,5000.0,96.0,377.5510897435897,1797.8999999999996,1.3937049257226777,2.975136393492433,15547.878307692306,0,2
32_Phoenix_City,50,50,505042,1,2500.0,5000.0,96.0,382.1059358974359,1675.8301538461535,1.3985732864464164,3.1053882690425856,15769.918615384617,0,3
32_Phoenix_City,50,50,505042,1,2500.0,5000.0,96.0,379.93994230769226,1797.8999999999996,1.4355589848645929,2.670201092164952,15160.269076923074,0,4
32_Phoenix_City,50,50,505042,1,2500.0,12500.0,96.0,478.6615192307693,1797.8999999999996,1.4417694275233135,2.8495743982830475,15495.352153846155,0,0
32_Phoenix_City,50,50,505042,1,2500.0,12500.0,96.0,477.799391025641,1797.8999999999996,1.3820201895543924,2.8495743982830475,15455.463538461538,0,1
32_Phoenix_City,50,50,505042,1,2500.0,12500.0,96.0,421.8348653846154,1797.8999999999996,1.3946060550706056,2.664080595814433,14402.695692307689,0,2
32_Phoenix_City,50,50,505042,1,2500.0,12500.0,96.0,327.2523782051282,1797.8999999999996,1.3612291862877075,2.115368048404574,14737.444461538456,0,3
32_Phoenix_City,50,50,505042,1,2500.0,12500.0,88.0,465.37625874125865,1797.8999999999996,1.5583791466698018,2.975136393492433,14275.44846153846,0,4
32_Phoenix_City,50,50,505042,1,2500.0,25000.0,96.0,399.52908974358974,1797.8999999999996,1.4499130015522332,2.8495743982830475,15602.44723076923,0,0
32_Phoenix_City,50,50,505042,1,2500.0,25000.0,92.0,346.6632909698996,1797.8999999999996,1.371785823402187,2.97168873083831,13652.904,0,1
32_Phoenix_City,50,50,505042,1,2500.0,25000.0,96.0,480.5640384615384,1797.8999999999996,1.4039617821424126,2.1145916224271586,15102.74446153846,0,2
32_Phoenix_City,50,50,505042,1,2500.0,25000.0,96.0,393.35987820512827,1792.9390769230768,1.4298085105948262,2.8495743982830475,15766.431538461533,0,3
32_Phoenix_City,50,50,505042,1,2500.0,25000.0,92.0,377.7118595317725,1797.8999999999996,1.50191171580653,2.8495743982830475,15117.999076923074,0,4
32_Phoenix_City,50,50,505042,1,5000.0,10000.0,96.0,405.08626282051273,1797.8999999999996,1.3320870722453289,1.820001149991877,14419.604923076922,0,0
32_Phoenix_City,50,50,505042,1,5000.0,10000.0,96.0,342.10612820512824,1797.8999999999996,1.4144897103506515,2.8495743982830475,14838.76723076923,0,1
32_Phoenix_City,50,50,505042,1,5000.0,10000.0,96.0,370.5984487179487,1733.011692307692,1.4454086277117384,2.97168873083831,15745.543999999996,0,2
32_Phoenix_City,50,50,505042,1,5000.0,10000.0,96.0,327.55422435897435,1797.8999999999996,1.3846741136049447,2.8495743982830475,15204.011538461538,0,3
32_Phoenix_City,50,50,505042,1,5000.0,10000.0,96.0,293.74931410256414,1797.8999999999996,1.4491088468050175,2.8495743982830475,15624.81646153846,0,4
32_Phoenix_City,50,50,505042,1,5000.0,25000.0,92.0,399.8734581939799,1797.8999999999996,1.3429343727093974,1.8560317798981811,13961.115538461534,0,0
32_Phoenix_City,50,50,505042,1,5000.0,25000.0,96.0,342.8498846153846,1675.8301538461535,1.391037164425991,2.1390553733649966,16030.97892307692,0,1
32_Phoenix_City,50,50,505042,1,5000.0,25000.0,92.0,365.0830769230769,1797.8999999999996,1.4896449382226584,2.965196759621271,14607.646769230769,0,2
32_Phoenix_City,50,50,505042,1,5000.0,25000.0,96.0,449.341923076923,1797.8999999999996,1.5686963585513352,2.965196759621271,15973.451846153845,0,3
32_Phoenix_City,50,50,505042,1,5000.0,25000.0,96.0,413.1919743589743,1797.8999999999996,1.4202598767467718,2.8495743982830475,14834.172615384616,0,4
32_Phoenix_City,50,50,505042,1,5000.0,50000.0,96.0,315.4626217948718,1421.501230769231,1.4411952076248449,2.8495743982830475,15486.861384615382,0,0
32_Phoenix_City,50,50,505042,1,5000.0,50000.0,96.0,432.204,1792.9390769230768,1.4216765004518277,2.8495743982830475,14894.76923076923,0,1
32_Phoenix_City,50,50,505042,1,5000.0,50000.0,100.0,417.6620123076923,1675.8301538461535,1.4533915742850732,2.97168873083831,16346.00723076923,0,2
32_Phoenix_City,50,50,505042,1,5000.0,50000.0,96.0,488.2276089743589,1792.9390769230768,1.5544175448090165,2.97168873083831,15903.751384615382,0,3
32_Phoenix_City,50,50,505042,1,5000.0,50000.0,92.0,330.3198528428093,1797.8999999999996,1.3973315001460946,2.1660826554921093,15275.204307692306,0,4
32_Phoenix_City,50,50,505042,1,10000.0,20000.0,96.0,390.5805256410256,1797.8999999999996,1.5092091968628285,2.975136393492433,15688.948923076923,0,0
32_Phoenix_City,50,50,505042,1,10000.0,20000.0,96.0,490.3663333333333,1675.8301538461535,1.3997947079129682,2.97168873083831,15184.49076923077,0,1
32_Phoenix_City,50,50,505042,1,10000.0,20000.0,96.0,403.8775128205128,1797.8999999999996,1.502995015786851,3.018043636379057,15341.421846153844,0,2
32_Phoenix_City,50,50,505042,1,10000.0,20000.0,100.0,407.7875569230769,1792.9390769230768,1.434049883001903,2.97168873083831,16316.544615384615,0,3
32_Phoenix_City,50,50,505042,1,10000.0,20000.0,96.0,403.0215,1779.264,1.4079850705612598,2.8495743982830475,15252.688461538462,0,4
32_Phoenix_City,50,50,505042,1,10000.0,50000.0,96.0,332.1851346153846,1797.8999999999996,1.4555226338466856,2.8495743982830475,15131.50323076923,0,0
32_Phoenix_City,50,50,505042,1,10000.0,50000.0,100.0,420.0574707692307,1797.8999999999996,1.4942330303916251,2.80143421724692,17052.128307692303,0,1
32_Phoenix_City,50,50,505042,1,10000.0,50000.0,96.0,464.2499102564102,1792.9390769230768,1.4761481198972046,2.361313715521595,16542.58846153846,0,2
32_Phoenix_City,50,50,505042,1,10000.0,50000.0,96.0,366.4008076923077,1797.8999999999996,1.4638635690145012,2.97168873083831,15292.784307692304,0,3
32_Phoenix_City,50,50,505042,1,10000.0,50000.0,96.0,483.1462051282051,1797.8999999999996,1.3227836584653254,1.9374150183656575,15123.023230769228,0,4
32_Phoenix_City,50,50,505042,1,10000.0,100000.0,96.0,367.8486025641026,1797.8999999999996,1.540216492131224,2.975136393492433,16284.940307692308,0,0
32_Phoenix_City,50,50,505042,1,10000.0,100000.0,92.0,389.7389565217391,1797.8999999999996,1.5187936199381022,2.975136393492433,14544.33676923077,0,1
32_Phoenix_City,50,50,505042,1,10000.0,100000.0,96.0,321.3869807692307,1733.011692307692,1.4987970501923822,2.975136393492433,14909.577538461534,0,2
32_Phoenix_City,50,50,505042,1,10000.0,100000.0,100.0,493.6575384615384,1665.4504615384617,1.527638848062722,2.975136393492433,16301.191076923074,0,3
32_Phoenix_City,50,50,505042,1,10000.0,100000.0,96.0,399.0679166666666,1793.6458461538457,1.4478453824137538,2.8495743982830475,15884.49015384615,0,4
32_Phoenix_City,50,50,505042,1,20000.0,40000.0,100.0,363.00139076923074,1675.8301538461535,1.4350128567093745,2.8495743982830475,16422.237384615386,0,0
32_Phoenix_City,50,50,505042,1,20000.0,40000.0,96.0,407.50781410256405,1675.8301538461535,1.4582754847269752,2.8495743982830475,16085.100923076923,0,1
32_Phoenix_City,50,50,505042,1,20000.0,40000.0,96.0,400.3890320512821,1797.8999999999996,1.3061704700542458,1.677574097716931,14716.11938461538,0,2
32_Phoenix_City,50,50,505042,1,20000.0,40000.0,96.0,350.07532692307694,1733.011692307692,1.4802164693254898,2.975136393492433,15617.617384615383,0,3
32_Phoenix_City,50,50,505042,1,20000.0,40000.0,92.0,311.5176187290969,1797.8999999999996,1.541851822302449,2.965196759621271,13871.39246153846,0,4
32_Phoenix_City,50,50,505042,1,20000.0,100000.0,96.0,348.8714166666667,1733.011692307692,1.3456768833269164,2.975136393492433,14065.98046153846,0,0
32_Phoenix_City,50,50,505042,1,20000.0,100000.0,96.0,428.8198269230769,1797.8999999999996,1.428577972922067,2.975136393492433,15730.87276923077,0,1
32_Phoenix_City,50,50,505042,1,20000.0,100000.0,100.0,432.0403446153846,1785.531384615384,1.3765840891818395,3.1053882690425856,16108.723999999997,0,2
32_Phoenix_City,50,50,505042,1,20000.0,100000.0,96.0,395.4954294871795,1675.8301538461535,1.4109713664188464,2.8495743982830475,15800.85061538461,0,3
32_Phoenix_City,50,50,505042,1,20000.0,100000.0,96.0,344.0488589743589,1665.4504615384617,1.341570602753966,2.189224552221529,15243.70353846154,0,4
32_Phoenix_City,50,50,505042,1,20000.0,200000.0,96.0,333.8301217948718,1797.8999999999996,1.3938701193692056,2.975136393492433,15482.123692307689,0,0
32_Phoenix_City,50,50,505042,1,20000.0,200000.0,92.0,314.39705016722405,1797.8999999999996,1.4206828350849403,3.0062820690012595,13659.428000000002,0,1
32_Phoenix_City,50,50,505042,1,20000.0,200000.0,96.0,333.1677435897436,1797.8999999999996,1.470349557249986,2.8495743982830475,15935.046769230765,0,2
32_Phoenix_City,50,50,505042,1,20000.0,200000.0,96.0,393.7746153846154,1797.8999999999996,1.4797164892830563,2.975136393492433,15360.121538461532,0,3
32_Phoenix_City,50,50,505042,1,20000.0,200000.0,96.0,443.6149102564103,1797.8999999999996,1.4669655918767557,2.8495743982830475,15326.241384615383,0,4
32_Phoenix_City,50,50,505042,1,40000.0,80000.0,96.0,352.309858974359,1797.8999999999996,1.4208899580559973,2.8495743982830475,15813.226153846148,0,0
32_Phoenix_City,50,50,505042,1,40000.0,80000.0,96.0,373.2801730769231,1797.8999999999996,1.4255971571045365,2.8495743982830475,14793.970615384616,0,1
32_Phoenix_City,50,50,505042,1,40000.0,80000.0,96.0,458.57066666666657,1797.8999999999996,1.4487474663012376,2.8495743982830475,15789.413230769233,0,2
32_Phoenix_City,50,50,505042,1,40000.0,80000.0,100.0,466.46992,1797.8999999999996,1.4491605950369857,2.8495743982830475,16395.757076923077,0,3
32_Phoenix_City,50,50,505042,1,40000.0,80000.0,96.0,463.19418589743583,1792.9390769230768,1.499791677777944,2.965196759621271,15737.218615384612,0,4
32_Phoenix_City,50,50,505042,1,40000.0,200000.0,100.0,381.1897107692307,1733.011692307692,1.417437792190814,3.1053882690425856,16195.216153846151,0,0
32_Phoenix_City,50,50,505042,1,40000.0,200000.0,96.0,442.3824743589744,1797.8999999999996,1.498278574113599,2.97168873083831,15456.931846153842,0,1
32_Phoenix_City,50,50,505042,1,40000.0,200000.0,96.0,382.748967948718,1786.3390769230768,1.468577543062464,2.8495743982830475,15277.819846153843,0,2
32_Phoenix_City,50,50,505042,1,40000.0,200000.0,96.0,394.54071794871794,1772.132923076923,1.5144125041607257,2.6747272222769216,15932.959846153844,0,3
32_Phoenix_City,50,50,505042,1,40000.0,200000.0,96.0,350.01778205128204,1792.9390769230768,1.4534244970036416,2.361313715521595,16241.825999999995,0,4
32_Phoenix_City,50,50,505042,1,40000.0,400000.0,96.0,381.3293012820513,1733.011692307692,1.442384575087537,2.965196759621271,14811.79846153846,0,0
32_Phoenix_City,50,50,505042,1,40000.0,400000.0,96.0,253.30555128205128,1675.8301538461535,1.466361117826498,2.965196759621271,15941.776769230766,0,1
32_Phoenix_City,50,50,505042,1,40000.0,400000.0,96.0,473.3502692307693,1797.8999999999996,1.3636087862610289,2.8495743982830475,14607.14430769231,0,2
32_Phoenix_City,50,50,505042,1,40000.0,400000.0,92.0,371.1980401337793,1665.4504615384617,1.4059328540061402,2.1941183167189675,14917.694307692303,0,3
32_Phoenix_City,50,50,505042,1,40000.0,400000.0,96.0,293.98159615384617,1733.011692307692,1.4056641801681644,2.975136393492433,15119.653538461538,0,4
32_Phoenix_City,50,50,505043,2,2500.0,5000.0,96.0,547.3568301282052,1759.5698461538464,1.4262789499211632,4.14663813339362,15494.575384615386,0,0
32_Phoenix_City,50,50,505043,2,2500.0,5000.0,92.0,506.0938294314381,1670.8615384615389,1.4059448518617994,4.899998527983044,13788.135692307693,0,1
32_Phoenix_City,50,50,505043,2,2500.0,5000.0,96.0,501.3826506410257,1758.9618461538462,1.3993561796672038,4.14663813339362,15324.17846153846,0,2
32_Phoenix_City,50,50,505043,2,2500.0,5000.0,96.0,429.00817948717946,1750.8590769230768,1.3785225462927262,2.4741205687509806,15475.811846153849,0,3
32_Phoenix_City,50,50,505043,2,2500.0,5000.0,100.0,440.3774615384615,1533.249230769231,1.3352742943207183,2.3848976617750743,15656.813538461536,0,4
32_Phoenix_City,50,50,505043,2,2500.0,12500.0,96.0,426.04833333333335,1781.049846153846,1.3207017789175195,2.3848976617750743,15071.14046153846,0,0
32_Phoenix_City,50,50,505043,2,2500.0,12500.0,96.0,331.0358685897436,1683.5144615384615,1.384495486844174,2.3848976617750743,15114.967230769227,0,1
32_Phoenix_City,50,50,505043,2,2500.0,12500.0,92.0,410.9859197324415,1683.5144615384615,1.482728583609813,4.14663813339362,15006.63246153846,0,2
32_Phoenix_City,50,50,505043,2,2500.0,12500.0,96.0,365.216391025641,1703.2975384615384,1.3796730529017616,4.14663813339362,14935.404923076923,0,3
32_Phoenix_City,50,50,505043,2,2500.0,12500.0,96.0,465.9837980769232,1670.8615384615389,1.4544246105823362,4.899998527983044,15250.52092307692,0,4
32_Phoenix_City,50,50,505043,2,2500.0,25000.0,92.0,436.2048060200669,1670.8615384615389,1.3568177668729284,2.3848976617750743,14476.77892307692,0,0
32_Phoenix_City,50,50,505043,2,2500.0,25000.0,96.0,427.31008974358974,1670.8615384615389,1.3074543953483373,2.3848976617750743,14596.17507692308,0,1
32_Phoenix_City,50,50,505043,2,2500.0,25000.0,92.0,460.42938795986623,1670.8615384615389,1.4341823222988768,4.14663813339362,14343.928153846153,0,2
32_Phoenix_City,50,50,505043,2,2500.0,25000.0,100.0,462.55068,1758.9618461538462,1.4528839308203996,4.14663813339362,16423.942461538456,0,3
32_Phoenix_City,50,50,505043,2,2500.0,25000.0,92.0,496.6349933110368,1746.3541538461536,1.3458199108555342,4.899998527983044,13689.903384615383,0,4
32_Phoenix_City,50,50,505043,2,5000.0,10000.0,96.0,359.25824038461536,1758.9618461538462,1.3772680265074575,2.541404523395831,15377.901692307692,0,0
32_Phoenix_City,50,50,505043,2,5000.0,10000.0,96.0,350.122375,1683.5144615384615,1.400030018309127,4.899998527983044,14611.571846153844,0,1
32_Phoenix_City,50,50,505043,2,5000.0,10000.0,96.0,374.8022660256411,1670.8615384615389,1.4870597284565907,4.899998527983044,15393.47646153846,0,2
32_Phoenix_City,50,50,505043,2,5000.0,10000.0,96.0,471.2729903846154,1683.5144615384615,1.4359052422814986,4.14663813339362,15522.838153846153,0,3
32_Phoenix_City,50,50,505043,2,5000.0,10000.0,96.0,539.8447371794872,1778.2098461538458,1.372821516787665,4.14663813339362,14417.400923076924,0,4
32_Phoenix_City,50,50,505043,2,5000.0,25000.0,92.0,459.7774882943144,1778.2098461538458,1.380701545081434,4.14663813339362,14032.293538461534,0,0
32_Phoenix_City,50,50,505043,2,5000.0,25000.0,96.0,465.0420801282052,1758.9618461538462,1.4979982658770874,4.899998527983044,15846.701230769231,0,1
32_Phoenix_City,50,50,505043,2,5000.0,25000.0,96.0,379.8602948717949,1624.1864615384616,1.3730082269665909,2.3848976617750743,15270.336769230767,0,2
32_Phoenix_City,50,50,505043,2,5000.0,25000.0,96.0,434.3919967948718,1670.8615384615389,1.3111932094716374,2.3848976617750743,14377.968153846152,0,3
32_Phoenix_City,50,50,505043,2,5000.0,25000.0,100.0,430.5407692307693,1780.1793846153846,1.4715377809944008,4.899998527983044,15883.558461538458,0,4
32_Phoenix_City,50,50,505043,2,5000.0,50000.0,96.0,432.6214967948718,1746.3541538461536,1.4070678594018526,4.14663813339362,14795.178923076925,0,0
32_Phoenix_City,50,50,505043,2,5000.0,50000.0,100.0,413.8415353846153,1758.713846153846,1.3647453269657144,2.3848976617750743,15909.537076923074,0,1
32_Phoenix_City,50,50,505043,2,5000.0,50000.0,96.0,590.6917948717949,1681.505538461539,1.3992765329949366,4.899998527983044,14597.132461538462,0,2
32_Phoenix_City,50,50,505043,2,5000.0,50000.0,96.0,459.540766025641,1708.013846153846,1.434949776067168,2.3848976617750743,15942.787076923074,0,3
32_Phoenix_City,50,50,505043,2,5000.0,50000.0,96.0,405.1068878205128,1666.412307692308,1.4540495867299317,4.899998527983044,15408.085076923076,0,4
32_Phoenix_City,50,50,505043,2,10000.0,20000.0,96.0,469.4042564102565,1780.1793846153846,1.3806079671653364,4.899998527983044,14188.084615384614,0,0
32_Phoenix_City,50,50,505043,2,10000.0,20000.0,96.0,444.8295192307692,1670.8615384615389,1.342995254350628,2.3848976617750743,15143.012615384616,0,1
32_Phoenix_City,50,50,505043,2,10000.0,20000.0,96.0,441.5420897435897,1746.3541538461536,1.3085627606424766,2.3465948781177053,15494.860153846155,0,2
32_Phoenix_City,50,50,505043,2,10000.0,20000.0,96.0,370.17499038461534,1670.8615384615389,1.397585588584998,2.3848976617750743,15942.394307692308,0,3
32_Phoenix_City,50,50,505043,2,10000.0,20000.0,92.0,387.71133444816047,1670.8615384615389,1.430652031373174,4.14663813339362,14099.267846153843,0,4
32_Phoenix_City,50,50,505043,2,10000.0,50000.0,96.0,438.49641025641023,1778.2098461538458,1.3522945496768308,2.3848976617750743,14996.695076923075,0,0
32_Phoenix_City,50,50,505043,2,10000.0,50000.0,96.0,476.5314807692308,1780.1793846153846,1.3012169226722523,2.3848976617750743,15139.003076923074,0,1
32_Phoenix_City,50,50,505043,2,10000.0,50000.0,96.0,380.79736858974366,1758.9618461538462,1.3680268133702682,2.3848976617750743,15637.728769230773,0,2
32_Phoenix_City,50,50,505043,2,10000.0,50000.0,100.0,445.4967846153846,1739.9033846153843,1.4645720101601056,4.14663813339362,16368.366615384612,0,3
32_Phoenix_City,50,50,505043,2,10000.0,50000.0,96.0,468.5546282051282,1681.505538461539,1.3230573492027813,2.3848976617750743,15118.370923076922,0,4
32_Phoenix_City,50,50,505043,2,10000.0,100000.0,96.0,401.90741346153845,1666.412307692308,1.3952347263681038,2.3848976617750743,15708.037384615383,0,0
32_Phoenix_City,50,50,505043,2,10000.0,100000.0,100.0,467.19351384615385,1780.1793846153846,1.326811233933415,2.3848976617750743,15655.409230769226,0,1
32_Phoenix_City,50,50,505043,2,10000.0,100000.0,96.0,430.1353557692308,1670.8615384615389,1.4500451772979204,4.14663813339362,15466.244307692305,0,2
32_Phoenix_City,50,50,505043,2,10000.0,100000.0,100.0,441.3254707692307,1759.5698461538464,1.3319364641684674,2.3848976617750743,15591.749999999996,0,3
32_Phoenix_City,50,50,505043,2,10000.0,100000.0,96.0,532.7435641025642,1780.1793846153846,1.4083821870640187,4.899998527983044,15004.16184615385,0,4
32_Phoenix_City,50,50,505043,2,20000.0,40000.0,96.0,487.6682724358975,1759.5698461538464,1.281028412794732,2.3848976617750743,14435.805230769229,0,0
32_Phoenix_City,50,50,505043,2,20000.0,40000.0,96.0,428.6631891025641,1683.5144615384615,1.440887800269521,4.14663813339362,15466.531076923076,0,1
32_Phoenix_City,50,50,505043,2,20000.0,40000.0,96.0,357.9225096153846,1758.9618461538462,1.417389874623388,4.14663813339362,15031.059230769228,0,2
32_Phoenix_City,50,50,505043,2,20000.0,40000.0,96.0,413.26598397435896,1696.431076923077,1.3213477192009344,2.3848976617750743,14988.928923076925,0,3
32_Phoenix_City,50,50,505043,2,20000.0,40000.0,96.0,397.6308044871796,1683.5144615384615,1.3035331694572625,2.3848976617750743,14453.19923076923,0,4
32_Phoenix_City,50,50,505043,2,20000.0,100000.0,96.0,421.3551282051282,1683.5144615384615,1.443011753991848,4.14663813339362,15672.83723076923,0,0
32_Phoenix_City,50,50,505043,2,20000.0,100000.0,96.0,440.81047756410254,1759.5698461538464,1.427489142979801,4.899998527983044,15191.557999999995,0,1
32_Phoenix_City,50,50,505043,2,20000.0,100000.0,96.0,416.7145801282051,1778.2098461538458,1.5169603727453485,4.899998527983044,15924.393384615383,0,2
32_Phoenix_City,50,50,505043,2,20000.0,100000.0,96.0,373.15558012820514,1683.5144615384615,1.3882773973419151,2.4741205687509806,15363.870615384614,0,3
32_Phoenix_City,50,50,505043,2,20000.0,100000.0,96.0,445.6366025641026,1780.1793846153846,1.2947976921467277,2.3848976617750743,14891.62523076923,0,4
32_Phoenix_City,50,50,505043,2,20000.0,200000.0,96.0,446.7748621794872,1759.5698461538464,1.4777696973414398,4.899998527983044,15855.490615384611,0,0
32_Phoenix_City,50,50,505043,2,20000.0,200000.0,96.0,493.5537628205129,1780.1793846153846,1.3952263964579288,4.14663813339362,14824.397538461542,0,1
32_Phoenix_City,50,50,505043,2,20000.0,200000.0,96.0,358.536201923077,1759.5698461538464,1.426467027253046,2.3848976617750743,16199.384923076925,0,2
32_Phoenix_City,50,50,505043,2,20000.0,200000.0,96.0,370.0956858974359,1746.3541538461536,1.4731785624234108,4.899998527983044,15406.341230769229,0,3
32_Phoenix_City,50,50,505043,2,20000.0,200000.0,96.0,400.1204262820513,1535.4775384615386,1.37943472852656,4.14663813339362,14874.22846153846,0,4
32_Phoenix_City,50,50,505043,2,40000.0,80000.0,96.0,463.6732115384616,1780.1793846153846,1.4015750976414187,2.3848976617750743,15645.104,0,0
32_Phoenix_City,50,50,505043,2,40000.0,80000.0,96.0,401.9838878205129,1670.8615384615389,1.498631335644853,4.899998527983044,15645.905384615386,0,1
32_Phoenix_City,50,50,505043,2,40000.0,80000.0,92.0,507.04479933110366,1670.8615384615389,1.432119187840278,4.899998527983044,14079.653076923078,0,2
32_Phoenix_City,50,50,505043,2,40000.0,80000.0,96.0,410.1711506410256,1758.9618461538462,1.3581736273160443,4.899998527983044,14076.16753846154,0,3
32_Phoenix_City,50,50,505043,2,40000.0,80000.0,96.0,381.7749807692308,1781.6913846153848,1.4124147351786476,4.14663813339362,15156.534923076922,0,4
32_Phoenix_City,50,50,505043,2,40000.0,200000.0,96.0,343.6858621794872,1759.5698461538464,1.438628386792496,2.3848976617750743,16073.33846153846,0,0
32_Phoenix_City,50,50,505043,2,40000.0,200000.0,96.0,428.3586762820513,1758.9618461538462,1.4847643383246254,4.14663813339362,15474.657384615384,0,1
32_Phoenix_City,50,50,505043,2,40000.0,200000.0,96.0,444.2618557692308,1746.3541538461536,1.3431114116474232,2.3848976617750743,15225.286769230768,0,2
32_Phoenix_City,50,50,505043,2,40000.0,200000.0,100.0,367.28595384615386,1492.8578461538464,1.4223058513834883,4.14663813339362,16049.964461538462,0,3
32_Phoenix_City,50,50,505043,2,40000.0,200000.0,100.0,496.1789384615385,1683.5144615384615,1.4091385264953282,4.14663813339362,16067.320461538458,0,4
32_Phoenix_City,50,50,505043,2,40000.0,400000.0,100.0,425.5834523076924,1758.9618461538462,1.2801157491748438,2.3848976617750743,15671.67369230769,0,0
32_Phoenix_City,50,50,505043,2,40000.0,400000.0,96.0,391.49398397435897,1758.9618461538462,1.404479595829003,4.899998527983044,14605.085538461535,0,1
32_Phoenix_City,50,50,505043,2,40000.0,400000.0,92.0,308.00428093645485,1780.1793846153846,1.453769692398765,4.899998527983044,14711.288615384612,0,2
32_Phoenix_City,50,50,505043,2,40000.0,400000.0,96.0,437.718967948718,1781.6184615384614,1.5349045839723443,4.899998527983044,15862.678769230766,0,3
32_Phoenix_City,50,50,505043,2,40000.0,400000.0,92.0,380.8378193979933,1758.9618461538462,1.344690800094535,4.899998527983044,13652.012,0,4
32_Phoenix_City,50,50,505044,3,2500.0,5000.0,96.0,491.0396538461538,1789.9489230769232,1.4021148444868332,2.1781459592833463,15171.206923076928,0,0
32_Phoenix_City,50,50,505044,3,2500.0,5000.0,96.0,521.2366538461538,1744.1212307692304,1.6149237901862463,4.245237513890064,15414.320153846156,0,1
32_Phoenix_City,50,50,505044,3,2500.0,5000.0,96.0,554.3692628205127,1789.9489230769232,1.6675243894665686,4.409030660295091,15194.438615384615,0,2
32_Phoenix_City,50,50,505044,3,2500.0,5000.0,96.0,497.1067371794872,1789.9489230769232,1.5811759923025788,4.41704080564871,15134.422923076923,0,3
32_Phoenix_City,50,50,505044,3,2500.0,5000.0,96.0,638.2392051282051,1799.8147692307691,1.5117093437219664,4.11351733828974,15027.867230769229,0,4
32_Phoenix_City,50,50,505044,3,2500.0,12500.0,92.0,599.5138628762542,1766.6353846153845,1.5319929745015004,3.904410087913212,14594.881076923077,0,0
32_Phoenix_City,50,50,505044,3,2500.0,12500.0,92.0,626.6054615384616,1789.9489230769232,1.5064363101116245,2.51237121849835,14638.153076923074,0,1
32_Phoenix_City,50,50,505044,3,2500.0,12500.0,96.0,645.625108974359,1789.9489230769232,1.461925570639994,2.4974453415050992,15232.094615384616,0,2
32_Phoenix_City,50,50,505044,3,2500.0,12500.0,96.0,622.7633461538461,1766.6353846153845,1.6257342353135429,4.409030660295091,15715.609384615382,0,3
32_Phoenix_City,50,50,505044,3,2500.0,12500.0,92.0,524.045795986622,1766.6353846153845,1.5153393752477886,3.657205951477862,14635.365846153849,0,4
32_Phoenix_City,50,50,505044,3,2500.0,25000.0,100.0,572.4326707692308,1769.242153846154,1.5130863670274264,3.607343475852952,16099.884769230768,0,0
32_Phoenix_City,50,50,505044,3,2500.0,25000.0,96.0,672.6764935897436,1766.6353846153845,1.5654446732656515,3.607343475852952,15483.199384615384,0,1
32_Phoenix_City,50,50,505044,3,2500.0,25000.0,88.0,569.586367132867,1789.9489230769232,1.4725388328364444,2.7025722778030232,13752.448307692306,0,2
32_Phoenix_City,50,50,505044,3,2500.0,25000.0,92.0,591.6982742474917,1738.177846153846,1.5894719554450512,3.904410087913212,14666.9,0,3
32_Phoenix_City,50,50,505044,3,2500.0,25000.0,96.0,575.8033974358974,1766.6353846153845,1.4382512079490146,2.514489827844367,15537.87215384615,0,4
32_Phoenix_City,50,50,505044,3,5000.0,10000.0,96.0,503.6084358974359,1738.2575384615384,1.5354496853164925,3.610652437974411,15456.23015384615,0,0
32_Phoenix_City,50,50,505044,3,5000.0,10000.0,96.0,640.7891185897436,1789.9489230769232,1.5419733287407444,2.8337119883835205,15547.11276923077,0,1
32_Phoenix_City,50,50,505044,3,5000.0,10000.0,96.0,669.6078397435898,1769.242153846154,1.5411209898826552,3.904410087913212,15738.567846153845,0,2
32_Phoenix_City,50,50,505044,3,5000.0,10000.0,96.0,670.3333012820513,1766.6353846153845,1.522391374708178,3.607343475852952,15406.913692307691,0,3
32_Phoenix_City,50,50,505044,3,5000.0,10000.0,96.0,525.4003012820513,1766.6353846153845,1.6328785120660052,4.245237513890064,16215.70723076923,0,4
32_Phoenix_City,50,50,505044,3,5000.0,25000.0,96.0,537.4895448717949,1766.6353846153845,1.5924870463995122,3.904410087913212,15289.22076923077,0,0
32_Phoenix_City,50,50,505044,3,5000.0,25000.0,96.0,630.6042724358974,1790.5393846153847,1.4767911497163289,3.000591940898764,15076.550307692309,0,1
32_Phoenix_City,50,50,505044,3,5000.0,25000.0,96.0,546.1231314102564,1789.9489230769232,1.4319795631924557,2.4974453415050992,14907.392153846147,0,2
32_Phoenix_City,50,50,505044,3,5000.0,25000.0,96.0,564.9748974358974,1766.6353846153845,1.4960713769825429,3.904410087913212,15201.746615384614,0,3
32_Phoenix_City,50,50,505044,3,5000.0,25000.0,96.0,471.846157051282,1789.9489230769232,1.4101342747545342,2.0679730265445806,15129.403846153848,0,4
32_Phoenix_City,50,50,505044,3,5000.0,50000.0,96.0,618.9414455128205,1789.9489230769232,1.5670149444879706,3.208295861879768,15603.87492307692,0,0
32_Phoenix_City,50,50,505044,3,5000.0,50000.0,96.0,557.1449230769231,1770.2987692307693,1.6747673920762416,4.28129188820179,15825.763230769233,0,1
32_Phoenix_City,50,50,505044,3,5000.0,50000.0,92.0,504.6425050167224,1738.2575384615384,1.6424560118680849,4.245237513890064,14794.748,0,2
32_Phoenix_City,50,50,505044,3,5000.0,50000.0,96.0,619.0433782051282,1755.9535384615383,1.4636744001539872,2.7025722778030232,15079.38846153846,0,3
32_Phoenix_City,50,50,505044,3,5000.0,50000.0,96.0,437.56975320512817,1715.4556923076923,1.5469669563675987,3.739255791193023,14968.126,0,4
32_Phoenix_City,50,50,505044,3,10000.0,20000.0,96.0,527.423814102564,1789.9489230769232,1.6128751942016677,4.11351733828974,15250.395538461542,0,0
32_Phoenix_City,50,50,505044,3,10000.0,20000.0,96.0,559.130016025641,1755.9535384615383,1.4892985114887545,3.607343475852952,15600.543230769232,0,1
32_Phoenix_City,50,50,505044,3,10000.0,20000.0,92.0,549.1053010033445,1766.6353846153845,1.6804465887156803,4.409030660295091,14707.534,0,2
32_Phoenix_City,50,50,505044,3,10000.0,20000.0,100.0,580.3163476923077,1789.9489230769232,1.5588809130848031,3.739255791193023,16530.57923076923,0,3
32_Phoenix_City,50,50,505044,3,10000.0,20000.0,96.0,613.092358974359,1766.6353846153845,1.4675099550789898,2.457367356159273,14784.380461538462,0,4
32_Phoenix_City,50,50,505044,3,10000.0,50000.0,96.0,612.4606858974358,1766.6353846153845,1.479295280803148,2.5442963669276444,15522.737692307694,0,0
32_Phoenix_City,50,50,505044,3,10000.0,50000.0,96.0,617.7623365384616,1789.9489230769232,1.5351830706127574,3.904410087913212,15400.812461538464,0,1
32_Phoenix_City,50,50,505044,3,10000.0,50000.0,100.0,618.3952215384616,1766.6353846153845,1.463192880316328,2.4974453415050992,16348.32430769231,0,2
32_Phoenix_City,50,50,505044,3,10000.0,50000.0,96.0,552.4252532051282,1789.9489230769232,1.5008003700712436,2.4974453415050992,15339.247692307694,0,3
32_Phoenix_City,50,50,505044,3,10000.0,50000.0,100.0,533.0604553846154,1766.6353846153845,1.498537830358579,4.245237513890064,15947.485076923076,0,4
32_Phoenix_City,50,50,505044,3,10000.0,100000.0,92.0,514.5145518394648,1754.020307692308,1.5470126586044055,3.610652437974411,15250.028769230768,0,0
32_Phoenix_City,50,50,505044,3,10000.0,100000.0,96.0,584.6923878205129,1754.020307692308,1.5205181838983302,3.904410087913212,15118.966615384614,0,1
32_Phoenix_City,50,50,505044,3,10000.0,100000.0,96.0,547.0688461538462,1766.6353846153845,1.685814611332207,4.28129188820179,15389.651538461536,0,2
32_Phoenix_City,50,50,505044,3,10000.0,100000.0,100.0,517.9445907692308,1789.9489230769232,1.4952669069441322,4.245237513890064,15887.537076923072,0,3
32_Phoenix_City,50,50,505044,3,10000.0,100000.0,96.0,632.7291346153846,1789.9489230769232,1.4309532646138932,3.607343475852952,14206.838307692304,0,4
32_Phoenix_City,50,50,505044,3,20000.0,40000.0,96.0,625.9074935897436,1789.9489230769232,1.3614948000711673,2.204160261435826,14817.218923076924,0,0
32_Phoenix_City,50,50,505044,3,20000.0,40000.0,96.0,583.9174262820512,1740.860923076923,1.6780939933440469,4.11351733828974,15647.67046153846,0,1
32_Phoenix_City,50,50,505044,3,20000.0,40000.0,96.0,601.1613878205128,1789.9489230769232,1.5843262092775037,3.8854658469481342,15988.752461538465,0,2
32_Phoenix_City,50,50,505044,3,20000.0,40000.0,100.0,565.8653969230769,1766.6353846153845,1.4475614336403906,3.610652437974411,15440.013076923078,0,3
32_Phoenix_City,50,50,505044,3,20000.0,40000.0,96.0,487.3925512820513,1789.9489230769232,1.6041588541191911,4.11351733828974,15340.478,0,4
32_Phoenix_City,50,50,505044,3,20000.0,100000.0,96.0,605.945548076923,1766.6353846153845,1.444127615589738,2.411174298230108,15426.357384615383,0,0
32_Phoenix_City,50,50,505044,3,20000.0,100000.0,96.0,550.6653589743589,1755.9535384615383,1.4335442283484967,2.6478348006360566,15060.162153846151,0,1
32_Phoenix_City,50,50,505044,3,20000.0,100000.0,96.0,626.8130897435898,1766.6353846153845,1.6017503627479268,3.610652437974411,15547.900769230768,0,2
32_Phoenix_City,50,50,505044,3,20000.0,100000.0,96.0,600.0565,1766.6353846153845,1.4123965336376996,2.4974453415050992,15338.911230769234,0,3
32_Phoenix_City,50,50,505044,3,20000.0,100000.0,92.0,528.496381270903,1766.6353846153845,1.524310162689954,3.904410087913212,13628.925692307694,0,4
32_Phoenix_City,50,50,505044,3,20000.0,200000.0,96.0,535.4759230769231,1766.6353846153845,1.592764240658788,4.245237513890064,15495.200769230769,0,0
32_Phoenix_City,50,50,505044,3,20000.0,200000.0,96.0,577.5928974358975,1766.6353846153845,1.4905294583288702,4.245237513890064,15260.026615384617,0,1
32_Phoenix_City,50,50,505044,3,20000.0,200000.0,96.0,494.4671634615384,1729.6581538461537,1.486443499721177,4.245237513890064,14244.27830769231,0,2
32_Phoenix_City,50,50,505044,3,20000.0,200000.0,96.0,567.8312403846154,1766.6353846153845,1.3722669584615514,2.4974453415050992,14681.80076923077,0,3
32_Phoenix_City,50,50,505044,3,20000.0,200000.0,92.0,452.8813344481605,1595.0473846153843,1.520589253353401,3.904410087913212,14508.263384615382,0,4
32_Phoenix_City,50,50,505044,3,40000.0,80000.0,96.0,614.1017339743589,1766.6353846153845,1.5124093563182743,4.245237513890064,15736.826923076922,0,0
32_Phoenix_City,50,50,505044,3,40000.0,80000.0,92.0,518.5374615384616,1754.020307692308,1.5237333711243302,3.739255791193023,13750.222307692304,0,1
32_Phoenix_City,50,50,505044,3,40000.0,80000.0,96.0,599.8810064102564,1770.2987692307693,1.4017267114507928,2.411174298230108,15105.362153846156,0,2
32_Phoenix_City,50,50,505044,3,40000.0,80000.0,96.0,525.8813333333334,1740.860923076923,1.528885801643315,3.904410087913212,15564.339538461538,0,3
32_Phoenix_City,50,50,505044,3,40000.0,80000.0,96.0,581.4122115384615,1766.6353846153845,1.5653182649250488,4.11351733828974,15896.077538461534,0,4
32_Phoenix_City,50,50,505044,3,40000.0,200000.0,96.0,521.3120961538461,1789.9489230769232,1.5801193559447784,3.208295861879768,15562.498,0,0
32_Phoenix_City,50,50,505044,3,40000.0,200000.0,92.0,577.2679297658863,1744.1212307692304,1.617670299327855,4.41704080564871,14984.014923076924,0,1
32_Phoenix_City,50,50,505044,3,40000.0,200000.0,96.0,550.1600641025641,1766.6353846153845,1.5564324641781395,3.93605232907186,15618.741999999997,0,2
32_Phoenix_City,50,50,505044,3,40000.0,200000.0,100.0,600.86852,1729.6581538461537,1.4111318624391047,2.4974453415050992,15823.30076923077,0,3
32_Phoenix_City,50,50,505044,3,40000.0,200000.0,96.0,548.7513269230768,1755.9535384615383,1.4501865518152854,2.742922606478521,14390.01753846154,0,4
32_Phoenix_City,50,50,505044,3,40000.0,400000.0,96.0,555.4576923076924,1766.6353846153845,1.6370329011693971,4.245237513890064,15058.350923076923,0,0
32_Phoenix_City,50,50,505044,3,40000.0,400000.0,96.0,583.6355448717949,1754.020307692308,1.6023122269487269,3.739255791193023,15570.509076923076,0,1
32_Phoenix_City,50,50,505044,3,40000.0,400000.0,96.0,574.5231314102565,1740.860923076923,1.5870452686412495,3.607343475852952,15478.254615384618,0,2
32_Phoenix_City,50,50,505044,3,40000.0,400000.0,96.0,528.3840256410257,1738.177846153846,1.492263284473894,2.445196665158195,15484.261692307691,0,3
32_Phoenix_City,50,50,505044,3,40000.0,400000.0,96.0,583.5056602564104,1769.242153846154,1.6153060775532837,4.409030660295091,14963.941692307691,0,4
32_Phoenix_City,50,100,1005042,1,2500.0,5000.0,94.0,377.12670212765954,1798.6163076923076,1.2768902163454108,2.261504088382193,23726.84707692309,0,0
32_Phoenix_City,50,100,1005042,1,2500.0,5000.0,98.0,466.8485729984301,1780.1541538461545,1.278373512250029,2.2852773728650404,25468.486,0,1
32_Phoenix_City,50,100,1005042,1,2500.0,5000.0,90.0,420.5705504273504,1798.6163076923076,1.2334910828318506,1.8271504411053168,22169.49292307692,0,2
32_Phoenix_City,50,100,1005042,1,2500.0,5000.0,94.0,460.2762471358429,1796.7603076923078,1.2696678464798954,2.167376875114015,23867.042307692307,0,3
32_Phoenix_City,50,100,1005042,1,2500.0,5000.0,92.0,442.6290852842809,1798.6163076923076,1.258490406339203,2.223868509186516,23382.273230769228,0,4
32_Phoenix_City,50,100,1005042,1,2500.0,12500.0,96.0,484.0782980769231,1796.7603076923078,1.2771664326749672,3.026252138896393,23469.173230769236,0,0
32_Phoenix_City,50,100,1005042,1,2500.0,12500.0,92.0,529.6851655518394,1798.6163076923076,1.2699267420342186,3.084782250206132,23427.88092307693,0,1
32_Phoenix_City,50,100,1005042,1,2500.0,12500.0,96.0,495.431814102564,1776.7963076923074,1.3083082562346475,2.6334602646861174,24818.303384615385,0,2
32_Phoenix_City,50,100,1005042,1,2500.0,12500.0,98.0,512.8262009419152,1792.7483076923072,1.3066598535376592,3.210240211562478,24953.46538461538,0,3
32_Phoenix_City,50,100,1005042,1,2500.0,12500.0,96.0,466.7026314102564,1796.7603076923078,1.3114079337078388,2.810246329214986,24664.32492307692,0,4
32_Phoenix_City,50,100,1005042,1,2500.0,25000.0,96.0,502.6668413461538,1796.7603076923078,1.3302293317524012,2.527554294695187,24814.2363076923,0,0
32_Phoenix_City,50,100,1005042,1,2500.0,25000.0,96.0,490.1023814102564,1768.0381538461538,1.307007608695219,2.6334602646861174,25286.52738461538,0,1
32_Phoenix_City,50,100,1005042,1,2500.0,25000.0,92.0,455.4349096989966,1798.6163076923076,1.2665311074921386,2.1546667945197786,22256.979384615384,0,2
32_Phoenix_City,50,100,1005042,1,2500.0,25000.0,94.0,455.0184206219312,1797.2855384615384,1.2977323980441189,2.553276920770029,23652.86215384615,0,3
32_Phoenix_City,50,100,1005042,1,2500.0,25000.0,94.0,499.8571685761047,1792.7483076923072,1.2486332618324418,3.071425734217124,23847.00369230769,0,4
32_Phoenix_City,50,100,1005042,1,5000.0,10000.0,96.0,458.6424358974359,1796.7603076923078,1.3055870980030624,3.026252138896393,25211.733692307687,0,0
32_Phoenix_City,50,100,1005042,1,5000.0,10000.0,94.0,443.8194697217676,1792.7483076923072,1.2775535322659168,3.026252138896393,23335.111384615386,0,1
32_Phoenix_City,50,100,1005042,1,5000.0,10000.0,92.0,459.6339531772575,1798.6163076923076,1.2950799259254977,2.167376875114015,23260.314769230776,0,2
32_Phoenix_City,50,100,1005042,1,5000.0,10000.0,96.0,483.2414647435897,1796.7603076923078,1.3033228516666704,2.638915782867784,25042.110769230767,0,3
32_Phoenix_City,50,100,1005042,1,5000.0,10000.0,94.0,428.3264549918167,1798.6163076923076,1.2952827225616992,3.021309117718831,23955.180769230767,0,4
32_Phoenix_City,50,100,1005042,1,5000.0,25000.0,90.0,490.3515572649573,1796.7603076923078,1.2529240061884563,2.19980744522756,22123.598923076923,0,0
32_Phoenix_City,50,100,1005042,1,5000.0,25000.0,94.0,507.38324549918167,1780.1541538461545,1.3010045061725797,2.810246329214986,23205.95953846154,0,1
32_Phoenix_City,50,100,1005042,1,5000.0,25000.0,94.0,437.5134304418985,1780.154461538462,1.313257932801425,2.810246329214986,24507.256615384616,0,2
32_Phoenix_City,50,100,1005042,1,5000.0,25000.0,92.0,463.2209849498328,1756.784,1.3018642308784394,2.167376875114015,23417.24969230769,0,3
32_Phoenix_City,50,100,1005042,1,5000.0,25000.0,94.0,489.35094599018,1796.7603076923078,1.2757583811783568,2.553276920770029,23205.85907692308,0,4
32_Phoenix_City,50,100,1005042,1,5000.0,50000.0,96.0,503.276125,1798.6163076923076,1.2785269290746375,2.0140824874909065,25254.59692307692,0,0
32_Phoenix_City,50,100,1005042,1,5000.0,50000.0,88.0,479.7527237762237,1798.6163076923076,1.3216725457806562,3.021309117718831,21855.531384615388,0,1
32_Phoenix_City,50,100,1005042,1,5000.0,50000.0,92.0,446.03016387959866,1796.7603076923078,1.2843335696255236,2.19980744522756,23310.948000000004,0,2
32_Phoenix_City,50,100,1005042,1,5000.0,50000.0,98.0,482.7725416012559,1792.7483076923072,1.2704246678171134,2.2931985353059248,25292.12230769232,0,3
32_Phoenix_City,50,100,1005042,1,5000.0,50000.0,98.0,484.2276043956044,1756.7473846153848,1.3380624335723348,3.620166720043245,25433.394000000004,0,4
32_Phoenix_City,50,100,1005042,1,10000.0,20000.0,96.0,539.2727868589744,1756.7473846153848,1.2987858834629022,2.6803554415191155,24294.75938461538,0,0
32_Phoenix_City,50,100,1005042,1,10000.0,20000.0,96.0,430.1529102564103,1768.0381538461538,1.2817859871401378,2.6334602646861174,24099.592615384616,0,1
32_Phoenix_City,50,100,1005042,1,10000.0,20000.0,90.0,453.28354017094017,1796.7603076923078,1.3005038165437162,2.4898018359353293,22704.15461538461,0,2
32_Phoenix_City,50,100,1005042,1,10000.0,20000.0,96.0,436.8923701923077,1792.7483076923072,1.3119822400317651,3.026252138896393,24501.036000000004,0,3
32_Phoenix_City,50,100,1005042,1,10000.0,20000.0,92.0,463.76534113712376,1796.7603076923078,1.288744449089798,2.638915782867784,23533.949384615385,0,4
32_Phoenix_City,50,100,1005042,1,10000.0,50000.0,94.0,500.2915482815057,1796.7603076923078,1.3176712099418928,3.252100299767133,23616.984000000004,0,0
32_Phoenix_City,50,100,1005042,1,10000.0,50000.0,94.0,463.1402618657938,1780.1541538461545,1.2770220606180998,2.527554294695187,23302.899538461537,0,1
32_Phoenix_City,50,100,1005042,1,10000.0,50000.0,96.0,390.4099102564102,1792.7483076923072,1.2876317299679598,2.1546667945197786,24985.86415384616,0,2
32_Phoenix_City,50,100,1005042,1,10000.0,50000.0,94.0,458.98575286415706,1798.6163076923076,1.3490594893362855,3.026252138896393,24103.40553846153,0,3
32_Phoenix_City,50,100,1005042,1,10000.0,50000.0,94.0,486.2611538461538,1796.7603076923078,1.2529232228055218,3.026252138896393,23284.653692307696,0,4
32_Phoenix_City,50,100,1005042,1,10000.0,100000.0,94.0,467.6624566284779,1796.7603076923078,1.3045042332908738,2.638915782867784,23964.84292307692,0,0
32_Phoenix_City,50,100,1005042,1,10000.0,100000.0,96.0,491.81905288461536,1792.7483076923072,1.2879576397212849,3.021309117718831,24134.15846153846,0,1
32_Phoenix_City,50,100,1005042,1,10000.0,100000.0,94.0,449.6752765957447,1796.7603076923078,1.260265480736826,2.167376875114015,23732.008307692304,0,2
32_Phoenix_City,50,100,1005042,1,10000.0,100000.0,94.0,462.77885433715215,1792.7483076923072,1.2798311044229331,3.026252138896393,23242.93353846154,0,3
32_Phoenix_City,50,100,1005042,1,10000.0,100000.0,98.0,471.85230612244897,1796.7603076923078,1.3071269756299653,2.638915782867784,25985.288461538457,0,4
32_Phoenix_City,50,100,1005042,1,20000.0,40000.0,96.0,482.4343253205128,1782.07323076923,1.3358012798262433,3.126154708601446,24628.75061538462,0,0
32_Phoenix_City,50,100,1005042,1,20000.0,40000.0,94.0,491.8216333878887,1796.7603076923078,1.2872976712323092,2.820643499841644,24214.792923076933,0,1
32_Phoenix_City,50,100,1005042,1,20000.0,40000.0,94.0,498.3062438625204,1792.7483076923072,1.3317583962364152,3.026252138896393,23817.07,0,2
32_Phoenix_City,50,100,1005042,1,20000.0,40000.0,90.0,514.4038461538461,1796.7603076923078,1.278374371810768,2.167376875114015,22249.99276923077,0,3
32_Phoenix_City,50,100,1005042,1,20000.0,40000.0,92.0,448.0990250836121,1796.7603076923078,1.2999270153025424,2.638915782867784,22964.49661538461,0,4
32_Phoenix_City,50,100,1005042,1,20000.0,100000.0,94.0,450.9198134206219,1780.1541538461545,1.339905877441261,3.026252138896393,23707.61169230769,0,0
32_Phoenix_City,50,100,1005042,1,20000.0,100000.0,92.0,531.6384448160535,1796.7603076923078,1.282599863343903,2.560986610449872,23040.035384615385,0,1
32_Phoenix_City,50,100,1005042,1,20000.0,100000.0,96.0,436.2312355769231,1768.7513846153852,1.3002618293382011,2.638915782867784,24943.11107692308,0,2
32_Phoenix_City,50,100,1005042,1,20000.0,100000.0,92.0,475.5486889632107,1780.1541538461545,1.327764629661884,3.071425734217124,22549.72661538461,0,3
32_Phoenix_City,50,100,1005042,1,20000.0,100000.0,94.0,427.7529607201309,1792.7483076923072,1.263760251830157,2.810246329214986,23591.89707692307,0,4
32_Phoenix_City,50,100,1005042,1,20000.0,200000.0,92.0,447.07955685618725,1796.7603076923078,1.3191315867883904,3.252100299767133,23136.31384615385,0,0
32_Phoenix_City,50,100,1005042,1,20000.0,200000.0,92.0,378.3346688963211,1792.7483076923072,1.2108670299635538,2.062973820726264,21850.44092307692,0,1
32_Phoenix_City,50,100,1005042,1,20000.0,200000.0,94.0,486.4092013093289,1792.7483076923072,1.3050174986236445,3.026252138896393,23372.44246153846,0,2
32_Phoenix_City,50,100,1005042,1,20000.0,200000.0,98.0,425.1567299843014,1798.8763076923078,1.3157164347854395,2.714746914637882,25312.94384615385,0,3
32_Phoenix_City,50,100,1005042,1,20000.0,200000.0,96.0,452.6510929487179,1780.1541538461545,1.278576188086935,2.191059087098342,25105.18492307692,0,4
32_Phoenix_City,50,100,1005042,1,40000.0,80000.0,94.0,476.4204468085106,1792.7483076923072,1.2709031412355392,3.021309117718831,23123.079076923063,0,0
32_Phoenix_City,50,100,1005042,1,40000.0,80000.0,96.0,509.7613846153847,1796.7603076923078,1.3034250242758585,2.297832916729296,24625.082923076927,0,1
32_Phoenix_City,50,100,1005042,1,40000.0,80000.0,92.0,487.6939331103679,1797.2852307692308,1.2786003694618182,2.167376875114015,23044.56215384615,0,2
32_Phoenix_City,50,100,1005042,1,40000.0,80000.0,92.0,453.90278093645486,1796.7603076923078,1.2742747077788732,2.191059087098342,23179.25815384615,0,3
32_Phoenix_City,50,100,1005042,1,40000.0,80000.0,98.0,464.6093751962324,1796.7603076923078,1.2860230002181692,3.026252138896393,24397.96353846154,0,4
32_Phoenix_City,50,100,1005042,1,40000.0,200000.0,90.0,458.5536358974359,1796.7603076923078,1.3293231226234012,3.026252138896393,23084.91461538462,0,0
32_Phoenix_City,50,100,1005042,1,40000.0,200000.0,94.0,470.74560229132567,1768.0381538461538,1.279255981675347,2.6334602646861174,23774.28876923077,0,1
32_Phoenix_City,50,100,1005042,1,40000.0,200000.0,92.0,509.26057023411374,1796.7603076923078,1.2690062644151667,2.820643499841644,23146.65938461539,0,2
32_Phoenix_City,50,100,1005042,1,40000.0,200000.0,92.0,439.7321956521739,1798.6163076923076,1.2553879839941806,2.223868509186516,23545.277230769232,0,3
32_Phoenix_City,50,100,1005042,1,40000.0,200000.0,96.0,454.4009278846154,1798.6163076923076,1.314281730734127,3.0327332644411658,24412.72000000001,0,4
32_Phoenix_City,50,100,1005042,1,40000.0,400000.0,96.0,435.1894807692308,1796.7603076923078,1.3040994309030225,3.026252138896393,24967.129384615397,0,0
32_Phoenix_City,50,100,1005042,1,40000.0,400000.0,94.0,481.913860883797,1796.7603076923078,1.2502561010118378,3.026252138896393,23555.742461538463,0,1
32_Phoenix_City,50,100,1005042,1,40000.0,400000.0,94.0,462.2759574468084,1792.7483076923072,1.3220031393371656,3.0327332644411658,24135.104153846158,0,2
32_Phoenix_City,50,100,1005042,1,40000.0,400000.0,92.0,460.5836571906355,1781.0476923076922,1.248747664709518,2.2993294727930134,22769.29476923077,0,3
32_Phoenix_City,50,100,1005042,1,40000.0,400000.0,94.0,391.904767594108,1754.5756923076924,1.278076503664315,2.638915782867784,23295.12846153846,0,4
32_Phoenix_City,50,100,1005043,2,2500.0,5000.0,92.0,523.0716404682273,1795.3427692307691,1.3787752421729471,4.109388436800397,24742.27123076923,0,0
32_Phoenix_City,50,100,1005043,2,2500.0,5000.0,90.0,459.57020170940166,1717.5756923076924,1.4853804639920798,4.417845847695532,25071.18199999999,0,1
32_Phoenix_City,50,100,1005043,2,2500.0,5000.0,92.0,483.6300267558528,1672.7636923076925,1.3955686400961154,2.7075673129278743,25677.422307692297,0,2
32_Phoenix_City,50,100,1005043,2,2500.0,5000.0,96.0,533.8178926282052,1710.0584615384614,1.3553433704927365,2.694709225266445,27464.98184615385,0,3
32_Phoenix_City,50,100,1005043,2,2500.0,5000.0,94.0,560.7763044189852,1751.733846153846,1.4021157577323498,2.4429456638100078,28088.576769230764,0,4
32_Phoenix_City,50,100,1005043,2,2500.0,12500.0,92.0,548.4197575250836,1776.3024615384616,1.4363717917998973,2.7314383326188136,25507.89692307692,0,0
32_Phoenix_City,50,100,1005043,2,2500.0,12500.0,96.0,546.8459519230769,1745.6809230769231,1.4170937777054924,2.7075673129278743,27736.30461538461,0,1
32_Phoenix_City,50,100,1005043,2,2500.0,12500.0,96.0,510.4152339743589,1745.6809230769231,1.4548099874588,4.417845847695532,28219.23076923076,0,2
32_Phoenix_City,50,100,1005043,2,2500.0,12500.0,92.0,527.1533762541806,1765.155076923077,1.3813216731622264,2.7075673129278743,25828.37415384615,0,3
32_Phoenix_City,50,100,1005043,2,2500.0,12500.0,96.0,527.4557948717949,1795.991076923077,1.4539784439659542,5.348384918801748,27845.620923076924,0,4
32_Phoenix_City,50,100,1005043,2,2500.0,25000.0,96.0,540.7286185897436,1796.9449230769233,1.4310080278342776,3.712643185910729,28395.132,0,0
32_Phoenix_City,50,100,1005043,2,2500.0,25000.0,98.0,551.357032967033,1795.991076923077,1.380126648724193,2.418116351676025,27939.295538461534,0,1
32_Phoenix_City,50,100,1005043,2,2500.0,25000.0,92.0,547.1079347826087,1795.991076923077,1.384207925608108,2.4907544430195943,25219.92892307693,0,2
32_Phoenix_City,50,100,1005043,2,2500.0,25000.0,92.0,580.8789732441471,1795.3427692307691,1.4224193024722331,3.712643185910729,26215.146307692303,0,3
32_Phoenix_City,50,100,1005043,2,2500.0,25000.0,94.0,583.9950818330606,1799.655076923077,1.35145079827152,2.8077741310095843,26171.66184615384,0,4
32_Phoenix_City,50,100,1005043,2,5000.0,10000.0,96.0,522.9078477564102,1799.655076923077,1.372018385062035,2.38872850736242,26500.00692307692,0,0
32_Phoenix_City,50,100,1005043,2,5000.0,10000.0,94.0,535.2779345335515,1756.8476923076923,1.3927591953664502,3.6107724230082345,26770.49107692308,0,1
32_Phoenix_City,50,100,1005043,2,5000.0,10000.0,96.0,585.6185737179487,1745.6809230769231,1.3498335675523858,2.4429456638100078,27090.63076923076,0,2
32_Phoenix_City,50,100,1005043,2,5000.0,10000.0,90.0,473.42119316239314,1796.9449230769233,1.3447088088141688,2.3413484764682955,24358.82938461538,0,3
32_Phoenix_City,50,100,1005043,2,5000.0,10000.0,94.0,508.1922160392799,1710.0584615384614,1.3708821442807546,2.5734722166533963,26470.8723076923,0,4
32_Phoenix_City,50,100,1005043,2,5000.0,25000.0,94.0,577.7036710310965,1792.8372307692307,1.3794447321032008,2.7075673129278743,26630.196923076917,0,0
32_Phoenix_City,50,100,1005043,2,5000.0,25000.0,92.0,482.533474916388,1727.175692307692,1.4251031050234544,4.417845847695532,25472.89092307692,0,1
32_Phoenix_City,50,100,1005043,2,5000.0,25000.0,92.0,551.2008093645484,1717.5756923076924,1.4444906558734478,4.329599334365229,27114.16384615384,0,2
32_Phoenix_City,50,100,1005043,2,5000.0,25000.0,92.0,460.2804113712375,1796.9449230769233,1.419955089301331,4.417845847695532,25756.14,0,3
32_Phoenix_City,50,100,1005043,2,5000.0,25000.0,92.0,526.6889816053512,1796.9449230769233,1.4109165187490835,4.417845847695532,25626.74123076922,0,4
32_Phoenix_City,50,100,1005043,2,5000.0,50000.0,94.0,549.0818281505728,1765.155076923077,1.3920439028062512,3.712643185910729,26203.015538461532,0,0
32_Phoenix_City,50,100,1005043,2,5000.0,50000.0,96.0,472.5417628205128,1717.5756923076924,1.422439850539745,3.1796414587874384,27353.367384615376,0,1
32_Phoenix_City,50,100,1005043,2,5000.0,50000.0,92.0,515.7764598662206,1745.6809230769231,1.416153115531555,2.7075673129278743,26711.61769230769,0,2
32_Phoenix_City,50,100,1005043,2,5000.0,50000.0,92.0,510.2063377926421,1795.991076923077,1.3940202383137763,4.417845847695532,25385.904307692294,0,3
32_Phoenix_City,50,100,1005043,2,5000.0,50000.0,98.0,588.2814819466248,1757.2341538461535,1.3772533269355394,3.22796749758767,28462.415384615382,0,4
32_Phoenix_City,50,100,1005043,2,10000.0,20000.0,94.0,566.1319410801964,1760.0150769230768,1.3773647058159235,2.4907544430195943,26341.61953846154,0,0
32_Phoenix_City,50,100,1005043,2,10000.0,20000.0,92.0,460.2103143812709,1685.7563076923077,1.3671088393651032,4.417845847695532,24911.03523076923,0,1
32_Phoenix_City,50,100,1005043,2,10000.0,20000.0,94.0,489.7241914893617,1795.991076923077,1.338210179795855,2.7075673129278743,25867.91107692308,0,2
32_Phoenix_City,50,100,1005043,2,10000.0,20000.0,96.0,519.2180544871795,1743.7775384615384,1.4374039278783055,4.301595919250888,28319.38369230769,0,3
32_Phoenix_City,50,100,1005043,2,10000.0,20000.0,94.0,580.8324386252045,1765.155076923077,1.4317803074949336,4.329599334365229,26932.703846153832,0,4
32_Phoenix_City,50,100,1005043,2,10000.0,50000.0,96.0,560.0183349358974,1795.991076923077,1.419350986391602,2.547273784497027,28175.15461538461,0,0
32_Phoenix_City,50,100,1005043,2,10000.0,50000.0,92.0,537.2582759197325,1799.655076923077,1.3850382731677775,2.964244565634841,26252.26292307692,0,1
32_Phoenix_City,50,100,1005043,2,10000.0,50000.0,96.0,504.83341666666666,1756.8476923076923,1.3961205892151076,2.7825516176783465,28207.518769230774,0,2
32_Phoenix_City,50,100,1005043,2,10000.0,50000.0,92.0,541.8813695652174,1795.991076923077,1.3773843466422695,2.7075673129278743,25350.089384615378,0,3
32_Phoenix_City,50,100,1005043,2,10000.0,50000.0,92.0,566.1385685618728,1795.3427692307691,1.3650378863613022,2.7075673129278743,25176.744615384618,0,4
32_Phoenix_City,50,100,1005043,2,10000.0,100000.0,96.0,580.5065897435896,1796.9449230769233,1.3513190519739868,3.120242201903052,27876.28615384615,0,0
32_Phoenix_City,50,100,1005043,2,10000.0,100000.0,96.0,563.9789791666666,1796.9449230769233,1.427051907186389,2.5561901354002265,28047.33153846153,0,1
32_Phoenix_City,50,100,1005043,2,10000.0,100000.0,94.0,514.2591947626842,1753.4015384615386,1.4194780844993358,3.58041353375792,27149.37969230769,0,2
32_Phoenix_City,50,100,1005043,2,10000.0,100000.0,98.0,542.1250533751962,1795.991076923077,1.3957477436089056,3.22796749758767,28174.342307692303,0,3
32_Phoenix_City,50,100,1005043,2,10000.0,100000.0,92.0,444.0320183946488,1795.991076923077,1.4342878088999789,4.417845847695532,25627.641384615377,0,4
32_Phoenix_City,50,100,1005043,2,20000.0,40000.0,94.0,537.5493846153846,1795.991076923077,1.3289010394261895,2.4429456638100078,26036.98846153845,0,0
32_Phoenix_City,50,100,1005043,2,20000.0,40000.0,92.0,497.3177675585284,1765.155076923077,1.350233874903659,2.4907544430195943,25461.074153846148,0,1
32_Phoenix_City,50,100,1005043,2,20000.0,40000.0,96.0,544.2030897435897,1765.155076923077,1.3973266917079672,2.7075673129278743,27577.78615384614,0,2
32_Phoenix_City,50,100,1005043,2,20000.0,40000.0,94.0,520.3850327332242,1765.155076923077,1.4424599671108262,4.417845847695532,26373.38953846154,0,3
32_Phoenix_City,50,100,1005043,2,20000.0,40000.0,94.0,526.1595302782323,1796.9449230769233,1.3921411395094514,2.2093172604312423,26749.683076923076,0,4
32_Phoenix_City,50,100,1005043,2,20000.0,100000.0,94.0,576.796093289689,1795.3427692307691,1.4771864697089188,4.329599334365229,27143.01184615384,0,0
32_Phoenix_City,50,100,1005043,2,20000.0,100000.0,94.0,510.6571963993453,1795.991076923077,1.3460982808146302,2.7732628077809918,25901.30307692308,0,1
32_Phoenix_City,50,100,1005043,2,20000.0,100000.0,94.0,590.4019509001636,1796.9449230769233,1.4511936205921625,5.348384918801748,26637.290923076915,0,2
32_Phoenix_City,50,100,1005043,2,20000.0,100000.0,94.0,535.3331292962356,1745.6809230769231,1.423815311892224,3.21502249365118,27331.39692307692,0,3
32_Phoenix_City,50,100,1005043,2,20000.0,100000.0,94.0,505.09571685761046,1745.6809230769231,1.3509409920023914,2.7075673129278743,25548.40092307692,0,4
32_Phoenix_City,50,100,1005043,2,20000.0,200000.0,94.0,521.5020998363339,1792.8372307692307,1.4325525823017384,2.38872850736242,27911.719846153843,0,0
32_Phoenix_City,50,100,1005043,2,20000.0,200000.0,98.0,524.0983202511774,1717.5756923076924,1.4485358714914631,2.488103969527936,29612.381846153843,0,1
32_Phoenix_City,50,100,1005043,2,20000.0,200000.0,92.0,491.2784498327759,1795.3427692307691,1.3695487139727245,2.445968344845656,25213.11692307692,0,2
32_Phoenix_City,50,100,1005043,2,20000.0,200000.0,94.0,521.5932831423894,1795.991076923077,1.4094099065069503,3.584983669189203,26567.198153846144,0,3
32_Phoenix_City,50,100,1005043,2,20000.0,200000.0,92.0,547.0797658862875,1745.6809230769231,1.3688699353125051,2.2522305327366574,25844.809999999998,0,4
32_Phoenix_City,50,100,1005043,2,40000.0,80000.0,96.0,534.2236137820513,1742.794769230769,1.402370001651322,2.7075673129278743,27028.93692307693,0,0
32_Phoenix_City,50,100,1005043,2,40000.0,80000.0,96.0,542.1652996794871,1795.3427692307691,1.4416240438354655,4.417845847695532,26921.38092307692,0,1
32_Phoenix_City,50,100,1005043,2,40000.0,80000.0,90.0,493.4222136752136,1799.655076923077,1.4089230432749582,3.712643185910729,24450.68999999999,0,2
32_Phoenix_City,50,100,1005043,2,40000.0,80000.0,94.0,505.2811194762684,1795.991076923077,1.388682210281476,2.3297123328151303,27127.066461538467,0,3
32_Phoenix_City,50,100,1005043,2,40000.0,80000.0,96.0,507.4514711538461,1736.4033846153843,1.3877315644183283,2.759153765594325,27567.56476923076,0,4
32_Phoenix_City,50,100,1005043,2,40000.0,200000.0,96.0,561.7324326923077,1796.9449230769233,1.3692475546637874,2.445968344845656,28445.330461538462,0,0
32_Phoenix_City,50,100,1005043,2,40000.0,200000.0,96.0,558.5808669871794,1795.991076923077,1.3762414463529484,3.22796749758767,26616.313230769232,0,1
32_Phoenix_City,50,100,1005043,2,40000.0,200000.0,96.0,573.7763349358974,1765.155076923077,1.4948637661436956,4.417845847695532,27370.93784615384,0,2
32_Phoenix_City,50,100,1005043,2,40000.0,200000.0,94.0,528.0909705400982,1792.8372307692307,1.4323430764744225,4.417845847695532,26681.869999999995,0,3
32_Phoenix_City,50,100,1005043,2,40000.0,200000.0,94.0,550.6332160392799,1795.991076923077,1.5031560855223984,3.792361588864324,28316.68615384615,0,4
32_Phoenix_City,50,100,1005043,2,40000.0,400000.0,96.0,535.7239278846154,1797.6067692307693,1.4052457179848774,2.734093092697738,28024.388153846143,0,0
32_Phoenix_City,50,100,1005043,2,40000.0,400000.0,94.0,586.7259934533552,1795.991076923077,1.474857301104246,5.466703386517891,27259.18,0,1
32_Phoenix_City,50,100,1005043,2,40000.0,400000.0,96.0,545.1745080128205,1795.991076923077,1.4583786477973375,2.939186722961,28895.174153846165,0,2
32_Phoenix_City,50,100,1005043,2,40000.0,400000.0,94.0,533.1367626841244,1765.155076923077,1.4015219762658562,3.584983669189203,25705.61953846153,0,3
32_Phoenix_City,50,100,1005043,2,40000.0,400000.0,94.0,579.6416399345335,1756.8476923076923,1.411437641335241,2.7075673129278743,26310.60261538461,0,4
32_Phoenix_City,50,100,1005044,3,2500.0,5000.0,94.0,421.6715630114567,1693.2818461538463,1.350317458655704,4.516668194569223,24093.618615384614,0,0
32_Phoenix_City,50,100,1005044,3,2500.0,5000.0,92.0,454.4578277591973,1799.0956923076924,1.328443163831868,2.558703095583424,24520.85200000001,0,1
32_Phoenix_City,50,100,1005044,3,2500.0,5000.0,94.0,477.508589198036,1789.9932307692306,1.3529492186844956,2.20918835334759,25664.147230769224,0,2
32_Phoenix_City,50,100,1005044,3,2500.0,5000.0,92.0,455.60427591973246,1799.0956923076924,1.355682067158773,2.455239728456029,24728.29446153847,0,3
32_Phoenix_City,50,100,1005044,3,2500.0,5000.0,98.0,406.65770172684455,1762.003384615385,1.362853543196593,2.9863757033132243,27838.19107692307,0,4
32_Phoenix_City,50,100,1005044,3,2500.0,12500.0,92.0,406.6108444816054,1799.0956923076924,1.345489421812424,2.751451919016888,24171.019384615374,0,0
32_Phoenix_City,50,100,1005044,3,2500.0,12500.0,92.0,434.3521789297659,1762.003384615385,1.359544500324691,2.266883962871937,24662.33861538461,0,1
32_Phoenix_City,50,100,1005044,3,2500.0,12500.0,96.0,418.7011554487179,1693.2818461538463,1.356887357681604,2.5153264814181804,26398.254153846152,0,2
32_Phoenix_City,50,100,1005044,3,2500.0,12500.0,96.0,429.50587019230767,1781.5089230769229,1.3675841252004268,2.507147302528207,26755.349384615383,0,3
32_Phoenix_City,50,100,1005044,3,2500.0,12500.0,92.0,431.91779765886287,1799.0956923076924,1.3615444190474222,2.6229192547430844,24173.025384615376,0,4
32_Phoenix_City,50,100,1005044,3,2500.0,25000.0,96.0,377.1043557692308,1672.8947692307693,1.2627774981837403,2.2245489245348087,24741.344615384613,0,0
32_Phoenix_City,50,100,1005044,3,2500.0,25000.0,96.0,434.9717708333333,1765.5144615384615,1.3469365702347342,4.53037164701784,25448.200769230763,0,1
32_Phoenix_City,50,100,1005044,3,2500.0,25000.0,96.0,450.0850881410256,1798.5904615384616,1.3576201718834768,2.8282850861470896,26243.74476923077,0,2
32_Phoenix_City,50,100,1005044,3,2500.0,25000.0,94.0,397.13831423895255,1693.2818461538463,1.2870866733011312,2.805203925648855,24372.585230769237,0,3
32_Phoenix_City,50,100,1005044,3,2500.0,25000.0,94.0,413.78254500818326,1747.991076923077,1.3746562028149478,4.645580389065107,25050.46215384616,0,4
32_Phoenix_City,50,100,1005044,3,5000.0,10000.0,92.0,430.0179933110368,1799.0956923076924,1.4119831200123276,4.53037164701784,24720.270307692317,0,0
32_Phoenix_City,50,100,1005044,3,5000.0,10000.0,92.0,427.1285367892976,1776.487384615384,1.217736273433479,2.056128421214112,23072.663999999997,0,1
32_Phoenix_City,50,100,1005044,3,5000.0,10000.0,94.0,434.0514648117839,1799.0956923076924,1.3524883195219897,2.751451919016888,24603.076769230764,0,2
32_Phoenix_City,50,100,1005044,3,5000.0,10000.0,92.0,420.9057207357859,1780.888,1.301433414145852,2.314816387888043,24466.447538461536,0,3
32_Phoenix_City,50,100,1005044,3,5000.0,10000.0,92.0,432.91172073578593,1799.9295384615384,1.3843069815307714,6.878111261120919,23990.25153846154,0,4
32_Phoenix_City,50,100,1005044,3,5000.0,25000.0,94.0,449.7360752864157,1799.0956923076924,1.3553093264428029,2.5822609435575483,25818.73907692308,0,0
32_Phoenix_City,50,100,1005044,3,5000.0,25000.0,94.0,444.37968085106377,1762.003384615385,1.3360549817559495,2.4299795990700965,24974.033846153856,0,1
32_Phoenix_City,50,100,1005044,3,5000.0,25000.0,96.0,422.9793317307692,1734.1839999999995,1.309782734592964,2.256141223272005,25324.018,0,2
32_Phoenix_City,50,100,1005044,3,5000.0,25000.0,90.0,363.4824085470085,1672.8947692307693,1.3441664297784257,2.751451919016888,23546.33015384615,0,3
32_Phoenix_City,50,100,1005044,3,5000.0,25000.0,90.0,474.2175538461538,1781.5089230769229,1.3688544598308636,2.7452234603814216,23213.23,0,4
32_Phoenix_City,50,100,1005044,3,5000.0,50000.0,92.0,478.7855484949832,1799.0956923076924,1.4996363526038494,5.960526242748896,25308.40246153846,0,0
32_Phoenix_City,50,100,1005044,3,5000.0,50000.0,94.0,373.2254337152209,1799.0956923076924,1.336995976433629,2.7452234603814216,24283.00523076923,0,1
32_Phoenix_City,50,100,1005044,3,5000.0,50000.0,94.0,375.6331865793781,1672.8947692307693,1.3802047093898913,4.645580389065107,24676.96769230769,0,2
32_Phoenix_City,50,100,1005044,3,5000.0,50000.0,94.0,391.0961718494272,1693.2818461538463,1.3363929701364117,2.7452234603814216,24588.186307692304,0,3
32_Phoenix_City,50,100,1005044,3,5000.0,50000.0,94.0,470.8127806873977,1734.1839999999995,1.3865955978693154,3.4652602111621094,26121.736153846152,0,4
32_Phoenix_City,50,100,1005044,3,10000.0,20000.0,96.0,451.417219551282,1799.0956923076924,1.3815354638485031,2.751451919016888,26994.729076923068,0,0
32_Phoenix_City,50,100,1005044,3,10000.0,20000.0,96.0,486.16821634615377,1694.3316923076918,1.2958282241169523,2.0063493065004607,25072.06876923077,0,1
32_Phoenix_City,50,100,1005044,3,10000.0,20000.0,98.0,432.9316844583987,1781.5089230769229,1.3357489414901431,3.033475527987328,27019.20061538461,0,2
32_Phoenix_City,50,100,1005044,3,10000.0,20000.0,98.0,478.2771601255887,1776.487384615384,1.3263415584812517,2.266883962871937,26627.948307692302,0,3
32_Phoenix_City,50,100,1005044,3,10000.0,20000.0,92.0,465.492016722408,1765.5144615384615,1.3359514235745866,2.826251864665806,23942.936769230764,0,4
32_Phoenix_City,50,100,1005044,3,10000.0,50000.0,96.0,439.7366762820513,1758.1981538461532,1.395563905437151,4.645580389065107,26358.10707692308,0,0
32_Phoenix_City,50,100,1005044,3,10000.0,50000.0,96.0,486.9774503205128,1719.7664615384615,1.337977215523903,2.8746591438602147,25776.73415384615,0,1
32_Phoenix_City,50,100,1005044,3,10000.0,50000.0,94.0,413.0323535188216,1780.888,1.3044628497782331,2.293506406738409,24416.444153846147,0,2
32_Phoenix_City,50,100,1005044,3,10000.0,50000.0,96.0,468.17630929487177,1780.888,1.3357413254426331,2.5822609435575483,25830.89892307693,0,3
32_Phoenix_City,50,100,1005044,3,10000.0,50000.0,94.0,435.21855155482814,1799.0956923076924,1.3324460210074156,2.648483426992723,25775.940153846157,0,4
32_Phoenix_City,50,100,1005044,3,10000.0,100000.0,96.0,463.09651442307694,1781.5089230769229,1.3394475658809324,2.751451919016888,26440.135846153844,0,0
32_Phoenix_City,50,100,1005044,3,10000.0,100000.0,94.0,432.1756546644845,1799.0956923076924,1.322710872308274,2.765708900030108,24200.037230769245,0,1
32_Phoenix_City,50,100,1005044,3,10000.0,100000.0,94.0,425.7969443535188,1694.150153846154,1.360887045325584,3.12011764021948,24285.033076923075,0,2
32_Phoenix_City,50,100,1005044,3,10000.0,100000.0,96.0,424.1723798076923,1671.360923076923,1.2905750658732682,2.6229192547430844,24818.932307692303,0,3
32_Phoenix_City,50,100,1005044,3,10000.0,100000.0,96.0,371.91374519230766,1799.0956923076924,1.375567252021848,2.930027982057736,25934.291692307692,0,4
32_Phoenix_City,50,100,1005044,3,20000.0,40000.0,96.0,392.1640913461538,1722.391076923077,1.3718081124126291,3.399983689401202,26523.743076923078,0,0
32_Phoenix_City,50,100,1005044,3,20000.0,40000.0,92.0,432.5703210702341,1783.744,1.3129843618258814,2.2711449527598218,24818.35046153846,0,1
32_Phoenix_City,50,100,1005044,3,20000.0,40000.0,94.0,455.5896350245499,1765.5144615384615,1.3703566042813986,2.639090898270588,25267.08630769232,0,2
32_Phoenix_City,50,100,1005044,3,20000.0,40000.0,94.0,469.4390032733224,1799.0956923076924,1.3286544029850196,2.4299795990700965,25235.54415384615,0,3
32_Phoenix_City,50,100,1005044,3,20000.0,40000.0,94.0,450.579906710311,1799.0956923076924,1.337328041854188,2.751451919016888,25369.48,0,4
32_Phoenix_City,50,100,1005044,3,20000.0,100000.0,98.0,423.74741915227634,1778.1649230769226,1.3009666204035764,2.7452234603814216,26497.219230769228,0,0
32_Phoenix_City,50,100,1005044,3,20000.0,100000.0,96.0,425.0625080128205,1734.1839999999995,1.3644433979067487,4.645580389065107,25967.141846153845,0,1
32_Phoenix_City,50,100,1005044,3,20000.0,100000.0,94.0,469.23364484451713,1758.1981538461532,1.3146622381279884,2.5822609435575483,25081.56723076923,0,2
32_Phoenix_City,50,100,1005044,3,20000.0,100000.0,96.0,429.5689647435897,1781.5089230769229,1.4075401015184992,3.1240856871563176,26494.9843076923,0,3
32_Phoenix_City,50,100,1005044,3,20000.0,100000.0,94.0,416.4754697217676,1722.4547692307692,1.3797844094773082,2.805203925648855,26588.933538461533,0,4
32_Phoenix_City,50,100,1005044,3,20000.0,200000.0,94.0,431.8190343698854,1780.888,1.3652965772056544,2.751451919016888,25829.89938461537,0,0
32_Phoenix_City,50,100,1005044,3,20000.0,200000.0,96.0,450.0895208333333,1781.5089230769229,1.406566786746846,4.53037164701784,25605.070153846144,0,1
32_Phoenix_City,50,100,1005044,3,20000.0,200000.0,94.0,434.7125090016367,1722.4547692307692,1.316505822529862,2.558703095583424,24882.569230769222,0,2
32_Phoenix_City,50,100,1005044,3,20000.0,200000.0,96.0,407.5726394230769,1765.5144615384615,1.3289564595863144,2.751451919016888,25429.684307692307,0,3
32_Phoenix_City,50,100,1005044,3,20000.0,200000.0,94.0,407.1123289689034,1765.5144615384615,1.377407624006877,5.960526242748896,24457.162769230767,0,4
32_Phoenix_City,50,100,1005044,3,40000.0,80000.0,96.0,410.9413108974359,1781.5089230769229,1.3138711690852414,2.751451919016888,25691.954923076926,0,0
32_Phoenix_City,50,100,1005044,3,40000.0,80000.0,92.0,485.13359197324417,1693.2818461538463,1.38701045238842,2.5153264814181804,24219.15384615384,0,1
32_Phoenix_City,50,100,1005044,3,40000.0,80000.0,92.0,400.79059698996656,1789.9932307692306,1.3468357246783709,2.5822609435575483,25420.738153846152,0,2
32_Phoenix_City,50,100,1005044,3,40000.0,80000.0,92.0,413.8644397993311,1799.0956923076924,1.3740993695756287,2.8782756163345558,24908.44769230769,0,3
32_Phoenix_City,50,100,1005044,3,40000.0,80000.0,92.0,438.8265334448161,1765.5144615384615,1.3117148437073909,2.751451919016888,23702.556461538454,0,4
32_Phoenix_City,50,100,1005044,3,40000.0,200000.0,94.0,401.8661489361702,1671.360923076923,1.3690171580982358,3.4652602111621094,25424.635384615387,0,0
32_Phoenix_City,50,100,1005044,3,40000.0,200000.0,92.0,448.45537290969895,1782.826769230769,1.361223715347957,2.765708900030108,24631.184307692303,0,1
32_Phoenix_City,50,100,1005044,3,40000.0,200000.0,96.0,435.6292307692308,1787.657846153846,1.3493807584967077,2.9863757033132243,25780.16184615385,0,2
32_Phoenix_City,50,100,1005044,3,40000.0,200000.0,96.0,463.3644727564102,1780.888,1.349172189763283,2.5822609435575483,26080.464000000007,0,3
32_Phoenix_City,50,100,1005044,3,40000.0,200000.0,90.0,387.872905982906,1672.8947692307693,1.3842211169973588,2.5755488935484427,23946.41476923077,0,4
32_Phoenix_City,50,100,1005044,3,40000.0,400000.0,94.0,436.34848281505725,1777.2732307692308,1.3686896618760602,4.645580389065107,25748.27692307691,0,0
32_Phoenix_City,50,100,1005044,3,40000.0,400000.0,94.0,471.514875613748,1776.487384615384,1.2515711523513806,2.266883962871937,24654.588307692306,0,1
32_Phoenix_City,50,100,1005044,3,40000.0,400000.0,96.0,405.4100977564103,1789.9932307692306,1.3478406692904874,3.3756387192990625,26168.972923076915,0,2
32_Phoenix_City,50,100,1005044,3,40000.0,400000.0,90.0,357.22140341880345,1705.3609230769234,1.37328489214795,2.0129881409721064,24134.86507692308,0,3
32_Phoenix_City,50,100,1005044,3,40000.0,400000.0,94.0,475.649736497545,1780.888,1.3852548243645972,3.033475527987328,25367.047692307693,0,4
32_Phoenix_City,60,60,606042,1,2500.0,5000.0,93.33333333333331,360.2567115384615,1774.8104615384614,1.4861397675533718,3.4625962700859803,16756.79046153846,0,0
32_Phoenix_City,60,60,606042,1,2500.0,5000.0,93.33333333333331,327.0806401098901,1762.6061538461538,1.3188299935132328,2.3823154150594363,17607.902615384613,0,1
32_Phoenix_City,60,60,606042,1,2500.0,5000.0,93.33333333333331,316.71077747252747,1774.8104615384614,1.4004918843759813,2.468606808194379,17186.523538461533,0,2
32_Phoenix_City,60,60,606042,1,2500.0,5000.0,90.0,546.1607663817664,1780.5175384615386,1.452086391142153,3.683849813607504,16803.142615384615,0,3
32_Phoenix_City,60,60,606042,1,2500.0,5000.0,96.66666666666669,356.603599469496,1774.8104615384614,1.4307423293503878,3.683849813607504,17732.629384615382,0,4
32_Phoenix_City,60,60,606042,1,2500.0,12500.0,96.66666666666669,383.1149416445624,1774.8104615384614,1.535715148051024,3.844179551334118,19736.041846153847,0,0
32_Phoenix_City,60,60,606042,1,2500.0,12500.0,100.0,436.2167538461538,1774.8104615384614,1.456595876077989,2.5731059501068065,19450.462,0,1
32_Phoenix_City,60,60,606042,1,2500.0,12500.0,96.66666666666669,476.44249602122017,1780.5175384615386,1.4806824015715492,3.4625962700859803,18443.59,0,2
32_Phoenix_City,60,60,606042,1,2500.0,12500.0,93.33333333333331,417.5008406593407,1766.612923076923,1.35304557961711,1.9782235111362876,16686.849692307693,0,3
32_Phoenix_City,60,60,606042,1,2500.0,12500.0,100.0,399.92011538461537,1774.8104615384614,1.6524401604702024,9.041637872830528,19635.428307692306,0,4
32_Phoenix_City,60,60,606042,1,2500.0,25000.0,93.33333333333331,387.31149175824174,1774.8104615384614,1.437799900254808,2.3823154150594363,18040.145230769227,0,0
32_Phoenix_City,60,60,606042,1,2500.0,25000.0,96.66666666666669,415.3975941644562,1774.8104615384614,1.508992331817412,2.712737179092968,19352.457384615376,0,1
32_Phoenix_City,60,60,606042,1,2500.0,25000.0,96.66666666666669,342.5985172413793,1774.8104615384614,1.363718487054913,2.54673564266569,17568.80353846154,0,2
32_Phoenix_City,60,60,606042,1,2500.0,25000.0,96.66666666666669,382.8210106100796,1774.8104615384614,1.4987236534594517,3.722701147077234,19119.260769230765,0,3
32_Phoenix_City,60,60,606042,1,2500.0,25000.0,93.33333333333331,466.6945631868133,1780.5175384615386,1.5208007258020049,2.832642328902942,17781.17538461538,0,4
32_Phoenix_City,60,60,606042,1,5000.0,10000.0,96.66666666666669,337.64379045092835,1725.4104615384613,1.4182411861954185,2.3823154150594363,17907.66938461538,0,0
32_Phoenix_City,60,60,606042,1,5000.0,10000.0,93.33333333333331,297.0665467032967,1780.5175384615386,1.427448975675324,2.873363939893065,16945.94430769231,0,1
32_Phoenix_City,60,60,606042,1,5000.0,10000.0,96.66666666666669,441.0758488063661,1774.8104615384614,1.409618891452672,2.873363939893065,17418.539230769227,0,2
32_Phoenix_City,60,60,606042,1,5000.0,10000.0,93.33333333333331,429.6798159340659,1774.8104615384614,1.441365080687332,2.873363939893065,18145.613384615383,0,3
32_Phoenix_City,60,60,606042,1,5000.0,10000.0,96.66666666666669,365.8746710875331,1774.8104615384614,1.446033153878005,2.3823154150594363,18363.64707692308,0,4
32_Phoenix_City,60,60,606042,1,5000.0,25000.0,96.66666666666669,368.26422811671085,1780.5175384615386,1.43134440647992,3.456195922359109,17958.367230769232,0,0
32_Phoenix_City,60,60,606042,1,5000.0,25000.0,93.33333333333331,378.0367802197802,1702.6504615384615,1.4068090109261284,2.3823154150594363,18009.47384615385,0,1
32_Phoenix_City,60,60,606042,1,5000.0,25000.0,93.33333333333331,372.1834258241758,1645.188615384615,1.430197621253578,3.3606304359668107,17606.434,0,2
32_Phoenix_City,60,60,606042,1,5000.0,25000.0,96.66666666666669,446.182602122016,1759.9486153846156,1.4138855460582962,2.5731059501068065,18682.720769230767,0,3
32_Phoenix_City,60,60,606042,1,5000.0,25000.0,93.33333333333331,289.4868434065934,1774.8104615384614,1.4677216593470157,2.712737179092968,17029.639999999996,0,4
32_Phoenix_City,60,60,606042,1,5000.0,50000.0,96.66666666666669,438.1229098143236,1774.8104615384614,1.4390656101336563,3.844179551334118,18751.689999999995,0,0
32_Phoenix_City,60,60,606042,1,5000.0,50000.0,93.33333333333331,264.95117857142856,1696.7510769230769,1.551080677977163,2.873363939893065,18523.56446153846,0,1
32_Phoenix_City,60,60,606042,1,5000.0,50000.0,93.33333333333331,485.1839038461538,1774.8104615384614,1.4831639191466413,2.712737179092968,17779.445538461536,0,2
32_Phoenix_City,60,60,606042,1,5000.0,50000.0,93.33333333333331,385.42353571428566,1774.8104615384614,1.4184757701236224,2.712737179092968,16753.30446153846,0,3
32_Phoenix_City,60,60,606042,1,5000.0,50000.0,93.33333333333331,429.0721840659341,1774.8104615384614,1.479267177149178,2.2487405145871144,17742.553538461536,0,4
32_Phoenix_City,60,60,606042,1,10000.0,20000.0,93.33333333333331,445.373184065934,1780.5175384615386,1.376033617455994,2.3823154150594363,16585.50169230769,0,0
32_Phoenix_City,60,60,606042,1,10000.0,20000.0,96.66666666666669,354.6160132625995,1774.8104615384614,1.4553492249309443,2.3823154150594363,18507.56615384615,0,1
32_Phoenix_City,60,60,606042,1,10000.0,20000.0,93.33333333333331,411.9405714285714,1774.8104615384614,1.3594002945618704,2.0878025272929026,17509.098615384613,0,2
32_Phoenix_City,60,60,606042,1,10000.0,20000.0,96.66666666666669,388.53762599469496,1588.771076923077,1.4623741313857384,2.54673564266569,17709.651846153844,0,3
32_Phoenix_City,60,60,606042,1,10000.0,20000.0,96.66666666666669,458.9796578249337,1774.8104615384614,1.4280071018309477,2.873363939893065,18257.791538461533,0,4
32_Phoenix_City,60,60,606042,1,10000.0,50000.0,96.66666666666669,593.530899204244,1774.8104615384614,1.511063215599329,2.712737179092968,19186.72,0,0
32_Phoenix_City,60,60,606042,1,10000.0,50000.0,93.33333333333331,531.0517692307692,1774.8104615384614,1.451191798173817,3.844179551334118,16811.40061538461,0,1
32_Phoenix_City,60,60,606042,1,10000.0,50000.0,90.0,384.8302991452992,1780.5175384615386,1.4690433522468205,3.844179551334118,16432.62184615385,0,2
32_Phoenix_City,60,60,606042,1,10000.0,50000.0,96.66666666666669,326.1500610079576,1774.8104615384614,1.456481830277992,2.873363939893065,18786.686615384617,0,3
32_Phoenix_City,60,60,606042,1,10000.0,50000.0,93.33333333333331,395.2052664835164,1774.8104615384614,1.5039626478068786,3.844179551334118,18304.348923076923,0,4
32_Phoenix_City,60,60,606042,1,10000.0,100000.0,93.33333333333331,524.998043956044,1780.5175384615386,1.445717212969576,2.3823154150594363,18322.470769230767,0,0
32_Phoenix_City,60,60,606042,1,10000.0,100000.0,93.33333333333331,342.5028104395604,1774.8104615384614,1.489258955496566,2.368582506656036,18908.95307692308,0,1
32_Phoenix_City,60,60,606042,1,10000.0,100000.0,96.66666666666669,419.37217771883286,1774.8104615384614,1.3886236225080877,2.712737179092968,17745.899538461534,0,2
32_Phoenix_City,60,60,606042,1,10000.0,100000.0,96.66666666666669,380.1025013262599,1774.8104615384614,1.4699494248194662,2.3823154150594363,18775.646307692303,0,3
32_Phoenix_City,60,60,606042,1,10000.0,100000.0,100.0,507.2820615384615,1702.6504615384615,1.4919308191766776,3.844179551334118,19924.13907692308,0,4
32_Phoenix_City,60,60,606042,1,20000.0,40000.0,96.66666666666669,488.73235809018576,1774.8104615384614,1.3893281190770312,2.712737179092968,17665.635846153848,0,0
32_Phoenix_City,60,60,606042,1,20000.0,40000.0,96.66666666666669,417.9704217506631,1774.8104615384614,1.486609143109998,3.860440298544052,18931.518769230763,0,1
32_Phoenix_City,60,60,606042,1,20000.0,40000.0,100.0,467.0926025641026,1780.5175384615386,1.48507744548173,3.4625962700859803,19912.19553846154,0,2
32_Phoenix_City,60,60,606042,1,20000.0,40000.0,93.33333333333331,351.3943983516483,1696.7510769230769,1.4727432669445928,3.722701147077234,16826.895076923076,0,3
32_Phoenix_City,60,60,606042,1,20000.0,40000.0,100.0,415.2866384615384,1702.6504615384615,1.3736823646445393,2.030398135953804,19410.51507692308,0,4
32_Phoenix_City,60,60,606042,1,20000.0,100000.0,96.66666666666669,292.84264986737395,1774.8104615384614,1.5135911254734034,3.683849813607504,18013.848,0,0
32_Phoenix_City,60,60,606042,1,20000.0,100000.0,96.66666666666669,513.7705596816976,1774.8104615384614,1.355395164922787,2.873363939893065,18109.41261538461,0,1
32_Phoenix_City,60,60,606042,1,20000.0,100000.0,100.0,380.20268974358976,1780.5175384615386,1.3841059640676363,2.3823154150594363,19017.39092307692,0,2
32_Phoenix_City,60,60,606042,1,20000.0,100000.0,96.66666666666669,388.1887533156498,1645.188615384615,1.4533011752633551,5.476438663833752,17779.83584615384,0,3
32_Phoenix_City,60,60,606042,1,20000.0,100000.0,93.33333333333331,337.66388186813185,1774.8104615384614,1.429211538936195,2.873363939893065,17263.175692307686,0,4
32_Phoenix_City,60,60,606042,1,20000.0,200000.0,96.66666666666669,425.47863395225465,1774.8104615384614,1.5295142032919726,3.4625962700859803,18558.28892307692,0,0
32_Phoenix_City,60,60,606042,1,20000.0,200000.0,100.0,439.5251153846154,1762.6061538461538,1.3888690272563775,3.4625962700859803,18662.107846153845,0,1
32_Phoenix_City,60,60,606042,1,20000.0,200000.0,90.0,353.0750997150997,1747.401230769231,1.4536927245386064,2.54673564266569,17188.92923076923,0,2
32_Phoenix_City,60,60,606042,1,20000.0,200000.0,96.66666666666669,493.83195755968165,1774.8104615384614,1.4478910655730568,3.844179551334118,18232.445384615377,0,3
32_Phoenix_City,60,60,606042,1,20000.0,200000.0,96.66666666666669,405.1362891246685,1732.8649230769229,1.479758921791018,3.4625962700859803,18284.25246153846,0,4
32_Phoenix_City,60,60,606042,1,40000.0,80000.0,93.33333333333331,397.3486401098901,1702.6504615384615,1.5220753350477934,3.844179551334118,18278.777384615387,0,0
32_Phoenix_City,60,60,606042,1,40000.0,80000.0,96.66666666666669,358.96906896551724,1774.8104615384614,1.393752250827848,2.468606808194379,18214.19584615384,0,1
32_Phoenix_City,60,60,606042,1,40000.0,80000.0,96.66666666666669,496.747127320955,1780.5175384615386,1.35856346494391,2.468606808194379,18032.74923076923,0,2
32_Phoenix_City,60,60,606042,1,40000.0,80000.0,96.66666666666669,519.9890530503978,1774.8104615384614,1.3989350207335438,2.0878025272929026,18700.969230769228,0,3
32_Phoenix_City,60,60,606042,1,40000.0,80000.0,100.0,474.9177641025641,1774.8104615384614,1.447793434763086,3.722701147077234,19299.570307692306,0,4
32_Phoenix_City,60,60,606042,1,40000.0,200000.0,100.0,450.5986282051282,1780.5175384615386,1.4716550005293292,3.4625962700859803,18813.197538461536,0,0
32_Phoenix_City,60,60,606042,1,40000.0,200000.0,96.66666666666669,409.3061193633952,1780.5175384615386,1.4542469902398445,2.873363939893065,18838.48261538461,0,1
32_Phoenix_City,60,60,606042,1,40000.0,200000.0,100.0,345.8572,1774.8104615384614,1.491673338839118,3.722701147077234,19780.87538461538,0,2
32_Phoenix_City,60,60,606042,1,40000.0,200000.0,96.66666666666669,326.5014827586207,1702.6504615384615,1.4627336664592312,3.844179551334118,18667.75430769231,0,3
32_Phoenix_City,60,60,606042,1,40000.0,200000.0,96.66666666666669,406.9649893899205,1759.9473846153842,1.388858055451619,2.3823154150594363,18853.231230769237,0,4
32_Phoenix_City,60,60,606042,1,40000.0,400000.0,96.66666666666669,418.4329124668435,1588.771076923077,1.383245302137652,2.54673564266569,18103.25769230769,0,0
32_Phoenix_City,60,60,606042,1,40000.0,400000.0,93.33333333333331,422.79223901098896,1774.8104615384614,1.410839077494528,2.3823154150594363,17661.486153846145,0,1
32_Phoenix_City,60,60,606042,1,40000.0,400000.0,93.33333333333331,371.1272307692308,1762.6061538461538,1.377549270149833,2.563966457279302,17077.313692307693,0,2
32_Phoenix_City,60,60,606042,1,40000.0,400000.0,96.66666666666669,372.83400795755966,1774.9384615384615,1.4941681099419122,3.860440298544052,17836.98246153846,0,3
32_Phoenix_City,60,60,606042,1,40000.0,400000.0,96.66666666666669,427.2756525198939,1774.8104615384614,1.435546633777184,2.873363939893065,18449.765846153845,0,4
32_Phoenix_City,60,60,606043,2,2500.0,5000.0,100.0,546.4890948717948,1753.4747692307692,1.241934986840364,2.3257881208577977,18847.22861538461,0,0
32_Phoenix_City,60,60,606043,2,2500.0,5000.0,93.33333333333331,552.5639148351648,1793.8658461538462,1.317343565384462,2.136410586122312,18736.07153846153,0,1
32_Phoenix_City,60,60,606043,2,2500.0,5000.0,93.33333333333331,595.8535494505495,1771.8612307692306,1.298067924800144,2.0958584221985976,18008.139846153845,0,2
32_Phoenix_City,60,60,606043,2,2500.0,5000.0,100.0,544.3906333333333,1793.8658461538462,1.3709197189790003,2.4590639145314506,20475.12830769231,0,3
32_Phoenix_City,60,60,606043,2,2500.0,5000.0,96.66666666666669,515.7443209549072,1793.8658461538462,1.406966782480675,3.5633974692844403,19724.181384615385,0,4
32_Phoenix_City,60,60,606043,2,2500.0,12500.0,93.33333333333331,476.4634230769231,1716.0144615384615,1.380841057943543,2.136410586122312,18792.347846153843,0,0
32_Phoenix_City,60,60,606043,2,2500.0,12500.0,90.0,535.4286381766382,1687.0261538461536,1.3357698491258083,2.2695421858511597,17474.572000000004,0,1
32_Phoenix_City,60,60,606043,2,2500.0,12500.0,96.66666666666669,464.6809416445624,1793.8658461538462,1.2961395947386416,1.949033453489752,18620.248307692305,0,2
32_Phoenix_City,60,60,606043,2,2500.0,12500.0,93.33333333333331,482.1918324175825,1793.8658461538462,1.3218800977997256,2.20307785790542,17416.467692307688,0,3
32_Phoenix_City,60,60,606043,2,2500.0,12500.0,96.66666666666669,504.12258885941645,1753.4747692307692,1.3237705860707292,2.1052057429831126,18897.18492307692,0,4
32_Phoenix_City,60,60,606043,2,2500.0,25000.0,93.33333333333331,541.047826923077,1771.8612307692306,1.279133459963449,2.055357949075656,17564.749230769234,0,0
32_Phoenix_City,60,60,606043,2,2500.0,25000.0,93.33333333333331,497.30881593406593,1793.8658461538462,1.317235605006721,2.0958584221985976,17972.844153846156,0,1
32_Phoenix_City,60,60,606043,2,2500.0,25000.0,93.33333333333331,498.5882142857144,1716.0144615384615,1.3202001804444687,2.0958584221985976,18598.249384615385,0,2
32_Phoenix_City,60,60,606043,2,2500.0,25000.0,93.33333333333331,512.7009478021978,1793.8658461538462,1.4052856868226868,2.2695421858511597,18233.40461538461,0,3
32_Phoenix_City,60,60,606043,2,2500.0,25000.0,96.66666666666669,517.0146976127321,1711.4504615384617,1.313507638664713,1.8210819537042493,19627.65092307692,0,4
32_Phoenix_City,60,60,606043,2,5000.0,10000.0,96.66666666666669,530.297522546419,1753.4747692307692,1.2982270036778871,2.3257881208577977,18560.06123076923,0,0
32_Phoenix_City,60,60,606043,2,5000.0,10000.0,93.33333333333331,520.9809065934065,1771.8612307692306,1.3805072296964238,2.2695421858511597,17598.222615384613,0,1
32_Phoenix_City,60,60,606043,2,5000.0,10000.0,93.33333333333331,503.4769203296704,1716.0144615384615,1.309614786559867,2.303560803939524,18421.545230769232,0,2
32_Phoenix_City,60,60,606043,2,5000.0,10000.0,93.33333333333331,554.939815934066,1753.4747692307692,1.3266762839075794,2.175032590496549,17572.46723076923,0,3
32_Phoenix_City,60,60,606043,2,5000.0,10000.0,93.33333333333331,522.9214395604396,1687.0261538461536,1.3689064700944509,3.5633974692844403,18089.812153846156,0,4
32_Phoenix_City,60,60,606043,2,5000.0,25000.0,96.66666666666669,458.1120397877984,1716.0144615384615,1.305781504155873,2.5851015337716223,18713.68692307693,0,0
32_Phoenix_City,60,60,606043,2,5000.0,25000.0,96.66666666666669,567.6496153846153,1793.8658461538462,1.2953854463943029,2.190750940911212,18609.96784615384,0,1
32_Phoenix_City,60,60,606043,2,5000.0,25000.0,93.33333333333331,409.9764917582418,1793.8658461538462,1.358550599954031,1.993212024767372,18180.168615384617,0,2
32_Phoenix_City,60,60,606043,2,5000.0,25000.0,93.33333333333331,532.1261703296703,1787.7393846153846,1.3255421247228292,2.136410586122312,18152.160307692306,0,3
32_Phoenix_City,60,60,606043,2,5000.0,25000.0,96.66666666666669,515.1767559681698,1793.8658461538462,1.2779054662000358,2.2064092088708973,18721.728000000003,0,4
32_Phoenix_City,60,60,606043,2,5000.0,50000.0,93.33333333333331,408.5027032967033,1793.8658461538462,1.317940675751911,2.2064092088708973,17744.957230769236,0,0
32_Phoenix_City,60,60,606043,2,5000.0,50000.0,96.66666666666669,492.4402042440318,1793.8658461538462,1.3246748070535197,2.359696752381928,19110.24215384616,0,1
32_Phoenix_City,60,60,606043,2,5000.0,50000.0,90.0,431.31225071225066,1753.4747692307692,1.3756246858440322,3.3237343277047686,17396.313538461538,0,2
32_Phoenix_City,60,60,606043,2,5000.0,50000.0,93.33333333333331,530.7339230769231,1687.0261538461536,1.363859168881968,2.0958584221985976,17845.56923076923,0,3
32_Phoenix_City,60,60,606043,2,5000.0,50000.0,93.33333333333331,570.3945274725276,1753.4747692307692,1.2926707353042464,2.1052057429831126,17682.77323076923,0,4
32_Phoenix_City,60,60,606043,2,10000.0,20000.0,96.66666666666669,473.8046180371353,1661.8144615384615,1.3515935844927642,2.508051506793518,18705.49846153846,0,0
32_Phoenix_City,60,60,606043,2,10000.0,20000.0,96.66666666666669,502.8585755968169,1793.8658461538462,1.335353237172639,1.949033453489752,19601.544307692307,0,1
32_Phoenix_City,60,60,606043,2,10000.0,20000.0,96.66666666666669,469.0678381962865,1771.8612307692306,1.2848646858614567,2.2064092088708973,18477.65569230769,0,2
32_Phoenix_City,60,60,606043,2,10000.0,20000.0,93.33333333333331,620.8493873626375,1793.8658461538462,1.3375543612694198,2.0958584221985976,18448.799846153845,0,3
32_Phoenix_City,60,60,606043,2,10000.0,20000.0,93.33333333333331,518.804782967033,1759.6715384615386,1.4183931292399794,2.359696752381928,18932.29523076923,0,4
32_Phoenix_City,60,60,606043,2,10000.0,50000.0,93.33333333333331,530.763120879121,1793.8658461538462,1.4071596080995232,3.3237343277047686,18276.031384615384,0,0
32_Phoenix_City,60,60,606043,2,10000.0,50000.0,100.0,459.9884282051282,1793.8658461538462,1.3411299834887684,2.136410586122312,20241.09492307692,0,1
32_Phoenix_City,60,60,606043,2,10000.0,50000.0,93.33333333333331,463.48840934065936,1793.8658461538462,1.3893353545172074,3.5633974692844403,18614.591230769227,0,2
32_Phoenix_City,60,60,606043,2,10000.0,50000.0,96.66666666666669,494.1664217506631,1771.8612307692306,1.3325953046936303,2.2695421858511597,18384.01553846154,0,3
32_Phoenix_City,60,60,606043,2,10000.0,50000.0,93.33333333333331,545.5526208791209,1759.030153846154,1.3897269642965473,2.359696752381928,19225.054153846148,0,4
32_Phoenix_City,60,60,606043,2,10000.0,100000.0,96.66666666666669,508.4245384615385,1775.8892307692308,1.3197105710655803,2.303560803939524,18462.01630769231,0,0
32_Phoenix_City,60,60,606043,2,10000.0,100000.0,96.66666666666669,518.3212519893899,1793.8658461538462,1.300587447404514,1.949033453489752,19044.58261538461,0,1
32_Phoenix_City,60,60,606043,2,10000.0,100000.0,93.33333333333331,481.737489010989,1795.7113846153852,1.2702982075780438,2.2064092088708973,17724.693538461535,0,2
32_Phoenix_City,60,60,606043,2,10000.0,100000.0,93.33333333333331,539.345967032967,1711.4504615384617,1.3800392899547862,3.5633974692844403,17681.522,0,3
32_Phoenix_City,60,60,606043,2,10000.0,100000.0,93.33333333333331,530.3146758241759,1792.4996923076924,1.3764232061413555,2.2615080069254274,19099.45923076923,0,4
32_Phoenix_City,60,60,606043,2,20000.0,40000.0,90.0,537.6253133903134,1669.9249230769228,1.4278661113568205,2.3053085339221027,17953.718000000004,0,0
32_Phoenix_City,60,60,606043,2,20000.0,40000.0,96.66666666666669,543.3179336870027,1771.8612307692306,1.3220019185366012,3.5633974692844403,18518.260615384614,0,1
32_Phoenix_City,60,60,606043,2,20000.0,40000.0,96.66666666666669,627.6731034482759,1716.863692307692,1.33562296701229,2.421131075933603,18646.330615384613,0,2
32_Phoenix_City,60,60,606043,2,20000.0,40000.0,96.66666666666669,500.1491803713528,1753.4747692307692,1.358948217891844,2.2695421858511597,19199.246923076924,0,3
32_Phoenix_City,60,60,606043,2,20000.0,40000.0,96.66666666666669,521.7147718832891,1793.8658461538462,1.29841402101025,2.162547927873982,18047.96492307692,0,4
32_Phoenix_City,60,60,606043,2,20000.0,100000.0,93.33333333333331,448.7047884615385,1752.628923076923,1.3825646025235403,2.3053085339221027,18350.55461538462,0,0
32_Phoenix_City,60,60,606043,2,20000.0,100000.0,93.33333333333331,530.6126950549451,1771.8612307692306,1.2811472020515338,2.2695421858511597,17721.56861538461,0,1
32_Phoenix_City,60,60,606043,2,20000.0,100000.0,93.33333333333331,584.9302747252748,1752.628923076923,1.3871601176639463,2.2064092088708973,19400.732153846155,0,2
32_Phoenix_City,60,60,606043,2,20000.0,100000.0,93.33333333333331,501.0021236263737,1716.0144615384615,1.3193033106000909,2.072298459483408,18376.61323076923,0,3
32_Phoenix_City,60,60,606043,2,20000.0,100000.0,96.66666666666669,424.2030291777188,1771.8612307692306,1.244501517283318,2.136410586122312,18222.64153846154,0,4
32_Phoenix_City,60,60,606043,2,20000.0,200000.0,93.33333333333331,507.69411263736265,1771.8612307692306,1.3567940106537366,2.2695421858511597,18016.420923076923,0,0
32_Phoenix_City,60,60,606043,2,20000.0,200000.0,96.66666666666669,449.91786737400537,1771.8612307692306,1.368024147740359,2.2064092088708973,18923.22092307692,0,1
32_Phoenix_City,60,60,606043,2,20000.0,200000.0,96.66666666666669,555.5502599469496,1753.4747692307692,1.3526898426545966,2.136588034650658,19200.29984615385,0,2
32_Phoenix_City,60,60,606043,2,20000.0,200000.0,96.66666666666669,505.09919098143234,1711.4504615384617,1.3092426704007143,2.2064092088708973,18740.06723076923,0,3
32_Phoenix_City,60,60,606043,2,20000.0,200000.0,96.66666666666669,413.3070344827586,1711.4504615384617,1.2951973475607348,2.136410586122312,18834.401846153844,0,4
32_Phoenix_City,60,60,606043,2,40000.0,80000.0,93.33333333333331,554.6734148351649,1771.8612307692306,1.322739063047745,2.013289882535997,18303.98907692308,0,0
32_Phoenix_City,60,60,606043,2,40000.0,80000.0,96.66666666666669,542.7686339522547,1793.8658461538462,1.3223640018539,2.0958584221985976,18981.241846153844,0,1
32_Phoenix_City,60,60,606043,2,40000.0,80000.0,93.33333333333331,531.0205247252748,1716.0144615384615,1.3585531435274991,2.2695421858511597,18043.464153846155,0,2
32_Phoenix_City,60,60,606043,2,40000.0,80000.0,93.33333333333331,558.8776401098901,1793.8658461538462,1.3566034696270968,2.2695421858511597,17452.116307692304,0,3
32_Phoenix_City,60,60,606043,2,40000.0,80000.0,96.66666666666669,600.6987294429708,1753.4747692307692,1.2792322858709169,2.0958584221985976,18727.64830769231,0,4
32_Phoenix_City,60,60,606043,2,40000.0,200000.0,93.33333333333331,497.1788214285715,1793.8658461538462,1.3376194326243669,2.136410586122312,17943.706,0,0
32_Phoenix_City,60,60,606043,2,40000.0,200000.0,93.33333333333331,532.6724615384616,1793.8658461538462,1.3232941111712464,3.3237343277047686,18060.66338461538,0,1
32_Phoenix_City,60,60,606043,2,40000.0,200000.0,100.0,565.5708692307692,1771.8612307692306,1.305402288634714,2.2695421858511597,19249.469692307688,0,2
32_Phoenix_City,60,60,606043,2,40000.0,200000.0,96.66666666666669,501.8042122015915,1793.8658461538462,1.3190325229942383,2.0958584221985976,19302.729846153845,0,3
32_Phoenix_City,60,60,606043,2,40000.0,200000.0,93.33333333333331,472.9563296703296,1793.8658461538462,1.3068857223898465,1.949033453489752,18140.19907692308,0,4
32_Phoenix_City,60,60,606043,2,40000.0,400000.0,96.66666666666669,507.9915941644563,1716.0144615384615,1.3080499616403554,2.0958584221985976,19223.51999999999,0,0
32_Phoenix_City,60,60,606043,2,40000.0,400000.0,96.66666666666669,483.9141405835544,1787.490923076923,1.3488224398743407,3.4092585091970573,18874.267076923075,0,1
32_Phoenix_City,60,60,606043,2,40000.0,400000.0,96.66666666666669,515.2432228116711,1687.0261538461536,1.3065223112200746,3.3237343277047686,18759.36815384615,0,2
32_Phoenix_City,60,60,606043,2,40000.0,400000.0,93.33333333333331,518.9763406593407,1793.8658461538462,1.3588321270688035,2.2695421858511597,18214.415384615382,0,3
32_Phoenix_City,60,60,606043,2,40000.0,400000.0,93.33333333333331,461.5546675824176,1716.0144615384615,1.3654397958818858,2.508051506793518,17922.488615384613,0,4
32_Phoenix_City,60,60,606044,3,2500.0,5000.0,96.66666666666669,444.8191220159151,1707.247692307692,1.36498157979825,2.704660243822763,16467.30846153846,0,0
32_Phoenix_City,60,60,606044,3,2500.0,5000.0,93.33333333333331,462.34561538461537,1701.1766153846156,1.457269672696036,3.424787827815581,16108.695846153849,0,1
32_Phoenix_City,60,60,606044,3,2500.0,5000.0,93.33333333333331,427.66140384615386,1600.2046153846154,1.6027133836549188,5.866364890361657,16140.775076923075,0,2
32_Phoenix_City,60,60,606044,3,2500.0,5000.0,93.33333333333331,483.8427939560439,1701.1766153846156,1.5471435756632763,5.866364890361657,16347.277846153844,0,3
32_Phoenix_City,60,60,606044,3,2500.0,5000.0,96.66666666666669,463.86163660477456,1600.2046153846154,1.360949724137993,3.42230615323711,16117.121076923078,0,4
32_Phoenix_City,60,60,606044,3,2500.0,12500.0,96.66666666666669,455.5746392572945,1701.1766153846156,1.5185604627649565,5.866364890361657,17125.584615384614,0,0
32_Phoenix_City,60,60,606044,3,2500.0,12500.0,93.33333333333331,498.6172032967033,1761.103384615385,1.4325846916021203,5.866364890361657,15271.706615384614,0,1
32_Phoenix_City,60,60,606044,3,2500.0,12500.0,90.0,429.0384131054131,1635.5449230769232,1.4110117813333511,2.704660243822763,14990.536153846151,0,2
32_Phoenix_City,60,60,606044,3,2500.0,12500.0,93.33333333333331,443.3695796703297,1779.3886153846152,1.524641722774793,5.866364890361657,16352.462,0,3
32_Phoenix_City,60,60,606044,3,2500.0,12500.0,96.66666666666669,386.24734482758623,1701.1766153846156,1.5182355220158583,5.992334036244868,17262.546615384617,0,4
32_Phoenix_City,60,60,606044,3,2500.0,25000.0,93.33333333333331,486.00339835164834,1701.1766153846156,1.3172142280415209,3.108978010147136,15679.253999999995,0,0
32_Phoenix_City,60,60,606044,3,2500.0,25000.0,96.66666666666669,430.4007108753315,1707.247692307692,1.3094398796885571,1.9461271861484464,16992.73553846154,0,1
32_Phoenix_City,60,60,606044,3,2500.0,25000.0,100.0,485.53150512820514,1701.1766153846156,1.347276361632487,2.5847777205063416,17365.96569230769,0,2
32_Phoenix_City,60,60,606044,3,2500.0,25000.0,93.33333333333331,411.9639972527472,1761.103384615385,1.5080720646614534,5.866364890361657,16581.38446153846,0,3
32_Phoenix_City,60,60,606044,3,2500.0,25000.0,96.66666666666669,437.5839071618037,1687.0003076923076,1.4305785837040228,3.108978010147136,17475.47969230769,0,4
32_Phoenix_City,60,60,606044,3,5000.0,10000.0,96.66666666666669,411.3379389920424,1712.9236923076924,1.391695541916344,3.108978010147136,16629.794615384617,0,0
32_Phoenix_City,60,60,606044,3,5000.0,10000.0,93.33333333333331,460.69667857142855,1700.3763076923078,1.358310700910362,1.9461271861484464,15721.109999999995,0,1
32_Phoenix_City,60,60,606044,3,5000.0,10000.0,93.33333333333331,390.7587527472528,1735.3889230769232,1.3924620299605854,2.953792994458912,16084.92092307692,0,2
32_Phoenix_City,60,60,606044,3,5000.0,10000.0,96.66666666666669,442.8759310344827,1761.103384615385,1.3223528495604764,1.956984726607042,16270.75138461538,0,3
32_Phoenix_City,60,60,606044,3,5000.0,10000.0,96.66666666666669,437.69926525198935,1753.7273846153844,1.427122023026835,4.034386405957055,16189.612923076922,0,4
32_Phoenix_City,60,60,606044,3,5000.0,25000.0,93.33333333333331,480.5528324175824,1761.103384615385,1.4498772324905134,5.866364890361657,15595.74923076923,0,0
32_Phoenix_City,60,60,606044,3,5000.0,25000.0,93.33333333333331,421.654260989011,1598.268,1.29036184950521,1.9461271861484464,15782.610615384616,0,1
32_Phoenix_City,60,60,606044,3,5000.0,25000.0,93.33333333333331,361.7214807692308,1761.103384615385,1.519356696138455,5.992334036244868,16457.306769230767,0,2
32_Phoenix_City,60,60,606044,3,5000.0,25000.0,96.66666666666669,477.117525198939,1736.8461538461536,1.356940381648419,3.108978010147136,16260.80292307692,0,3
32_Phoenix_City,60,60,606044,3,5000.0,25000.0,93.33333333333331,449.4678708791209,1712.9236923076924,1.37711037918946,3.108978010147136,16116.544615384611,0,4
32_Phoenix_City,60,60,606044,3,5000.0,50000.0,93.33333333333331,481.12981043956046,1701.1766153846156,1.559741918475022,5.866364890361657,16269.374615384611,0,0
32_Phoenix_City,60,60,606044,3,5000.0,50000.0,93.33333333333331,407.52830769230775,1642.2572307692308,1.483094729369684,5.866364890361657,15899.919230769228,0,1
32_Phoenix_City,60,60,606044,3,5000.0,50000.0,96.66666666666669,477.1955809018568,1712.9236923076924,1.5287574779040316,5.866364890361657,16701.80892307692,0,2
32_Phoenix_City,60,60,606044,3,5000.0,50000.0,93.33333333333331,410.9665741758242,1761.103384615385,1.382955725640173,2.953792994458912,15867.95492307692,0,3
32_Phoenix_City,60,60,606044,3,5000.0,50000.0,96.66666666666669,457.7177427055704,1700.3763076923078,1.4269093048909751,3.108978010147136,16960.364923076922,0,4
32_Phoenix_City,60,60,606044,3,10000.0,20000.0,96.66666666666669,465.0971273209549,1701.1766153846156,1.375778378866369,3.108978010147136,17178.907538461535,0,0
32_Phoenix_City,60,60,606044,3,10000.0,20000.0,96.66666666666669,407.0947957559681,1635.5449230769232,1.4364359279613752,3.108978010147136,17511.184615384613,0,1
32_Phoenix_City,60,60,606044,3,10000.0,20000.0,96.66666666666669,484.3492387267905,1642.056307692308,1.4024257384439278,2.953792994458912,16744.08353846154,0,2
32_Phoenix_City,60,60,606044,3,10000.0,20000.0,100.0,461.41253589743593,1701.1766153846156,1.4055946245989486,4.034386405957055,16700.314461538463,0,3
32_Phoenix_City,60,60,606044,3,10000.0,20000.0,96.66666666666669,383.817952254642,1534.133846153846,1.4364542033707035,3.108978010147136,17120.576923076922,0,4
32_Phoenix_City,60,60,606044,3,10000.0,50000.0,96.66666666666669,544.7176312997348,1747.7855384615386,1.4613280848325036,5.866364890361657,16817.739384615383,0,0
32_Phoenix_City,60,60,606044,3,10000.0,50000.0,96.66666666666669,453.2830981432361,1701.1766153846156,1.246882760558517,2.003668278673642,15568.075692307691,0,1
32_Phoenix_City,60,60,606044,3,10000.0,50000.0,93.33333333333331,429.75140934065934,1761.103384615385,1.38909148968845,3.108978010147136,16434.895692307688,0,2
32_Phoenix_City,60,60,606044,3,10000.0,50000.0,93.33333333333331,446.3798626373626,1700.3763076923078,1.3575205479539605,3.108978010147136,15069.12661538462,0,3
32_Phoenix_City,60,60,606044,3,10000.0,50000.0,96.66666666666669,460.63522281167104,1701.1766153846156,1.3363076109948535,2.704660243822763,16699.351076923074,0,4
32_Phoenix_City,60,60,606044,3,10000.0,100000.0,96.66666666666669,426.600575596817,1727.7181538461537,1.369440464972328,3.108978010147136,16974.499538461536,0,0
32_Phoenix_City,60,60,606044,3,10000.0,100000.0,96.66666666666669,492.6921671087533,1701.1766153846156,1.5331735864267608,5.866364890361657,17180.23415384615,0,1
32_Phoenix_City,60,60,606044,3,10000.0,100000.0,93.33333333333331,489.5365796703296,1700.3763076923078,1.407482356536771,2.05485115005174,16395.412461538457,0,2
32_Phoenix_City,60,60,606044,3,10000.0,100000.0,93.33333333333331,475.9278489010989,1700.3763076923078,1.3605758956288572,3.108978010147136,15916.692769230767,0,3
32_Phoenix_City,60,60,606044,3,10000.0,100000.0,96.66666666666669,435.2572042440319,1701.1766153846156,1.3022219200067895,2.953792994458912,16031.348615384612,0,4
32_Phoenix_City,60,60,606044,3,20000.0,40000.0,96.66666666666669,502.3703236074271,1767.007692307693,1.51568037834835,5.866364890361657,17134.81569230769,0,0
32_Phoenix_City,60,60,606044,3,20000.0,40000.0,96.66666666666669,429.6852652519894,1701.1766153846156,1.523519227835689,5.866364890361657,17241.306923076918,0,1
32_Phoenix_City,60,60,606044,3,20000.0,40000.0,93.33333333333331,394.95729945054944,1548.2615384615383,1.3399877848699215,3.42230615323711,15267.208923076923,0,2
32_Phoenix_City,60,60,606044,3,20000.0,40000.0,93.33333333333331,615.8995357142858,1761.103384615385,1.276170122775364,1.9461271861484464,15519.772769230767,0,3
32_Phoenix_City,60,60,606044,3,20000.0,40000.0,93.33333333333331,424.5689752747253,1701.1766153846156,1.39799302939017,2.953792994458912,15751.996615384613,0,4
32_Phoenix_City,60,60,606044,3,20000.0,100000.0,93.33333333333331,414.9066620879121,1566.1103076923082,1.4633719089218895,3.42230615323711,17106.051076923075,0,0
32_Phoenix_City,60,60,606044,3,20000.0,100000.0,96.66666666666669,441.16381697612735,1712.9236923076924,1.383311451479486,3.108978010147136,16704.690615384614,0,1
32_Phoenix_City,60,60,606044,3,20000.0,100000.0,93.33333333333331,442.7370906593407,1635.5449230769232,1.3004876988908,2.085964027501038,15619.286769230765,0,2
32_Phoenix_City,60,60,606044,3,20000.0,100000.0,93.33333333333331,417.641228021978,1701.1766153846156,1.403622914556211,3.108978010147136,16265.900769230766,0,3
32_Phoenix_City,60,60,606044,3,20000.0,100000.0,93.33333333333331,437.7325741758242,1566.1103076923082,1.5545833310875303,5.866364890361657,16645.81615384615,0,4
32_Phoenix_City,60,60,606044,3,20000.0,200000.0,96.66666666666669,525.4087082228117,1761.103384615385,1.3962150414488703,4.034386405957055,16585.008461538462,0,0
32_Phoenix_City,60,60,606044,3,20000.0,200000.0,100.0,422.57567948717946,1632.3953846153845,1.510399037019346,5.866364890361657,17818.526,0,1
32_Phoenix_City,60,60,606044,3,20000.0,200000.0,96.66666666666669,554.7057108753315,1701.1766153846156,1.3491029896506153,3.618194880326691,16077.706153846157,0,2
32_Phoenix_City,60,60,606044,3,20000.0,200000.0,96.66666666666669,439.0786392572944,1701.1766153846156,1.400475008370054,3.108978010147136,17390.360461538465,0,3
32_Phoenix_City,60,60,606044,3,20000.0,200000.0,96.66666666666669,453.7200822281167,1701.1766153846156,1.3846036295107234,3.500713248063962,16991.17569230769,0,4
32_Phoenix_City,60,60,606044,3,40000.0,80000.0,96.66666666666669,406.333450928382,1596.3215384615378,1.4105065987330798,2.953792994458912,17269.483076923076,0,0
32_Phoenix_City,60,60,606044,3,40000.0,80000.0,96.66666666666669,435.9063580901857,1700.3763076923078,1.4323883869746254,3.108978010147136,17406.978615384614,0,1
32_Phoenix_City,60,60,606044,3,40000.0,80000.0,96.66666666666669,488.0542201591512,1761.103384615385,1.3992682609388245,2.6340834598559093,17137.441076923078,0,2
32_Phoenix_City,60,60,606044,3,40000.0,80000.0,93.33333333333331,560.188271978022,1761.103384615385,1.3933728149113245,3.108978010147136,15694.375999999997,0,3
32_Phoenix_City,60,60,606044,3,40000.0,80000.0,96.66666666666669,476.9642122015915,1761.103384615385,1.5297456356219912,5.992334036244868,17523.594769230767,0,4
32_Phoenix_City,60,60,606044,3,40000.0,200000.0,96.66666666666669,427.6864907161804,1712.9236923076924,1.3649894258697497,2.704660243822763,16523.204153846156,0,0
32_Phoenix_City,60,60,606044,3,40000.0,200000.0,90.0,485.3272051282052,1701.1766153846156,1.4434033069391778,2.953792994458912,15387.839999999997,0,1
32_Phoenix_City,60,60,606044,3,40000.0,200000.0,96.66666666666669,458.9444615384615,1673.2196923076922,1.3274914497740722,2.003668278673642,16461.559846153847,0,2
32_Phoenix_City,60,60,606044,3,40000.0,200000.0,90.0,484.6602079772079,1579.9030769230767,1.291135432642353,2.003668278673642,15450.35030769231,0,3
32_Phoenix_City,60,60,606044,3,40000.0,200000.0,90.0,419.02995726495726,1700.3763076923078,1.5415525338952958,5.866364890361657,15367.904615384614,0,4
32_Phoenix_City,60,60,606044,3,40000.0,400000.0,96.66666666666669,465.026599469496,1701.1766153846156,1.4912692637072995,5.866364890361657,16590.408307692305,0,0
32_Phoenix_City,60,60,606044,3,40000.0,400000.0,96.66666666666669,416.5640026525199,1712.9236923076924,1.3290383635008445,2.09233671751251,16500.921692307693,0,1
32_Phoenix_City,60,60,606044,3,40000.0,400000.0,96.66666666666669,469.44263395225465,1635.5449230769232,1.4822669056492688,5.992334036244868,16931.849076923074,0,2
32_Phoenix_City,60,60,606044,3,40000.0,400000.0,93.33333333333331,441.0608214285714,1712.9236923076924,1.4592171610572904,3.108978010147136,16411.684307692303,0,3
32_Phoenix_City,60,60,606044,3,40000.0,400000.0,96.66666666666669,437.03849602122017,1635.5449230769232,1.3915225468062604,2.953792994458912,16848.025076923077,0,4
32_Phoenix_City,60,120,1206042,1,2500.0,5000.0,93.33333333333331,555.5134162087912,1779.2116923076924,1.530959516131009,9.65769273609298,29395.098923076923,0,0
32_Phoenix_City,60,120,1206042,1,2500.0,5000.0,95.0,590.7453697705804,1777.3830769230772,1.4669479551789932,9.58133374627241,30510.04369230769,0,1
32_Phoenix_City,60,120,1206042,1,2500.0,5000.0,93.33333333333331,556.5958681318682,1777.3830769230772,1.3248257517928337,3.701503883959799,29130.80892307693,0,2
32_Phoenix_City,60,120,1206042,1,2500.0,5000.0,90.0,600.9825185185185,1795.7332307692309,1.3127221075157434,3.2984433196447327,27608.99553846153,0,3
32_Phoenix_City,60,120,1206042,1,2500.0,5000.0,93.33333333333331,597.5324244505495,1788.7579999999998,1.4224540533647991,5.426589047889238,29819.14015384616,0,4
32_Phoenix_City,60,120,1206042,1,2500.0,12500.0,93.33333333333331,590.9699505494506,1795.7332307692309,1.406781490417615,5.426589047889238,29952.3056923077,0,0
32_Phoenix_City,60,120,1206042,1,2500.0,12500.0,95.0,665.9979743589744,1795.7332307692309,1.40331498439622,6.3681262630549815,30732.095538461537,0,1
32_Phoenix_City,60,120,1206042,1,2500.0,12500.0,91.66666666666669,607.7150657342656,1775.5378461538455,1.3791725643434232,4.7988537107440665,27596.814,0,2
32_Phoenix_City,60,120,1206042,1,2500.0,12500.0,93.33333333333331,602.6877472527473,1779.6196923076932,1.3723740951808596,3.461511983212457,29647.38292307692,0,3
32_Phoenix_City,60,120,1206042,1,2500.0,12500.0,88.33333333333333,552.4011422351234,1775.5378461538455,1.3606694641417962,3.226165773868954,26479.970153846152,0,4
32_Phoenix_City,60,120,1206042,1,2500.0,25000.0,91.66666666666669,548.7247188811189,1777.3830769230772,1.3476284414485569,3.2915344402311963,30083.73953846153,0,0
32_Phoenix_City,60,120,1206042,1,2500.0,25000.0,93.33333333333331,550.5043516483516,1779.2116923076924,1.5076321397225634,9.58133374627241,29731.0803076923,0,1
32_Phoenix_City,60,120,1206042,1,2500.0,25000.0,93.33333333333331,547.5641002747253,1775.5378461538455,1.34220347907169,3.73748665955176,28928.91969230769,0,2
32_Phoenix_City,60,120,1206042,1,2500.0,25000.0,91.66666666666669,596.9443538461538,1766.4170769230768,1.3608167736658208,3.461511983212457,29645.62015384615,0,3
32_Phoenix_City,60,120,1206042,1,2500.0,25000.0,91.66666666666669,566.7715244755245,1770.5916923076925,1.5118940191180965,9.426063963323507,29210.672769230765,0,4
32_Phoenix_City,60,120,1206042,1,5000.0,10000.0,95.0,577.1118137651822,1799.7329230769233,1.3287680276886713,3.226165773868954,30607.957230769225,0,0
32_Phoenix_City,60,120,1206042,1,5000.0,10000.0,91.66666666666669,580.8137538461539,1777.3830769230772,1.3318003686139512,2.667854515186873,27992.652461538462,0,1
32_Phoenix_City,60,120,1206042,1,5000.0,10000.0,91.66666666666669,537.5084111888111,1779.2116923076924,1.329568362965205,3.109261766459319,28870.51384615385,0,2
32_Phoenix_City,60,120,1206042,1,5000.0,10000.0,93.33333333333331,598.6196359890109,1781.094153846154,1.3501551758312125,5.426589047889238,29355.50061538462,0,3
32_Phoenix_City,60,120,1206042,1,5000.0,10000.0,95.0,558.8858110661268,1741.4932307692306,1.4679099748489302,9.58133374627241,30129.35523076923,0,4
32_Phoenix_City,60,120,1206042,1,5000.0,25000.0,93.33333333333331,562.200842032967,1777.3830769230772,1.512594630488803,9.58133374627241,30514.34707692308,0,0
32_Phoenix_City,60,120,1206042,1,5000.0,25000.0,91.66666666666669,577.7442377622377,1779.6196923076932,1.3687042919854704,3.492073776828774,29242.52307692308,0,1
32_Phoenix_City,60,120,1206042,1,5000.0,25000.0,93.33333333333331,597.1472390109891,1775.5378461538455,1.4874702914333953,9.426063963323507,29792.232000000007,0,2
32_Phoenix_City,60,120,1206042,1,5000.0,25000.0,95.0,619.7191875843454,1775.5378461538455,1.325927673402833,3.492073776828774,28879.12569230769,0,3
32_Phoenix_City,60,120,1206042,1,5000.0,25000.0,91.66666666666669,601.5721118881119,1788.7579999999998,1.331423913957236,3.2984433196447327,27673.459384615388,0,4
32_Phoenix_City,60,120,1206042,1,5000.0,50000.0,93.33333333333331,596.090375,1777.6863076923073,1.3678659432828828,3.2984433196447327,29239.352461538456,0,0
32_Phoenix_City,60,120,1206042,1,5000.0,50000.0,93.33333333333331,597.0208873626374,1777.3830769230772,1.421216396558652,9.58133374627241,29913.069846153845,0,1
32_Phoenix_City,60,120,1206042,1,5000.0,50000.0,91.66666666666669,639.338876923077,1775.5378461538455,1.3595751135475476,3.2915344402311963,28728.03323076923,0,2
32_Phoenix_City,60,120,1206042,1,5000.0,50000.0,91.66666666666669,603.7467888111887,1775.5378461538455,1.338979463658846,3.2984433196447327,29969.647076923076,0,3
32_Phoenix_City,60,120,1206042,1,5000.0,50000.0,95.0,644.3569608636976,1770.5916923076925,1.3496575181316794,3.2984433196447327,30525.263384615384,0,4
32_Phoenix_City,60,120,1206042,1,10000.0,20000.0,96.66666666666669,620.5691273209549,1777.3830769230772,1.4705455014635669,9.58133374627241,31107.45676923077,0,0
32_Phoenix_City,60,120,1206042,1,10000.0,20000.0,88.33333333333333,575.6561494920174,1795.7332307692309,1.2954515010532128,2.4375363546000077,26050.13338461538,0,1
32_Phoenix_City,60,120,1206042,1,10000.0,20000.0,95.0,575.2526801619433,1775.5378461538455,1.4758281488712115,9.426063963323507,29530.93415384615,0,2
32_Phoenix_City,60,120,1206042,1,10000.0,20000.0,91.66666666666669,529.0808643356644,1779.2116923076924,1.4674387834498557,9.58133374627241,29196.023076923088,0,3
32_Phoenix_City,60,120,1206042,1,10000.0,20000.0,93.33333333333331,590.9267994505495,1788.7579999999998,1.3539727287085144,2.635430343331559,29620.65338461538,0,4
32_Phoenix_City,60,120,1206042,1,10000.0,50000.0,91.66666666666669,560.3051230769231,1777.6863076923073,1.448365229337603,9.426063963323507,28119.915230769227,0,0
32_Phoenix_City,60,120,1206042,1,10000.0,50000.0,93.33333333333331,548.1789134615385,1779.2116923076924,1.3920417860973977,3.5022954018333765,29474.197076923072,0,1
32_Phoenix_City,60,120,1206042,1,10000.0,50000.0,95.0,557.92665317139,1795.7332307692309,1.3546940039572102,3.2984433196447327,30150.465076923072,0,2
32_Phoenix_City,60,120,1206042,1,10000.0,50000.0,93.33333333333331,565.3499065934067,1777.3830769230772,1.519342319132429,9.58133374627241,31735.58415384616,0,3
32_Phoenix_City,60,120,1206042,1,10000.0,50000.0,96.66666666666669,654.6056671087533,1795.7332307692309,1.389060303702152,3.654196438648736,31660.19784615385,0,4
32_Phoenix_City,60,120,1206042,1,10000.0,100000.0,91.66666666666669,631.4963300699301,1795.7332307692309,1.372972694027011,3.461511983212457,28261.22338461537,0,0
32_Phoenix_City,60,120,1206042,1,10000.0,100000.0,90.0,584.9815213675214,1770.5916923076925,1.508243905264463,9.426063963323507,27233.848615384617,0,1
32_Phoenix_City,60,120,1206042,1,10000.0,100000.0,91.66666666666669,586.9742307692308,1770.5916923076925,1.4851024672236832,6.3681262630549815,29527.113846153847,0,2
32_Phoenix_City,60,120,1206042,1,10000.0,100000.0,93.33333333333331,532.782,1770.5916923076925,1.4309812727101874,7.231922583758139,28821.970307692303,0,3
32_Phoenix_City,60,120,1206042,1,10000.0,100000.0,90.0,588.1128803418803,1788.7579999999998,1.4009107148183129,5.426589047889238,26952.117538461534,0,4
32_Phoenix_City,60,120,1206042,1,20000.0,40000.0,93.33333333333331,560.9854958791209,1779.2116923076924,1.3502302863791784,3.73748665955176,29385.86615384616,0,0
32_Phoenix_City,60,120,1206042,1,20000.0,40000.0,93.33333333333331,548.6095851648352,1779.2116923076924,1.4361440680303623,6.3681262630549815,30796.78276923077,0,1
32_Phoenix_City,60,120,1206042,1,20000.0,40000.0,93.33333333333331,606.2952967032967,1779.6196923076932,1.3579417170334338,5.426589047889238,29540.21153846153,0,2
32_Phoenix_City,60,120,1206042,1,20000.0,40000.0,93.33333333333331,592.3760714285714,1777.3830769230772,1.3990634626190186,3.2915344402311963,31092.95523076924,0,3
32_Phoenix_City,60,120,1206042,1,20000.0,40000.0,96.66666666666669,595.1157347480105,1777.3830769230772,1.3142593511195986,2.357186476273899,30629.922307692315,0,4
32_Phoenix_City,60,120,1206042,1,20000.0,100000.0,93.33333333333331,605.2879368131869,1784.6116923076925,1.482341939461612,9.65769273609298,29915.12184615384,0,0
32_Phoenix_City,60,120,1206042,1,20000.0,100000.0,91.66666666666669,556.2988391608392,1795.7332307692309,1.3964990799583377,3.2915344402311963,29238.188153846157,0,1
32_Phoenix_City,60,120,1206042,1,20000.0,100000.0,93.33333333333331,583.7819821428571,1775.5378461538455,1.401333927228784,5.426589047889238,29075.210307692312,0,2
32_Phoenix_City,60,120,1206042,1,20000.0,100000.0,91.66666666666669,570.6093174825176,1779.6196923076932,1.3028210248354954,2.1622687869105053,28993.949230769224,0,3
32_Phoenix_City,60,120,1206042,1,20000.0,100000.0,91.66666666666669,595.4571678321678,1795.7332307692309,1.3375926435423195,4.111146803726309,28506.413384615375,0,4
32_Phoenix_City,60,120,1206042,1,20000.0,200000.0,93.33333333333331,629.4448131868131,1788.2673846153848,1.3822374579177996,3.492073776828774,29946.70923076923,0,0
32_Phoenix_City,60,120,1206042,1,20000.0,200000.0,93.33333333333331,558.6178063186813,1770.5916923076925,1.4427588000698923,4.415009539468582,28787.82169230769,0,1
32_Phoenix_City,60,120,1206042,1,20000.0,200000.0,95.0,601.927673414305,1795.7332307692309,1.3764063053664777,3.492073776828774,31419.847230769235,0,2
32_Phoenix_City,60,120,1206042,1,20000.0,200000.0,93.33333333333331,552.0257554945055,1769.2673846153848,1.308859346229072,2.085558751027115,30370.448923076925,0,3
32_Phoenix_City,60,120,1206042,1,20000.0,200000.0,96.66666666666669,649.746923076923,1777.3830769230772,1.3283280222095302,3.461511983212457,31208.88107692308,0,4
32_Phoenix_City,60,120,1206042,1,40000.0,80000.0,95.0,612.4236545209177,1788.7579999999998,1.3134614919381271,3.2915344402311963,30196.6743076923,0,0
32_Phoenix_City,60,120,1206042,1,40000.0,80000.0,95.0,553.6671565452092,1775.5378461538455,1.4502987851559528,9.426063963323507,31012.56046153845,0,1
32_Phoenix_City,60,120,1206042,1,40000.0,80000.0,93.33333333333331,558.9600865384615,1770.5916923076925,1.3870084401825569,4.469982028285916,30156.383384615383,0,2
32_Phoenix_City,60,120,1206042,1,40000.0,80000.0,91.66666666666669,562.703097902098,1779.2116923076924,1.3813426066287768,5.426589047889238,29475.19984615384,0,3
32_Phoenix_City,60,120,1206042,1,40000.0,80000.0,93.33333333333331,663.2540370879121,1770.5916923076925,1.409379317105076,5.426589047889238,30202.85323076923,0,4
32_Phoenix_City,60,120,1206042,1,40000.0,200000.0,93.33333333333331,517.7101524725274,1764.052923076923,1.3573424739733966,4.111146803726309,29127.40815384615,0,0
32_Phoenix_City,60,120,1206042,1,40000.0,200000.0,96.66666666666669,612.318897877984,1777.3830769230772,1.398655369002529,4.9711830292961885,31715.596923076915,0,1
32_Phoenix_City,60,120,1206042,1,40000.0,200000.0,93.33333333333331,655.1093502747253,1777.3830769230772,1.40170981527438,5.426589047889238,29981.55953846153,0,2
32_Phoenix_City,60,120,1206042,1,40000.0,200000.0,95.0,537.8749082321187,1779.2116923076924,1.3785883515858446,4.111146803726309,29839.46707692308,0,3
32_Phoenix_City,60,120,1206042,1,40000.0,200000.0,88.33333333333333,584.8213802612482,1779.6196923076932,1.419251758044011,3.461511983212457,27196.259230769225,0,4
32_Phoenix_City,60,120,1206042,1,40000.0,400000.0,96.66666666666669,617.3921870026525,1795.7332307692309,1.4632885398062383,9.65769273609298,31436.717692307684,0,0
32_Phoenix_City,60,120,1206042,1,40000.0,400000.0,96.66666666666669,622.8832718832891,1777.3830769230772,1.4539474818189064,9.58133374627241,30461.23676923076,0,1
32_Phoenix_City,60,120,1206042,1,40000.0,400000.0,93.33333333333331,522.8425137362638,1777.3830769230772,1.354030582846601,3.2915344402311963,29338.853846153845,0,2
32_Phoenix_City,60,120,1206042,1,40000.0,400000.0,95.0,586.1626828609986,1788.7044615384611,1.4345694038840695,9.58133374627241,29697.46153846153,0,3
32_Phoenix_City,60,120,1206042,1,40000.0,400000.0,91.66666666666669,615.6812797202798,1777.3830769230772,1.4841276183256122,9.58133374627241,30018.63846153845,0,4
32_Phoenix_City,60,120,1206043,2,2500.0,5000.0,95.0,383.219657219973,1784.8852307692305,1.2681523968112964,2.71921455368503,30736.12030769232,0,0
32_Phoenix_City,60,120,1206043,2,2500.0,5000.0,91.66666666666669,400.3714657342657,1657.2310769230771,1.2017049261791295,2.024292760237818,29178.346307692307,0,1
32_Phoenix_City,60,120,1206043,2,2500.0,5000.0,93.33333333333331,351.79122664835165,1717.4449230769228,1.2410995035159027,2.9819725481938097,30276.859076923072,0,2
32_Phoenix_City,60,120,1206043,2,2500.0,5000.0,95.0,432.2730431848853,1777.389538461538,1.2076795426629474,2.0475029554026496,31364.86907692308,0,3
32_Phoenix_City,60,120,1206043,2,2500.0,5000.0,93.33333333333331,423.5404203296703,1784.8852307692305,1.1972155895534935,2.238116477830096,30128.680923076918,0,4
32_Phoenix_City,60,120,1206043,2,2500.0,12500.0,95.0,433.6615276653172,1722.5627692307692,1.2279208549807483,2.5808229176170063,28998.66753846154,0,0
32_Phoenix_City,60,120,1206043,2,2500.0,12500.0,95.0,429.0023211875844,1784.8852307692305,1.2258074976836442,2.514172953838452,30485.25184615384,0,1
32_Phoenix_City,60,120,1206043,2,2500.0,12500.0,93.33333333333331,473.7717760989011,1798.3766153846154,1.24064010371321,2.5808229176170063,30039.93184615384,0,2
32_Phoenix_City,60,120,1206043,2,2500.0,12500.0,95.0,377.9965465587045,1795.3190769230769,1.2499315631629595,2.1780755797691564,30737.69292307692,0,3
32_Phoenix_City,60,120,1206043,2,2500.0,12500.0,96.66666666666669,371.7157559681698,1795.3190769230769,1.2645930008298416,2.5808229176170063,32345.60830769231,0,4
32_Phoenix_City,60,120,1206043,2,2500.0,25000.0,95.0,411.2535182186234,1782.0479999999998,1.2104263827806652,2.0721533500098093,30513.537999999997,0,0
32_Phoenix_City,60,120,1206043,2,2500.0,25000.0,95.0,396.98373684210526,1674.3873846153847,1.2140183235619266,2.0721533500098093,30706.601076923067,0,1
32_Phoenix_City,60,120,1206043,2,2500.0,25000.0,93.33333333333331,401.9351222527473,1784.8852307692305,1.2606557950709234,2.191844579849038,31049.72,0,2
32_Phoenix_City,60,120,1206043,2,2500.0,25000.0,95.0,423.86100269905535,1763.0061538461537,1.2936839087110887,4.899042800817061,31503.673076923067,0,3
32_Phoenix_City,60,120,1206043,2,2500.0,25000.0,95.0,436.4468609986505,1762.8649230769229,1.2030113758364074,2.124912240952433,30209.81876923077,0,4
32_Phoenix_City,60,120,1206043,2,5000.0,10000.0,96.66666666666669,442.62710742705576,1760.6412307692308,1.2421664333766214,2.4812653954931125,31375.676307692294,0,0
32_Phoenix_City,60,120,1206043,2,5000.0,10000.0,95.0,459.1810512820513,1777.389538461538,1.2069560456692563,2.0721533500098093,30259.829384615383,0,1
32_Phoenix_City,60,120,1206043,2,5000.0,10000.0,96.66666666666669,290.2796472148541,1771.0683076923078,1.259228314012854,2.9819725481938097,31633.5243076923,0,2
32_Phoenix_City,60,120,1206043,2,5000.0,10000.0,96.66666666666669,414.4742135278515,1762.8649230769229,1.2465819292277205,2.405760345418961,31171.29138461537,0,3
32_Phoenix_City,60,120,1206043,2,5000.0,10000.0,93.33333333333331,457.2015934065934,1763.0061538461537,1.2746694624445032,2.5808229176170063,30705.18723076923,0,4
32_Phoenix_City,60,120,1206043,2,5000.0,25000.0,95.0,382.8394399460189,1675.8190769230769,1.2412403534768872,2.9819725481938097,30375.928,0,0
32_Phoenix_City,60,120,1206043,2,5000.0,25000.0,91.66666666666669,410.9420097902098,1732.7236923076923,1.239672784797346,2.9819725481938097,28835.16338461539,0,1
32_Phoenix_City,60,120,1206043,2,5000.0,25000.0,95.0,385.9526963562753,1722.563076923077,1.2431743629483154,2.238116477830096,31487.700769230763,0,2
32_Phoenix_City,60,120,1206043,2,5000.0,25000.0,95.0,395.3147692307693,1771.703692307692,1.2454298559929269,2.5808229176170063,30581.734307692303,0,3
32_Phoenix_City,60,120,1206043,2,5000.0,25000.0,95.0,391.1756680161944,1777.1024615384624,1.229341568579751,2.124912240952433,31472.337384615388,0,4
32_Phoenix_City,60,120,1206043,2,5000.0,50000.0,90.0,459.7860413105413,1723.8380000000002,1.226619915509752,2.3262742857938985,28288.85353846153,0,0
32_Phoenix_City,60,120,1206043,2,5000.0,50000.0,95.0,404.8790350877193,1763.0061538461537,1.2102206524816497,2.080630568760003,30833.323076923072,0,1
32_Phoenix_City,60,120,1206043,2,5000.0,50000.0,91.66666666666669,405.1337230769231,1723.8380000000002,1.2983746636048352,4.899042800817061,29298.983384615385,0,2
32_Phoenix_City,60,120,1206043,2,5000.0,50000.0,90.0,358.93375783475784,1774.5332307692306,1.2219479639421849,2.0721533500098093,28386.936923076915,0,3
32_Phoenix_City,60,120,1206043,2,5000.0,50000.0,96.66666666666669,390.6863806366048,1784.8852307692305,1.247939244455218,2.5808229176170063,31849.93861538461,0,4
32_Phoenix_City,60,120,1206043,2,10000.0,20000.0,93.33333333333331,422.32436126373625,1757.5436923076925,1.2559286818750974,3.8330521981979473,30526.925076923075,0,0
32_Phoenix_City,60,120,1206043,2,10000.0,20000.0,95.0,390.21673819163294,1675.8190769230769,1.2435818568933523,2.5808229176170063,30861.24538461538,0,1
32_Phoenix_City,60,120,1206043,2,10000.0,20000.0,95.0,365.7086923076923,1784.8852307692305,1.2177999392587504,2.6497491104826207,30601.94907692307,0,2
32_Phoenix_City,60,120,1206043,2,10000.0,20000.0,93.33333333333331,409.60438598901095,1777.389538461538,1.2787674046220607,2.5808229176170063,30411.54815384616,0,3
32_Phoenix_City,60,120,1206043,2,10000.0,20000.0,93.33333333333331,436.6635357142857,1769.2156923076927,1.2496446251307969,2.4812653954931125,30490.10523076923,0,4
32_Phoenix_City,60,120,1206043,2,10000.0,50000.0,95.0,391.321661268556,1760.6412307692308,1.2739584452465325,2.9819725481938097,30998.78015384616,0,0
32_Phoenix_City,60,120,1206043,2,10000.0,50000.0,91.66666666666669,412.1406727272728,1757.5436923076925,1.2439826547428845,2.5808229176170063,29970.108000000004,0,1
32_Phoenix_City,60,120,1206043,2,10000.0,50000.0,95.0,441.8790553306343,1787.104307692308,1.2252536993212964,2.586746945056509,30561.848153846146,0,2
32_Phoenix_City,60,120,1206043,2,10000.0,50000.0,93.33333333333331,467.1445357142857,1798.3766153846154,1.181657418396545,2.024292760237818,28634.05584615384,0,3
32_Phoenix_City,60,120,1206043,2,10000.0,50000.0,95.0,499.457016194332,1771.703692307692,1.2649534924398012,2.71921455368503,31212.055999999997,0,4
32_Phoenix_City,60,120,1206043,2,10000.0,100000.0,96.66666666666669,402.41618567639256,1760.6409230769232,1.2447269523590434,2.5808229176170063,31581.848,0,0
32_Phoenix_City,60,120,1206043,2,10000.0,100000.0,93.33333333333331,443.07046703296703,1766.126153846154,1.2294507451800494,2.0721533500098093,30219.51123076923,0,1
32_Phoenix_City,60,120,1206043,2,10000.0,100000.0,93.33333333333331,361.110875,1723.8380000000002,1.2368861543239098,2.897340571115776,29535.73138461537,0,2
32_Phoenix_City,60,120,1206043,2,10000.0,100000.0,95.0,375.4503198380567,1784.8852307692305,1.2244117148346882,2.238116477830096,30386.973384615383,0,3
32_Phoenix_City,60,120,1206043,2,10000.0,100000.0,96.66666666666669,424.695050397878,1763.0061538461537,1.2157548594137624,2.29107505199054,31555.43738461538,0,4
32_Phoenix_City,60,120,1206043,2,20000.0,40000.0,93.33333333333331,379.6690865384616,1795.3190769230769,1.2585281831082116,2.5808229176170063,30499.085692307694,0,0
32_Phoenix_City,60,120,1206043,2,20000.0,40000.0,91.66666666666669,358.7499720279721,1635.246153846154,1.244836236862548,2.5808229176170063,29987.624769230773,0,1
32_Phoenix_City,60,120,1206043,2,20000.0,40000.0,93.33333333333331,445.49461126373626,1784.8852307692305,1.258901990063214,2.914283657608329,29944.637230769236,0,2
32_Phoenix_City,60,120,1206043,2,20000.0,40000.0,91.66666666666669,418.1167622377623,1774.5332307692306,1.217423167836203,2.024292760237818,28476.60369230768,0,3
32_Phoenix_City,60,120,1206043,2,20000.0,40000.0,95.0,409.58712685560056,1723.8380000000002,1.2833102864724666,3.090672775797966,31073.767846153845,0,4
32_Phoenix_City,60,120,1206043,2,20000.0,100000.0,93.33333333333331,457.16420192307686,1795.3190769230769,1.2200287940486014,2.4812653954931125,29842.142615384608,0,0
32_Phoenix_City,60,120,1206043,2,20000.0,100000.0,96.66666666666669,394.2091259946949,1723.8380000000002,1.245503656818062,2.514172953838452,31204.43523076923,0,1
32_Phoenix_City,60,120,1206043,2,20000.0,100000.0,91.66666666666669,421.164709090909,1795.3190769230769,1.23071023215687,2.5808229176170063,29401.281076923075,0,2
32_Phoenix_City,60,120,1206043,2,20000.0,100000.0,93.33333333333331,361.873728021978,1771.703692307692,1.305960228857401,6.06125369354158,30289.00538461539,0,3
32_Phoenix_City,60,120,1206043,2,20000.0,100000.0,91.66666666666669,441.6216125874126,1675.8190769230769,1.241273961170524,2.5808229176170063,28886.219846153843,0,4
32_Phoenix_City,60,120,1206043,2,20000.0,200000.0,95.0,394.6333562753037,1795.3190769230769,1.2093975625607996,2.0721533500098093,30451.357076923072,0,0
32_Phoenix_City,60,120,1206043,2,20000.0,200000.0,96.66666666666669,387.27033289124665,1774.5332307692306,1.2135914811610489,2.159845403939892,31306.87723076923,0,1
32_Phoenix_City,60,120,1206043,2,20000.0,200000.0,93.33333333333331,367.7712870879121,1771.703692307692,1.2404628743874502,2.5808229176170063,29858.62784615385,0,2
32_Phoenix_City,60,120,1206043,2,20000.0,200000.0,95.0,408.739257759784,1782.0479999999998,1.248432466727722,2.691597293335236,31331.81584615384,0,3
32_Phoenix_City,60,120,1206043,2,20000.0,200000.0,93.33333333333331,459.8157898351648,1766.126153846154,1.245948175681283,2.238116477830096,30599.018923076925,0,4
32_Phoenix_City,60,120,1206043,2,40000.0,80000.0,93.33333333333331,398.6455480769231,1766.126153846154,1.291696779945063,3.0226347960952475,31091.12676923077,0,0
32_Phoenix_City,60,120,1206043,2,40000.0,80000.0,95.0,407.7676032388664,1766.126153846154,1.219929232433394,2.5808229176170063,30185.446307692306,0,1
32_Phoenix_City,60,120,1206043,2,40000.0,80000.0,96.66666666666669,429.0822042440318,1784.8852307692305,1.239039559176594,2.0721533500098093,32045.404615384607,0,2
32_Phoenix_City,60,120,1206043,2,40000.0,80000.0,96.66666666666669,443.716649867374,1769.2156923076927,1.26629296952078,2.4812653954931125,32738.20369230769,0,3
32_Phoenix_City,60,120,1206043,2,40000.0,80000.0,96.66666666666669,422.4840331564986,1760.6412307692308,1.2295478364616677,2.298428548540053,31305.26430769231,0,4
32_Phoenix_City,60,120,1206043,2,40000.0,200000.0,95.0,441.44987719298246,1795.3190769230769,1.2594945420465176,4.958925150032459,30078.42123076923,0,0
32_Phoenix_City,60,120,1206043,2,40000.0,200000.0,95.0,414.1405695006748,1782.0479999999998,1.2784944661571775,2.9819725481938097,32341.91061538462,0,1
32_Phoenix_City,60,120,1206043,2,40000.0,200000.0,91.66666666666669,415.6908937062937,1798.3766153846154,1.2937771289910762,5.675145631067962,28904.90353846154,0,2
32_Phoenix_City,60,120,1206043,2,40000.0,200000.0,95.0,425.17561673414303,1777.389538461538,1.2384408778008609,2.897340571115776,30523.898769230767,0,3
32_Phoenix_City,60,120,1206043,2,40000.0,200000.0,93.33333333333331,401.673592032967,1777.389538461538,1.2878521898095605,2.9819725481938097,30110.082615384614,0,4
32_Phoenix_City,60,120,1206043,2,40000.0,400000.0,91.66666666666669,417.51765454545455,1732.7236923076923,1.2268230555367845,2.4812653954931125,29428.333999999995,0,0
32_Phoenix_City,60,120,1206043,2,40000.0,400000.0,95.0,349.216975708502,1762.8649230769229,1.2336404365111804,2.170897266075804,30872.76815384615,0,1
32_Phoenix_City,60,120,1206043,2,40000.0,400000.0,95.0,356.61495681511474,1789.9489230769232,1.2437880297132633,2.24527701863354,31190.619384615384,0,2
32_Phoenix_City,60,120,1206043,2,40000.0,400000.0,95.0,458.59577327935216,1784.8852307692305,1.2300117747116606,2.0721533500098093,31617.304615384608,0,3
32_Phoenix_City,60,120,1206043,2,40000.0,400000.0,95.0,384.953354925776,1784.8852307692305,1.2487415159967084,2.4812653954931125,29866.942461538467,0,4
32_Phoenix_City,60,120,1206044,3,2500.0,5000.0,91.66666666666669,535.7646517482517,1797.2935384615384,1.3937194898817518,4.129852853442621,31798.804153846144,0,0
32_Phoenix_City,60,120,1206044,3,2500.0,5000.0,90.0,517.017188034188,1786.8593846153844,1.355583938397149,2.710790736185861,30932.46923076922,0,1
32_Phoenix_City,60,120,1206044,3,2500.0,5000.0,95.0,518.9829392712551,1792.753846153846,1.3586188412783755,3.034349335446161,33411.94184615384,0,2
32_Phoenix_City,60,120,1206044,3,2500.0,5000.0,91.66666666666669,554.881083916084,1788.7433846153845,1.3575997245310722,3.0000886946230274,31550.246615384607,0,3
32_Phoenix_City,60,120,1206044,3,2500.0,5000.0,93.33333333333331,525.7090013736264,1788.7433846153845,1.293797426868424,2.055753225536732,31439.667538461545,0,4
32_Phoenix_City,60,120,1206044,3,2500.0,12500.0,95.0,586.9707638326586,1799.7086153846158,1.3542369906371876,2.7671500053017803,32128.886153846142,0,0
32_Phoenix_City,60,120,1206044,3,2500.0,12500.0,91.66666666666669,493.0111916083916,1797.2935384615384,1.41893388049376,3.8036901273105066,31638.116,0,1
32_Phoenix_City,60,120,1206044,3,2500.0,12500.0,90.0,508.796727920228,1757.3704615384613,1.3592473153818236,2.354318524839966,30847.76384615385,0,2
32_Phoenix_City,60,120,1206044,3,2500.0,12500.0,90.0,497.28275213675215,1797.2935384615384,1.3839911794566049,2.465173772970249,31146.599692307704,0,3
32_Phoenix_City,60,120,1206044,3,2500.0,12500.0,90.0,489.2736752136752,1737.587076923077,1.3521720257089684,2.397126365359852,29719.96323076924,0,4
32_Phoenix_City,60,120,1206044,3,2500.0,25000.0,91.66666666666669,550.0154755244756,1784.3144615384615,1.3553249869745243,4.172090746386178,30466.926,0,0
32_Phoenix_City,60,120,1206044,3,2500.0,25000.0,93.33333333333331,537.3353667582418,1799.7086153846158,1.324601400336688,3.519770023086485,32115.328769230764,0,1
32_Phoenix_City,60,120,1206044,3,2500.0,25000.0,95.0,519.881036437247,1788.7433846153845,1.4057426692653807,6.791590574659769,32500.284,0,2
32_Phoenix_City,60,120,1206044,3,2500.0,25000.0,86.66666666666667,543.0271020710059,1775.6643076923076,1.422260854930297,4.39735279846164,28202.08553846153,0,3
32_Phoenix_City,60,120,1206044,3,2500.0,25000.0,95.0,531.2073090418354,1797.2935384615384,1.4345882064178987,3.8036901273105066,33534.16153846154,0,4
32_Phoenix_City,60,120,1206044,3,5000.0,10000.0,91.66666666666669,509.88764055944057,1733.5923076923073,1.4110922996314317,4.129852853442621,30338.180923076918,0,0
32_Phoenix_City,60,120,1206044,3,5000.0,10000.0,95.0,467.2811417004049,1754.2301538461538,1.3441507924275595,2.8523809165984115,32015.348,0,1
32_Phoenix_City,60,120,1206044,3,5000.0,10000.0,93.33333333333331,549.3908434065935,1788.7433846153845,1.381661900113368,5.556763112977126,30871.88015384615,0,2
32_Phoenix_City,60,120,1206044,3,5000.0,10000.0,90.0,575.3038233618234,1782.6307692307696,1.428859764125025,5.803751356378857,31599.829538461523,0,3
32_Phoenix_City,60,120,1206044,3,5000.0,10000.0,91.66666666666669,524.4762867132868,1797.2935384615384,1.3446190218513228,3.034349335446161,30769.645230769227,0,4
32_Phoenix_City,60,120,1206044,3,5000.0,25000.0,91.66666666666669,525.5884979020979,1786.8593846153844,1.296330059787923,2.323275964642765,30038.569692307683,0,0
32_Phoenix_City,60,120,1206044,3,5000.0,25000.0,95.0,522.7274966261808,1799.7086153846158,1.3638379809815948,3.884895520108442,32965.69261538463,0,1
32_Phoenix_City,60,120,1206044,3,5000.0,25000.0,91.66666666666669,503.6454307692308,1799.7086153846158,1.4210975227065914,5.310106219361133,31383.95046153845,0,2
32_Phoenix_City,60,120,1206044,3,5000.0,25000.0,91.66666666666669,566.7946965034965,1797.2935384615384,1.3849937355162305,4.172090746386178,31029.930153846137,0,3
32_Phoenix_City,60,120,1206044,3,5000.0,25000.0,93.33333333333331,469.5113557692308,1726.8104615384614,1.3367371058498756,2.698593381677256,31824.16184615384,0,4
32_Phoenix_City,60,120,1206044,3,5000.0,50000.0,95.0,519.5948812415654,1797.2935384615384,1.3670086850045151,4.062093549785635,32539.20369230769,0,0
32_Phoenix_City,60,120,1206044,3,5000.0,50000.0,88.33333333333333,564.9694005805516,1788.7433846153845,1.416588856769412,4.625953238164272,30957.2523076923,0,1
32_Phoenix_City,60,120,1206044,3,5000.0,50000.0,90.0,492.3847207977208,1797.2935384615384,1.327218964524988,2.980826510177698,29455.018,0,2
32_Phoenix_City,60,120,1206044,3,5000.0,50000.0,91.66666666666669,498.42805314685313,1776.4824615384614,1.4222065184660957,6.650146734024835,31284.708307692308,0,3
32_Phoenix_City,60,120,1206044,3,5000.0,50000.0,93.33333333333331,517.1937829670329,1797.2935384615384,1.3334025608312736,2.287327979595032,30800.7336923077,0,4
32_Phoenix_City,60,120,1206044,3,10000.0,20000.0,91.66666666666669,527.9135916083916,1797.2935384615384,1.3445916312384671,3.0000886946230274,30706.80876923077,0,0
32_Phoenix_City,60,120,1206044,3,10000.0,20000.0,90.0,531.5484415954417,1799.7086153846158,1.3976066778024905,4.158459537475867,29641.490615384613,0,1
32_Phoenix_City,60,120,1206044,3,10000.0,20000.0,93.33333333333331,501.3144450549451,1797.2935384615384,1.4411363049754544,6.650146734024835,32281.209846153848,0,2
32_Phoenix_City,60,120,1206044,3,10000.0,20000.0,95.0,570.1487678812416,1789.804,1.3417087596995028,2.6201008206901597,32512.754923076925,0,3
32_Phoenix_City,60,120,1206044,3,10000.0,20000.0,90.0,488.22015811965815,1797.2935384615384,1.3571918474985982,3.157827194605694,30450.80446153846,0,4
32_Phoenix_City,60,120,1206044,3,10000.0,50000.0,95.0,530.154758434548,1788.6887692307691,1.3539941062198837,2.7671500053017803,31768.464153846144,0,0
32_Phoenix_City,60,120,1206044,3,10000.0,50000.0,95.0,529.0939433198381,1797.2935384615384,1.3611325868894926,2.774138464197036,33018.95446153846,0,1
32_Phoenix_City,60,120,1206044,3,10000.0,50000.0,86.66666666666667,491.2033284023668,1797.2935384615384,1.3745756232117048,4.129852853442621,28592.852461538456,0,2
32_Phoenix_City,60,120,1206044,3,10000.0,50000.0,96.66666666666669,587.4601989389921,1799.7086153846158,1.345143721971947,2.8523809165984115,33371.10184615385,0,3
32_Phoenix_City,60,120,1206044,3,10000.0,50000.0,93.33333333333331,519.478342032967,1798.9698461538464,1.3448823468249456,2.710790736185861,33204.41876923076,0,4
32_Phoenix_City,60,120,1206044,3,10000.0,100000.0,95.0,579.6075249662618,1737.587076923077,1.3310822243214433,2.342806581756488,32265.95369230768,0,0
32_Phoenix_City,60,120,1206044,3,10000.0,100000.0,95.0,513.1462199730095,1788.7433846153845,1.3723680904749562,2.698593381677256,32851.39676923076,0,1
32_Phoenix_City,60,120,1206044,3,10000.0,100000.0,91.66666666666669,537.9633426573427,1797.2935384615384,1.3646821692734812,2.774138464197036,31635.66153846153,0,2
32_Phoenix_City,60,120,1206044,3,10000.0,100000.0,93.33333333333331,488.1228585164835,1764.7569230769232,1.3621692798114595,4.129852853442621,31066.62953846153,0,3
32_Phoenix_City,60,120,1206044,3,10000.0,100000.0,95.0,552.8681956815115,1788.7433846153845,1.4028586400137777,4.129852853442621,31687.22076923077,0,4
32_Phoenix_City,60,120,1206044,3,20000.0,40000.0,91.66666666666669,569.5569300699301,1799.7086153846158,1.3515763103409597,4.129852853442621,29556.61615384615,0,0
32_Phoenix_City,60,120,1206044,3,20000.0,40000.0,91.66666666666669,518.7988,1797.2935384615384,1.305990048728101,2.104223591392089,30403.420461538462,0,1
32_Phoenix_City,60,120,1206044,3,20000.0,40000.0,91.66666666666669,504.7016937062937,1788.7433846153845,1.429282877341846,5.556763112977126,31524.41907692308,0,2
32_Phoenix_City,60,120,1206044,3,20000.0,40000.0,96.66666666666669,540.764722811671,1797.2935384615384,1.402213899293586,5.556763112977126,33402.082615384614,0,3
32_Phoenix_City,60,120,1206044,3,20000.0,40000.0,91.66666666666669,576.4185412587412,1797.2935384615384,1.3658077245767937,2.698593381677256,31311.631538461537,0,4
32_Phoenix_City,60,120,1206044,3,20000.0,100000.0,90.0,527.1437008547009,1799.7086153846158,1.3720686130249562,4.158459537475867,29706.13384615383,0,0
32_Phoenix_City,60,120,1206044,3,20000.0,100000.0,95.0,508.3942982456141,1788.7433846153845,1.3774255697369433,3.8036901273105066,32844.44553846154,0,1
32_Phoenix_City,60,120,1206044,3,20000.0,100000.0,91.66666666666669,544.3606027972028,1764.7569230769232,1.3045529555819626,3.034349335446161,29467.96292307692,0,2
32_Phoenix_City,60,120,1206044,3,20000.0,100000.0,96.66666666666669,524.5630305039788,1733.5923076923073,1.3253093348939862,2.698593381677256,33224.378,0,3
32_Phoenix_City,60,120,1206044,3,20000.0,100000.0,90.0,517.8257350427351,1799.7086153846158,1.3625926942179452,2.698593381677256,30482.959538461542,0,4
32_Phoenix_City,60,120,1206044,3,20000.0,200000.0,93.33333333333331,566.0705851648352,1797.2935384615384,1.3378385833543718,2.698593381677256,31365.10061538461,0,0
32_Phoenix_City,60,120,1206044,3,20000.0,200000.0,93.33333333333331,551.1340686813187,1799.7086153846158,1.3333421971042625,2.698593381677256,31925.6923076923,0,1
32_Phoenix_City,60,120,1206044,3,20000.0,200000.0,91.66666666666669,512.4464181818182,1788.7433846153845,1.3635426333244154,4.129852853442621,30711.82476923076,0,2
32_Phoenix_City,60,120,1206044,3,20000.0,200000.0,95.0,511.3527273954117,1797.2935384615384,1.4130515380074091,4.39735279846164,33900.56800000001,0,3
32_Phoenix_City,60,120,1206044,3,20000.0,200000.0,95.0,486.59494601889344,1759.3121538461537,1.3490167805048343,3.173818629334913,31740.299230769226,0,4
32_Phoenix_City,60,120,1206044,3,40000.0,80000.0,93.33333333333331,546.5011717032968,1799.7086153846158,1.3243580982584446,3.8036901273105066,31948.92292307692,0,0
32_Phoenix_City,60,120,1206044,3,40000.0,80000.0,93.33333333333331,520.4227225274725,1797.2935384615384,1.34152386753547,5.424562339576314,30702.04415384616,0,1
32_Phoenix_City,60,120,1206044,3,40000.0,80000.0,90.0,482.93607122507126,1799.7086153846158,1.343544627257447,3.157827194605694,30211.98323076923,0,2
32_Phoenix_City,60,120,1206044,3,40000.0,80000.0,90.0,519.8880170940171,1782.7372307692303,1.3516116247562209,2.8523809165984115,30451.210923076924,0,3
32_Phoenix_City,60,120,1206044,3,40000.0,80000.0,95.0,496.16382456140354,1797.2935384615384,1.341379317133421,2.5993051323795573,32316.340769230774,0,4
32_Phoenix_City,60,120,1206044,3,40000.0,200000.0,93.33333333333331,514.3580975274725,1797.2935384615384,1.3119894058834,2.406491662810704,31780.689076923078,0,0
32_Phoenix_City,60,120,1206044,3,40000.0,200000.0,91.66666666666669,517.0815496503496,1799.7086153846158,1.3205447223084537,2.185067698259188,30492.85876923076,0,1
32_Phoenix_City,60,120,1206044,3,40000.0,200000.0,95.0,506.1337759784075,1797.2935384615384,1.3114857413279994,2.293775065270637,32236.066153846143,0,2
32_Phoenix_City,60,120,1206044,3,40000.0,200000.0,95.0,499.76688124156544,1798.9698461538464,1.3364026757649174,2.698593381677256,32703.9223076923,0,3
32_Phoenix_City,60,120,1206044,3,40000.0,200000.0,96.66666666666669,555.4879217506632,1799.7086153846158,1.3775924264830155,4.158459537475867,33798.32061538461,0,4
32_Phoenix_City,60,120,1206044,3,40000.0,400000.0,91.66666666666669,486.94370349650353,1799.7086153846158,1.3935249310421485,2.932235758302996,30599.508,0,0
32_Phoenix_City,60,120,1206044,3,40000.0,400000.0,96.66666666666669,549.9789137931035,1786.8593846153844,1.386423525841466,3.884895520108442,34173.31138461537,0,1
32_Phoenix_City,60,120,1206044,3,40000.0,400000.0,95.0,587.5605101214575,1799.7086153846158,1.3583922162606663,2.698593381677256,31480.472307692307,0,2
32_Phoenix_City,60,120,1206044,3,40000.0,400000.0,93.33333333333331,530.1550412087912,1799.7086153846158,1.3536344490580623,2.698593381677256,33063.98630769231,0,3
32_Phoenix_City,60,120,1206044,3,40000.0,400000.0,95.0,546.1302672064777,1797.2935384615384,1.4754474457287936,10.423293641781036,33912.628000000004,0,4
32_Phoenix_City,70,70,707042,1,2500.0,5000.0,94.28571428571428,345.3762867132868,1657.4430769230771,1.1849579569963635,2.099987843894919,19400.536153846147,0,0
32_Phoenix_City,70,70,707042,1,2500.0,5000.0,100.0,393.3146043956044,1730.2046153846154,1.1926619632306477,2.099987843894919,21545.25507692308,0,1
32_Phoenix_City,70,70,707042,1,2500.0,5000.0,97.14285714285714,300.1031742081448,1625.3603076923075,1.18246122766373,2.099987843894919,19714.765538461532,0,2
32_Phoenix_City,70,70,707042,1,2500.0,5000.0,97.14285714285714,341.70137330316743,1565.444,1.176354054759847,1.8505571658181963,20238.526461538466,0,3
32_Phoenix_City,70,70,707042,1,2500.0,5000.0,94.28571428571428,377.748351981352,1772.1753846153847,1.1983381150842427,2.099987843894919,20225.849230769232,0,4
32_Phoenix_City,70,70,707042,1,2500.0,12500.0,91.42857142857144,403.82374038461535,1695.7107692307686,1.3249970142965244,2.266208210156946,20094.56169230769,0,0
32_Phoenix_City,70,70,707042,1,2500.0,12500.0,97.14285714285714,418.6797307692308,1673.6147692307695,1.2324712295308782,2.099987843894919,21164.96723076923,0,1
32_Phoenix_City,70,70,707042,1,2500.0,12500.0,94.28571428571428,406.635993006993,1542.347076923077,1.2609027302299731,2.4154439642796683,20212.023846153854,0,2
32_Phoenix_City,70,70,707042,1,2500.0,12500.0,91.42857142857144,396.6842403846154,1657.4430769230771,1.3060568551070062,2.7277332574829747,20654.23307692308,0,3
32_Phoenix_City,70,70,707042,1,2500.0,12500.0,97.14285714285714,368.2708642533937,1695.7107692307686,1.200383145411332,2.131192733984349,20353.330923076926,0,4
32_Phoenix_City,70,70,707042,1,2500.0,25000.0,94.28571428571428,355.5159533799534,1748.8286153846152,1.259929276585633,2.099987843894919,20414.624461538464,0,0
32_Phoenix_City,70,70,707042,1,2500.0,25000.0,97.14285714285714,358.15837782805426,1699.756,1.2681038168686012,2.405851302702585,21729.062461538462,0,1
32_Phoenix_City,70,70,707042,1,2500.0,25000.0,97.14285714285714,377.76759954751134,1657.4430769230771,1.1807452761368822,2.026793197291723,20100.609846153853,0,2
32_Phoenix_City,70,70,707042,1,2500.0,25000.0,97.14285714285714,331.6475180995475,1673.6147692307695,1.285276301117307,2.266208210156946,21798.139076923075,0,3
32_Phoenix_City,70,70,707042,1,2500.0,25000.0,94.28571428571428,413.8406713286713,1782.0193846153848,1.3043998997636823,2.6901521953013274,20318.46661538461,0,4
32_Phoenix_City,70,70,707042,1,5000.0,10000.0,97.14285714285714,371.0179570135747,1748.8286153846152,1.261684650395161,2.266208210156946,21185.53153846154,0,0
32_Phoenix_City,70,70,707042,1,5000.0,10000.0,97.14285714285714,413.2968597285068,1699.0092307692312,1.2253947867175168,2.099987843894919,21054.99353846154,0,1
32_Phoenix_City,70,70,707042,1,5000.0,10000.0,97.14285714285714,401.1837285067873,1673.6147692307695,1.2145761549108571,2.026793197291723,20941.42276923077,0,2
32_Phoenix_City,70,70,707042,1,5000.0,10000.0,94.28571428571428,309.3408811188811,1673.6147692307695,1.2241785292424414,2.099987843894919,19643.722307692307,0,3
32_Phoenix_City,70,70,707042,1,5000.0,10000.0,94.28571428571428,428.0330629370629,1748.8286153846152,1.2245534574070696,1.786688533963272,20017.64876923077,0,4
32_Phoenix_City,70,70,707042,1,5000.0,25000.0,94.28571428571428,398.2506363636364,1673.6147692307695,1.1845424614657898,2.266208210156946,19956.46015384616,0,0
32_Phoenix_City,70,70,707042,1,5000.0,25000.0,97.14285714285714,348.5828325791855,1699.756,1.216279607712582,2.2539623361750856,20698.256307692307,0,1
32_Phoenix_City,70,70,707042,1,5000.0,25000.0,94.28571428571428,385.4230699300699,1773.7043076923078,1.237868419979497,2.5797082395218767,19923.677846153845,0,2
32_Phoenix_City,70,70,707042,1,5000.0,25000.0,94.28571428571428,323.04575058275054,1606.953846153846,1.143787160599283,1.7190021766277737,19521.719538461537,0,3
32_Phoenix_City,70,70,707042,1,5000.0,25000.0,100.0,363.67105054945057,1730.2046153846154,1.2331583879750907,2.3463737906407,21560.770615384616,0,4
32_Phoenix_City,70,70,707042,1,5000.0,50000.0,94.28571428571428,331.49168531468524,1788.105538461538,1.2685340381946562,2.266208210156946,20408.047846153848,0,0
32_Phoenix_City,70,70,707042,1,5000.0,50000.0,94.28571428571428,365.94490442890447,1738.546769230769,1.2526879887577569,2.026793197291723,20799.417538461537,0,1
32_Phoenix_City,70,70,707042,1,5000.0,50000.0,94.28571428571428,388.533317016317,1673.6147692307695,1.2281239010775722,2.655575118888385,19616.791538461533,0,2
32_Phoenix_City,70,70,707042,1,5000.0,50000.0,94.28571428571428,387.9738344988345,1772.1753846153847,1.1666192844422223,1.821644507444739,20376.182461538465,0,3
32_Phoenix_City,70,70,707042,1,5000.0,50000.0,94.28571428571428,361.3651142191142,1755.1507692307696,1.272017758241169,2.6901521953013274,20309.546153846157,0,4
32_Phoenix_City,70,70,707042,1,10000.0,20000.0,94.28571428571428,358.49054545454544,1748.8286153846152,1.2505126717616404,2.099987843894919,20586.141384615385,0,0
32_Phoenix_City,70,70,707042,1,10000.0,20000.0,97.14285714285714,391.4311470588235,1673.6147692307695,1.2242149305580572,2.195855659035906,20829.36953846153,0,1
32_Phoenix_City,70,70,707042,1,10000.0,20000.0,91.42857142857144,420.13738701923074,1791.755846153846,1.2990174420175202,2.7194778548677685,19677.566615384618,0,2
32_Phoenix_City,70,70,707042,1,10000.0,20000.0,100.0,295.5014483516483,1673.6147692307695,1.2771920962439784,2.7194778548677685,22093.246769230765,0,3
32_Phoenix_City,70,70,707042,1,10000.0,20000.0,94.28571428571428,370.6029603729604,1673.6147692307695,1.2555325481846609,2.099987843894919,20593.956923076923,0,4
32_Phoenix_City,70,70,707042,1,10000.0,50000.0,94.28571428571428,357.4650093240094,1565.444,1.2398323330745118,2.099987843894919,20468.033692307697,0,0
32_Phoenix_City,70,70,707042,1,10000.0,50000.0,94.28571428571428,372.9568344988345,1768.9504615384612,1.1976795300515828,1.8471405643424463,19332.53892307692,0,1
32_Phoenix_City,70,70,707042,1,10000.0,50000.0,97.14285714285714,342.45854298642536,1699.756,1.287658691135201,2.6034546390565096,21729.005846153847,0,2
32_Phoenix_City,70,70,707042,1,10000.0,50000.0,91.42857142857144,438.3206754807693,1748.8286153846152,1.1960000774662916,2.026793197291723,18917.289538461537,0,3
32_Phoenix_City,70,70,707042,1,10000.0,50000.0,97.14285714285714,409.44166968325794,1673.6147692307695,1.214704282573834,2.266208210156946,20706.715230769238,0,4
32_Phoenix_City,70,70,707042,1,10000.0,100000.0,91.42857142857144,376.4759591346154,1673.6147692307695,1.2626626672659509,2.266208210156946,19449.994615384618,0,0
32_Phoenix_City,70,70,707042,1,10000.0,100000.0,88.57142857142857,478.4870794044665,1788.105538461538,1.258120206435309,2.266208210156946,18796.41784615385,0,1
32_Phoenix_City,70,70,707042,1,10000.0,100000.0,97.14285714285714,385.0407307692308,1673.6147692307695,1.1996918794643014,2.099987843894919,20450.138615384614,0,2
32_Phoenix_City,70,70,707042,1,10000.0,100000.0,97.14285714285714,317.25238461538464,1738.546769230769,1.2471535914073413,2.6034546390565096,20822.823384615396,0,3
32_Phoenix_City,70,70,707042,1,10000.0,100000.0,94.28571428571428,306.2225874125874,1679.1273846153845,1.1720463972495494,1.6370182614877222,19168.891076923075,0,4
32_Phoenix_City,70,70,707042,1,20000.0,40000.0,94.28571428571428,367.3927435897436,1657.4430769230771,1.2633515509035045,2.6901521953013274,20442.843846153846,0,0
32_Phoenix_City,70,70,707042,1,20000.0,40000.0,94.28571428571428,440.8273356643357,1748.8286153846152,1.2503747494990651,2.099987843894919,20387.84107692308,0,1
32_Phoenix_City,70,70,707042,1,20000.0,40000.0,91.42857142857144,341.94024278846155,1657.4430769230771,1.204564630175378,1.821644507444739,19576.46661538462,0,2
32_Phoenix_City,70,70,707042,1,20000.0,40000.0,94.28571428571428,430.2776503496504,1773.7043076923078,1.216867032635818,1.821644507444739,20173.811538461538,0,3
32_Phoenix_City,70,70,707042,1,20000.0,40000.0,97.14285714285714,379.1714683257919,1748.8286153846152,1.1995286882954097,2.099987843894919,20359.73646153845,0,4
32_Phoenix_City,70,70,707042,1,20000.0,100000.0,91.42857142857144,410.12528605769234,1788.105538461538,1.266517274976035,2.266208210156946,19966.661230769227,0,0
32_Phoenix_City,70,70,707042,1,20000.0,100000.0,97.14285714285714,415.0763936651584,1782.0193846153848,1.2481342947396312,2.6901521953013274,20966.036461538457,0,1
32_Phoenix_City,70,70,707042,1,20000.0,100000.0,88.57142857142857,416.9726799007444,1565.444,1.2725106975931149,2.6901521953013274,18351.921692307693,0,2
32_Phoenix_City,70,70,707042,1,20000.0,100000.0,91.42857142857144,365.03984615384616,1773.7043076923078,1.2363305675711498,2.131192733984349,18836.67876923077,0,3
32_Phoenix_City,70,70,707042,1,20000.0,100000.0,91.42857142857144,352.22891586538464,1542.347076923077,1.2820630725200706,2.7194778548677685,19421.763076923075,0,4
32_Phoenix_City,70,70,707042,1,20000.0,200000.0,94.28571428571428,438.8696293706294,1673.6147692307695,1.2344108493455053,2.6901521953013274,19833.470307692307,0,0
32_Phoenix_City,70,70,707042,1,20000.0,200000.0,91.42857142857144,403.9187043269231,1772.1753846153847,1.2026643154100538,1.8471405643424463,19566.10215384616,0,1
32_Phoenix_City,70,70,707042,1,20000.0,200000.0,97.14285714285714,389.5557375565611,1730.2046153846154,1.234519458092332,2.131192733984349,20737.857538461536,0,2
32_Phoenix_City,70,70,707042,1,20000.0,200000.0,97.14285714285714,441.6875497737557,1673.6147692307695,1.177243493276373,1.786688533963272,20601.29323076923,0,3
32_Phoenix_City,70,70,707042,1,20000.0,200000.0,94.28571428571428,394.6696713286713,1699.756,1.209808506999738,2.099987843894919,19475.73507692308,0,4
32_Phoenix_City,70,70,707042,1,40000.0,80000.0,94.28571428571428,390.9600885780886,1748.8286153846152,1.303921914989013,2.6901521953013274,20994.96523076924,0,0
32_Phoenix_City,70,70,707042,1,40000.0,80000.0,97.14285714285714,313.2946199095023,1657.4430769230771,1.2230714007635362,1.7760427539369634,21195.55953846154,0,1
32_Phoenix_City,70,70,707042,1,40000.0,80000.0,91.42857142857144,348.57584615384616,1695.7107692307686,1.2105440515224934,2.131192733984349,18971.07492307693,0,2
32_Phoenix_City,70,70,707042,1,40000.0,80000.0,94.28571428571428,402.5846456876457,1730.2046153846154,1.230744901093354,2.6034546390565096,20351.47723076923,0,3
32_Phoenix_City,70,70,707042,1,40000.0,80000.0,91.42857142857144,398.9537524038462,1673.6147692307695,1.226617698879128,2.099987843894919,19627.95846153846,0,4
32_Phoenix_City,70,70,707042,1,40000.0,200000.0,94.28571428571428,326.48652214452216,1673.6147692307695,1.2153104400865125,2.099987843894919,18955.851692307693,0,0
32_Phoenix_City,70,70,707042,1,40000.0,200000.0,97.14285714285714,353.3079479638009,1673.6147692307695,1.2139497596351378,1.786688533963272,21402.432000000004,0,1
32_Phoenix_City,70,70,707042,1,40000.0,200000.0,94.28571428571428,471.1018135198135,1748.8286153846152,1.2254121786972412,2.490182158397176,20148.17415384616,0,2
32_Phoenix_City,70,70,707042,1,40000.0,200000.0,97.14285714285714,358.1295180995475,1673.6147692307695,1.2607150150909785,2.266208210156946,21316.94107692307,0,3
32_Phoenix_City,70,70,707042,1,40000.0,200000.0,97.14285714285714,392.3722918552036,1772.1753846153847,1.226706341686315,2.6901521953013274,20607.043846153843,0,4
32_Phoenix_City,70,70,707042,1,40000.0,400000.0,91.42857142857144,350.04228125000003,1657.4430769230771,1.2172594918473831,2.099987843894919,18593.544769230768,0,0
32_Phoenix_City,70,70,707042,1,40000.0,400000.0,94.28571428571428,325.87862004662003,1730.2046153846154,1.218790285241614,2.026793197291723,19878.848,0,1
32_Phoenix_City,70,70,707042,1,40000.0,400000.0,100.0,422.9733098901099,1730.2046153846154,1.2581158885821004,2.266208210156946,22173.68307692308,0,2
32_Phoenix_City,70,70,707042,1,40000.0,400000.0,97.14285714285714,386.2533099547512,1657.4430769230771,1.2102791217624531,2.10351062476142,20573.91,0,3
32_Phoenix_City,70,70,707042,1,40000.0,400000.0,94.28571428571428,425.09820979020975,1673.6147692307695,1.319162786721693,3.793838212458349,20972.393999999997,0,4
32_Phoenix_City,70,70,707043,2,2500.0,5000.0,91.42857142857144,453.5652307692308,1743.9840000000004,1.3356288653234594,2.514355975901272,16506.209692307686,0,0
32_Phoenix_City,70,70,707043,2,2500.0,5000.0,94.28571428571428,512.7252307692307,1794.932307692308,1.3590386495515203,2.431056004167752,18086.72415384615,0,1
32_Phoenix_City,70,70,707043,2,2500.0,5000.0,91.42857142857144,587.4311466346153,1799.1455384615383,1.3947377301558073,2.43681855039056,17214.297384615384,0,2
32_Phoenix_City,70,70,707043,2,2500.0,5000.0,94.28571428571428,491.8401981351981,1743.9840000000004,1.3447638958077532,2.431056004167752,18319.307999999997,0,3
32_Phoenix_City,70,70,707043,2,2500.0,5000.0,94.28571428571428,565.9324009324009,1756.2476923076924,1.3412447118166737,2.474764546057357,17399.42184615384,0,4
32_Phoenix_City,70,70,707043,2,2500.0,12500.0,88.57142857142857,437.871094292804,1743.9840000000004,1.365276451428827,2.43681855039056,16110.143846153844,0,0
32_Phoenix_City,70,70,707043,2,2500.0,12500.0,88.57142857142857,540.3879578163771,1794.932307692308,1.5395113522816166,7.560433509222058,16482.48061538461,0,1
32_Phoenix_City,70,70,707043,2,2500.0,12500.0,91.42857142857144,493.8795264423077,1719.472923076923,1.3240564539975692,2.2454198241189296,16946.561999999998,0,2
32_Phoenix_City,70,70,707043,2,2500.0,12500.0,91.42857142857144,484.8270673076923,1743.9840000000004,1.29486744421054,2.474764546057357,16239.579230769225,0,3
32_Phoenix_City,70,70,707043,2,2500.0,12500.0,94.28571428571428,554.1631934731935,1799.1455384615383,1.329632023811712,2.474764546057357,17615.990769230775,0,4
32_Phoenix_City,70,70,707043,2,2500.0,25000.0,88.57142857142857,460.967,1743.9840000000004,1.338922872514335,2.43681855039056,16395.61030769231,0,0
32_Phoenix_City,70,70,707043,2,2500.0,25000.0,94.28571428571428,511.4028904428904,1719.472923076923,1.3348712518537234,2.406174524615785,18016.169846153844,0,1
32_Phoenix_City,70,70,707043,2,2500.0,25000.0,88.57142857142857,529.1317965260545,1756.9713846153843,1.334068511810273,2.4219522987323683,16307.985384615387,0,2
32_Phoenix_City,70,70,707043,2,2500.0,25000.0,91.42857142857144,461.6755072115385,1799.1455384615383,1.3235238289686275,2.406174524615785,17347.375230769234,0,3
32_Phoenix_City,70,70,707043,2,2500.0,25000.0,91.42857142857144,495.8621850961538,1799.1455384615383,1.3167945441239586,2.4219522987323683,17016.026923076923,0,4
32_Phoenix_City,70,70,707043,2,5000.0,10000.0,94.28571428571428,581.1908624708624,1743.9840000000004,1.301633203534888,2.3222868429715784,17475.502461538457,0,0
32_Phoenix_City,70,70,707043,2,5000.0,10000.0,94.28571428571428,514.749606060606,1797.4719999999998,1.334936856515928,2.431056004167752,17519.988153846152,0,1
32_Phoenix_City,70,70,707043,2,5000.0,10000.0,97.14285714285714,530.0102443438914,1743.9840000000004,1.364403912803646,2.43681855039056,18919.717230769227,0,2
32_Phoenix_City,70,70,707043,2,5000.0,10000.0,88.57142857142857,476.7240347394541,1719.472923076923,1.3616375787889072,2.4219522987323683,15512.747846153845,0,3
32_Phoenix_City,70,70,707043,2,5000.0,10000.0,94.28571428571428,454.95768764568766,1799.1455384615383,1.357289775205199,2.474764546057357,17876.01723076923,0,4
32_Phoenix_City,70,70,707043,2,5000.0,25000.0,97.14285714285714,518.9453438914027,1797.4719999999998,1.3428521357475256,2.977061117510913,18314.328153846152,0,0
32_Phoenix_City,70,70,707043,2,5000.0,25000.0,94.28571428571428,410.7099184149184,1743.9840000000004,1.3234259766980572,2.406174524615785,17142.27876923077,0,1
32_Phoenix_City,70,70,707043,2,5000.0,25000.0,91.42857142857144,480.0180625,1743.9840000000004,1.3612443483312815,2.474764546057357,16994.386615384614,0,2
32_Phoenix_City,70,70,707043,2,5000.0,25000.0,97.14285714285714,445.3135678733032,1743.9840000000004,1.2949012182661117,2.43681855039056,18534.437230769232,0,3
32_Phoenix_City,70,70,707043,2,5000.0,25000.0,88.57142857142857,460.7820794044665,1799.1455384615383,1.4734474605404164,7.560433509222058,16321.819692307694,0,4
32_Phoenix_City,70,70,707043,2,5000.0,50000.0,94.28571428571428,533.7918997668997,1689.7812307692302,1.3673587659423312,2.474764546057357,17893.542769230764,0,0
32_Phoenix_City,70,70,707043,2,5000.0,50000.0,97.14285714285714,417.73703167420814,1719.472923076923,1.3055693913432358,2.474764546057357,18455.25615384615,0,1
32_Phoenix_City,70,70,707043,2,5000.0,50000.0,94.28571428571428,448.5550279720279,1798.0993846153851,1.342228946855304,2.474764546057357,17756.958461538463,0,2
32_Phoenix_City,70,70,707043,2,5000.0,50000.0,97.14285714285714,358.1351131221719,1799.1455384615383,1.3076199595068128,2.474764546057357,18135.52476923077,0,3
32_Phoenix_City,70,70,707043,2,5000.0,50000.0,94.28571428571428,472.3959137529137,1743.9840000000004,1.3534706080491146,2.43681855039056,18304.76615384615,0,4
32_Phoenix_City,70,70,707043,2,10000.0,20000.0,91.42857142857144,525.0127740384614,1743.9840000000004,1.3608605360358763,2.43681855039056,17140.820461538457,0,0
32_Phoenix_City,70,70,707043,2,10000.0,20000.0,94.28571428571428,588.7252867132867,1797.4719999999998,1.272531057996204,2.041020496954462,17577.53030769231,0,1
32_Phoenix_City,70,70,707043,2,10000.0,20000.0,94.28571428571428,507.82463636363633,1719.472923076923,1.378082219238335,2.474764546057357,17827.04738461538,0,2
32_Phoenix_City,70,70,707043,2,10000.0,20000.0,91.42857142857144,564.2229110576923,1743.9840000000004,1.3713126721709357,2.474764546057357,17273.404153846153,0,3
32_Phoenix_City,70,70,707043,2,10000.0,20000.0,94.28571428571428,479.0952167832168,1691.4547692307688,1.277789560002203,2.406174524615785,17167.579846153843,0,4
32_Phoenix_City,70,70,707043,2,10000.0,50000.0,94.28571428571428,470.4929300699301,1743.9840000000004,1.33798879277412,2.43681855039056,17628.32615384615,0,0
32_Phoenix_City,70,70,707043,2,10000.0,50000.0,91.42857142857144,456.83158413461535,1797.4719999999998,1.3749526670959489,2.474764546057357,17585.812307692308,0,1
32_Phoenix_City,70,70,707043,2,10000.0,50000.0,97.14285714285714,421.2386990950226,1743.9840000000004,1.3387580836296,2.474764546057357,18834.714307692306,0,2
32_Phoenix_City,70,70,707043,2,10000.0,50000.0,91.42857142857144,506.04829086538456,1743.9840000000004,1.3405894527646518,2.43681855039056,17532.272461538458,0,3
32_Phoenix_City,70,70,707043,2,10000.0,50000.0,91.42857142857144,534.2294903846154,1719.472923076923,1.335427536110846,2.406174524615785,17050.97538461538,0,4
32_Phoenix_City,70,70,707043,2,10000.0,100000.0,91.42857142857144,510.8276177884616,1799.1455384615383,1.4453817140554686,2.745810888252149,17761.68676923077,0,0
32_Phoenix_City,70,70,707043,2,10000.0,100000.0,91.42857142857144,475.6155769230769,1728.879230769231,1.3579549817406438,2.745810888252149,17195.18492307692,0,1
32_Phoenix_City,70,70,707043,2,10000.0,100000.0,94.28571428571428,458.00738228438223,1756.2476923076924,1.3651159322222208,2.431056004167752,17990.054307692306,0,2
32_Phoenix_City,70,70,707043,2,10000.0,100000.0,97.14285714285714,450.5791742081448,1797.4719999999998,1.284888288444689,2.474764546057357,18250.55523076923,0,3
32_Phoenix_City,70,70,707043,2,10000.0,100000.0,91.42857142857144,468.8782764423077,1743.9840000000004,1.2901455642114514,2.474764546057357,16536.594615384616,0,4
32_Phoenix_City,70,70,707043,2,20000.0,40000.0,91.42857142857144,514.5832331730769,1743.9840000000004,1.3539790744663087,2.406174524615785,17114.743846153844,0,0
32_Phoenix_City,70,70,707043,2,20000.0,40000.0,88.57142857142857,402.1776650124069,1743.9840000000004,1.3531158544818818,2.474764546057357,15740.14476923077,0,1
32_Phoenix_City,70,70,707043,2,20000.0,40000.0,91.42857142857144,457.3545,1743.9840000000004,1.395908902206957,2.43681855039056,17637.301846153845,0,2
32_Phoenix_City,70,70,707043,2,20000.0,40000.0,94.28571428571428,425.67615384615385,1743.9840000000004,1.380032380352505,3.68374949534494,18082.12461538461,0,3
32_Phoenix_City,70,70,707043,2,20000.0,40000.0,94.28571428571428,419.1463869463869,1797.4719999999998,1.3712539483579331,2.431056004167752,18267.76307692308,0,4
32_Phoenix_City,70,70,707043,2,20000.0,100000.0,94.28571428571428,426.02359906759904,1797.4719999999998,1.3434399098513947,2.406174524615785,18528.17492307692,0,0
32_Phoenix_City,70,70,707043,2,20000.0,100000.0,94.28571428571428,499.1644871794872,1719.472923076923,1.3553457898977654,2.431056004167752,18088.666615384616,0,1
32_Phoenix_City,70,70,707043,2,20000.0,100000.0,94.28571428571428,520.6077622377621,1743.9840000000004,1.2901562423803044,2.387095105911107,17869.665846153843,0,2
32_Phoenix_City,70,70,707043,2,20000.0,100000.0,94.28571428571428,464.70022377622377,1663.0615384615385,1.3862816762483343,2.358036163114841,18502.603230769237,0,3
32_Phoenix_City,70,70,707043,2,20000.0,100000.0,94.28571428571428,525.735006993007,1799.1455384615383,1.358992777612767,2.474764546057357,17910.248923076924,0,4
32_Phoenix_City,70,70,707043,2,20000.0,200000.0,91.42857142857144,504.4476129807692,1743.9840000000004,1.3436823350977103,2.406174524615785,17262.485538461533,0,0
32_Phoenix_City,70,70,707043,2,20000.0,200000.0,94.28571428571428,520.9877738927738,1799.1455384615383,1.3316983281176284,2.406174524615785,18034.418307692307,0,1
32_Phoenix_City,70,70,707043,2,20000.0,200000.0,94.28571428571428,489.8665174825175,1743.9840000000004,1.461692854098405,7.560433509222058,17847.427692307687,0,2
32_Phoenix_City,70,70,707043,2,20000.0,200000.0,91.42857142857144,546.2253629807692,1794.932307692308,1.3858285719549504,2.592067327175955,17201.328923076922,0,3
32_Phoenix_City,70,70,707043,2,20000.0,200000.0,91.42857142857144,511.1095769230769,1743.9840000000004,1.3761509296597394,2.474764546057357,17369.96969230769,0,4
32_Phoenix_City,70,70,707043,2,40000.0,80000.0,91.42857142857144,386.5141947115384,1797.4719999999998,1.3293164606153691,2.406174524615785,16749.075999999997,0,0
32_Phoenix_City,70,70,707043,2,40000.0,80000.0,97.14285714285714,472.9720429864253,1797.4719999999998,1.2660699869206289,2.431056004167752,18272.589846153845,0,1
32_Phoenix_City,70,70,707043,2,40000.0,80000.0,97.14285714285714,523.7230452488687,1789.1713846153843,1.3134436869704698,2.431056004167752,18603.778,0,2
32_Phoenix_City,70,70,707043,2,40000.0,80000.0,94.28571428571428,437.5657505827505,1799.1455384615383,1.359719656224395,2.474764546057357,18152.67953846154,0,3
32_Phoenix_City,70,70,707043,2,40000.0,80000.0,91.42857142857144,487.10753125,1743.9840000000004,1.3300950843406614,2.474764546057357,16895.809846153847,0,4
32_Phoenix_City,70,70,707043,2,40000.0,200000.0,94.28571428571428,526.2908041958042,1797.4719999999998,1.2714777446122678,2.2454198241189296,16678.149384615386,0,0
32_Phoenix_City,70,70,707043,2,40000.0,200000.0,91.42857142857144,525.8570264423076,1743.9840000000004,1.3475249721252398,2.4219522987323683,17446.499999999996,0,1
32_Phoenix_City,70,70,707043,2,40000.0,200000.0,91.42857142857144,482.8559879807692,1756.9713846153843,1.3930460706599792,2.474764546057357,17405.680615384612,0,2
32_Phoenix_City,70,70,707043,2,40000.0,200000.0,91.42857142857144,481.8226754807692,1799.1455384615383,1.3391518209075042,2.4219522987323683,16537.136,0,3
32_Phoenix_City,70,70,707043,2,40000.0,200000.0,94.28571428571428,500.64827738927744,1719.472923076923,1.3501593704087391,2.474764546057357,17278.700769230767,0,4
32_Phoenix_City,70,70,707043,2,40000.0,400000.0,97.14285714285714,447.98450904977375,1799.1455384615383,1.2926251079047644,2.521229828671557,18255.067076923075,0,0
32_Phoenix_City,70,70,707043,2,40000.0,400000.0,94.28571428571428,522.740944055944,1797.4719999999998,1.256232598620293,2.406174524615785,17504.502615384612,0,1
32_Phoenix_City,70,70,707043,2,40000.0,400000.0,94.28571428571428,467.4344149184149,1752.3603076923075,1.3331386088179211,2.358036163114841,17912.801538461536,0,2
32_Phoenix_City,70,70,707043,2,40000.0,400000.0,94.28571428571428,444.1395804195804,1797.4719999999998,1.35712750255601,2.7263608253573826,17821.387692307693,0,3
32_Phoenix_City,70,70,707043,2,40000.0,400000.0,94.28571428571428,495.7960442890443,1797.4719999999998,1.3234476839009863,3.574056447962418,17289.64138461538,0,4
32_Phoenix_City,70,70,707044,3,2500.0,5000.0,91.42857142857144,520.125875,1796.4790769230767,1.4426948563590305,5.756212861650142,19395.03969230769,0,0
32_Phoenix_City,70,70,707044,3,2500.0,5000.0,94.28571428571428,550.1362354312354,1772.353846153846,1.4220787245754976,5.756212861650142,20337.439384615387,0,1
32_Phoenix_City,70,70,707044,3,2500.0,5000.0,94.28571428571428,476.4322773892774,1783.1073846153845,1.3715086366381657,5.756212861650142,19851.57261538462,0,2
32_Phoenix_City,70,70,707044,3,2500.0,5000.0,94.28571428571428,580.9531212121212,1796.4790769230767,1.4154141428965268,5.756212861650142,20415.209230769236,0,3
32_Phoenix_City,70,70,707044,3,2500.0,5000.0,94.28571428571428,452.51388344988345,1783.1073846153845,1.3916627392783345,5.756212861650142,20361.991384615387,0,4
32_Phoenix_City,70,70,707044,3,2500.0,12500.0,97.14285714285714,601.9998891402714,1783.1073846153845,1.334187620075251,2.545462900830048,21092.777846153847,0,0
32_Phoenix_City,70,70,707044,3,2500.0,12500.0,97.14285714285714,558.2728393665158,1783.1073846153845,1.3309668129578132,2.4654812035945364,21372.171076923078,0,1
32_Phoenix_City,70,70,707044,3,2500.0,12500.0,91.42857142857144,617.6775817307692,1783.1073846153845,1.288094667006055,3.03100285994334,19141.65538461538,0,2
32_Phoenix_City,70,70,707044,3,2500.0,12500.0,91.42857142857144,497.2502596153846,1796.4790769230767,1.3748796894284196,5.756212861650142,17997.718461538458,0,3
32_Phoenix_City,70,70,707044,3,2500.0,12500.0,94.28571428571428,533.9319347319347,1796.4790769230767,1.3978859311437912,5.756212861650142,21092.14615384615,0,4
32_Phoenix_City,70,70,707044,3,2500.0,25000.0,97.14285714285714,527.1508936651584,1772.353846153846,1.4099793667136116,5.756212861650142,21297.156000000003,0,0
32_Phoenix_City,70,70,707044,3,2500.0,25000.0,97.14285714285714,473.91502036199097,1783.1073846153845,1.369068000198011,5.756212861650142,20309.013846153848,0,1
32_Phoenix_City,70,70,707044,3,2500.0,25000.0,97.14285714285714,577.6505610859729,1796.4790769230767,1.3576867299899722,5.756212861650142,20789.07384615384,0,2
32_Phoenix_City,70,70,707044,3,2500.0,25000.0,97.14285714285714,566.1065090497738,1777.456,1.4260370880598243,5.756212861650142,21577.912461538464,0,3
32_Phoenix_City,70,70,707044,3,2500.0,25000.0,94.28571428571428,487.71056177156174,1796.4790769230767,1.4195849025377028,5.756212861650142,20476.13938461538,0,4
32_Phoenix_City,70,70,707044,3,5000.0,10000.0,97.14285714285714,393.6263574660634,1796.4790769230767,1.4384163531118543,5.756212861650142,21033.78553846154,0,0
32_Phoenix_City,70,70,707044,3,5000.0,10000.0,94.28571428571428,580.9788065268065,1783.1073846153845,1.374003289676693,3.4328054365489726,20581.07307692308,0,1
32_Phoenix_City,70,70,707044,3,5000.0,10000.0,94.28571428571428,585.0719743589743,1796.4790769230767,1.3100404606079668,2.766419586972455,20449.87353846153,0,2
32_Phoenix_City,70,70,707044,3,5000.0,10000.0,94.28571428571428,455.0696456876457,1783.1073846153845,1.3956450267013596,5.756212861650142,20893.149846153843,0,3
32_Phoenix_City,70,70,707044,3,5000.0,10000.0,97.14285714285714,555.089479638009,1783.1073846153845,1.2832859436041653,2.766419586972455,20642.57446153846,0,4
32_Phoenix_City,70,70,707044,3,5000.0,25000.0,94.28571428571428,518.4141678321678,1777.456,1.5060408692734253,5.756212861650142,20634.91815384616,0,0
32_Phoenix_City,70,70,707044,3,5000.0,25000.0,94.28571428571428,538.3958391608392,1783.1073846153845,1.3893726103835302,5.756212861650142,20773.977846153848,0,1
32_Phoenix_City,70,70,707044,3,5000.0,25000.0,97.14285714285714,576.7769321266968,1796.4790769230767,1.4327285878019234,5.756212861650142,21711.09323076923,0,2
32_Phoenix_City,70,70,707044,3,5000.0,25000.0,91.42857142857144,604.2610865384615,1783.1073846153845,1.3288614735842823,2.766419586972455,19786.41969230769,0,3
32_Phoenix_City,70,70,707044,3,5000.0,25000.0,97.14285714285714,620.6118031674208,1783.1073846153845,1.5119635700785787,5.756212861650142,21513.679384615385,0,4
32_Phoenix_City,70,70,707044,3,5000.0,50000.0,97.14285714285714,434.7519253393665,1775.4230769230771,1.3815230460918972,5.756212861650142,20931.016000000007,0,0
32_Phoenix_City,70,70,707044,3,5000.0,50000.0,94.28571428571428,469.7474452214452,1783.1073846153845,1.3795531689809055,3.3802913094989204,20838.03492307693,0,1
32_Phoenix_City,70,70,707044,3,5000.0,50000.0,94.28571428571428,499.652331002331,1783.1073846153845,1.38313289743861,5.756212861650142,20700.021384615386,0,2
32_Phoenix_City,70,70,707044,3,5000.0,50000.0,97.14285714285714,513.987185520362,1783.1073846153845,1.4301944850735897,5.756212861650142,21182.48769230769,0,3
32_Phoenix_City,70,70,707044,3,5000.0,50000.0,91.42857142857144,578.6671754807693,1796.4790769230767,1.3316072435219537,3.0362952122099105,18902.55169230769,0,4
32_Phoenix_City,70,70,707044,3,10000.0,20000.0,97.14285714285714,495.9279389140272,1796.4790769230767,1.2847879836052205,2.766419586972455,20662.573230769227,0,0
32_Phoenix_City,70,70,707044,3,10000.0,20000.0,94.28571428571428,601.120662004662,1796.4790769230767,1.4439968972474837,5.756212861650142,20563.516,0,1
32_Phoenix_City,70,70,707044,3,10000.0,20000.0,94.28571428571428,622.3501864801865,1775.4230769230771,1.332276836429887,2.766419586972455,19841.457076923078,0,2
32_Phoenix_City,70,70,707044,3,10000.0,20000.0,97.14285714285714,540.4013190045249,1783.1073846153845,1.385637083737413,5.756212861650142,20841.476,0,3
32_Phoenix_City,70,70,707044,3,10000.0,20000.0,97.14285714285714,497.4412533936652,1796.4790769230767,1.507242457245141,5.756212861650142,21040.617846153847,0,4
32_Phoenix_City,70,70,707044,3,10000.0,50000.0,91.42857142857144,486.9595625,1615.7086153846158,1.4190752336485288,5.756212861650142,19007.899692307696,0,0
32_Phoenix_City,70,70,707044,3,10000.0,50000.0,97.14285714285714,540.3945045248869,1783.1073846153845,1.4450106823013962,5.756212861650142,21267.73615384616,0,1
32_Phoenix_City,70,70,707044,3,10000.0,50000.0,94.28571428571428,495.5804358974359,1796.4790769230767,1.490607163963812,5.756212861650142,19876.71046153846,0,2
32_Phoenix_City,70,70,707044,3,10000.0,50000.0,91.42857142857144,466.8854543269231,1796.4790769230767,1.4314857996655126,5.756212861650142,18317.96476923077,0,3
32_Phoenix_City,70,70,707044,3,10000.0,50000.0,94.28571428571428,491.7907645687646,1747.844153846154,1.308642338968402,2.766419586972455,20163.906923076924,0,4
32_Phoenix_City,70,70,707044,3,10000.0,100000.0,97.14285714285714,529.3883303167421,1777.456,1.417951415770241,5.756212861650142,20976.84723076923,0,0
32_Phoenix_City,70,70,707044,3,10000.0,100000.0,94.28571428571428,556.3443193473194,1796.4790769230767,1.3725797309446448,3.0564367068231486,20577.60461538461,0,1
32_Phoenix_City,70,70,707044,3,10000.0,100000.0,97.14285714285714,471.4362828054298,1710.450153846154,1.4184517229897984,5.756212861650142,21618.295692307685,0,2
32_Phoenix_City,70,70,707044,3,10000.0,100000.0,94.28571428571428,427.3200885780886,1783.1073846153845,1.4547369850894432,5.756212861650142,20505.100307692304,0,3
32_Phoenix_City,70,70,707044,3,10000.0,100000.0,94.28571428571428,517.1801025641025,1796.4790769230767,1.3321890134771588,2.766419586972455,20713.311384615383,0,4
32_Phoenix_City,70,70,707044,3,20000.0,40000.0,91.42857142857144,519.6230048076923,1772.353846153846,1.4345177231682678,5.756212861650142,19189.95061538461,0,0
32_Phoenix_City,70,70,707044,3,20000.0,40000.0,91.42857142857144,469.6823870192308,1678.5566153846153,1.3911129502712416,5.756212861650142,19213.32769230769,0,1
32_Phoenix_City,70,70,707044,3,20000.0,40000.0,91.42857142857144,499.4601274038461,1796.4790769230767,1.4400788939389906,5.756212861650142,20076.130307692307,0,2
32_Phoenix_City,70,70,707044,3,20000.0,40000.0,94.28571428571428,521.453282051282,1783.1073846153845,1.31438254777949,3.03100285994334,20172.359999999997,0,3
32_Phoenix_City,70,70,707044,3,20000.0,40000.0,97.14285714285714,528.9521742081448,1772.353846153846,1.3013258355127548,2.4654812035945364,21028.296,0,4
32_Phoenix_City,70,70,707044,3,20000.0,100000.0,91.42857142857144,552.1440576923077,1796.4790769230767,1.4914125548213084,5.756212861650142,19213.61446153846,0,0
32_Phoenix_City,70,70,707044,3,20000.0,100000.0,97.14285714285714,487.7591628959276,1777.456,1.3464847030511913,2.766419586972455,20824.297846153844,0,1
32_Phoenix_City,70,70,707044,3,20000.0,100000.0,97.14285714285714,518.6330904977376,1772.353846153846,1.4057861586068072,5.756212861650142,20859.66184615385,0,2
32_Phoenix_City,70,70,707044,3,20000.0,100000.0,94.28571428571428,632.5576386946387,1796.4790769230767,1.4016076186853572,5.756212861650142,20547.819538461536,0,3
32_Phoenix_City,70,70,707044,3,20000.0,100000.0,100.0,545.5911076923077,1783.1073846153845,1.332229544655167,5.756212861650142,21259.418461538466,0,4
32_Phoenix_City,70,70,707044,3,20000.0,200000.0,91.42857142857144,562.3015841346154,1783.1073846153845,1.455955996943451,3.0362952122099105,20271.46646153846,0,0
32_Phoenix_City,70,70,707044,3,20000.0,200000.0,94.28571428571428,521.2498648018648,1783.1073846153845,1.4057078022138751,3.0362952122099105,21366.908923076928,0,1
32_Phoenix_City,70,70,707044,3,20000.0,200000.0,97.14285714285714,582.582628959276,1783.1073846153845,1.3880016900278855,5.756212861650142,20644.54292307692,0,2
32_Phoenix_City,70,70,707044,3,20000.0,200000.0,94.28571428571428,597.335668997669,1796.4790769230767,1.3333403612034351,2.497942306681027,19978.072,0,3
32_Phoenix_City,70,70,707044,3,20000.0,200000.0,97.14285714285714,485.81681900452486,1796.4790769230767,1.399492527932091,3.4328054365489726,21803.601846153848,0,4
32_Phoenix_City,70,70,707044,3,40000.0,80000.0,94.28571428571428,447.496358974359,1783.1073846153845,1.42797939425261,5.756212861650142,19607.44553846154,0,0
32_Phoenix_City,70,70,707044,3,40000.0,80000.0,91.42857142857144,508.9266899038461,1796.4790769230767,1.4574967105052927,5.756212861650142,20185.408923076924,0,1
32_Phoenix_City,70,70,707044,3,40000.0,80000.0,94.28571428571428,602.1347202797203,1796.4790769230767,1.3826210835367432,3.0362952122099105,20135.69815384616,0,2
32_Phoenix_City,70,70,707044,3,40000.0,80000.0,97.14285714285714,544.624334841629,1796.4790769230767,1.4143277400082404,5.756212861650142,21443.113538461534,0,3
32_Phoenix_City,70,70,707044,3,40000.0,80000.0,94.28571428571428,538.9767505827506,1783.1073846153845,1.3393528953946618,3.03100285994334,20597.36769230769,0,4
32_Phoenix_City,70,70,707044,3,40000.0,200000.0,91.42857142857144,503.49596634615386,1783.1073846153845,1.4649577631496349,5.756212861650142,19985.333076923074,0,0
32_Phoenix_City,70,70,707044,3,40000.0,200000.0,91.42857142857144,507.5926418269231,1796.4790769230767,1.3343221006629962,2.766419586972455,18949.31907692308,0,1
32_Phoenix_City,70,70,707044,3,40000.0,200000.0,97.14285714285714,473.9585045248869,1772.353846153846,1.3682602154785444,3.03100285994334,21505.024461538454,0,2
32_Phoenix_City,70,70,707044,3,40000.0,200000.0,94.28571428571428,519.8271818181819,1783.1073846153845,1.4342567113949838,5.756212861650142,20561.847384615383,0,3
32_Phoenix_City,70,70,707044,3,40000.0,200000.0,91.42857142857144,542.41996875,1783.1073846153845,1.4341937919290126,5.756212861650142,19531.885692307693,0,4
32_Phoenix_City,70,70,707044,3,40000.0,400000.0,97.14285714285714,540.7216425339366,1783.1073846153845,1.3834458491066428,5.756212861650142,21433.060615384617,0,0
32_Phoenix_City,70,70,707044,3,40000.0,400000.0,94.28571428571428,554.850289044289,1654.8584615384616,1.3192721661199245,3.3802913094989204,19454.261846153844,0,1
32_Phoenix_City,70,70,707044,3,40000.0,400000.0,94.28571428571428,588.3071445221445,1772.353846153846,1.361065384142795,3.03100285994334,20504.415538461533,0,2
32_Phoenix_City,70,70,707044,3,40000.0,400000.0,97.14285714285714,446.20007918552034,1678.5566153846153,1.3434330767358482,5.756212861650142,20040.334,0,3
32_Phoenix_City,70,70,707044,3,40000.0,400000.0,91.42857142857144,547.1323557692308,1775.4230769230771,1.3968135079912989,2.7987043057277163,18908.423384615387,0,4
32_Phoenix_City,70,140,1407042,1,2500.0,5000.0,92.85714285714286,644.9637005917159,1778.0003076923076,1.2357642337242585,2.50318020813914,33069.408923076895,0,0
32_Phoenix_City,70,140,1407042,1,2500.0,5000.0,92.85714285714286,618.060349112426,1773.062461538461,1.3134987647305716,7.072836786736005,33652.45353846152,0,1
32_Phoenix_City,70,140,1407042,1,2500.0,5000.0,94.28571428571428,552.3581631701632,1778.0003076923076,1.214469164174856,2.636000187713433,34220.363999999994,0,2
32_Phoenix_City,70,140,1407042,1,2500.0,5000.0,91.42857142857144,605.7083677884615,1758.3646153846153,1.23976511383133,2.540047939123089,32818.14861538461,0,3
32_Phoenix_City,70,140,1407042,1,2500.0,5000.0,91.42857142857144,563.1515504807693,1671.9316923076922,1.2232596091258947,3.108284596458677,31867.365230769217,0,4
32_Phoenix_City,70,140,1407042,1,2500.0,12500.0,92.85714285714286,584.9054733727811,1756.0716923076925,1.223657749513214,2.044730658776434,33906.57384615384,0,0
32_Phoenix_City,70,140,1407042,1,2500.0,12500.0,92.85714285714286,598.4224662721894,1775.3889230769228,1.2599537577736086,3.108284596458677,33510.2766153846,0,1
32_Phoenix_City,70,140,1407042,1,2500.0,12500.0,91.42857142857144,548.4944519230769,1765.9738461538464,1.2962250222989,6.021235125153876,32403.286461538453,0,2
32_Phoenix_City,70,140,1407042,1,2500.0,12500.0,92.85714285714286,605.9620153846154,1794.944307692308,1.286541880175068,7.072836786736005,33476.982461538464,0,3
32_Phoenix_City,70,140,1407042,1,2500.0,12500.0,92.85714285714286,591.659823668639,1738.6409230769227,1.2432027386201072,3.379946273267897,32795.55353846153,0,4
32_Phoenix_City,70,140,1407042,1,2500.0,25000.0,95.71428571428572,598.0411538461539,1775.3889230769228,1.2317090430914812,3.566867664260072,34187.59076923077,0,0
32_Phoenix_City,70,140,1407042,1,2500.0,25000.0,90.0,648.0691379731379,1778.0003076923076,1.2145363014595911,2.022601677127589,32077.912,0,1
32_Phoenix_City,5,5,50545,4,2500.0,5000.0,80.0,389.30288461538464,993.0292307692308,4.230121597012978,7.416780292700661,1538.765846153846,0,0
32_Phoenix_City,5,5,50545,4,2500.0,5000.0,80.0,389.30288461538464,993.0292307692308,4.230121597012978,7.416780292700661,1538.765846153846,0,1
32_Phoenix_City,5,5,50545,4,2500.0,5000.0,80.0,389.30288461538464,993.0292307692308,4.230121597012978,7.416780292700661,1538.765846153846,0,2
32_Phoenix_City,5,5,50545,4,2500.0,12500.0,80.0,389.30288461538464,993.0292307692308,4.230121597012978,7.416780292700661,1538.765846153846,0,0
32_Phoenix_City,5,5,50545,4,2500.0,12500.0,80.0,389.30288461538464,993.0292307692308,4.230121597012978,7.416780292700661,1538.765846153846,0,1
32_Phoenix_City,5,5,50545,4,2500.0,12500.0,80.0,389.30288461538464,993.0292307692308,4.230121597012978,7.416780292700661,1538.765846153846,0,2
32_Phoenix_City,5,5,50545,4,2500.0,25000.0,80.0,389.30288461538464,993.0292307692308,4.230121597012978,7.416780292700661,1538.765846153846,0,0
32_Phoenix_City,5,5,50545,4,2500.0,25000.0,80.0,389.30288461538464,993.0292307692308,4.230121597012978,7.416780292700661,1538.765846153846,0,1
32_Phoenix_City,5,5,50545,4,2500.0,25000.0,80.0,389.30288461538464,993.0292307692308,4.230121597012978,7.416780292700661,1538.765846153846,0,2
32_Phoenix_City,5,5,50545,4,5000.0,10000.0,80.0,389.30288461538464,993.0292307692308,4.230121597012978,7.416780292700661,1538.765846153846,0,0
32_Phoenix_City,5,5,50545,4,5000.0,10000.0,80.0,389.30288461538464,993.0292307692308,4.230121597012978,7.416780292700661,1538.765846153846,0,1
32_Phoenix_City,5,5,50545,4,5000.0,10000.0,80.0,389.30288461538464,993.0292307692308,4.230121597012978,7.416780292700661,1538.765846153846,0,2
32_Phoenix_City,5,5,50545,4,5000.0,25000.0,80.0,389.30288461538464,993.0292307692308,4.230121597012978,7.416780292700661,1538.765846153846,0,0
32_Phoenix_City,5,5,50545,4,5000.0,25000.0,80.0,389.30288461538464,993.0292307692308,4.230121597012978,7.416780292700661,1538.765846153846,0,1
32_Phoenix_City,5,5,50545,4,5000.0,25000.0,80.0,389.30288461538464,993.0292307692308,4.230121597012978,7.416780292700661,1538.765846153846,0,2
32_Phoenix_City,5,5,50545,4,5000.0,50000.0,80.0,389.30288461538464,993.0292307692308,4.230121597012978,7.416780292700661,1538.765846153846,0,0
32_Phoenix_City,5,5,50545,4,5000.0,50000.0,80.0,389.30288461538464,993.0292307692308,4.230121597012978,7.416780292700661,1538.765846153846,0,1
32_Phoenix_City,5,5,50545,4,5000.0,50000.0,80.0,389.30288461538464,993.0292307692308,4.230121597012978,7.416780292700661,1538.765846153846,0,2
32_Phoenix_City,5,5,50545,4,10000.0,20000.0,80.0,389.30288461538464,993.0292307692308,4.230121597012978,7.416780292700661,1538.765846153846,0,0
32_Phoenix_City,5,5,50545,4,10000.0,20000.0,80.0,389.30288461538464,993.0292307692308,4.230121597012978,7.416780292700661,1538.765846153846,0,1
32_Phoenix_City,5,5,50545,4,10000.0,20000.0,80.0,389.30288461538464,993.0292307692308,4.230121597012978,7.416780292700661,1538.765846153846,0,2
32_Phoenix_City,5,5,50545,4,10000.0,50000.0,80.0,389.30288461538464,993.0292307692308,4.230121597012978,7.416780292700661,1538.765846153846,0,0
32_Phoenix_City,5,5,50545,4,10000.0,50000.0,80.0,389.30288461538464,993.0292307692308,4.230121597012978,7.416780292700661,1538.765846153846,0,1
32_Phoenix_City,5,5,50545,4,10000.0,50000.0,80.0,389.30288461538464,993.0292307692308,4.230121597012978,7.416780292700661,1538.765846153846,0,2
32_Phoenix_City,5,5,50545,4,10000.0,100000.0,80.0,389.30288461538464,993.0292307692308,4.230121597012978,7.416780292700661,1538.765846153846,0,0
32_Phoenix_City,5,5,50545,4,10000.0,100000.0,80.0,389.30288461538464,993.0292307692308,4.230121597012978,7.416780292700661,1538.765846153846,0,1
32_Phoenix_City,5,5,50545,4,10000.0,100000.0,80.0,389.30288461538464,993.0292307692308,4.230121597012978,7.416780292700661,1538.765846153846,0,2
32_Phoenix_City,5,5,50545,4,20000.0,40000.0,80.0,389.30288461538464,993.0292307692308,4.230121597012978,7.416780292700661,1538.765846153846,0,0
32_Phoenix_City,5,5,50545,4,20000.0,40000.0,80.0,389.30288461538464,993.0292307692308,4.230121597012978,7.416780292700661,1538.765846153846,0,1
32_Phoenix_City,5,5,50545,4,20000.0,40000.0,80.0,389.30288461538464,993.0292307692308,4.230121597012978,7.416780292700661,1538.765846153846,0,2
32_Phoenix_City,5,5,50545,4,20000.0,100000.0,80.0,389.30288461538464,993.0292307692308,4.230121597012978,7.416780292700661,1538.765846153846,0,0
32_Phoenix_City,5,5,50545,4,20000.0,100000.0,80.0,389.30288461538464,993.0292307692308,4.230121597012978,7.416780292700661,1538.765846153846,0,1
32_Phoenix_City,5,5,50545,4,20000.0,100000.0,80.0,389.30288461538464,993.0292307692308,4.230121597012978,7.416780292700661,1538.765846153846,0,2
32_Phoenix_City,5,5,50545,4,20000.0,200000.0,80.0,389.30288461538464,993.0292307692308,4.230121597012978,7.416780292700661,1538.765846153846,0,0
32_Phoenix_City,5,5,50545,4,20000.0,200000.0,80.0,389.30288461538464,993.0292307692308,4.230121597012978,7.416780292700661,1538.765846153846,0,1
32_Phoenix_City,5,5,50545,4,20000.0,200000.0,80.0,389.30288461538464,993.0292307692308,4.230121597012978,7.416780292700661,1538.765846153846,0,2
32_Phoenix_City,5,5,50545,4,40000.0,80000.0,80.0,389.30288461538464,993.0292307692308,4.230121597012978,7.416780292700661,1538.765846153846,0,0
32_Phoenix_City,5,5,50545,4,40000.0,80000.0,80.0,389.30288461538464,993.0292307692308,4.230121597012978,7.416780292700661,1538.765846153846,0,1
32_Phoenix_City,5,5,50545,4,40000.0,80000.0,80.0,389.30288461538464,993.0292307692308,4.230121597012978,7.416780292700661,1538.765846153846,0,2
32_Phoenix_City,5,5,50545,4,40000.0,200000.0,80.0,389.30288461538464,993.0292307692308,4.230121597012978,7.416780292700661,1538.765846153846,0,0
32_Phoenix_City,5,5,50545,4,40000.0,200000.0,80.0,389.30288461538464,993.0292307692308,4.230121597012978,7.416780292700661,1538.765846153846,0,1
32_Phoenix_City,5,5,50545,4,40000.0,200000.0,80.0,389.30288461538464,993.0292307692308,4.230121597012978,7.416780292700661,1538.765846153846,0,2
32_Phoenix_City,5,5,50545,4,40000.0,400000.0,80.0,389.30288461538464,993.0292307692308,4.230121597012978,7.416780292700661,1538.765846153846,0,0
32_Phoenix_City,5,5,50545,4,40000.0,400000.0,80.0,389.30288461538464,993.0292307692308,4.230121597012978,7.416780292700661,1538.765846153846,0,1
32_Phoenix_City,5,5,50545,4,40000.0,400000.0,80.0,389.30288461538464,993.0292307692308,4.230121597012978,7.416780292700661,1538.765846153846,0,2
32_Phoenix_City,5,5,50546,5,2500.0,5000.0,40.0,68.56138461538467,137.12276923076934,1.5769056927924825,1.7864407319566438,721.4172307692305,0,0
32_Phoenix_City,5,5,50546,5,2500.0,5000.0,40.0,68.56138461538467,137.12276923076934,1.5769056927924825,1.7864407319566438,721.4172307692305,0,1
32_Phoenix_City,5,5,50546,5,2500.0,5000.0,40.0,68.56138461538467,137.12276923076934,1.5769056927924825,1.7864407319566438,721.4172307692305,0,2
32_Phoenix_City,5,5,50546,5,2500.0,12500.0,40.0,68.56138461538467,137.12276923076934,1.5769056927924825,1.7864407319566438,721.4172307692305,0,0
32_Phoenix_City,5,5,50546,5,2500.0,12500.0,40.0,68.56138461538467,137.12276923076934,1.5769056927924825,1.7864407319566438,721.4172307692305,0,1
32_Phoenix_City,5,5,50546,5,2500.0,12500.0,40.0,68.56138461538467,137.12276923076934,1.5769056927924825,1.7864407319566438,721.4172307692305,0,2
32_Phoenix_City,5,5,50546,5,2500.0,25000.0,40.0,68.56138461538467,137.12276923076934,1.5769056927924825,1.7864407319566438,721.4172307692305,0,0
32_Phoenix_City,5,5,50546,5,2500.0,25000.0,40.0,68.56138461538467,137.12276923076934,1.5769056927924825,1.7864407319566438,721.4172307692305,0,1
32_Phoenix_City,5,5,50546,5,2500.0,25000.0,40.0,68.56138461538467,137.12276923076934,1.5769056927924825,1.7864407319566438,721.4172307692305,0,2
32_Phoenix_City,5,5,50546,5,5000.0,10000.0,40.0,68.56138461538467,137.12276923076934,1.5769056927924825,1.7864407319566438,721.4172307692305,0,0
32_Phoenix_City,5,5,50546,5,5000.0,10000.0,40.0,68.56138461538467,137.12276923076934,1.5769056927924825,1.7864407319566438,721.4172307692305,0,1
32_Phoenix_City,5,5,50546,5,5000.0,10000.0,40.0,68.56138461538467,137.12276923076934,1.5769056927924825,1.7864407319566438,721.4172307692305,0,2
32_Phoenix_City,5,5,50546,5,5000.0,25000.0,40.0,68.56138461538467,137.12276923076934,1.5769056927924825,1.7864407319566438,721.4172307692305,0,0
32_Phoenix_City,5,5,50546,5,5000.0,25000.0,40.0,68.56138461538467,137.12276923076934,1.5769056927924825,1.7864407319566438,721.4172307692305,0,1
32_Phoenix_City,5,5,50546,5,5000.0,25000.0,40.0,68.56138461538467,137.12276923076934,1.5769056927924825,1.7864407319566438,721.4172307692305,0,2
32_Phoenix_City,5,5,50546,5,5000.0,50000.0,40.0,68.56138461538467,137.12276923076934,1.5769056927924825,1.7864407319566438,721.4172307692305,0,0
32_Phoenix_City,5,5,50546,5,5000.0,50000.0,40.0,68.56138461538467,137.12276923076934,1.5769056927924825,1.7864407319566438,721.4172307692305,0,1
32_Phoenix_City,5,5,50546,5,5000.0,50000.0,40.0,68.56138461538467,137.12276923076934,1.5769056927924825,1.7864407319566438,721.4172307692305,0,2
32_Phoenix_City,5,5,50546,5,10000.0,20000.0,40.0,68.56138461538467,137.12276923076934,1.5769056927924825,1.7864407319566438,721.4172307692305,0,0
32_Phoenix_City,5,5,50546,5,10000.0,20000.0,40.0,68.56138461538467,137.12276923076934,1.5769056927924825,1.7864407319566438,721.4172307692305,0,1
32_Phoenix_City,5,5,50546,5,10000.0,20000.0,40.0,68.56138461538467,137.12276923076934,1.5769056927924825,1.7864407319566438,721.4172307692305,0,2
32_Phoenix_City,5,5,50546,5,10000.0,50000.0,40.0,68.56138461538467,137.12276923076934,1.5769056927924825,1.7864407319566438,721.4172307692305,0,0
32_Phoenix_City,5,5,50546,5,10000.0,50000.0,40.0,68.56138461538467,137.12276923076934,1.5769056927924825,1.7864407319566438,721.4172307692305,0,1
32_Phoenix_City,5,5,50546,5,10000.0,50000.0,40.0,68.56138461538467,137.12276923076934,1.5769056927924825,1.7864407319566438,721.4172307692305,0,2
32_Phoenix_City,5,5,50546,5,10000.0,100000.0,40.0,68.56138461538467,137.12276923076934,1.5769056927924825,1.7864407319566438,721.4172307692305,0,0
32_Phoenix_City,5,5,50546,5,10000.0,100000.0,40.0,68.56138461538467,137.12276923076934,1.5769056927924825,1.7864407319566438,721.4172307692305,0,1
32_Phoenix_City,5,5,50546,5,10000.0,100000.0,40.0,68.56138461538467,137.12276923076934,1.5769056927924825,1.7864407319566438,721.4172307692305,0,2
32_Phoenix_City,5,5,50546,5,20000.0,40000.0,40.0,68.56138461538467,137.12276923076934,1.5769056927924825,1.7864407319566438,721.4172307692305,0,0
32_Phoenix_City,5,5,50546,5,20000.0,40000.0,40.0,68.56138461538467,137.12276923076934,1.5769056927924825,1.7864407319566438,721.4172307692305,0,1
32_Phoenix_City,5,5,50546,5,20000.0,40000.0,40.0,68.56138461538467,137.12276923076934,1.5769056927924825,1.7864407319566438,721.4172307692305,0,2
32_Phoenix_City,5,5,50546,5,20000.0,100000.0,40.0,68.56138461538467,137.12276923076934,1.5769056927924825,1.7864407319566438,721.4172307692305,0,0
32_Phoenix_City,5,5,50546,5,20000.0,100000.0,40.0,68.56138461538467,137.12276923076934,1.5769056927924825,1.7864407319566438,721.4172307692305,0,1
32_Phoenix_City,5,5,50546,5,20000.0,100000.0,40.0,68.56138461538467,137.12276923076934,1.5769056927924825,1.7864407319566438,721.4172307692305,0,2
32_Phoenix_City,5,5,50546,5,20000.0,200000.0,40.0,68.56138461538467,137.12276923076934,1.5769056927924825,1.7864407319566438,721.4172307692305,0,0
32_Phoenix_City,5,5,50546,5,20000.0,200000.0,40.0,68.56138461538467,137.12276923076934,1.5769056927924825,1.7864407319566438,721.4172307692305,0,1
32_Phoenix_City,5,5,50546,5,20000.0,200000.0,40.0,68.56138461538467,137.12276923076934,1.5769056927924825,1.7864407319566438,721.4172307692305,0,2
32_Phoenix_City,5,5,50546,5,40000.0,80000.0,40.0,68.56138461538467,137.12276923076934,1.5769056927924825,1.7864407319566438,721.4172307692305,0,0
32_Phoenix_City,5,5,50546,5,40000.0,80000.0,40.0,68.56138461538467,137.12276923076934,1.5769056927924825,1.7864407319566438,721.4172307692305,0,1
32_Phoenix_City,5,5,50546,5,40000.0,80000.0,40.0,68.56138461538467,137.12276923076934,1.5769056927924825,1.7864407319566438,721.4172307692305,0,2
32_Phoenix_City,5,5,50546,5,40000.0,200000.0,40.0,68.56138461538467,137.12276923076934,1.5769056927924825,1.7864407319566438,721.4172307692305,0,0
32_Phoenix_City,5,5,50546,5,40000.0,200000.0,40.0,68.56138461538467,137.12276923076934,1.5769056927924825,1.7864407319566438,721.4172307692305,0,1
32_Phoenix_City,5,5,50546,5,40000.0,200000.0,40.0,68.56138461538467,137.12276923076934,1.5769056927924825,1.7864407319566438,721.4172307692305,0,2
32_Phoenix_City,5,5,50546,5,40000.0,400000.0,40.0,68.56138461538467,137.12276923076934,1.5769056927924825,1.7864407319566438,721.4172307692305,0,0
32_Phoenix_City,5,5,50546,5,40000.0,400000.0,40.0,68.56138461538467,137.12276923076934,1.5769056927924825,1.7864407319566438,721.4172307692305,0,1
32_Phoenix_City,5,5,50546,5,40000.0,400000.0,40.0,68.56138461538467,137.12276923076934,1.5769056927924825,1.7864407319566438,721.4172307692305,0,2
32_Phoenix_City,5,10,100545,4,2500.0,5000.0,50.0,338.50178461538457,896.0313846153847,2.525123757344573,4.381029174071716,1941.414153846154,0,0
32_Phoenix_City,5,10,100545,4,2500.0,5000.0,50.0,338.50178461538457,896.0313846153847,2.525123757344573,4.381029174071716,1941.414153846154,0,1
32_Phoenix_City,5,10,100545,4,2500.0,5000.0,50.0,338.50178461538457,896.0313846153847,2.525123757344573,4.381029174071716,1941.414153846154,0,2
32_Phoenix_City,5,10,100545,4,2500.0,12500.0,50.0,338.50178461538457,896.0313846153847,2.525123757344573,4.381029174071716,1941.414153846154,0,0
32_Phoenix_City,5,10,100545,4,2500.0,12500.0,50.0,338.50178461538457,896.0313846153847,2.525123757344573,4.381029174071716,1941.414153846154,0,1
32_Phoenix_City,5,10,100545,4,2500.0,12500.0,50.0,338.50178461538457,896.0313846153847,2.525123757344573,4.381029174071716,1941.414153846154,0,2
32_Phoenix_City,5,10,100545,4,2500.0,25000.0,50.0,338.50178461538457,896.0313846153847,2.525123757344573,4.381029174071716,1941.414153846154,0,0
32_Phoenix_City,5,10,100545,4,2500.0,25000.0,50.0,338.50178461538457,896.0313846153847,2.525123757344573,4.381029174071716,1941.414153846154,0,1
32_Phoenix_City,5,10,100545,4,2500.0,25000.0,50.0,189.9511384615384,608.2747692307694,2.516940510511176,4.381029174071716,2041.612923076923,0,2
32_Phoenix_City,5,10,100545,4,5000.0,10000.0,50.0,338.50178461538457,896.0313846153847,2.525123757344573,4.381029174071716,1941.414153846154,0,0
32_Phoenix_City,5,10,100545,4,5000.0,10000.0,50.0,338.50178461538457,896.0313846153847,2.525123757344573,4.381029174071716,1941.414153846154,0,1
32_Phoenix_City,5,10,100545,4,5000.0,10000.0,50.0,338.50178461538457,896.0313846153847,2.525123757344573,4.381029174071716,1941.414153846154,0,2
32_Phoenix_City,5,10,100545,4,5000.0,25000.0,50.0,338.50178461538457,896.0313846153847,2.525123757344573,4.381029174071716,1941.414153846154,0,0
32_Phoenix_City,5,10,100545,4,5000.0,25000.0,50.0,189.9511384615384,608.2747692307694,2.516940510511176,4.381029174071716,2041.612923076923,0,1
32_Phoenix_City,5,10,100545,4,5000.0,25000.0,50.0,338.50178461538457,896.0313846153847,2.525123757344573,4.381029174071716,1941.414153846154,0,2
32_Phoenix_City,5,10,100545,4,5000.0,50000.0,50.0,338.50178461538457,896.0313846153847,2.525123757344573,4.381029174071716,1941.414153846154,0,0
32_Phoenix_City,5,10,100545,4,5000.0,50000.0,50.0,189.9511384615384,608.2747692307694,2.516940510511176,4.381029174071716,2041.612923076923,0,1
32_Phoenix_City,5,10,100545,4,5000.0,50000.0,50.0,338.50178461538457,896.0313846153847,2.525123757344573,4.381029174071716,1941.414153846154,0,2
32_Phoenix_City,5,10,100545,4,10000.0,20000.0,50.0,338.50178461538457,896.0313846153847,2.525123757344573,4.381029174071716,1941.414153846154,0,0
32_Phoenix_City,5,10,100545,4,10000.0,20000.0,50.0,189.9511384615384,608.2747692307694,2.516940510511176,4.381029174071716,2041.612923076923,0,1
32_Phoenix_City,5,10,100545,4,10000.0,20000.0,50.0,338.50178461538457,896.0313846153847,2.525123757344573,4.381029174071716,1941.414153846154,0,2
32_Phoenix_City,5,10,100545,4,10000.0,50000.0,60.0,465.3069230769232,1360.6400000000003,2.1512846638661127,3.091281421184661,2268.618769230769,0,0
32_Phoenix_City,5,10,100545,4,10000.0,50000.0,50.0,338.50178461538457,896.0313846153847,2.525123757344573,4.381029174071716,1941.414153846154,0,1
32_Phoenix_City,5,10,100545,4,10000.0,50000.0,50.0,338.50178461538457,896.0313846153847,2.525123757344573,4.381029174071716,1941.414153846154,0,2
32_Phoenix_City,5,10,100545,4,10000.0,100000.0,60.0,465.3069230769232,1360.6400000000003,2.1512846638661127,3.091281421184661,2268.618769230769,0,0
32_Phoenix_City,5,10,100545,4,10000.0,100000.0,50.0,189.9511384615384,608.2747692307694,2.516940510511176,4.381029174071716,2041.612923076923,0,1
32_Phoenix_City,5,10,100545,4,10000.0,100000.0,50.0,338.50178461538457,896.0313846153847,2.525123757344573,4.381029174071716,1941.414153846154,0,2
32_Phoenix_City,5,10,100545,4,20000.0,40000.0,50.0,338.50178461538457,896.0313846153847,2.525123757344573,4.381029174071716,1941.414153846154,0,0
32_Phoenix_City,5,10,100545,4,20000.0,40000.0,50.0,189.9511384615384,608.2747692307694,2.516940510511176,4.381029174071716,2041.612923076923,0,1
32_Phoenix_City,5,10,100545,4,20000.0,40000.0,50.0,338.50178461538457,896.0313846153847,2.525123757344573,4.381029174071716,1941.414153846154,0,2
32_Phoenix_City,5,10,100545,4,20000.0,100000.0,60.0,465.3069230769232,1360.6400000000003,2.1512846638661127,3.091281421184661,2268.618769230769,0,0
32_Phoenix_City,5,10,100545,4,20000.0,100000.0,50.0,338.50178461538457,896.0313846153847,2.525123757344573,4.381029174071716,1941.414153846154,0,1
32_Phoenix_City,5,10,100545,4,20000.0,100000.0,50.0,338.50178461538457,896.0313846153847,2.525123757344573,4.381029174071716,1941.414153846154,0,2
32_Phoenix_City,5,10,100545,4,20000.0,200000.0,50.0,338.50178461538457,896.0313846153847,2.525123757344573,4.381029174071716,1941.414153846154,0,0
32_Phoenix_City,5,10,100545,4,20000.0,200000.0,50.0,189.9511384615384,608.2747692307694,2.516940510511176,4.381029174071716,2041.612923076923,0,1
32_Phoenix_City,5,10,100545,4,20000.0,200000.0,50.0,338.50178461538457,896.0313846153847,2.525123757344573,4.381029174071716,1941.414153846154,0,2
32_Phoenix_City,5,10,100545,4,40000.0,80000.0,50.0,338.50178461538457,896.0313846153847,2.525123757344573,4.381029174071716,1941.414153846154,0,0
32_Phoenix_City,5,10,100545,4,40000.0,80000.0,50.0,338.50178461538457,896.0313846153847,2.525123757344573,4.381029174071716,1941.414153846154,0,1
32_Phoenix_City,5,10,100545,4,40000.0,80000.0,50.0,338.50178461538457,896.0313846153847,2.525123757344573,4.381029174071716,1941.414153846154,0,2
32_Phoenix_City,5,10,100545,4,40000.0,200000.0,50.0,338.50178461538457,896.0313846153847,2.525123757344573,4.381029174071716,1941.414153846154,0,0
32_Phoenix_City,5,10,100545,4,40000.0,200000.0,50.0,338.50178461538457,896.0313846153847,2.525123757344573,4.381029174071716,1941.414153846154,0,1
32_Phoenix_City,5,10,100545,4,40000.0,200000.0,50.0,189.9511384615384,608.2747692307694,2.516940510511176,4.381029174071716,2041.612923076923,0,2
32_Phoenix_City,5,10,100545,4,40000.0,400000.0,50.0,338.50178461538457,896.0313846153847,2.525123757344573,4.381029174071716,1941.414153846154,0,0
32_Phoenix_City,5,10,100545,4,40000.0,400000.0,50.0,338.50178461538457,896.0313846153847,2.525123757344573,4.381029174071716,1941.414153846154,0,1
32_Phoenix_City,5,10,100545,4,40000.0,400000.0,50.0,338.50178461538457,896.0313846153847,2.525123757344573,4.381029174071716,1941.414153846154,0,2
32_Phoenix_City,5,10,100546,5,2500.0,5000.0,70.0,554.4787692307692,1334.1458461538462,1.5670974170102514,2.097010842960643,3185.8664615384623,0,0
32_Phoenix_City,5,10,100546,5,2500.0,5000.0,70.0,554.4787692307692,1334.1458461538462,1.5670974170102514,2.097010842960643,3185.8664615384623,0,1
32_Phoenix_City,5,10,100546,5,2500.0,5000.0,70.0,554.4787692307692,1334.1458461538462,1.5670974170102514,2.097010842960643,3185.8664615384623,0,2
32_Phoenix_City,5,10,100546,5,2500.0,12500.0,70.0,554.4787692307692,1334.1458461538462,1.7319212707650322,2.321332089700788,3413.310153846154,0,0
32_Phoenix_City,5,10,100546,5,2500.0,12500.0,70.0,554.4787692307692,1334.1458461538462,1.5670974170102514,2.097010842960643,3185.8664615384623,0,1
32_Phoenix_City,90,180,1809042,1,2500.0,5000.0,91.11111111111111,448.0337063789869,1768.9030769230767,1.1532792384765826,2.1654831619557027,39844.39738461538,0,0
32_Phoenix_City,90,180,1809042,1,2500.0,5000.0,93.33333333333331,445.32216575091576,1794.5264615384615,1.1529224541253205,2.5189611107273606,41597.86015384616,0,1
32_Phoenix_City,90,180,1809042,1,2500.0,5000.0,94.44444444444444,402.5245502262443,1762.9741538461535,1.177067936308398,2.602912600093248,42577.06738461539,0,2
32_Phoenix_City,90,180,1809042,1,2500.0,12500.0,94.44444444444444,453.5557085972851,1764.7033846153845,1.1252995510140038,2.1654831619557027,41455.63953846153,0,0
32_Phoenix_City,90,180,1809042,1,2500.0,12500.0,95.55555555555556,467.49250000000006,1782.0683076923078,1.1313453278487833,2.5189611107273606,41918.767384615385,0,1
32_Phoenix_City,90,180,1809042,1,2500.0,12500.0,92.22222222222224,447.65448470806297,1669.0092307692312,1.1319183799168189,3.054139382600561,39214.57892307693,0,2
32_Phoenix_City,90,180,1809042,1,2500.0,25000.0,94.44444444444444,451.1115945701357,1794.5264615384615,1.130224389025349,2.6936636283621147,41495.828307692296,0,0
32_Phoenix_City,90,180,1809042,1,2500.0,25000.0,93.33333333333331,458.3438507326008,1762.9741538461535,1.1567829397780192,3.054139382600561,42348.26646153844,0,1
32_Phoenix_City,90,180,1809042,1,2500.0,25000.0,93.33333333333331,417.1406437728937,1721.7667692307696,1.1499315876781036,2.5189611107273606,41214.87492307692,0,2
32_Phoenix_City,90,180,1809042,1,5000.0,10000.0,93.33333333333331,481.9413113553113,1794.5264615384615,1.1293898073976674,2.602912600093248,41280.98123076924,0,0
32_Phoenix_City,90,180,1809042,1,5000.0,10000.0,94.44444444444444,490.56181719457015,1762.9741538461535,1.1320205313056213,2.602912600093248,40430.09784615384,0,1
32_Phoenix_City,90,180,1809042,1,5000.0,10000.0,93.33333333333331,456.9853553113553,1756.9224615384614,1.1785768695174652,2.637644665205624,42762.07584615385,0,2
32_Phoenix_City,90,180,1809042,1,5000.0,25000.0,92.22222222222224,424.4080750695088,1794.5264615384615,1.1792381194573214,2.5189611107273606,42797.33553846154,0,0
32_Phoenix_City,90,180,1809042,1,5000.0,25000.0,92.22222222222224,476.0236654309545,1780.487076923077,1.1381673890219126,2.5189611107273606,39283.43953846153,0,1
32_Phoenix_City,90,180,1809042,1,5000.0,25000.0,94.44444444444444,461.4786904977376,1756.9224615384614,1.1359692110659203,3.054139382600561,41866.51492307692,0,2
32_Phoenix_City,90,180,1809042,1,5000.0,50000.0,92.22222222222224,473.2172622798888,1794.5264615384615,1.118512483737505,2.472264007346242,38581.34753846152,0,0
32_Phoenix_City,90,180,1809042,1,5000.0,50000.0,92.22222222222224,424.2904355885078,1762.9741538461535,1.141635080088033,3.054139382600561,40137.418923076926,0,1
32_Phoenix_City,90,180,1809042,1,5000.0,50000.0,93.33333333333331,494.3505851648352,1746.7978461538464,1.1146166558293285,2.1654831619557027,38989.764461538456,0,2
32_Phoenix_City,90,180,1809042,1,10000.0,20000.0,94.44444444444444,450.34982171945694,1753.039076923077,1.1541968674586387,2.6419411526618606,41767.84892307691,0,0
32_Phoenix_City,90,180,1809042,1,10000.0,20000.0,94.44444444444444,467.4511049773756,1762.9741538461535,1.136858508211815,2.6419411526618606,42454.62276923074,0,1
32_Phoenix_City,90,180,1809042,1,10000.0,20000.0,95.55555555555556,461.4252576028623,1756.9224615384614,1.1405966508043557,2.602912600093248,42587.71430769231,0,2
32_Phoenix_City,90,180,1809042,1,10000.0,50000.0,93.33333333333331,444.0026620879121,1762.9741538461535,1.1509812204814538,2.2939458766608896,41783.15692307693,0,0
32_Phoenix_City,90,180,1809042,1,10000.0,50000.0,90.0,447.2651642924976,1756.9224615384614,1.1331806514234055,2.416965993505628,37286.22569230769,0,1
32_Phoenix_City,90,180,1809042,1,10000.0,50000.0,93.33333333333331,430.68743223443226,1736.1406153846156,1.1520127511924427,3.054139382600561,40514.43969230769,0,2
32_Phoenix_City,90,180,1809042,1,10000.0,100000.0,92.22222222222224,374.1741455050973,1747.1775384615385,1.1181256543819666,2.683259339265418,39393.44015384615,0,0
32_Phoenix_City,90,180,1809042,1,10000.0,100000.0,91.11111111111111,474.1076125703564,1756.9224615384614,1.1289465312778313,2.5087945580888973,38346.57199999999,0,1
32_Phoenix_City,90,180,1809042,1,10000.0,100000.0,90.0,438.2758433048433,1726.4144615384616,1.127251143414952,1.9725528140622484,39099.37369230767,0,2
32_Phoenix_City,90,180,1809042,1,20000.0,40000.0,93.33333333333331,444.5616263736264,1726.4144615384616,1.1152829082701643,1.9725520810426471,40526.119230769255,0,0
32_Phoenix_City,90,180,1809042,1,20000.0,40000.0,93.33333333333331,429.7374432234432,1756.9224615384614,1.1644796149370886,2.633121282194901,41891.03507692306,0,1
32_Phoenix_City,90,180,1809042,1,20000.0,40000.0,94.44444444444444,465.06215656108594,1794.5264615384615,1.157615261428845,2.6936636283621147,41562.37446153846,0,2
32_Phoenix_City,90,180,1809042,1,20000.0,100000.0,94.44444444444444,516.899207239819,1749.2895384615383,1.1327656179953862,1.9725520810426471,41901.098769230775,0,0
32_Phoenix_City,90,180,1809042,1,20000.0,100000.0,94.44444444444444,456.3963321266968,1794.5264615384615,1.1725122097510885,2.637644665205624,41997.98692307691,0,1
32_Phoenix_City,90,180,1809042,1,20000.0,100000.0,94.44444444444444,459.6052199095023,1753.039076923077,1.1378038690720371,2.6936636283621147,41267.84507692305,0,2
32_Phoenix_City,90,180,1809042,1,20000.0,200000.0,92.22222222222224,468.7350064874884,1770.8403076923078,1.155063986685132,1.9881610255285944,39470.07984615384,0,0
32_Phoenix_City,90,180,1809042,1,20000.0,200000.0,93.33333333333331,442.03252014652014,1794.5264615384615,1.1355823966839975,2.704716964403988,41194.9643076923,0,1
32_Phoenix_City,90,180,1809042,1,20000.0,200000.0,93.33333333333331,483.6508928571428,1756.9224615384614,1.136118932035024,2.472264007346242,41459.573384615374,0,2
32_Phoenix_City,90,180,1809042,1,40000.0,80000.0,94.44444444444444,462.52458461538464,1794.5264615384615,1.103174125221034,2.637644665205624,41073.991846153855,0,0
32_Phoenix_City,90,180,1809042,1,40000.0,80000.0,94.44444444444444,434.60436199095017,1707.344923076923,1.1576853292290696,2.5189611107273606,40990.03461538461,0,1
32_Phoenix_City,90,180,1809042,1,40000.0,80000.0,93.33333333333331,468.00506135531134,1794.5264615384615,1.1493717316520855,2.6936636283621147,41140.866615384606,0,2
32_Phoenix_City,90,180,1809042,1,40000.0,200000.0,93.33333333333331,442.2607399267399,1762.9741538461535,1.1298078121258404,1.9708813732548025,41542.21107692306,0,0
32_Phoenix_City,90,180,1809042,1,40000.0,200000.0,93.33333333333331,414.7547637362637,1768.9030769230767,1.1578014605487552,3.054139382600561,41185.70476923076,0,1
32_Phoenix_City,90,180,1809042,1,40000.0,200000.0,91.11111111111111,457.4933424015009,1726.4144615384616,1.1558281594920503,2.602912600093248,39276.49846153845,0,2
32_Phoenix_City,90,180,1809042,1,40000.0,400000.0,92.22222222222224,457.671952734013,1794.5264615384615,1.1305070524302836,2.5189611107273606,41251.051230769226,0,0
32_Phoenix_City,90,180,1809042,1,40000.0,400000.0,93.33333333333331,463.6616336996337,1753.4261538461542,1.142757611289141,2.5743405223986966,40880.6546153846,0,1
32_Phoenix_City,90,180,1809042,1,40000.0,400000.0,93.33333333333331,449.5590705128205,1794.5264615384615,1.1440195231141463,2.5189611107273606,41213.47953846153,0,2
32_Phoenix_City,90,180,1809043,2,2500.0,5000.0,91.11111111111111,577.7457636022514,1799.0775384615386,1.1990492656511669,3.2910503486215408,40720.88492307693,0,0
32_Phoenix_City,90,180,1809043,2,2500.0,5000.0,93.33333333333331,579.2535879120879,1763.9203076923077,1.1684486442061308,2.631096915706231,42283.36676923077,0,1
32_Phoenix_City,90,180,1809043,2,2500.0,5000.0,93.33333333333331,564.1869899267399,1796.124615384615,1.1892324094301678,2.86474021610275,42201.186,0,2
32_Phoenix_City,90,180,1809043,2,2500.0,12500.0,87.77777777777777,544.7080983446933,1782.064307692307,1.2043066188359677,2.77101414257345,39266.49738461538,0,0
32_Phoenix_City,90,180,1809043,2,2500.0,12500.0,92.22222222222224,564.1606255792401,1779.5359999999991,1.193949412714597,2.798555651384984,42213.27307692309,0,1
32_Phoenix_City,90,180,1809043,2,2500.0,12500.0,92.22222222222224,582.3722984244671,1760.605846153846,1.2271176369801031,3.052480240808795,41896.92338461538,0,2
32_Phoenix_City,90,180,1809043,2,2500.0,25000.0,92.22222222222224,580.1767312326228,1790.6372307692309,1.2193596889956937,2.798555651384984,40892.1996923077,0,0
32_Phoenix_City,90,180,1809043,2,2500.0,25000.0,92.22222222222224,570.797016682113,1760.605846153846,1.2302797900488187,3.277429936449096,43079.50784615384,0,1
32_Phoenix_City,90,180,1809043,2,2500.0,25000.0,91.11111111111111,567.9311397748593,1763.9203076923077,1.2085380390526044,2.922398219713502,41087.9696923077,0,2
32_Phoenix_City,90,180,1809043,2,5000.0,10000.0,91.11111111111111,529.134188555347,1796.124615384615,1.1998929206040838,2.604713184382008,41005.99369230768,0,0
32_Phoenix_City,90,180,1809043,2,5000.0,10000.0,92.22222222222224,515.7512622798888,1744.812,1.2032587233352077,2.922398219713502,41129.5463076923,0,1
32_Phoenix_City,90,180,1809043,2,5000.0,10000.0,92.22222222222224,548.8058470806302,1757.1136923076924,1.1717499601069794,3.052480240808795,40943.41046153847,0,2
32_Phoenix_City,90,180,1809043,2,5000.0,25000.0,92.22222222222224,593.3877618164967,1796.124615384615,1.1947241248739882,3.277429936449096,41933.97923076924,0,0
32_Phoenix_City,90,180,1809043,2,5000.0,25000.0,91.11111111111111,566.2901500938086,1778.0267692307689,1.2072732296158089,3.277429936449096,39887.85723076923,0,1
32_Phoenix_City,90,180,1809043,2,5000.0,25000.0,93.33333333333331,577.0506785714285,1770.8692307692309,1.1774068957764003,3.165664896688189,42815.35246153846,0,2
32_Phoenix_City,90,180,1809043,2,5000.0,50000.0,90.0,582.386098765432,1796.124615384615,1.211300755975118,3.277429936449096,39248.69738461538,0,0
32_Phoenix_City,90,180,1809043,2,5000.0,50000.0,90.0,515.5256923076922,1774.836923076923,1.2458037907964383,7.744056607843982,39927.16661538462,0,1
32_Phoenix_City,90,180,1809043,2,5000.0,50000.0,93.33333333333331,525.0683150183149,1782.064307692307,1.1900832617945365,2.548357991032022,42291.83738461539,0,2
32_Phoenix_City,90,180,1809043,2,10000.0,20000.0,91.11111111111111,584.0621547842402,1796.124615384615,1.1798822492269387,3.277429936449096,40022.80015384613,0,0
32_Phoenix_City,90,180,1809043,2,10000.0,20000.0,90.0,569.5170322886989,1784.9067692307694,1.1679550548896027,2.2662514693704114,40089.99384615386,0,1
32_Phoenix_City,90,180,1809043,2,10000.0,20000.0,91.11111111111111,558.8016454033772,1781.9766153846151,1.1781402880001868,2.685975303010994,40081.03030769231,0,2
32_Phoenix_City,90,180,1809043,2,10000.0,50000.0,92.22222222222224,590.2893308619092,1764.1883076923075,1.1609778464003395,2.3413895715512383,40579.3343076923,0,0
32_Phoenix_City,90,180,1809043,2,10000.0,50000.0,93.33333333333331,564.170522893773,1790.6372307692309,1.1780060341310707,2.922398219713502,41635.87323076924,0,1
32_Phoenix_City,90,180,1809043,2,10000.0,50000.0,91.11111111111111,571.1217954971858,1770.8692307692309,1.1322942872885422,2.092442071584898,39239.25692307692,0,2
32_Phoenix_City,90,180,1809043,2,10000.0,100000.0,90.0,550.0072611585945,1777.3360000000002,1.200266448289243,3.277429936449096,40704.657846153845,0,0
32_Phoenix_City,90,180,1809043,2,10000.0,100000.0,91.11111111111111,556.7207335834897,1777.3360000000002,1.2515682835382285,7.744056607843982,39867.17,0,1
32_Phoenix_City,90,180,1809043,2,10000.0,100000.0,93.33333333333331,561.3517857142857,1770.8692307692309,1.1848811618174904,3.2910503486215408,42128.17092307692,0,2
32_Phoenix_City,90,180,1809043,2,20000.0,40000.0,91.11111111111111,539.1793583489681,1788.3984615384616,1.1675635900440031,2.548357991032022,40640.74492307692,0,0
32_Phoenix_City,90,180,1809043,2,20000.0,40000.0,93.33333333333331,605.6271227106228,1731.662153846154,1.1814705668361658,3.277429936449096,41624.38276923076,0,1
32_Phoenix_City,90,180,1809043,2,20000.0,40000.0,91.11111111111111,508.0383367729831,1774.836923076923,1.19479996438061,2.142554347461549,42476.970307692296,0,2
32_Phoenix_City,90,180,1809043,2,20000.0,100000.0,88.88888888888889,540.5633576923076,1774.836923076923,1.1613274276686965,2.604713184382008,37615.00692307693,0,0
32_Phoenix_City,90,180,1809043,2,20000.0,100000.0,92.22222222222224,615.1541158480075,1796.124615384615,1.1927891212771458,2.922398219713502,41440.95061538463,0,1
32_Phoenix_City,90,180,1809043,2,20000.0,100000.0,94.44444444444444,591.9006805429864,1781.9766153846151,1.191853032867534,2.637510312770396,42949.45953846155,0,2
32_Phoenix_City,90,180,1809043,2,20000.0,200000.0,90.0,525.7228309591643,1790.6372307692309,1.1584859432260748,2.631096915706231,37920.03630769231,0,0
32_Phoenix_City,90,180,1809043,2,20000.0,200000.0,91.11111111111111,551.0667851782364,1728.2753846153846,1.210700025079258,3.277429936449096,39912.586461538456,0,1
32_Phoenix_City,90,180,1809043,2,20000.0,200000.0,88.88888888888889,549.2205259615384,1767.983076923077,1.1896887253603832,2.548357991032022,38771.31246153848,0,2
32_Phoenix_City,90,180,1809043,2,40000.0,80000.0,90.0,545.0388765432099,1778.0267692307689,1.202985676456448,2.86474021610275,40109.13892307693,0,0
32_Phoenix_City,90,180,1809043,2,40000.0,80000.0,92.22222222222224,514.1602335495829,1781.9766153846151,1.1419015080966215,2.548357991032022,40670.46938461539,0,1
32_Phoenix_City,90,180,1809043,2,40000.0,80000.0,94.44444444444444,526.3097619909502,1749.1078461538464,1.26134720832144,9.351270656254044,44090.62030769231,0,2
32_Phoenix_City,90,180,1809043,2,40000.0,200000.0,90.0,533.0445679012346,1774.836923076923,1.2000851739750948,3.2117848076738644,39212.98415384616,0,0
32_Phoenix_City,90,180,1809043,2,40000.0,200000.0,93.33333333333331,512.0229322344321,1788.3984615384616,1.125357290628163,1.9435369152231248,41436.64815384615,0,1
32_Phoenix_City,90,180,1809043,2,40000.0,200000.0,92.22222222222224,599.0852604263206,1744.812,1.193251793759154,2.922398219713502,43508.76092307691,0,2
32_Phoenix_City,90,180,1809043,2,40000.0,400000.0,92.22222222222224,509.3259101019463,1760.605846153846,1.2000030161946735,2.631096915706231,41316.70753846157,0,0
32_Phoenix_City,90,180,1809043,2,40000.0,400000.0,90.0,534.1668043684709,1774.836923076923,1.2057410736411105,3.052480240808795,41447.52830769232,0,1
32_Phoenix_City,90,180,1809043,2,40000.0,400000.0,93.33333333333331,567.7366446886447,1777.3360000000002,1.1956235614538424,2.922398219713502,43580.58030769228,0,2
32_Phoenix_City,90,180,1809044,3,2500.0,5000.0,94.44444444444444,553.2876,1794.2498461538462,1.1467286706490238,2.871292492782745,40750.40707692308,0,0
32_Phoenix_City,90,180,1809044,3,2500.0,5000.0,93.33333333333331,497.5478031135531,1795.1501538461534,1.1917160441785462,3.372479047703832,39313.51615384613,0,1
32_Phoenix_City,90,180,1809044,3,2500.0,5000.0,92.22222222222224,515.539547729379,1795.4252307692304,1.126936131184754,2.803698286935179,38342.14892307692,0,2
32_Phoenix_City,90,180,1809044,3,2500.0,12500.0,92.22222222222224,508.5192493049119,1794.2498461538462,1.203210342866824,2.7410461522809078,38730.194769230766,0,0
32_Phoenix_City,90,180,1809044,3,2500.0,12500.0,91.11111111111111,494.7217242026266,1794.2498461538462,1.1206093169529712,2.1483445408270883,37822.25876923079,0,1
32_Phoenix_City,90,180,1809044,3,2500.0,12500.0,93.33333333333331,494.95810164835166,1795.1501538461534,1.1577204766747653,2.039329563278625,39955.78369230769,0,2
32_Phoenix_City,90,180,1809044,3,2500.0,25000.0,93.33333333333331,496.6285027472527,1794.2498461538462,1.2125988845864355,3.2051708399774257,40306.131538461545,0,0
32_Phoenix_City,90,180,1809044,3,2500.0,25000.0,95.55555555555556,464.5870581395349,1794.2498461538462,1.123604698606544,3.147542411720369,40042.20999999999,0,1
32_Phoenix_City,90,180,1809044,3,2500.0,25000.0,94.44444444444444,505.2295990950226,1794.2498461538462,1.1485320696518613,2.3872180925843303,39019.48,0,2
32_Phoenix_City,90,180,1809044,3,5000.0,10000.0,91.11111111111111,511.1253902439024,1784.2224615384612,1.1794132101838513,3.2051708399774257,38445.60446153847,0,0
32_Phoenix_City,90,180,1809044,3,5000.0,10000.0,91.11111111111111,488.7170403377111,1794.2498461538462,1.1658488318696816,2.272932641789358,37803.95984615382,0,1
32_Phoenix_City,90,180,1809044,3,5000.0,10000.0,91.11111111111111,500.07549812382734,1794.2498461538462,1.151001156595342,2.981368671389148,38202.45538461536,0,2
32_Phoenix_City,90,180,1809044,3,5000.0,25000.0,94.44444444444444,527.878513122172,1795.4252307692304,1.1365312550310238,2.4557948528155777,39601.413076923054,0,0
32_Phoenix_City,90,180,1809044,3,5000.0,25000.0,92.22222222222224,509.81139944392953,1797.7673846153846,1.151045202442189,2.125129544268673,39108.62969230767,0,1
32_Phoenix_City,90,180,1809044,3,5000.0,25000.0,90.0,492.9039496676163,1794.2498461538462,1.2034053755150935,3.372479047703832,38041.03169230768,0,2
32_Phoenix_City,90,180,1809044,3,5000.0,50000.0,94.44444444444444,489.3931619909502,1794.2498461538462,1.140853086284456,2.803698286935179,40364.12630769231,0,0
32_Phoenix_City,90,180,1809044,3,5000.0,50000.0,92.22222222222224,547.9585375347544,1797.7673846153846,1.19019303160933,3.3648934165236617,39130.741538461545,0,1
32_Phoenix_City,90,180,1809044,3,5000.0,50000.0,96.66666666666669,508.6916065428824,1794.2498461538462,1.1652084326365015,3.372479047703832,42088.66061538462,0,2
32_Phoenix_City,90,180,1809044,3,10000.0,20000.0,93.33333333333331,532.0902106227106,1794.2498461538462,1.1553588079405928,2.9738768800730253,39671.42553846152,0,0
32_Phoenix_City,90,180,1809044,3,10000.0,20000.0,92.22222222222224,467.1302780352178,1794.2498461538462,1.1599393801674986,2.0878360760517696,39611.159384615385,0,1
32_Phoenix_City,90,180,1809044,3,10000.0,20000.0,93.33333333333331,471.81840659340656,1794.2498461538462,1.1785411977730516,3.372479047703832,40024.39476923076,0,2
32_Phoenix_City,90,180,1809044,3,10000.0,50000.0,88.88888888888889,506.65162019230775,1794.2498461538462,1.1691864173230524,3.2051708399774257,37253.75184615383,0,0
32_Phoenix_City,90,180,1809044,3,10000.0,50000.0,95.55555555555556,496.8619203935599,1794.2498461538462,1.1803658803756891,3.2051708399774257,41258.81046153844,0,1
32_Phoenix_City,90,180,1809044,3,10000.0,50000.0,93.33333333333331,492.32345421245424,1794.2498461538462,1.14804853327046,2.239578859475062,39612.46984615384,0,2
32_Phoenix_City,90,180,1809044,3,10000.0,100000.0,94.44444444444444,507.5853294117648,1794.2498461538462,1.1478128807840136,2.196785780268875,39865.36846153847,0,0
32_Phoenix_City,90,180,1809044,3,10000.0,100000.0,94.44444444444444,497.3713411764706,1795.4252307692304,1.1515736473661278,2.0518521193238377,40401.34199999999,0,1
32_Phoenix_City,90,180,1809044,3,10000.0,100000.0,90.0,491.9630503323837,1774.261846153846,1.195882349870981,2.293241053464101,38285.84907692308,0,2
32_Phoenix_City,90,180,1809044,3,20000.0,40000.0,91.11111111111111,528.341184803002,1794.2498461538462,1.148323488335703,2.4557948528155777,39050.74584615384,0,0
32_Phoenix_City,90,180,1809044,3,20000.0,40000.0,91.11111111111111,469.1374953095684,1794.2498461538462,1.1691438763648518,2.312839576780097,38942.70692307691,0,1
32_Phoenix_City,90,180,1809044,3,20000.0,40000.0,93.33333333333331,538.7890476190476,1797.7673846153846,1.1684295258351616,3.2051708399774257,39101.91692307691,0,2
32_Phoenix_City,90,180,1809044,3,20000.0,100000.0,93.33333333333331,475.5167866300367,1794.2498461538462,1.1587254124726458,2.1582864935154,39573.06846153846,0,0
32_Phoenix_City,90,180,1809044,3,20000.0,100000.0,94.44444444444444,506.17340090497737,1799.259384615385,1.160923224270491,2.4557948528155777,41019.518615384615,0,1
32_Phoenix_City,90,180,1809044,3,20000.0,100000.0,93.33333333333331,526.4368168498169,1794.2498461538462,1.1524274039372793,2.2071428207376,40025.7763076923,0,2
32_Phoenix_City,90,180,1809044,3,20000.0,200000.0,91.11111111111111,500.3850168855535,1797.7673846153846,1.1236806555786234,2.258158966676594,37770.64799999999,0,0
32_Phoenix_City,90,180,1809044,3,20000.0,200000.0,92.22222222222224,474.0163670064875,1798.1273846153845,1.1405911904256516,2.452895168572192,37745.15153846155,0,1
32_Phoenix_City,90,180,1809044,3,20000.0,200000.0,90.0,460.85302089268754,1784.2224615384612,1.1175475245201592,2.150872306374997,37146.45846153844,0,2
32_Phoenix_City,90,180,1809044,3,40000.0,80000.0,93.33333333333331,476.75110256410255,1784.2224615384612,1.146101984881292,2.4557948528155777,39576.621846153845,0,0
32_Phoenix_City,90,180,1809044,3,40000.0,80000.0,93.33333333333331,476.9336428571429,1794.2498461538462,1.1563044808409957,2.0878360760517696,40428.800615384615,0,1
32_Phoenix_City,90,180,1809044,3,40000.0,80000.0,88.88888888888889,521.6829317307692,1794.2498461538462,1.1421410971743122,2.3251105589262244,37003.60061538461,0,2
32_Phoenix_City,90,180,1809044,3,40000.0,200000.0,91.11111111111111,482.0374990619137,1794.2498461538462,1.2059834038330288,3.372479047703832,39146.21799999999,0,0
32_Phoenix_City,90,180,1809044,3,40000.0,200000.0,91.11111111111111,540.0907176360225,1794.2498461538462,1.1614835218709498,2.4557948528155777,37462.21646153845,0,1
32_Phoenix_City,90,180,1809044,3,40000.0,200000.0,90.0,478.7776999050332,1785.4984615384617,1.1292874270281956,1.7672279709333718,37237.60692307693,0,2
32_Phoenix_City,90,180,1809044,3,40000.0,400000.0,94.44444444444444,514.0069276018099,1799.259384615385,1.1429713230044216,2.2667548422377948,39964.8909230769,0,0
32_Phoenix_City,90,180,1809044,3,40000.0,400000.0,92.22222222222224,519.95137442076,1784.2224615384612,1.1615464785959666,2.7410461522809078,38675.87815384616,0,1
32_Phoenix_City,90,180,1809044,3,40000.0,400000.0,92.22222222222224,484.1437080630214,1751.759692307692,1.1920115881006563,3.103027387340918,39364.42769230768,0,2
32_Phoenix_City,90,180,1809045,4,2500.0,5000.0,93.33333333333331,585.458108058608,1792.557230769231,1.1851623505756954,3.2594686369771857,40622.99600000001,0,0
32_Phoenix_City,90,180,1809045,4,2500.0,5000.0,93.33333333333331,528.6286272893773,1791.0003076923076,1.2245270676997184,3.3104371121108382,38646.13307692306,0,1
32_Phoenix_City,90,180,1809045,4,2500.0,5000.0,93.33333333333331,558.6782692307692,1781.736,1.1938615039141502,3.57639433902494,40503.33123076925,0,2
32_Phoenix_City,90,180,1809045,4,2500.0,12500.0,91.11111111111111,575.3533358348968,1782.437230769231,1.234575694628514,3.4409301366991083,39483.95784615385,0,0
32_Phoenix_City,90,180,1809045,4,2500.0,12500.0,91.11111111111111,537.06354315197,1792.557230769231,1.2016718379019704,3.3104371121108382,37761.30307692309,0,1
32_Phoenix_City,90,180,1809045,4,2500.0,12500.0,91.11111111111111,565.9512898686679,1791.0003076923076,1.210553005672632,4.079823206844779,38957.19938461538,0,2
32_Phoenix_City,90,180,1809045,4,2500.0,25000.0,91.11111111111111,573.7823283302064,1791.0003076923076,1.2094873790230662,3.4409301366991083,38353.57907692306,0,0
32_Phoenix_City,90,180,1809045,4,2500.0,25000.0,93.33333333333331,552.9532087912088,1791.0003076923076,1.1726038191830643,3.6788471780269054,39162.91076923077,0,1
32_Phoenix_City,90,180,1809045,4,2500.0,25000.0,92.22222222222224,578.0193716404077,1794.0267692307689,1.1793341734510918,3.3104371121108382,37902.86184615386,0,2
32_Phoenix_City,90,180,1809045,4,5000.0,10000.0,91.11111111111111,579.3405318949343,1794.0267692307689,1.1851946918223528,3.3104371121108382,39590.61046153845,0,0
32_Phoenix_City,90,180,1809045,4,5000.0,10000.0,91.11111111111111,538.7690469043152,1786.3636923076924,1.2259306470125146,3.6788471780269054,39304.20784615383,0,1
32_Phoenix_City,90,180,1809045,4,5000.0,10000.0,92.22222222222224,614.3699518072289,1796.0067692307694,1.212547555799586,3.6788471780269054,39254.191692307686,0,2
32_Phoenix_City,90,180,1809045,4,5000.0,25000.0,90.0,521.3577796771131,1786.3636923076924,1.1999795033465952,2.3824713167664715,38226.295538461534,0,0
32_Phoenix_City,90,180,1809045,4,5000.0,25000.0,93.33333333333331,577.7234926739926,1794.0267692307689,1.1887032454973172,3.6788471780269054,40719.37538461538,0,1
32_Phoenix_City,90,180,1809045,4,5000.0,25000.0,92.22222222222224,565.2806246524559,1794.0267692307689,1.182764439375574,3.6788471780269054,39982.34846153845,0,2
32_Phoenix_City,90,180,1809045,4,5000.0,50000.0,90.0,546.049037037037,1794.0267692307689,1.207817574467107,3.2594686369771857,37915.35953846154,0,0
32_Phoenix_City,90,180,1809045,4,5000.0,50000.0,92.22222222222224,551.759813716404,1794.0267692307689,1.242899380792843,3.3991960599230726,39340.44738461538,0,1
32_Phoenix_City,90,180,1809045,4,5000.0,50000.0,91.11111111111111,536.0833658536586,1794.0267692307689,1.2260522996655665,3.6788471780269054,38360.282461538445,0,2
32_Phoenix_City,90,180,1809045,4,10000.0,20000.0,91.11111111111111,539.9014577861163,1792.557230769231,1.183403882354941,3.0371743570734364,38759.174,0,0
32_Phoenix_City,90,180,1809045,4,10000.0,20000.0,91.11111111111111,551.6454718574109,1794.0267692307689,1.21445834929415,3.6788471780269054,36843.633384615394,0,1
32_Phoenix_City,90,180,1809045,4,10000.0,20000.0,93.33333333333331,557.4133305860805,1781.736,1.1990084795020497,3.379338077254108,39738.52723076924,0,2
32_Phoenix_City,90,180,1809045,4,10000.0,50000.0,90.0,524.6761130104463,1791.0003076923076,1.2550405323234906,3.6788471780269054,38374.15938461538,0,0
32_Phoenix_City,90,180,1809045,4,10000.0,50000.0,92.22222222222224,508.4155746061168,1794.0267692307689,1.223029986564032,3.4409301366991083,39490.60707692307,0,1
32_Phoenix_City,90,180,1809045,4,10000.0,50000.0,92.22222222222224,567.6576932344764,1784.704923076923,1.1942594031332951,4.00282534851316,39604.00969230768,0,2
32_Phoenix_City,90,180,1809045,4,10000.0,100000.0,92.22222222222224,600.0692891566265,1794.0267692307689,1.172331072869769,3.3104371121108382,39436.46707692309,0,0
32_Phoenix_City,90,180,1809045,4,10000.0,100000.0,91.11111111111111,546.4776313320825,1794.0267692307689,1.2225655486103817,3.6788471780269054,38806.04292307694,0,1
32_Phoenix_City,90,180,1809045,4,10000.0,100000.0,93.33333333333331,562.1014642857143,1792.557230769231,1.1652692651396492,3.35941001586048,40698.335076923104,0,2
32_Phoenix_City,90,180,1809045,4,20000.0,40000.0,91.11111111111111,551.6195891181989,1791.0003076923076,1.1759476329439602,2.135110362521789,38824.35492307692,0,0
32_Phoenix_City,90,180,1809045,4,20000.0,40000.0,92.22222222222224,567.8462947173308,1791.0003076923076,1.2267304039982398,3.3104371121108382,39947.21784615384,0,1
32_Phoenix_City,90,180,1809045,4,20000.0,40000.0,92.22222222222224,510.4210027803522,1794.0267692307689,1.1544934680278092,3.6788471780269054,37433.763538461535,0,2
32_Phoenix_City,90,180,1809045,4,20000.0,100000.0,92.22222222222224,525.2227025023169,1781.736,1.238975904709497,3.4409301366991083,40174.80046153845,0,0
32_Phoenix_City,90,180,1809045,4,20000.0,100000.0,92.22222222222224,512.9800148285449,1786.3636923076924,1.2202072198906586,3.2594686369771857,39183.50415384615,0,1
32_Phoenix_City,90,180,1809045,4,20000.0,100000.0,92.22222222222224,600.2165523632993,1794.0267692307689,1.2034192236082684,3.6788471780269054,39469.41753846155,0,2
32_Phoenix_City,90,180,1809045,4,20000.0,200000.0,90.0,543.7103969610636,1782.437230769231,1.1786961977702817,2.3232110906601724,38388.91215384615,0,0
32_Phoenix_City,90,180,1809045,4,20000.0,200000.0,92.22222222222224,561.6447877664505,1794.0267692307689,1.1876267344785436,3.6788471780269054,39102.6266153846,0,1
32_Phoenix_City,90,180,1809045,4,20000.0,200000.0,90.0,598.7812364672365,1791.0003076923076,1.204864148705037,2.4402135254827773,39174.74784615383,0,2
32_Phoenix_City,90,180,1809045,4,40000.0,80000.0,91.11111111111111,569.5968414634146,1794.0267692307689,1.196382795757198,3.6788471780269054,38010.87415384614,0,0
32_Phoenix_City,90,180,1809045,4,40000.0,80000.0,91.11111111111111,559.4375759849905,1791.0003076923076,1.215967778831361,3.52346641708564,38692.63707692308,0,1
32_Phoenix_City,90,180,1809045,4,40000.0,80000.0,91.11111111111111,544.2301228893058,1786.3636923076924,1.1996515614318912,2.5813857728945755,39435.93446153847,0,2
32_Phoenix_City,90,180,1809045,4,40000.0,200000.0,95.55555555555556,555.8469615384615,1786.3636923076924,1.2336762769275742,3.9451675603455314,41020.33984615383,0,0
32_Phoenix_City,90,180,1809045,4,40000.0,200000.0,91.11111111111111,505.3236238273921,1794.0267692307689,1.215212898078545,3.6788471780269054,38434.19938461539,0,1
32_Phoenix_City,90,180,1809045,4,40000.0,200000.0,90.0,570.8482545109212,1791.0003076923076,1.2342291250106772,4.50176426066285,37683.52338461538,0,2
32_Phoenix_City,90,180,1809045,4,40000.0,400000.0,88.88888888888889,562.6535740384616,1794.0267692307689,1.192953630637277,3.4409301366991083,36353.01092307692,0,0
32_Phoenix_City,90,180,1809045,4,40000.0,400000.0,90.0,501.0905356125356,1794.0267692307689,1.1936904163648976,3.379338077254108,37059.19907692306,0,1
32_Phoenix_City,90,180,1809045,4,40000.0,400000.0,91.11111111111111,532.5884512195122,1794.0267692307689,1.2094713847627807,3.6788471780269054,39170.81246153847,0,2
32_Phoenix_City,90,180,1809046,5,2500.0,5000.0,88.88888888888889,569.4543096153845,1797.749230769231,1.22453698840752,2.559337543613985,40776.7196923077,0,0
32_Phoenix_City,90,180,1809046,5,2500.0,5000.0,93.33333333333331,622.216554029304,1772.272,1.231402816500297,2.6901899600784858,42755.953846153854,0,1
32_Phoenix_City,90,180,1809046,5,2500.0,5000.0,93.33333333333331,559.455163919414,1794.286769230769,1.2118895129534144,4.364706654611134,43739.39646153846,0,2
32_Phoenix_City,90,180,1809046,5,2500.0,12500.0,90.0,608.4875954415954,1761.3744615384617,1.211550294893148,2.6901899600784858,41082.282461538445,0,0
32_Phoenix_City,90,180,1809046,5,2500.0,12500.0,95.55555555555556,602.5542584973166,1796.142769230769,1.1894397288001564,3.284930068261014,44354.79969230768,0,1
32_Phoenix_City,90,180,1809046,5,2500.0,12500.0,93.33333333333331,612.8019880952381,1790.96,1.2128917130396473,3.1917972603083977,42679.46000000002,0,2
32_Phoenix_City,90,180,1809046,5,2500.0,25000.0,94.44444444444444,592.6775882352941,1796.142769230769,1.198825384423776,2.6901899600784858,43153.95076923078,0,0
32_Phoenix_City,90,180,1809046,5,2500.0,25000.0,92.22222222222224,590.6536552363299,1777.1024615384613,1.1662474544724557,2.6901899600784858,42640.57553846155,0,1
32_Phoenix_City,90,180,1809046,5,2500.0,25000.0,92.22222222222224,599.2330074142724,1794.286769230769,1.2352706031182703,4.392627774166294,42979.57676923076,0,2
32_Phoenix_City,90,180,1809046,5,5000.0,10000.0,94.44444444444444,561.5417402714932,1794.286769230769,1.235331693324144,2.6901899600784858,44056.52107692308,0,0
32_Phoenix_City,90,180,1809046,5,5000.0,10000.0,94.44444444444444,609.4611257918552,1755.1338461538462,1.2571354027302977,2.6901899600784858,43878.24076923076,0,1
32_Phoenix_City,90,180,1809046,5,5000.0,10000.0,95.55555555555556,630.5058864042934,1796.142769230769,1.149073778400234,2.5423668607068066,43245.207538461545,0,2
32_Phoenix_City,90,180,1809046,5,5000.0,25000.0,91.11111111111111,581.8508095684803,1788.0012307692305,1.2422739026770395,4.364706654611134,41943.24599999999,0,0
32_Phoenix_City,90,180,1809046,5,5000.0,25000.0,93.33333333333331,590.131673992674,1796.142769230769,1.2282730384388425,2.6901899600784858,44209.512,0,1
32_Phoenix_City,90,180,1809046,5,5000.0,25000.0,93.33333333333331,609.4260375457876,1783.9289230769227,1.200863452137349,4.392627774166294,42447.738615384624,0,2
32_Phoenix_City,90,180,1809046,5,5000.0,50000.0,91.11111111111111,604.238021575985,1777.1024615384613,1.2101393822563633,2.6725723853809646,42251.19784615384,0,0
32_Phoenix_City,90,180,1809046,5,5000.0,50000.0,95.55555555555556,641.5936726296959,1796.142769230769,1.2125822601074088,3.284930068261014,43987.81476923077,0,1
32_Phoenix_City,90,180,1809046,5,5000.0,50000.0,92.22222222222224,611.2891445783133,1791.8670769230766,1.180094014405293,2.417877004377164,42477.82984615387,0,2
32_Phoenix_City,90,180,1809046,5,10000.0,20000.0,93.33333333333331,622.1539990842491,1796.142769230769,1.1904050056333209,2.5423668607068066,43074.40399999998,0,0
32_Phoenix_City,90,180,1809046,5,10000.0,20000.0,94.44444444444444,579.4014751131222,1788.0012307692305,1.1980279461015644,2.823146789703483,43390.82553846154,0,1
32_Phoenix_City,90,180,1809046,5,10000.0,20000.0,93.33333333333331,574.5131547619048,1794.286769230769,1.2298838473306442,2.946991670685003,43424.49661538459,0,2
32_Phoenix_City,90,180,1809046,5,10000.0,50000.0,95.55555555555556,651.7385661896243,1794.286769230769,1.1918673029321651,2.6725723853809646,44980.46492307693,0,0
32_Phoenix_City,90,180,1809046,5,10000.0,50000.0,93.33333333333331,610.629662087912,1761.3744615384617,1.2312854581179729,2.6901899600784858,43934.10092307692,0,1
32_Phoenix_City,90,180,1809046,5,10000.0,50000.0,93.33333333333331,615.7599276556776,1796.142769230769,1.213494606369829,4.392627774166294,43505.03030769231,0,2
32_Phoenix_City,90,180,1809046,5,10000.0,100000.0,92.22222222222224,528.467001853568,1796.142769230769,1.2030082686102297,2.6901899600784858,41755.58415384617,0,0
32_Phoenix_City,90,180,1809046,5,10000.0,100000.0,91.11111111111111,587.2902495309569,1777.1024615384613,1.225822750839617,4.392627774166294,41849.75415384617,0,1
32_Phoenix_City,90,180,1809046,5,10000.0,100000.0,94.44444444444444,665.1197004524887,1796.142769230769,1.2003766117507684,4.375444406565041,45098.072923076914,0,2
32_Phoenix_City,90,180,1809046,5,20000.0,40000.0,94.44444444444444,625.5243484162896,1791.866769230769,1.1991640052682766,3.284930068261014,44105.53215384616,0,0
32_Phoenix_City,90,180,1809046,5,20000.0,40000.0,93.33333333333331,604.5007719780219,1783.9289230769227,1.1814475236380348,2.548893353428049,42170.9003076923,0,1
32_Phoenix_City,90,180,1809046,5,20000.0,40000.0,95.55555555555556,605.6763389982111,1772.272,1.24532523171148,2.9112253104267403,46086.55076923077,0,2
32_Phoenix_City,90,180,1809046,5,20000.0,100000.0,93.33333333333331,598.0527976190476,1788.219384615385,1.187956385353417,2.559337543613985,43880.772615384616,0,0
32_Phoenix_City,90,180,1809046,5,20000.0,100000.0,93.33333333333331,648.3976501831502,1772.272,1.2197031021011473,3.309845013663088,43813.41876923078,0,1
32_Phoenix_City,90,180,1809046,5,20000.0,100000.0,95.55555555555556,557.5073935599285,1791.866769230769,1.1949759628832175,3.284930068261014,44624.167692307696,0,2
32_Phoenix_City,90,180,1809046,5,20000.0,200000.0,91.11111111111111,606.1799765478424,1777.1024615384613,1.192376515680332,2.5873964590697707,42298.832,0,0
32_Phoenix_City,90,180,1809046,5,20000.0,200000.0,92.22222222222224,620.7800889712696,1777.1024615384613,1.2069413973442966,2.6901899600784858,41109.88892307691,0,1
32_Phoenix_City,90,180,1809046,5,20000.0,200000.0,94.44444444444444,603.4224461538461,1783.9289230769227,1.1755004033907357,2.559337543613985,43750.59661538462,0,2
32_Phoenix_City,90,180,1809046,5,40000.0,80000.0,91.11111111111111,575.4187664165103,1791.4024615384617,1.2222627892712867,2.6901899600784858,41671.38984615384,0,0
32_Phoenix_City,90,180,1809046,5,40000.0,80000.0,91.11111111111111,603.2058658536586,1796.142769230769,1.2270017521687158,2.6901899600784858,43362.60276923077,0,1
32_Phoenix_City,90,180,1809046,5,40000.0,80000.0,92.22222222222224,598.7421177015756,1788.219384615385,1.2109680359626056,3.309845013663088,41915.88446153847,0,2
32_Phoenix_City,90,180,1809046,5,40000.0,200000.0,92.22222222222224,627.2500973123263,1785.2686153846148,1.2259876947010977,3.309845013663088,42592.836769230766,0,0
32_Phoenix_City,90,180,1809046,5,40000.0,200000.0,96.66666666666669,653.8229823165341,1794.286769230769,1.2269650819733535,2.6901899600784858,46505.863538461526,0,1
32_Phoenix_City,90,180,1809046,5,40000.0,200000.0,93.33333333333331,596.3345494505494,1783.9289230769227,1.2158096546258728,3.309845013663088,42230.86584615386,0,2
32_Phoenix_City,90,180,1809046,5,40000.0,400000.0,95.55555555555556,582.6972155635062,1796.142769230769,1.2393747903212302,2.864739748713902,44627.21846153843,0,0
32_Phoenix_City,90,180,1809046,5,40000.0,400000.0,93.33333333333331,577.1738388278388,1794.286769230769,1.2092707466169674,2.5873964590697707,43904.12338461538,0,1
32_Phoenix_City,90,180,1809046,5,40000.0,400000.0,93.33333333333331,604.5883598901099,1783.9289230769227,1.2623017368860523,4.392627774166294,42459.07092307691,0,2
