city,run_type,nodes,num_vehicles,num_requests,seed,trial,rtv_graph_build_time,percent_serviced,avg_waiting_time,max_waiting_time,avg_detour_factor,max_detour_factor,vmt,total_run_time,solve_time,qubo_build_time,time_min_cost_prep,time_qubo_gen,time_compress,time_quantum_solve,time_decode,time_vehicle_assignment,time_metrics_calc,time_struct_stats,time_total_quantum_block,ilp_num_vars,ilp_num_constraints,ilp_num_integer_vars,ilp_num_nonzero_coeffs,energy_gap,argmin_preservation,condition_number,real_quantum_hardware,K,infeasible_windows,arrival_violations,mean_slack,min_slack,max_slack,p25_slack,median_slack,p75_slack,base_qubo_vars,base_qubo_couplers,base_qubo_graph_density,base_node_density_avg,base_node_density_max,base_node_density_min,base_degree_avg,base_degree_max,base_degree_min,base_qubo_max_abs,base_qubo_min_nonzero_abs,base_qubo_dynamic_range,comp_qubo_vars,comp_qubo_couplers,comp_qubo_graph_density,comp_node_density_avg,comp_node_density_max,comp_node_density_min,comp_degree_avg,comp_degree_max,comp_degree_min,comp_qubo_max_abs,comp_qubo_min_nonzero_abs,comp_qubo_dynamic_range,qubo_logical_qubits,time_greedy_build_candidates,greedy_edges_total,time_greedy_sort,time_greedy_select,time_greedy_total,greedy_sort_work,greedy_assignments,lambda_val,M_val,raw_selected_trips,raw_kept_trips,raw_dropped_trips,raw_violation_rate,raw_infeasible_instance,base_qubo_logical_qubits,ilp_num_binary_vars,ilp_num_continuous_vars
32_Phoenix_City,ClassicalGreedy,15324,5,5,50542,1,0.1149081999901682,100.0,532.5569230769231,1406.1569230769232,1.1333577306681255,1.3004392603155206,1228.8516923076927,0.0002535000094212,9.300000965595244e-05,,,,,,,,,,,,,,,,,,,,0,5,2841.8,1316.0,4585.0,1850.0,1897.0,4561.0,,,,,,,,,,,,,,,,,,,,,,,,,,3.960001049563289e-05,61.0,6.699992809444666e-06,1.5700061339884996e-05,6.200006464496255e-05,305.11578967384844,3.0,,,,,,,,,,
32_Phoenix_City,Classical,15324,5,5,50542,1,0.1149081999901682,100.0,369.5391384615385,1052.7258461538463,1.2542908061807243,1.9062076955911944,1118.1092307692309,0.030317600001581,0.0301815000129863,,,,,,,,,,,66.0,10.0,66.0,167.0,,,,,,0,5,2841.8,1316.0,4585.0,1850.0,1897.0,4561.0,,,,,,,,,,,,,,,,,,,,,,,,,,,,,,,,,,,,,,,,,0.0,0.0
32_Phoenix_City,Quantum,15324,5,5,50542,1,0.1149081999901682,100.0,379.9492923076924,1052.7258461538463,1.1619684974082587,1.2587582243903246,1260.531384615385,0.3483469000202603,0.3469930000137537,0.000168600003235,1.3699987903237345e-05,0.0001549000153318,,0.3469930000137537,8.600007276982069e-06,0.0002300000051036,8.450000314041972e-05,0.00011090002954,0.3483469000202603,,,,,,,,0.0,,0,5,2841.8,1316.0,4585.0,1850.0,1897.0,4561.0,35.0,60.0,0.1008403361344537,0.2016806722689075,0.2352941176470588,0.1176470588235294,6.857142857142857,8.0,4.0,50000.0,22531.32492307692,2.219132703944509,,,,,,,,,,,,,,,,,,,,,2500.0,25000.0,6.0,3.0,3.0,0.5,1.0,35.0,,
32_Phoenix_City,ClassicalGreedy,15324,5,5,50543,2,0.1133147000218741,100.0,122.80006153846152,614.0003076923076,1.3866871965724332,1.6352320597824093,1170.6252307692305,0.0002623999607749,9.679998038336636e-05,,,,,,,,,,,,,,,,,,,,0,5,3328.6,1405.0,4471.0,3150.0,3342.0,4275.0,,,,,,,,,,,,,,,,,,,,,,,,,,4.3199979700148106e-05,75.0,1.3199984095990658e-05,1.6900012269616127e-05,7.329997606575489e-05,398.2892142331043,3.0,,,,,,,,,,
32_Phoenix_City,Classical,15324,5,5,50543,2,0.1133147000218741,100.0,238.7577230769232,614.0003076923076,1.1863874623586743,1.3109102101413412,996.425846153846,0.0304564000107347,0.0302917000371962,,,,,,,,,,,80.0,10.0,80.0,205.0,,,,,,0,5,3328.6,1405.0,4471.0,3150.0,3342.0,4275.0,,,,,,,,,,,,,,,,,,,,,,,,,,,,,,,,,,,,,,,,,0.0,0.0
32_Phoenix_City,Quantum,15324,5,5,50543,2,0.1133147000218741,100.0,389.9670153846155,1111.985846153846,1.839052990411216,2.719201364601357,1252.3864615384612,0.3510089000337757,0.3495562000316567,0.0001760000013746,2.149998908862472e-05,0.000154500012286,,0.3495562000316567,8.399947546422482e-06,0.0002935000229626,0.000101099954918,9.879999561235309e-05,0.3510089000337757,,,,,,,,0.0,,0,5,3328.6,1405.0,4471.0,3150.0,3342.0,4275.0,35.0,60.0,0.1008403361344537,0.2016806722689075,0.2352941176470588,0.1176470588235294,6.857142857142857,8.0,4.0,50000.0,22568.18,2.215508738409566,,,,,,,,,,,,,,,,,,,,,2500.0,25000.0,7.0,3.0,4.0,0.5714285714285714,1.0,35.0,,
32_Phoenix_City,ClassicalGreedy,15324,5,5,50544,3,0.1128742000437341,100.0,138.65298461538458,693.264923076923,1.7134339648820192,1.7842128077520318,1343.1280000000002,0.0001717999693937,5.859998054802418e-05,,,,,,,,,,,,,,,,,,,,0,5,3191.4,1368.0,4482.0,3070.0,3357.0,3680.0,,,,,,,,,,,,,,,,,,,,,,,,,,2.269999822601676e-05,70.0,6.999936886131764e-06,1.460005296394229e-05,4.429998807609081e-05,364.1229499959304,3.0,,,,,,,,,,
32_Phoenix_City,Classical,15324,5,5,50544,3,0.1128742000437341,100.0,138.65298461538458,693.264923076923,1.691783965030391,1.7776796409784554,1310.7464615384615,0.0241061000269837,0.0239564000512473,,,,,,,,,,,75.0,10.0,75.0,191.0,,,,,,0,5,3191.4,1368.0,4482.0,3070.0,3357.0,3680.0,,,,,,,,,,,,,,,,,,,,,,,,,,,,,,,,,,,,,,,,,0.0,0.0
32_Phoenix_City,Quantum,15324,5,5,50544,3,0.1128742000437341,60.0,231.0883076923077,693.264923076923,2.0084062413658983,2.252471026192674,1266.153230769231,0.3488419000059366,0.347807299986016,0.0001606000005267,1.729995710775256e-05,0.000143300043419,,0.347807299986016,7.299997378140688e-06,0.0001289999927394,3.7299992982298136e-05,8.540000999346375e-05,0.3488419000059366,,,,,,,,0.0,,0,5,3191.4,1368.0,4482.0,3070.0,3357.0,3680.0,35.0,60.0,0.1008403361344537,0.2016806722689075,0.2352941176470588,0.1176470588235294,6.857142857142857,8.0,4.0,50000.0,22647.632769230768,2.207736257006532,,,,,,,,,,,,,,,,,,,,,2500.0,25000.0,7.0,2.0,5.0,0.7142857142857143,1.0,35.0,,
32_Phoenix_City,ClassicalGreedy,15324,5,5,50545,4,0.1102047999738715,100.0,481.42815384615386,1492.2716923076923,2.942099113463063,4.7044732414153625,1440.9276923076925,0.0001997000072151,7.489998824894428e-05,,,,,,,,,,,,,,,,,,,,0,5,2190.2,1341.0,3262.0,1890.0,2187.0,2271.0,,,,,,,,,,,,,,,,,,,,,,,,,,3.559998003765941e-05,63.0,5.999987479299307e-06,1.3399985618889332e-05,5.4999953135848045e-05,317.767127799362,3.0,,,,,,,,,,
32_Phoenix_City,Classical,15324,5,5,50545,4,0.1102047999738715,100.0,393.3048307692308,1402.3418461538463,3.443642584712383,7.416780292700661,1147.256,0.0255938000045716,0.0254721000092104,,,,,,,,,,,68.0,10.0,68.0,172.0,,,,,,0,5,2190.2,1341.0,3262.0,1890.0,2187.0,2271.0,,,,,,,,,,,,,,,,,,,,,,,,,,,,,,,,,,,,,,,,,0.0,0.0
32_Phoenix_City,Quantum,15324,5,5,50545,4,0.1102047999738715,100.0,381.5796615384616,993.0292307692308,2.5099345313024304,2.857340798304221,1402.3901538461537,0.349319800036028,0.3481580999796279,0.0001540000084787,1.3599987141788006e-05,0.0001404000213369,,0.3481580999796279,7.099995855242014e-06,0.0002381000085733,8.139997953549027e-05,8.480000542476773e-05,0.349319800036028,,,,,,,,0.0,,0,5,2190.2,1341.0,3262.0,1890.0,2187.0,2271.0,35.0,60.0,0.1008403361344537,0.2016806722689075,0.2352941176470588,0.1176470588235294,6.857142857142857,8.0,4.0,50000.0,22674.020307692303,2.205166940908013,,,,,,,,,,,,,,,,,,,,,2500.0,25000.0,6.0,3.0,3.0,0.5,1.0,35.0,,
32_Phoenix_City,ClassicalGreedy,15324,5,5,50546,5,0.1119119999930262,100.0,192.66467692307688,603.1452307692307,1.48341284555375,1.7864407319566438,1797.8606153846154,0.0002144000027328,8.590001380071044e-05,,,,,,,,,,,,,,,,,,,,0,5,3066.6,1826.0,4647.0,2038.0,3226.0,3596.0,,,,,,,,,,,,,,,,,,,,,,,,,,3.330002073198557e-05,39.0,8.800008799880743e-06,1.999997766688466e-05,6.210000719875097e-05,167.5943639112763,3.0,,,,,,,,,,
32_Phoenix_City,Classical,15324,5,5,50546,5,0.1119119999930262,100.0,192.66467692307688,603.1452307692307,1.48341284555375,1.7864407319566438,1797.8606153846154,0.0229821000248193,0.0228316999855451,,,,,,,,,,,44.0,10.0,44.0,105.0,,,,,,0,5,3066.6,1826.0,4647.0,2038.0,3226.0,3596.0,,,,,,,,,,,,,,,,,,,,,,,,,,,,,,,,,,,,,,,,,0.0,0.0
32_Phoenix_City,Quantum,15324,5,5,50546,5,0.1119119999930262,60.0,45.70758974358978,137.12276923076934,1.6901986312560928,2.013026608883864,1362.840923076923,0.346732499951031,0.3456015000119805,0.0001547999563626,1.3599987141788006e-05,0.0001411999692209,,0.3456015000119805,7.099995855242014e-06,0.0001742999884299,3.6999990697950125e-05,8.539995178580284e-05,0.346732499951031,,,,,,,,0.0,,0,5,3066.6,1826.0,4647.0,2038.0,3226.0,3596.0,35.0,60.0,0.1008403361344537,0.2016806722689075,0.2352941176470588,0.1176470588235294,6.857142857142857,8.0,4.0,50000.0,22730.704,2.199667902938686,,,,,,,,,,,,,,,,,,,,,2500.0,25000.0,6.0,3.0,3.0,0.5,1.0,35.0,,
32_Phoenix_City,ClassicalGreedy,15324,5,5,50547,6,0.1117861999664455,100.0,449.6992615384616,1646.0683076923078,1.150514088701473,1.4819827350318422,1149.2953846153844,0.0001759000006131,4.8600020818412304e-05,,,,,,,,,,,,,,,,,,,,0,5,3740.8,3014.0,4486.0,3043.0,3905.0,4256.0,,,,,,,,,,,,,,,,,,,,,,,,,,1.799996243789792e-05,61.0,5.599984433501959e-06,1.1299969628453256e-05,3.4899916499853134e-05,304.23818214564824,3.0,,,,,,,,,,
32_Phoenix_City,Classical,15324,5,5,50547,6,0.1117861999664455,100.0,10.150030769230762,50.75015384615381,1.16566297970107,1.213610929438267,1126.855692307692,0.0245227999985218,0.0243688999908044,,,,,,,,,,,66.0,10.0,66.0,166.0,,,,,,0,5,3740.8,3014.0,4486.0,3043.0,3905.0,4256.0,,,,,,,,,,,,,,,,,,,,,,,,,,,,,,,,,,,,,,,,,0.0,0.0
32_Phoenix_City,Quantum,15324,5,5,50547,6,0.1117861999664455,80.0,0.0,0.0,1.3039330560508244,1.6284211584875303,1026.5532307692306,0.3474414000520482,0.3464486000011675,0.0001365000498481,1.0800024028867485e-05,0.0001257000258192,,0.3464486000011675,6.800051778554916e-06,0.000164900033269,5.569995846599341e-05,8.460000390186906e-05,0.3474414000520482,,,,,,,,0.0,,0,5,3740.8,3014.0,4486.0,3043.0,3905.0,4256.0,35.0,60.0,0.1008403361344537,0.2016806722689075,0.2352941176470588,0.1176470588235294,6.857142857142857,8.0,4.0,50000.0,22657.388,2.206785707160949,,,,,,,,,,,,,,,,,,,,,2500.0,25000.0,6.0,3.0,3.0,0.5,1.0,35.0,,
32_Phoenix_City,ClassicalGreedy,15324,5,5,50548,7,0.111869000014849,100.0,230.41778461538456,657.4464615384613,1.3545416955719718,1.4820383131563075,1702.234769230769,0.0002102000289596,8.070003241300583e-05,,,,,,,,,,,,,,,,,,,,0,4,3544.4,2528.0,4555.0,2720.0,3628.0,4291.0,,,,,,,,,,,,,,,,,,,,,,,,,,3.9899954572319984e-05,52.0,8.899951353669167e-06,1.0700023267418146e-05,5.94999291934073e-05,246.4385618977473,3.0,,,,,,,,,,
32_Phoenix_City,Classical,15324,5,5,50548,7,0.111869000014849,100.0,488.66516923076927,1676.052923076923,1.526305382189106,2.305979014696435,1652.4304615384617,0.0274459000211209,0.0273278999957256,,,,,,,,,,,57.0,10.0,57.0,141.0,,,,,,0,4,3544.4,2528.0,4555.0,2720.0,3628.0,4291.0,,,,,,,,,,,,,,,,,,,,,,,,,,,,,,,,,,,,,,,,,0.0,0.0
32_Phoenix_City,Quantum,15324,5,5,50548,7,0.111869000014849,80.0,478.0948461538461,1676.052923076923,1.4943577218693789,1.5584330269838502,1499.230461538462,0.3453822000301443,0.3442067999858409,0.0001654000370763,1.5400000847876072e-05,0.0001500000362284,,0.3442067999858409,6.699992809444666e-06,0.0002192999818362,7.650000043213367e-05,9.109999518841504e-05,0.3453822000301443,,,,,,,,0.0,,0,4,3544.4,2528.0,4555.0,2720.0,3628.0,4291.0,35.0,60.0,0.1008403361344537,0.2016806722689075,0.2352941176470588,0.1176470588235294,6.857142857142857,8.0,4.0,50000.0,22697.040615384616,2.20293036644208,,,,,,,,,,,,,,,,,,,,,2500.0,25000.0,6.0,2.0,4.0,0.6666666666666666,1.0,35.0,,
32_Phoenix_City,ClassicalGreedy,15324,5,5,50549,8,0.0572666000225581,20.0,1337.492923076923,1337.492923076923,4.6659798338246095,4.6659798338246095,301.0030769230769,5.000003147870302e-05,1.8300022929906845e-05,,,,,,,,,,,,,,,,,,,,0,4,2420.8,1261.0,3606.0,1442.0,2571.0,3224.0,,,,,,,,,,,,,,,,,,,,,,,,,,3.100023604929447e-06,1.0,1.5999539755284786e-06,3.00002284348011e-06,7.700000423938036e-06,0.0,1.0,,,,,,,,,,
32_Phoenix_City,Classical,15324,5,5,50549,8,0.0572666000225581,20.0,1337.492923076923,1337.492923076923,4.6659798338246095,4.6659798338246095,301.0030769230769,0.0165474000386893,0.0165067000198178,,,,,,,,,,,6.0,10.0,6.0,7.0,,,,,,0,4,2420.8,1261.0,3606.0,1442.0,2571.0,3224.0,,,,,,,,,,,,,,,,,,,,,,,,,,,,,,,,,,,,,,,,,0.0,0.0
32_Phoenix_City,Quantum,15324,5,5,50549,8,0.0572666000225581,20.0,1337.492923076923,1337.492923076923,4.6659798338246095,4.6659798338246095,301.0030769230769,0.0089547999668866,0.0083109999541193,6.940000457689166e-05,4.499976057559252e-06,6.490002851933241e-05,,0.0083109999541193,1.600012183189392e-06,5.0099974032491446e-05,1.360004534944892e-05,4.259997513145208e-05,0.0089547999668866,,,,,,,,0.0,,0,4,2420.8,1261.0,3606.0,1442.0,2571.0,3224.0,1.0,0.0,0.0,0.0,0.0,0.0,0.0,0.0,0.0,2198.996923076923,2198.996923076923,1.0,,,,,,,,,,,,,,,,,,,,,2500.0,25000.0,1.0,1.0,0.0,0.0,0.0,1.0,,
32_Phoenix_City,ClassicalGreedy,15324,5,5,50550,9,0.111357300018426,100.0,38.25421538461537,191.2710769230769,1.4468649598495198,1.898270195688904,1328.986769230769,0.0002047000452876,7.529999129474163e-05,,,,,,,,,,,,,,,,,,,,0,5,2477.2,1502.0,3704.0,1659.0,1819.0,3702.0,,,,,,,,,,,,,,,,,,,,,,,,,,3.809999907389283e-05,57.0,5.600042641162872e-06,1.2100033927708864e-05,5.580007564276457e-05,278.3559659302772,3.0,,,,,,,,,,
32_Phoenix_City,Classical,15324,5,5,50550,9,0.111357300018426,100.0,38.25421538461537,191.2710769230769,1.432422309657239,1.853127924394521,1321.2870769230765,0.0246990000014193,0.0245434999815188,,,,,,,,,,,62.0,10.0,62.0,155.0,,,,,,0,5,2477.2,1502.0,3704.0,1659.0,1819.0,3702.0,,,,,,,,,,,,,,,,,,,,,,,,,,,,,,,,,,,,,,,,,0.0,0.0
32_Phoenix_City,Quantum,15324,5,5,50550,9,0.111357300018426,100.0,227.1796307692308,1135.898153846154,1.712122375139753,2.0,1475.4818461538457,0.3467873999616131,0.3455891999765299,0.0001426999806426,1.1499971151351929e-05,0.0001312000094912,,0.3455891999765299,6.999995093792677e-06,0.0002290999982506,7.54999928176403e-05,8.759996853768826e-05,0.3467873999616131,,,,,,,,0.0,,0,5,2477.2,1502.0,3704.0,1659.0,1819.0,3702.0,35.0,60.0,0.1008403361344537,0.2016806722689075,0.2352941176470588,0.1176470588235294,6.857142857142857,8.0,4.0,50000.0,22585.796307692308,2.213780701766576,,,,,,,,,,,,,,,,,,,,,2500.0,25000.0,6.0,3.0,3.0,0.5,1.0,35.0,,
32_Phoenix_City,ClassicalGreedy,15324,5,5,50551,10,0.1095194999943487,100.0,730.3512615384616,1738.432923076923,1.6881011727723134,2.294395947323849,1185.5784615384612,0.0002106999745592,0.0001121999812312,,,,,,,,,,,,,,,,,,,,0,5,3542.8,2386.0,4426.0,3313.0,3779.0,3810.0,,,,,,,,,,,,,,,,,,,,,,,,,,4.040001658722758e-05,62.0,1.449999399483204e-05,2.979999408125877e-05,8.47000046633184e-05,310.98461940551505,3.0,,,,,,,,,,
32_Phoenix_City,Classical,15324,5,5,50551,10,0.1095194999943487,100.0,681.9137846153847,1738.432923076923,1.619446665022667,2.4421158828789578,1003.0990769230766,0.0286836000159382,0.0285364000010304,,,,,,,,,,,67.0,10.0,67.0,169.0,,,,,,0,5,3542.8,2386.0,4426.0,3313.0,3779.0,3810.0,,,,,,,,,,,,,,,,,,,,,,,,,,,,,,,,,,,,,,,,,0.0,0.0
32_Phoenix_City,Quantum,15324,5,5,50551,10,0.1095194999943487,100.0,719.4434461538461,1746.5523076923075,1.5552171986061627,1.8885438917626616,1250.0079999999998,0.3464967000181786,0.3453753999783657,0.0001555000199005,1.4899997040629389e-05,0.0001406000228598,,0.3453753999783657,7.399998139590025e-06,0.0002123999875038,6.530003156512976e-05,8.620001608505845e-05,0.3464967000181786,,,,,,,,0.0,,0,5,3542.8,2386.0,4426.0,3313.0,3779.0,3810.0,35.0,60.0,0.1008403361344537,0.2016806722689075,0.2352941176470588,0.1176470588235294,6.857142857142857,8.0,4.0,50000.0,22598.31507692308,2.21255433556898,,,,,,,,,,,,,,,,,,,,,2500.0,25000.0,6.0,3.0,3.0,0.5,1.0,35.0,,
32_Phoenix_City,ClassicalGreedy,15324,5,10,100542,1,0.1730887999874539,100.0,261.36,912.5455384615384,1.3261862308323145,1.7356268479660462,3053.8406153846163,0.0003558999742381,0.0001334999687969,,,,,,,,,,,,,,,,,,,,0,10,2422.2,1494.0,3557.0,1947.5,2306.0,2971.75,,,,,,,,,,,,,,,,,,,,,,,,,,6.799999391660094e-05,225.0,2.139998832717538e-05,2.4500011932104823e-05,0.0001138999941758,1597.6870967821014,5.0,,,,,,,,,,
32_Phoenix_City,Classical,15324,5,10,100542,1,0.1730887999874539,100.0,165.9789846153846,912.5455384615384,1.175294681407972,1.684276753254092,2527.315692307692,0.0294634000165388,0.0291989999823272,,,,,,,,,,,235.0,15.0,235.0,641.0,,,,,,0,10,2422.2,1494.0,3557.0,1947.5,2306.0,2971.75,,,,,,,,,,,,,,,,,,,,,,,,,,,,,,,,,,,,,,,,,0.0,0.0
32_Phoenix_City,Quantum,15324,5,10,100542,1,0.1730887999874539,60.0,44.74856410256408,268.4913846153845,1.4704501011690518,2.418766837955289,2015.5264615384613,1.3697785999975167,1.3682633999851532,0.0003159000189043,3.170000854879618e-05,0.0002842000103555,,1.3682633999851532,1.9400031305849552e-05,0.0003682000096887,6.130000110715628e-05,0.0001805999781936,1.3697785999975167,,,,,,,,0.0,,0,10,2422.2,1494.0,3557.0,1947.5,2306.0,2971.75,145.0,270.0,0.0258620689655172,0.0517241379310344,0.0555555555555555,0.0277777777777777,7.448275862068965,8.0,4.0,50000.0,22657.980923076924,2.2067279591128752,,,,,,,,,,,,,,,,,,,,,2500.0,25000.0,28.0,7.0,21.0,0.75,1.0,145.0,,
32_Phoenix_City,ClassicalGreedy,15324,5,10,100543,2,0.1715065999887883,70.0,594.9013186813188,1598.9055384615383,1.3971929092615325,1.9456594204521376,1430.9153846153845,0.0002699999604374,0.0001020999625325,,,,,,,,,,,,,,,,,,,,0,9,2540.6,1219.0,4783.0,1375.0,2227.5,3474.5,,,,,,,,,,,,,,,,,,,,,,,,,,5.309999687597156e-05,173.0,1.7199956346303225e-05,1.5400059055536985e-05,8.570001227781177e-05,1156.6447209383173,4.0,,,,,,,,,,
32_Phoenix_City,Classical,15324,5,10,100543,2,0.1715065999887883,100.0,639.803723076923,1598.9055384615383,1.6552439866469943,2.3502398735379355,3522.8218461538454,0.0390093000023625,0.0387468000408262,,,,,,,,,,,183.0,15.0,183.0,492.0,,,,,,0,9,2540.6,1219.0,4783.0,1375.0,2227.5,3474.5,,,,,,,,,,,,,,,,,,,,,,,,,,,,,,,,,,,,,,,,,0.0,0.0
32_Phoenix_City,Quantum,15324,5,10,100543,2,0.1715065999887883,60.0,213.17656410256407,1210.969846153846,1.666036440223613,1.8863893006394896,2066.675384615384,1.3692230000160637,1.367816700018011,0.0003108999808318,3.15000070258975e-05,0.0002793999738059,,1.367816700018011,2.9399991035461422e-05,0.0002679000026546,8.029997115954757e-05,0.0001682000001892,1.3692230000160637,,,,,,,,0.0,,0,9,2540.6,1219.0,4783.0,1375.0,2227.5,3474.5,145.0,270.0,0.0258620689655172,0.0517241379310344,0.0555555555555555,0.0277777777777777,7.448275862068965,8.0,4.0,50000.0,22605.533846153845,2.211847786488224,,,,,,,,,,,,,,,,,,,,,2500.0,25000.0,26.0,4.0,22.0,0.8461538461538461,1.0,145.0,,
32_Phoenix_City,ClassicalGreedy,15324,5,10,100544,3,0.1712616999866441,80.0,391.36228846153847,1551.3726153846155,1.6439516804446344,1.844110233134412,2679.3316923076936,0.000284300011117,0.0001217999961227,,,,,,,,,,,,,,,,,,,,0,10,2775.7,1351.0,4494.0,2007.5,2720.5,3570.75,,,,,,,,,,,,,,,,,,,,,,,,,,6.2700011767447e-05,201.0,1.969997538253665e-05,2.0300038158893585e-05,0.0001027000253088,1391.1681273713195,4.0,,,,,,,,,,
32_Phoenix_City,Classical,15324,5,10,100544,3,0.1712616999866441,100.0,627.9377076923078,1739.6492307692306,1.5558720015909269,2.7805468965626416,2574.34,0.0290620999876409,0.028813800017815,,,,,,,,,,,211.0,15.0,211.0,572.0,,,,,,0,10,2775.7,1351.0,4494.0,2007.5,2720.5,3570.75,,,,,,,,,,,,,,,,,,,,,,,,,,,,,,,,,,,,,,,,,0.0,0.0
32_Phoenix_City,Quantum,15324,5,10,100544,3,0.1712616999866441,60.0,582.8011794871795,1551.3726153846155,2.7021747489981136,5.043715094292369,1709.9852307692306,1.3620332999853415,1.3603770000045188,0.0003120999899692,3.4100026823580265e-05,0.0002779999631457,,1.3603770000045188,2.3100001271814108e-05,0.0003658999921754,7.730000652372837e-05,0.0001787999644875,1.3620332999853415,,,,,,,,0.0,,0,10,2775.7,1351.0,4494.0,2007.5,2720.5,3570.75,145.0,270.0,0.0258620689655172,0.0517241379310344,0.0555555555555555,0.0277777777777777,7.448275862068965,8.0,4.0,50000.0,22648.704307692307,2.2076318062494296,,,,,,,,,,,,,,,,,,,,,2500.0,25000.0,28.0,7.0,21.0,0.75,1.0,145.0,,
32_Phoenix_City,ClassicalGreedy,15324,5,10,100545,4,0.1458077999996021,80.0,194.17238461538463,608.2747692307694,1.5305160541712215,2.493884168055593,2395.081846153846,0.0002818999928422,8.9599983766675e-05,,,,,,,,,,,,,,,,,,,,0,9,2737.2,1248.0,4459.0,2418.75,2582.0,3123.0,,,,,,,,,,,,,,,,,,,,,,,,,,4.780001472681761e-05,122.0,1.1500029359012842e-05,1.309998333454132e-05,7.240002742037177e-05,745.7893978800745,4.0,,,,,,,,,,
32_Phoenix_City,Classical,15324,5,10,100545,4,0.1458077999996021,80.0,194.17238461538463,608.2747692307694,1.5305160541712215,2.493884168055593,2395.0818461538465,0.0409758000168949,0.0407657999894581,,,,,,,,,,,132.0,15.0,132.0,345.0,,,,,,0,9,2737.2,1248.0,4459.0,2418.75,2582.0,3123.0,,,,,,,,,,,,,,,,,,,,,,,,,,,,,,,,,,,,,,,,,0.0,0.0
32_Phoenix_City,Quantum,15324,5,10,100545,4,0.1458077999996021,60.0,27.45261538461538,164.71569230769228,2.119874841895366,3.091281421184661,2120.5021538461533,1.3634832000243478,1.3620420999941416,0.0003187000402249,2.8699985705316067e-05,0.0002900000545196,,1.3620420999941416,2.2799998987466097e-05,0.0002468000166118,7.690000347793102e-05,0.0001768000074662,1.3634832000243478,,,,,,,,0.0,,0,9,2737.2,1248.0,4459.0,2418.75,2582.0,3123.0,145.0,270.0,0.0258620689655172,0.0517241379310344,0.0555555555555555,0.0277777777777777,7.448275862068965,8.0,4.0,50000.0,22549.92461538461,2.217302312659957,,,,,,,,,,,,,,,,,,,,,2500.0,25000.0,28.0,6.0,22.0,0.7857142857142857,1.0,145.0,,
32_Phoenix_City,ClassicalGreedy,15324,5,10,100546,5,0.1721434000064619,90.0,644.8392136752136,1334.1458461538462,1.5423929259624989,2.01206005255327,3508.000923076924,0.0003461000160314,0.0001413999707438,,,,,,,,,,,,,,,,,,,,0,8,3162.7,2006.0,4508.0,2535.75,3023.0,3932.5,,,,,,,,,,,,,,,,,,,,,,,,,,7.859995821490884e-05,147.0,1.3199925888329744e-05,2.200005110353232e-05,0.0001137999352067,941.9486568635256,5.0,,,,,,,,,,
32_Phoenix_City,Classical,15324,5,10,100546,5,0.1721434000064619,90.0,655.3921025641025,1334.1458461538462,1.3186870005193334,1.997510665770701,3008.888615384615,0.0288113999995403,0.0285600000061094,,,,,,,,,,,157.0,15.0,157.0,416.0,,,,,,0,8,3162.7,2006.0,4508.0,2535.75,3023.0,3932.5,,,,,,,,,,,,,,,,,,,,,,,,,,,,,,,,,,,,,,,,,0.0,0.0
32_Phoenix_City,Quantum,15324,5,10,100546,5,0.1721434000064619,60.0,571.700564102564,1690.4726153846154,2.799566731804129,6.580557797974011,2808.1800000000003,1.3412076000240631,1.33973629999673,0.0002923000138252,2.8699985705316067e-05,0.0002636000281199,,1.33973629999673,2.0099978428334e-05,0.0003192999865859,7.559999357908964e-05,0.000170600018464,1.3412076000240631,,,,,,,,0.0,,0,8,3162.7,2006.0,4508.0,2535.75,3023.0,3932.5,142.0,264.0,0.0263709919089002,0.0527419838178004,0.0567375886524822,0.0283687943262411,7.436619718309859,8.0,4.0,50000.0,22655.50769230769,2.2069688606879767,,,,,,,,,,,,,,,,,,,,,2500.0,25000.0,27.0,7.0,20.0,0.7407407407407407,1.0,142.0,,
32_Phoenix_City,ClassicalGreedy,15324,5,10,100547,6,0.1735941999941133,100.0,238.91267692307693,1705.5003076923076,1.2208616439953952,2.140516660546928,3101.381230769231,0.0003790000337176,0.0001353999832645,,,,,,,,,,,,,,,,,,,,0,9,2568.8,1283.0,4123.0,1550.0,2667.5,3134.5,,,,,,,,,,,,,,,,,,,,,,,,,,7.269997149705887e-05,208.0,2.039992250502109e-05,1.49000552482903e-05,0.0001079999492503,1448.7725498027498,5.0,,,,,,,,,,
32_Phoenix_City,Classical,15324,5,10,100547,6,0.1735941999941133,100.0,238.91267692307693,1705.5003076923076,1.2089052079887557,2.140516660546928,3056.0667692307693,0.0341327999485656,0.0338689999771304,,,,,,,,,,,218.0,15.0,218.0,591.0,,,,,,0,9,2568.8,1283.0,4123.0,1550.0,2667.5,3134.5,,,,,,,,,,,,,,,,,,,,,,,,,,,,,,,,,,,,,,,,,0.0,0.0
32_Phoenix_City,Quantum,15324,5,10,100547,6,0.1735941999941133,90.0,105.27319658119654,717.2615384615383,1.5747643452409954,2.078743666993894,4338.537230769231,1.361799800011795,1.3599074000376277,0.000321100000292,3.589998232200742e-05,0.00028520001797,,1.3599074000376277,2.209999365732073e-05,0.0003513999981805,0.0001274000387638,0.0002082000137306,1.361799800011795,,,,,,,,0.0,,0,9,2568.8,1283.0,4123.0,1550.0,2667.5,3134.5,145.0,270.0,0.0258620689655172,0.0517241379310344,0.0555555555555555,0.0277777777777777,7.448275862068965,8.0,4.0,50000.0,22613.07323076923,2.2111103382430053,,,,,,,,,,,,,,,,,,,,,2500.0,25000.0,26.0,5.0,21.0,0.8076923076923077,1.0,145.0,,
32_Phoenix_City,ClassicalGreedy,15324,5,10,100548,7,0.1792454000096768,100.0,477.5879076923078,1670.1140000000005,1.6152448772114931,2.4102387371948435,4585.326923076925,0.0014849000144749,0.0010889000259339,,,,,,,,,,,,,,,,,,,,0,10,2957.6,1475.0,3832.0,2047.25,3369.0,3719.0,,,,,,,,,,,,,,,,,,,,,,,,,,0.0004298000130802,264.0,0.0002793000312522,0.0002748999977484,0.0009840000420808,1940.9822450233792,5.0,,,,,,,,,,
32_Phoenix_City,Classical,15324,5,10,100548,7,0.1792454000096768,100.0,462.7836615384616,1411.4958461538463,1.332877723555138,1.8249464066028904,3860.782615384616,0.0318779000081121,0.0315923999878577,,,,,,,,,,,274.0,15.0,274.0,753.0,,,,,,0,10,2957.6,1475.0,3832.0,2047.25,3369.0,3719.0,,,,,,,,,,,,,,,,,,,,,,,,,,,,,,,,,,,,,,,,,0.0,0.0
32_Phoenix_City,Quantum,15324,5,10,100548,7,0.1792454000096768,80.0,299.67742307692305,1411.4958461538463,1.5736059858900444,1.6658026299205977,4014.333076923078,1.3552428999682888,1.3535927000339143,0.0003003999590873,3.3599964808672667e-05,0.0002667999942786,,1.3535927000339143,2.0499981474131342e-05,0.0003652999876067,0.0001219999976456,0.0001752999960444,1.3552428999682888,,,,,,,,0.0,,0,10,2957.6,1475.0,3832.0,2047.25,3369.0,3719.0,145.0,270.0,0.0258620689655172,0.0517241379310344,0.0555555555555555,0.0277777777777777,7.448275862068965,8.0,4.0,50000.0,22615.48384615385,2.210874652964958,,,,,,,,,,,,,,,,,,,,,2500.0,25000.0,28.0,5.0,23.0,0.8214285714285714,1.0,145.0,,
32_Phoenix_City,ClassicalGreedy,15324,5,10,100549,8,0.1502490999992005,100.0,282.7924,982.9267692307692,3.0239119965010026,9.609459096471245,2718.2944615384613,0.0003781000268645,0.0001492999726906,,,,,,,,,,,,,,,,,,,,0,10,3777.1,1673.0,4773.0,3515.75,4106.5,4391.0,,,,,,,,,,,,,,,,,,,,,,,,,,9.18000005185604e-05,221.0,1.92999723367393e-05,1.4699995517730711e-05,0.000125799968373,1561.9811735847318,5.0,,,,,,,,,,
32_Phoenix_City,Classical,15324,5,10,100549,8,0.1502490999992005,100.0,236.45440000000008,982.9267692307692,1.5179616030248095,2.22407018573948,2545.4079999999994,0.0334167000255547,0.0331385000026784,,,,,,,,,,,231.0,15.0,231.0,629.0,,,,,,0,10,3777.1,1673.0,4773.0,3515.75,4106.5,4391.0,,,,,,,,,,,,,,,,,,,,,,,,,,,,,,,,,,,,,,,,,0.0,0.0
32_Phoenix_City,Quantum,15324,5,10,100549,8,0.1502490999992005,80.0,143.15842307692304,555.8707692307689,3.993466395967752,11.56153258006966,2746.960615384616,1.35831469995901,1.356597700039856,0.0003321999683976,3.920000744983554e-05,0.0002929999609477,,1.356597700039856,2.2300053387880325e-05,0.0003971999976783,0.0001117000356316,0.0001779999583959,1.35831469995901,,,,,,,,0.0,,0,10,3777.1,1673.0,4773.0,3515.75,4106.5,4391.0,145.0,270.0,0.0258620689655172,0.0517241379310344,0.0555555555555555,0.0277777777777777,7.448275862068965,8.0,4.0,50000.0,22535.01476923077,2.218769346815332,,,,,,,,,,,,,,,,,,,,,2500.0,25000.0,28.0,6.0,22.0,0.7857142857142857,1.0,145.0,,
32_Phoenix_City,ClassicalGreedy,15324,5,10,100550,9,0.1610426999977789,90.0,144.696170940171,715.2160000000003,1.9644066081547973,4.473609664525208,2424.7804615384616,0.0003444000030867,0.0001288999919779,,,,,,,,,,,,,,,,,,,,0,10,2960.2,2194.0,4174.0,2399.0,2925.5,3475.5,,,,,,,,,,,,,,,,,,,,,,,,,,6.539997411891818e-05,228.0,2.099998528137803e-05,2.3800006601959467e-05,0.0001101999660022,1622.5064597408152,5.0,,,,,,,,,,
32_Phoenix_City,Classical,15324,5,10,100550,9,0.1610426999977789,100.0,432.4328307692309,1786.2586153846155,1.5136206575200066,2.687141542913414,2529.673692307692,0.0375132999615743,0.0372275999980047,,,,,,,,,,,238.0,15.0,238.0,649.0,,,,,,0,10,2960.2,2194.0,4174.0,2399.0,2925.5,3475.5,,,,,,,,,,,,,,,,,,,,,,,,,,,,,,,,,,,,,,,,,0.0,0.0
32_Phoenix_City,Quantum,15324,5,10,100550,9,0.1610426999977789,60.0,199.9769743589744,1194.6123076923077,2.374620544973009,5.503551365943581,1651.5826153846149,1.3593260999768972,1.3573514000163414,0.0003123999922536,3.679998917505145e-05,0.0002756000030785,,1.3573514000163414,2.089998451992869e-05,0.0004205000004731,7.399998139590025e-05,0.0001807999797165,1.3593260999768972,,,,,,,,0.0,,0,10,2960.2,2194.0,4174.0,2399.0,2925.5,3475.5,145.0,270.0,0.0258620689655172,0.0517241379310344,0.0555555555555555,0.0277777777777777,7.448275862068965,8.0,4.0,50000.0,22593.98169230769,2.212978689675708,,,,,,,,,,,,,,,,,,,,,2500.0,25000.0,30.0,7.0,23.0,0.7666666666666667,1.0,145.0,,
32_Phoenix_City,ClassicalGreedy,15324,5,10,100551,10,0.1727997999987565,80.0,400.9146538461538,1073.392923076923,2.3322170164969847,4.518818411631099,2408.536,0.0004679000121541,0.0001584999845363,,,,,,,,,,,,,,,,,,,,0,10,3319.6,1991.0,4774.0,2797.5,3495.0,3758.5,,,,,,,,,,,,,,,,,,,,,,,,,,9.699998190626502e-05,192.0,1.829996472224593e-05,1.7300015315413475e-05,0.0001325999619439,1316.5110264676036,4.0,,,,,,,,,,
32_Phoenix_City,Classical,15324,5,10,100551,10,0.1727997999987565,100.0,498.5145230769231,1225.3658461538462,1.5808603608793503,2.3981539076731675,3161.624923076924,0.0272775000194087,0.0270127999829128,,,,,,,,,,,202.0,15.0,202.0,547.0,,,,,,0,10,3319.6,1991.0,4774.0,2797.5,3495.0,3758.5,,,,,,,,,,,,,,,,,,,,,,,,,,,,,,,,,,,,,,,,,0.0,0.0
32_Phoenix_City,Quantum,15324,5,10,100551,10,0.1727997999987565,50.0,173.71267692307688,530.3990769230768,4.830536618630834,9.08323353552298,1785.016,1.369145699951332,1.367651599983219,0.0003109999815933,3.4999975468963385e-05,0.0002760000061243,,1.367651599983219,2.289999974891544e-05,0.0002903999993577,5.119998240843415e-05,0.0001823999918997,1.369145699951332,,,,,,,,0.0,,0,10,3319.6,1991.0,4774.0,2797.5,3495.0,3758.5,145.0,270.0,0.0258620689655172,0.0517241379310344,0.0555555555555555,0.0277777777777777,7.448275862068965,8.0,4.0,50000.0,22551.24676923077,2.217172314757368,,,,,,,,,,,,,,,,,,,,,2500.0,25000.0,28.0,6.0,22.0,0.7857142857142857,1.0,145.0,,
32_Phoenix_City,ClassicalGreedy,15324,10,10,101042,1,0.2285221999627538,100.0,391.6348461538462,1415.8726153846155,1.2484214373377078,1.7983324979463962,3035.128615384616,0.0003817999968305,0.0001900999923236,,,,,,,,,,,,,,,,,,,,0,10,2487.3,1234.0,4403.0,1586.0,2093.5,3352.0,,,,,,,,,,,,,,,,,,,,,,,,,,9.169999975711109e-05,364.0,3.339996328577399e-05,4.770001396536827e-05,0.0001727999770082,2822.121840185841,5.0,,,,,,,,,,
32_Phoenix_City,Classical,15324,10,10,101042,1,0.2285221999627538,100.0,439.78749230769233,1415.8726153846155,1.2138561616084504,2.2398793308635434,2469.4590769230767,0.0324973000097088,0.0322787000332027,,,,,,,,,,,374.0,20.0,374.0,1023.0,,,,,,0,10,2487.3,1234.0,4403.0,1586.0,2093.5,3352.0,,,,,,,,,,,,,,,,,,,,,,,,,,,,,,,,,,,,,,,,,0.0,0.0
32_Phoenix_City,Quantum,15324,10,10,101042,1,0.2285221999627538,90.0,423.961623931624,1117.4773846153848,1.5433312022998775,2.06694489218366,3232.592000000001,1.351238499977626,1.3492836000514217,0.0003384999581612,4.469999112188816e-05,0.0002937999670393,,1.3492836000514217,1.829996472224593e-05,0.0005876999930478,0.0001388000091537,0.0001770000089891,1.351238499977626,,,,,,,,0.0,,0,10,2487.3,1234.0,4403.0,1586.0,2093.5,3352.0,145.0,270.0,0.0258620689655172,0.0517241379310344,0.0555555555555555,0.0277777777777777,7.448275862068965,8.0,4.0,50000.0,22613.35876923077,2.2110824185937963,,,,,,,,,,,,,,,,,,,,,2500.0,25000.0,28.0,5.0,23.0,0.8214285714285714,1.0,145.0,,
32_Phoenix_City,ClassicalGreedy,15324,10,10,101043,2,0.2248534000245854,100.0,395.24273846153847,1797.5987692307694,2.599758223916868,8.510423156085142,3959.3183076923087,0.0005007000290788,0.0002505999873392,,,,,,,,,,,,,,,,,,,,0,10,3230.2,1437.0,4741.0,2585.25,3332.0,4072.75,,,,,,,,,,,,,,,,,,,,,,,,,,0.000121500052046,422.0,4.1000021155923605e-05,5.619996227324009e-05,0.0002187000354751,3374.454040829992,5.0,,,,,,,,,,
32_Phoenix_City,Classical,15324,10,10,101043,2,0.2248534000245854,100.0,532.9645692307691,1618.8953846153845,1.609424728094356,3.5099623940340376,3716.2893846153856,0.0326148000312969,0.0323504000552929,,,,,,,,,,,432.0,20.0,432.0,1191.0,,,,,,0,10,3230.2,1437.0,4741.0,2585.25,3332.0,4072.75,,,,,,,,,,,,,,,,,,,,,,,,,,,,,,,,,,,,,,,,,0.0,0.0
32_Phoenix_City,Quantum,15324,10,10,101043,2,0.2248534000245854,90.0,129.9445128205128,733.2410769230769,1.556184119085132,2.3072842143590644,4273.351846153846,1.3638065000413917,1.3617669999948705,0.0003190000425092,4.840001929551363e-05,0.0002706000232137,,1.3617669999948705,2.2199994418770075e-05,0.000634700001683,0.0001319000148214,0.0001891000429168,1.3638065000413917,,,,,,,,0.0,,0,10,3230.2,1437.0,4741.0,2585.25,3332.0,4072.75,145.0,270.0,0.0258620689655172,0.0517241379310344,0.0555555555555555,0.0277777777777777,7.448275862068965,8.0,4.0,50000.0,22643.614769230768,2.2081280091349376,,,,,,,,,,,,,,,,,,,,,2500.0,25000.0,28.0,6.0,22.0,0.7857142857142857,1.0,145.0,,
32_Phoenix_City,ClassicalGreedy,15324,10,10,101044,3,0.2232702999608591,100.0,557.0159076923076,1609.051692307692,1.4519187796442523,2.7018399397435178,3080.933230769231,0.0003927999641746,0.0001698000123724,,,,,,,,,,,,,,,,,,,,0,10,3095.9,1300.0,4579.0,1859.75,3320.0,4323.0,,,,,,,,,,,,,,,,,,,,,,,,,,8.220004383474588e-05,354.0,3.019999712705612e-05,3.940000897273421e-05,0.0001518000499345,2733.7912477875343,5.0,,,,,,,,,,
32_Phoenix_City,Classical,15324,10,10,101044,3,0.2232702999608591,100.0,593.4901846153846,1665.3843076923076,1.5834886228779854,2.8881435294993683,2832.6855384615383,0.0452102999552153,0.044945599976927,,,,,,,,,,,364.0,20.0,364.0,997.0,,,,,,0,10,3095.9,1300.0,4579.0,1859.75,3320.0,4323.0,,,,,,,,,,,,,,,,,,,,,,,,,,,,,,,,,,,,,,,,,0.0,0.0
32_Phoenix_City,Quantum,15324,10,10,101044,3,0.2232702999608591,90.0,700.8030427350427,1642.2713846153847,1.8789421703604976,2.8881435294993683,3328.695076923077,1.3749960000277497,1.3729569999850355,0.0003241000231355,4.250003257766366e-05,0.0002815999905578,,1.3729569999850355,2.2799998987466097e-05,0.0005356000037863,0.0001210999907925,0.0001965999836102,1.3749960000277497,,,,,,,,0.0,,0,10,3095.9,1300.0,4579.0,1859.75,3320.0,4323.0,145.0,270.0,0.0258620689655172,0.0517241379310344,0.0555555555555555,0.0277777777777777,7.448275862068965,8.0,4.0,50000.0,22656.42123076923,2.206879872629487,,,,,,,,,,,,,,,,,,,,,2500.0,25000.0,28.0,7.0,21.0,0.75,1.0,145.0,,
32_Phoenix_City,ClassicalGreedy,15324,10,10,101045,4,0.2177417000057175,100.0,495.1728307692308,1749.3655384615386,1.0384086777700707,1.2332756081317309,2361.9747692307683,0.0004495999892242,0.0001993000041693,,,,,,,,,,,,,,,,,,,,0,9,2845.1,1231.0,4319.0,1585.25,3345.0,3621.25,,,,,,,,,,,,,,,,,,,,,,,,,,9.37000149860978e-05,398.0,3.720005042850971e-05,4.859990440309048e-05,0.0001794999698176,3143.378798593788,5.0,,,,,,,,,,
32_Phoenix_City,Classical,15324,10,10,101045,4,0.2177417000057175,100.0,495.1728307692308,1749.3655384615386,1.0384086777700707,1.2332756081317309,2361.9747692307683,0.0402673000353388,0.0399899000185541,,,,,,,,,,,408.0,20.0,408.0,1121.0,,,,,,0,9,2845.1,1231.0,4319.0,1585.25,3345.0,3621.25,,,,,,,,,,,,,,,,,,,,,,,,,,,,,,,,,,,,,,,,,0.0,0.0
32_Phoenix_City,Quantum,15324,10,10,101045,4,0.2177417000057175,100.0,388.2624615384616,1349.8953846153847,1.4675252365807576,2.2923983527055354,3093.3461538461534,1.3599713000003248,1.358012599986978,0.0003302000113762,4.410004476085305e-05,0.0002860999666154,,1.358012599986978,2.300000051036477e-05,0.0006145000224933,0.0001362999901175,0.0001821999903768,1.3599713000003248,,,,,,,,0.0,,0,9,2845.1,1231.0,4319.0,1585.25,3345.0,3621.25,145.0,270.0,0.0258620689655172,0.0517241379310344,0.0555555555555555,0.0277777777777777,7.448275862068965,8.0,4.0,50000.0,22607.430153846155,2.2116622570431166,,,,,,,,,,,,,,,,,,,,,2500.0,25000.0,29.0,7.0,22.0,0.7586206896551724,1.0,145.0,,
32_Phoenix_City,ClassicalGreedy,15324,10,10,101046,5,0.2345790999825112,100.0,213.77723076923084,1128.1701538461548,1.2424825957581782,1.608229650138277,3235.579692307693,0.0004910000134259,0.0002427999861538,,,,,,,,,,,,,,,,,,,,0,10,2258.3,1298.0,3913.0,1512.5,2163.0,2372.75,,,,,,,,,,,,,,,,,,,,,,,,,,0.0001106999698095,505.0,4.859996261075139e-05,6.330001633614302e-05,0.0002225999487563,4184.84212595087,5.0,,,,,,,,,,
32_Phoenix_City,Classical,15324,10,10,101046,5,0.2345790999825112,100.0,299.7587384615384,1294.9923076923078,1.3101433753810738,2.282178520688741,2643.933846153846,0.0506342000444419,0.0503706000163219,,,,,,,,,,,515.0,20.0,515.0,1431.0,,,,,,0,10,2258.3,1298.0,3913.0,1512.5,2163.0,2372.75,,,,,,,,,,,,,,,,,,,,,,,,,,,,,,,,,,,,,,,,,0.0,0.0
32_Phoenix_City,Quantum,15324,10,10,101046,5,0.2345790999825112,90.0,418.17326495726496,1597.636307692308,1.3691847115866569,1.977352835108996,3005.817846153845,1.355058100016322,1.3532068000058644,0.0003444000030867,5.909998435527086e-05,0.0002853000187315,,1.3532068000058644,2.2199994418770075e-05,0.0006151999696157,0.0001265999744646,0.0001785000204108,1.355058100016322,,,,,,,,0.0,,0,10,2258.3,1298.0,3913.0,1512.5,2163.0,2372.75,145.0,270.0,0.0258620689655172,0.0517241379310344,0.0555555555555555,0.0277777777777777,7.448275862068965,8.0,4.0,50000.0,22603.30123076923,2.212066259239001,,,,,,,,,,,,,,,,,,,,,2500.0,25000.0,29.0,7.0,22.0,0.7586206896551724,1.0,145.0,,
32_Phoenix_City,ClassicalGreedy,15324,10,10,101047,6,0.2178370999754406,100.0,425.1863076923077,1639.587076923077,1.348368930786669,1.709576016299602,3074.0970769230767,0.0004769000224769,0.0002419999800622,,,,,,,,,,,,,,,,,,,,0,10,3040.0,1209.0,4566.0,2300.25,2918.5,4258.5,,,,,,,,,,,,,,,,,,,,,,,,,,0.0001212999923154,437.0,3.91000066883862e-05,5.530001362785697e-05,0.0002157000126317,3520.4786232312813,5.0,,,,,,,,,,
32_Phoenix_City,Classical,15324,10,10,101047,6,0.2178370999754406,100.0,244.98387692307688,1479.5052307692308,1.554385179523291,3.018698966376397,3032.8296923076914,0.046656200021971,0.0464039000216871,,,,,,,,,,,447.0,20.0,447.0,1235.0,,,,,,0,10,3040.0,1209.0,4566.0,2300.25,2918.5,4258.5,,,,,,,,,,,,,,,,,,,,,,,,,,,,,,,,,,,,,,,,,0.0,0.0
32_Phoenix_City,Quantum,15324,10,10,101047,6,0.2178370999754406,100.0,322.64049230769234,1427.4956923076925,1.6804633986339914,2.3211328418594985,3809.4940000000006,1.364353500015568,1.362128800014034,0.0003268999862484,4.820001777261496e-05,0.0002786999684758,,1.362128800014034,2.249999670311809e-05,0.0008293999708257,0.0001369000528939,0.0001777000143192,1.364353500015568,,,,,,,,0.0,,0,10,3040.0,1209.0,4566.0,2300.25,2918.5,4258.5,145.0,270.0,0.0258620689655172,0.0517241379310344,0.0555555555555555,0.0277777777777777,7.448275862068965,8.0,4.0,50000.0,22615.32923076923,2.2108897681654187,,,,,,,,,,,,,,,,,,,,,2500.0,25000.0,29.0,7.0,22.0,0.7586206896551724,1.0,145.0,,
32_Phoenix_City,ClassicalGreedy,15324,10,10,101048,7,0.2175590000115335,100.0,649.1042615384615,1723.0453846153846,1.1622156459548592,1.419195097958624,3987.1569230769232,0.0003804999869316,0.0001849000109359,,,,,,,,,,,,,,,,,,,,0,8,2703.1,1556.0,4125.0,1750.0,2336.0,3872.25,,,,,,,,,,,,,,,,,,,,,,,,,,8.819997310638428e-05,389.0,3.2100011594593525e-05,4.75000124424696e-05,0.0001677999971434,3063.597244741005,5.0,,,,,,,,,,
32_Phoenix_City,Classical,15324,10,10,101048,7,0.2175590000115335,100.0,612.6310923076924,1723.0453846153846,1.129078346910577,1.328479681155339,3592.3744615384617,0.0347119999933056,0.034462200012058,,,,,,,,,,,399.0,20.0,399.0,1098.0,,,,,,0,8,2703.1,1556.0,4125.0,1750.0,2336.0,3872.25,,,,,,,,,,,,,,,,,,,,,,,,,,,,,,,,,,,,,,,,,0.0,0.0
32_Phoenix_City,Quantum,15324,10,10,101048,7,0.2175590000115335,90.0,752.4475384615384,1658.8875384615385,1.3648757288870874,1.5731159137136586,3850.7978461538464,1.3490737000247464,1.3472213000059128,0.0003457000129856,4.950002767145634e-05,0.0002961999853141,,1.3472213000059128,2.209999365732073e-05,0.0004941999795846,0.0001099000219255,0.00018380000256,1.3490737000247464,,,,,,,,0.0,,0,8,2703.1,1556.0,4125.0,1750.0,2336.0,3872.25,145.0,270.0,0.0258620689655172,0.0517241379310344,0.0555555555555555,0.0277777777777777,7.448275862068965,8.0,4.0,50000.0,22613.24523076923,2.211093520180216,,,,,,,,,,,,,,,,,,,,,2500.0,25000.0,27.0,6.0,21.0,0.7777777777777778,1.0,145.0,,
32_Phoenix_City,ClassicalGreedy,15324,10,10,101049,8,0.2296018000342883,100.0,379.0076615384616,1530.3655384615386,1.3729538339023988,1.8181532925512776,1937.550769230769,0.0004460999625734,0.0002182999742217,,,,,,,,,,,,,,,,,,,,0,10,3142.4,2269.0,4047.0,2732.75,3283.5,3393.25,,,,,,,,,,,,,,,,,,,,,,,,,,0.0001065999967977,406.0,3.909994848072529e-05,4.2700034100562334e-05,0.000188399979379,3223.430665313301,5.0,,,,,,,,,,
32_Phoenix_City,Classical,15324,10,10,101049,8,0.2296018000342883,100.0,430.6220615384617,1530.3655384615386,1.369998685991389,1.8181532925512776,1852.9313846153848,0.0429759999969974,0.0427271999651566,,,,,,,,,,,416.0,20.0,416.0,1146.0,,,,,,0,10,3142.4,2269.0,4047.0,2732.75,3283.5,3393.25,,,,,,,,,,,,,,,,,,,,,,,,,,,,,,,,,,,,,,,,,0.0,0.0
32_Phoenix_City,Quantum,15324,10,10,101049,8,0.2296018000342883,90.0,206.8687863247864,1578.5403076923076,1.9417944479979763,2.834944773719095,2357.584615384615,1.3753579999902286,1.3731763000250794,0.0003221000079065,4.820001777261496e-05,0.0002738999901339,,1.3731763000250794,2.209999365732073e-05,0.0007616999791935,0.0001666999887675,0.000178100017365,1.3753579999902286,,,,,,,,0.0,,0,10,3142.4,2269.0,4047.0,2732.75,3283.5,3393.25,145.0,270.0,0.0258620689655172,0.0517241379310344,0.0555555555555555,0.0277777777777777,7.448275862068965,8.0,4.0,50000.0,22582.323384615385,2.2141211578815403,,,,,,,,,,,,,,,,,,,,,2500.0,25000.0,28.0,5.0,23.0,0.8214285714285714,1.0,145.0,,
32_Phoenix_City,ClassicalGreedy,15324,10,10,101050,9,0.2071107000228949,100.0,427.7956615384616,1183.9283076923075,1.184712717475367,1.732569763957983,3148.753230769231,0.000480199989397,0.0002477999660186,,,,,,,,,,,,,,,,,,,,0,9,3481.0,1365.0,4694.0,3332.0,3540.5,4353.0,,,,,,,,,,,,,,,,,,,,,,,,,,0.0001258999691344,444.0,3.899994771927595e-05,5.470000905916095e-05,0.0002195999259129,3587.817638397228,5.0,,,,,,,,,,
32_Phoenix_City,Classical,15324,10,10,101050,9,0.2071107000228949,100.0,632.4362769230769,1533.1353846153847,1.566690942316771,4.260434330725889,2762.0369230769224,0.0548111000098288,0.0545644999947398,,,,,,,,,,,454.0,20.0,454.0,1255.0,,,,,,0,9,3481.0,1365.0,4694.0,3332.0,3540.5,4353.0,,,,,,,,,,,,,,,,,,,,,,,,,,,,,,,,,,,,,,,,,0.0,0.0
32_Phoenix_City,Quantum,15324,10,10,101050,9,0.2071107000228949,90.0,507.0614017094017,1303.632,1.4684376470787366,1.795791995716581,3196.461230769231,1.3570553000317886,1.3550611999817193,0.0003477000282146,5.299999611452222e-05,0.0002947000321,,1.3550611999817193,2.129998756572604e-05,0.0006101999897509,0.0001275000395253,0.0001783000188879,1.3570553000317886,,,,,,,,0.0,,0,9,3481.0,1365.0,4694.0,3332.0,3540.5,4353.0,145.0,270.0,0.0258620689655172,0.0517241379310344,0.0555555555555555,0.0277777777777777,7.448275862068965,8.0,4.0,50000.0,22547.92923076923,2.217498533380585,,,,,,,,,,,,,,,,,,,,,2500.0,25000.0,28.0,5.0,23.0,0.8214285714285714,1.0,145.0,,
32_Phoenix_City,ClassicalGreedy,15324,10,10,101051,10,0.2032922000507824,100.0,523.2299076923077,1698.528923076923,1.1942924820137968,1.7260731509839122,3097.884461538461,0.0005456999642774,0.0003271999885328,,,,,,,,,,,,,,,,,,,,0,9,3297.8,2216.0,4669.0,2568.25,2938.5,4286.25,,,,,,,,,,,,,,,,,,,,,,,,,,0.0001088000135496,399.0,4.2300031054764986e-05,0.0001449999981559,0.0002961000427603,3157.02463001408,5.0,,,,,,,,,,
32_Phoenix_City,Classical,15324,10,10,101051,10,0.2032922000507824,100.0,609.3883384615385,1720.0787692307697,1.2104385542388254,1.743691797178452,2687.7115384615386,0.0458571999915875,0.0455962999840267,,,,,,,,,,,409.0,20.0,409.0,1126.0,,,,,,0,9,3297.8,2216.0,4669.0,2568.25,2938.5,4286.25,,,,,,,,,,,,,,,,,,,,,,,,,,,,,,,,,,,,,,,,,0.0,0.0
32_Phoenix_City,Quantum,15324,10,10,101051,10,0.2032922000507824,100.0,502.7014153846154,1661.9507692307693,1.557105455077546,3.633660992567732,3448.752461538461,1.355934499995783,1.353895299951546,0.000328800000716,4.749995423480868e-05,0.0002813000464811,,1.353895299951546,2.2600055672228336e-05,0.0006198000046424,0.0001481000217609,0.0001723000314086,1.355934499995783,,,,,,,,0.0,,0,9,3297.8,2216.0,4669.0,2568.25,2938.5,4286.25,145.0,270.0,0.0258620689655172,0.0517241379310344,0.0555555555555555,0.0277777777777777,7.448275862068965,8.0,4.0,50000.0,22555.942461538463,2.216710744197814,,,,,,,,,,,,,,,,,,,,,2500.0,25000.0,29.0,7.0,22.0,0.7586206896551724,1.0,145.0,,
32_Phoenix_City,ClassicalGreedy,15324,10,20,201042,1,0.3338281000033021,90.0,362.4492478632479,1289.3375384615383,1.2834647434985995,2.131623064651476,4145.482307692308,0.0012051999801769,0.0006248999852687,,,,,,,,,,,,,,,,,,,,0,19,2822.9,1263.0,4676.0,2157.75,2883.5,3466.25,,,,,,,,,,,,,,,,,,,,,,,,,,0.0003650999860838,1365.0,0.0001279000425711,7.519993232563138e-05,0.0005681999609805,13513.24838268068,9.0,,,,,,,,,,
32_Phoenix_City,Classical,15324,10,20,201042,1,0.3338281000033021,100.0,488.6086923076922,1707.3984615384616,1.350901143495279,2.131623064651476,4924.341692307692,0.0913777999812737,0.0909005000139586,,,,,,,,,,,1385.0,30.0,1385.0,3958.0,,,,,,0,19,2822.9,1263.0,4676.0,2157.75,2883.5,3466.25,,,,,,,,,,,,,,,,,,,,,,,,,,,,,,,,,,,,,,,,,0.0,0.0
32_Phoenix_City,Quantum,15324,10,20,201042,1,0.3338281000033021,85.0,563.4348959276017,1793.6390769230766,1.9184096311396768,2.667516542319882,5405.067538461539,5.456956400012132,5.452469000010751,0.0011021000100299,0.0001424999791197,0.0009596000309102,,5.452469000010751,5.559995770454407e-05,0.0013390000094659,0.0002698000171221,0.0005547000328078,5.456956400012132,,,,,,,,0.0,,0,19,2822.9,1263.0,4676.0,2157.75,2883.5,3466.25,590.0,1140.0,0.0065609622744669,0.0131219245489338,0.0135823429541595,0.0067911714770797,7.728813559322034,8.0,4.0,50000.0,22573.58553846154,2.2149782060456693,,,,,,,,,,,,,,,,,,,,,2500.0,25000.0,106.0,11.0,95.0,0.8962264150943396,1.0,590.0,,
32_Phoenix_City,ClassicalGreedy,15324,10,20,201043,2,0.3610507000121288,75.0,600.0240512820512,1761.4393846153844,1.0903466634428665,1.6607913176974876,3379.6353846153843,0.0008117000106722,0.0004980000085197,,,,,,,,,,,,,,,,,,,,0,17,3224.7,1821.0,4700.0,2475.75,3336.0,3787.5,,,,,,,,,,,,,,,,,,,,,,,,,,0.0003082000184804,1094.0,0.0001009000116027,4.829996032640338e-05,0.0004573999904096,10460.317872485231,8.0,,,,,,,,,,
32_Phoenix_City,Classical,15324,10,20,201043,2,0.3610507000121288,100.0,747.2861307692308,1731.6683076923073,1.1249265581272545,1.44439008267904,5719.202769230769,0.1016907999874092,0.1011939999880269,,,,,,,,,,,1114.0,30.0,1114.0,3169.0,,,,,,0,17,3224.7,1821.0,4700.0,2475.75,3336.0,3787.5,,,,,,,,,,,,,,,,,,,,,,,,,,,,,,,,,,,,,,,,,0.0,0.0
32_Phoenix_City,Quantum,15324,10,20,201043,2,0.3610507000121288,75.0,589.5879692307692,1735.0001538461538,1.40165532464587,2.335461428406673,4828.429538461538,5.462462100025732,5.458582699997351,0.0009738000226207,0.000135299982503,0.0008385000401176,,5.458582699997351,5.380000220611692e-05,0.0011110000195913,0.0002209999947808,0.0005767000257037,5.462462100025732,,,,,,,,0.0,,0,17,3224.7,1821.0,4700.0,2475.75,3336.0,3787.5,590.0,1140.0,0.0065609622744669,0.0131219245489338,0.0135823429541595,0.0067911714770797,7.728813559322034,8.0,4.0,50000.0,22570.79292307692,2.215252258545104,,,,,,,,,,,,,,,,,,,,,2500.0,25000.0,106.0,10.0,96.0,0.9056603773584906,1.0,590.0,,
32_Phoenix_City,ClassicalGreedy,15324,10,20,201044,3,0.2918283999897539,90.0,460.4131452991455,1197.7778461538464,1.3437478689344735,2.610007539239813,5591.049692307693,0.0009911000379361,0.0005938000394962,,,,,,,,,,,,,,,,,,,,0,20,3104.15,1451.0,4687.0,2687.0,3186.5,3863.0,,,,,,,,,,,,,,,,,,,,,,,,,,0.0003505999920889,1312.0,0.000116600014735,7.910002022981644e-05,0.0005463000270538,12904.53695225855,9.0,,,,,,,,,,
32_Phoenix_City,Classical,15324,10,20,201044,3,0.2918283999897539,100.0,575.6489692307692,1793.2643076923075,1.3012555659155405,2.0163795389632555,5913.850769230769,0.059396700002253,0.0588887999765574,,,,,,,,,,,1332.0,30.0,1332.0,3802.0,,,,,,0,20,3104.15,1451.0,4687.0,2687.0,3186.5,3863.0,,,,,,,,,,,,,,,,,,,,,,,,,,,,,,,,,,,,,,,,,0.0,0.0
32_Phoenix_City,Quantum,15324,10,20,201044,3,0.2918283999897539,70.0,349.4576923076923,1726.4692307692308,1.894693001776384,3.323937282229967,5175.914307692307,5.459854799963068,5.456023900012951,0.0009982999763451,0.0001327999634668,0.0008655000128783,,5.456023900012951,5.34999999217689e-05,0.0010986999841406,0.0001947999699041,0.0005717999883927,5.459854799963068,,,,,,,,0.0,,0,20,3104.15,1451.0,4687.0,2687.0,3186.5,3863.0,590.0,1140.0,0.0065609622744669,0.0131219245489338,0.0135823429541595,0.0067911714770797,7.728813559322034,8.0,4.0,50000.0,22557.57553846154,2.2165502633360603,,,,,,,,,,,,,,,,,,,,,2500.0,25000.0,108.0,10.0,98.0,0.9074074074074074,1.0,590.0,,
32_Phoenix_City,ClassicalGreedy,15324,10,20,201045,4,0.3475745000177994,85.0,492.77987330316734,1552.8418461538458,1.2141666727278793,1.7037486859697284,4921.293692307691,0.0009273000177927,0.0004986000130884,,,,,,,,,,,,,,,,,,,,0,20,2968.75,1419.0,4777.0,2197.5,2787.0,3745.75,,,,,,,,,,,,,,,,,,,,,,,,,,0.0003008999628946,1194.0,0.0001021999632939,5.9100042562931776e-05,0.0004621999687515,11576.206867705168,9.0,,,,,,,,,,
32_Phoenix_City,Classical,15324,10,20,201045,4,0.3475745000177994,100.0,563.4749384615385,1762.3169230769236,1.1961373602099,2.0155586367948617,6362.290615384616,0.0621870000031776,0.0616783000295981,,,,,,,,,,,1214.0,30.0,1214.0,3460.0,,,,,,0,20,2968.75,1419.0,4777.0,2197.5,2787.0,3745.75,,,,,,,,,,,,,,,,,,,,,,,,,,,,,,,,,,,,,,,,,0.0,0.0
32_Phoenix_City,Quantum,15324,10,20,201045,4,0.3475745000177994,65.0,379.6594792899408,1514.9926153846154,1.6118979935254405,1.9710088462366249,5041.95323076923,5.481886099965777,5.478321500006132,0.0010235999943688,0.0001653999788686,0.0008582000155001,,5.478321500006132,5.129998316988349e-05,0.0008986999746412,0.0001717000268399,0.0005497999954968,5.481886099965777,,,,,,,,0.0,,0,20,2968.75,1419.0,4777.0,2197.5,2787.0,3745.75,590.0,1140.0,0.0065609622744669,0.0131219245489338,0.0135823429541595,0.0067911714770797,7.728813559322034,8.0,4.0,50000.0,22628.571076923075,2.209595993933116,,,,,,,,,,,,,,,,,,,,,2500.0,25000.0,106.0,10.0,96.0,0.9056603773584906,1.0,590.0,,
32_Phoenix_City,ClassicalGreedy,15324,10,20,201046,5,0.3423714999807998,80.0,587.3743365384614,1717.065846153846,1.2846136552183265,2.5372312599357008,4223.111230769231,0.0008458000374957,0.0005163000314496,,,,,,,,,,,,,,,,,,,,0,19,3187.25,1288.0,4777.0,2421.0,3372.0,4393.0,,,,,,,,,,,,,,,,,,,,,,,,,,0.0003076000139117,1139.0,0.0001018999610096,5.730002885684371e-05,0.0004668000037781,10949.646954014815,8.0,,,,,,,,,,
32_Phoenix_City,Classical,15324,10,20,201046,5,0.3423714999807998,100.0,823.1270692307693,1790.0356923076924,1.312004206711031,2.326250642594715,5060.840923076923,0.0586631000041961,0.0581614000257104,,,,,,,,,,,1159.0,30.0,1159.0,3296.0,,,,,,0,19,3187.25,1288.0,4777.0,2421.0,3372.0,4393.0,,,,,,,,,,,,,,,,,,,,,,,,,,,,,,,,,,,,,,,,,0.0,0.0
32_Phoenix_City,Quantum,15324,10,20,201046,5,0.3423714999807998,85.0,670.6658190045248,1790.0356923076924,1.986085454642108,5.646353960068757,6080.869384615384,5.473886400053743,5.46988109999802,0.0009751000325195,0.0001289000501856,0.0008461999823339,,5.46988109999802,5.2499992307275534e-05,0.0011637000134214,0.0002809999859891,0.0005602000164799,5.473886400053743,,,,,,,,0.0,,0,19,3187.25,1288.0,4777.0,2421.0,3372.0,4393.0,590.0,1140.0,0.0065609622744669,0.0131219245489338,0.0135823429541595,0.0067911714770797,7.728813559322034,8.0,4.0,50000.0,22592.53230769231,2.2131206594745465,,,,,,,,,,,,,,,,,,,,,2500.0,25000.0,104.0,10.0,94.0,0.903846153846154,1.0,590.0,,
32_Phoenix_City,ClassicalGreedy,15324,10,20,201047,6,0.3169055000180378,85.0,526.1220180995475,1612.0553846153846,1.1593638306777616,1.6109044605822325,4636.899692307693,0.0008645000052638,0.0005156999686732,,,,,,,,,,,,,,,,,,,,0,18,2813.95,1215.0,4530.0,1972.0,2499.0,3785.5,,,,,,,,,,,,,,,,,,,,,,,,,,0.0002955999807454,1089.0,9.72000416368246e-05,7.309997454285622e-05,0.0004658999969251,10386.72732716596,9.0,,,,,,,,,,
32_Phoenix_City,Classical,15324,10,20,201047,6,0.3169055000180378,95.0,713.3691093117409,1791.7895384615383,1.2671608321831758,2.576663897037628,5270.68246153846,0.0926944999955594,0.0922535000136122,,,,,,,,,,,1109.0,30.0,1109.0,3148.0,,,,,,0,18,2813.95,1215.0,4530.0,1972.0,2499.0,3785.5,,,,,,,,,,,,,,,,,,,,,,,,,,,,,,,,,,,,,,,,,0.0,0.0
32_Phoenix_City,Quantum,15324,10,20,201047,6,0.3169055000180378,75.0,434.1190974358975,1740.7375384615389,1.4791919265075095,2.601141389953089,5215.323692307691,5.439069500018377,5.435212099982891,0.0009987999801523,0.0001309000072069,0.0008678999729454,,5.435212099982891,5.4800009820610285e-05,0.0011068999883718,0.0002311000134795,0.0005797000485472,5.439069500018377,,,,,,,,0.0,,0,18,2813.95,1215.0,4530.0,1972.0,2499.0,3785.5,587.0,1134.0,0.0065933682576413,0.0131867365152827,0.0136518771331058,0.0068259385665529,7.727427597955707,8.0,4.0,50000.0,22643.80461538461,2.2081094961413457,,,,,,,,,,,,,,,,,,,,,2500.0,25000.0,103.0,11.0,92.0,0.8932038834951457,1.0,587.0,,
32_Phoenix_City,ClassicalGreedy,15324,10,20,201048,7,0.3259629000094719,85.0,357.24602714932126,1422.8489230769228,1.6229013116481914,2.3750554662617223,4138.360307692307,0.0009611000423319,0.000585600035265,,,,,,,,,,,,,,,,,,,,0,18,3012.4,1575.0,4482.0,1898.5,3086.5,3840.5,,,,,,,,,,,,,,,,,,,,,,,,,,0.0003434999962337,1301.0,0.0001137000508606,8.069997420534492e-05,0.0005379000212997,12779.693491755665,9.0,,,,,,,,,,
32_Phoenix_City,Classical,15324,10,20,201048,7,0.3259629000094719,100.0,450.64109230769225,1652.7083076923072,1.3945257548264236,2.089800157002592,5034.967692307692,0.057422999991104,0.0569226000225171,,,,,,,,,,,1321.0,30.0,1321.0,3770.0,,,,,,0,18,3012.4,1575.0,4482.0,1898.5,3086.5,3840.5,,,,,,,,,,,,,,,,,,,,,,,,,,,,,,,,,,,,,,,,,0.0,0.0
32_Phoenix_City,Quantum,15324,10,20,201048,7,0.3259629000094719,80.0,519.5078076923077,1723.0781538461538,1.6161194897192623,2.277196620346012,3761.3172307692303,5.485571900033392,5.481687700026669,0.0009886000188998,0.000144200050272,0.0008443999686278,,5.481687700026669,5.1799986977130175e-05,0.0010261999559588,0.000221700000111,0.0005779999773949,5.485571900033392,,,,,,,,0.0,,0,18,3012.4,1575.0,4482.0,1898.5,3086.5,3840.5,590.0,1140.0,0.0065609622744669,0.0131219245489338,0.0135823429541595,0.0067911714770797,7.728813559322034,8.0,4.0,50000.0,22598.704307692307,2.21251622744498,,,,,,,,,,,,,,,,,,,,,2500.0,25000.0,106.0,12.0,94.0,0.8867924528301887,1.0,590.0,,
32_Phoenix_City,ClassicalGreedy,15324,10,20,201049,8,0.3477249999996274,95.0,610.3726963562752,1683.6061538461536,1.1794721083876534,1.6728745226865898,5665.18646153846,0.0010398000013083,0.0006334999925456,,,,,,,,,,,,,,,,,,,,0,20,2881.05,1530.0,4190.0,2076.5,2823.0,3808.25,,,,,,,,,,,,,,,,,,,,,,,,,,0.0003704999689944,1446.0,0.0001571999746374,6.990000838413835e-05,0.000597599952016,14451.182765020849,10.0,,,,,,,,,,
32_Phoenix_City,Classical,15324,10,20,201049,8,0.3477249999996274,100.0,685.3737384615384,1683.6061538461536,1.1956965959613464,1.8836685921020933,5750.469538461538,0.0668360000126995,0.0663359999889507,,,,,,,,,,,1466.0,30.0,1466.0,4197.0,,,,,,0,20,2881.05,1530.0,4190.0,2076.5,2823.0,3808.25,,,,,,,,,,,,,,,,,,,,,,,,,,,,,,,,,,,,,,,,,0.0,0.0
32_Phoenix_City,Quantum,15324,10,20,201049,8,0.3477249999996274,80.0,371.71878846153845,1742.7501538461538,1.9358949530446627,2.958651243780517,5876.596307692307,5.447845200018492,5.443698399991263,0.0009706999990157,0.0001417000312358,0.0008289999677799,,5.443698399991263,5.4500007536262274e-05,0.0011549000046215,0.0002270999830216,0.0005970000056549,5.447845200018492,,,,,,,,0.0,,0,20,2881.05,1530.0,4190.0,2076.5,2823.0,3808.25,590.0,1140.0,0.0065609622744669,0.0131219245489338,0.0135823429541595,0.0067911714770797,7.728813559322034,8.0,4.0,50000.0,22603.71107692308,2.212026150477864,,,,,,,,,,,,,,,,,,,,,2500.0,25000.0,105.0,10.0,95.0,0.9047619047619048,1.0,590.0,,
32_Phoenix_City,ClassicalGreedy,15324,10,20,201050,9,0.3250271999859251,70.0,373.383813186813,1732.3498461538456,1.8355956324701488,2.518368815770192,3147.7583076923074,0.0008699999889358,0.0005392999737523,,,,,,,,,,,,,,,,,,,,0,19,3076.0,1219.0,4726.0,2354.75,3014.0,3928.75,,,,,,,,,,,,,,,,,,,,,,,,,,0.0003355999942868,989.0,8.969998452812433e-05,6.619998021051288e-05,0.0004914999590255,9285.16361755164,7.0,,,,,,,,,,
32_Phoenix_City,Classical,15324,10,20,201050,9,0.3250271999859251,95.0,589.3207692307692,1782.3775384615385,2.2793578665732133,5.457883088139563,4533.623999999999,0.1398219999973662,0.1393664000206627,,,,,,,,,,,1009.0,30.0,1009.0,2857.0,,,,,,0,19,3076.0,1219.0,4726.0,2354.75,3014.0,3928.75,,,,,,,,,,,,,,,,,,,,,,,,,,,,,,,,,,,,,,,,,0.0,0.0
32_Phoenix_City,Quantum,15324,10,20,201050,9,0.3250271999859251,70.0,378.64461538461535,1684.3904615384618,2.552902515444883,4.770189605439756,4503.349538461539,5.46537890000036,5.461157799989451,0.0009616000461392,0.0001238000113517,0.0008378000347875,,5.461157799989451,7.099995855242014e-05,0.0011076999944634,0.0002242000191472,0.0006128999521024,5.46537890000036,,,,,,,,0.0,,0,19,3076.0,1219.0,4726.0,2354.75,3014.0,3928.75,590.0,1140.0,0.0065609622744669,0.0131219245489338,0.0135823429541595,0.0067911714770797,7.728813559322034,8.0,4.0,50000.0,22551.482153846155,2.2171491726752204,,,,,,,,,,,,,,,,,,,,,2500.0,25000.0,106.0,11.0,95.0,0.8962264150943396,1.0,590.0,,
32_Phoenix_City,ClassicalGreedy,15324,10,20,201051,10,0.3184488000115379,95.0,872.379983805668,1723.1501538461534,1.4537876758903456,2.337635384674313,4739.194923076923,0.0010151000460609,0.0006216000183485,,,,,,,,,,,,,,,,,,,,0,20,3152.1,1729.0,4779.0,2293.25,3198.0,3795.25,,,,,,,,,,,,,,,,,,,,,,,,,,0.0003423999878577,1599.0,0.0001515999902039,8.949998300522566e-05,0.0005834999610669,16233.578997079045,10.0,,,,,,,,,,
32_Phoenix_City,Classical,15324,10,20,201051,10,0.3184488000115379,100.0,539.1228,1757.895692307692,1.259888902240642,2.6330816598446734,4306.4087692307685,0.0974791000480763,0.0969739000429399,,,,,,,,,,,1619.0,30.0,1619.0,4646.0,,,,,,0,20,3152.1,1729.0,4779.0,2293.25,3198.0,3795.25,,,,,,,,,,,,,,,,,,,,,,,,,,,,,,,,,,,,,,,,,0.0,0.0
32_Phoenix_City,Quantum,15324,10,20,201051,10,0.3184488000115379,90.0,677.7207863247863,1763.9815384615383,1.7194540039751558,2.693729518407084,5666.115846153846,5.463310500024818,5.458705800003372,0.0009828999754972,0.0001623000134713,0.0008205999620258,,5.458705800003372,5.630002124235034e-05,0.0012817999813705,0.0002756000030785,0.0006042000022716,5.463310500024818,,,,,,,,0.0,,0,20,3152.1,1729.0,4779.0,2293.25,3198.0,3795.25,590.0,1140.0,0.0065609622744669,0.0131219245489338,0.0135823429541595,0.0067911714770797,7.728813559322034,8.0,4.0,50000.0,22543.09907692308,2.217973661446753,,,,,,,,,,,,,,,,,,,,,2500.0,25000.0,106.0,10.0,96.0,0.9056603773584906,1.0,590.0,,
32_Phoenix_City,ClassicalGreedy,15324,20,20,202042,1,0.4527033999911509,100.0,457.77964615384616,1583.4744615384616,1.135065747217958,1.6217973237389416,5352.0693846153845,0.0016280999989248,0.0012169000110588,,,,,,,,,,,,,,,,,,,,0,20,3342.85,1337.0,4733.0,2301.0,3625.5,4297.75,,,,,,,,,,,,,,,,,,,,,,,,,,0.000526699994225,3146.0,0.0002940000267699,0.0003454000107012,0.0011661000316962,35021.38836060098,10.0,,,,,,,,,,
32_Phoenix_City,Classical,15324,20,20,202042,1,0.4527033999911509,100.0,353.0917615384616,1791.8763076923078,1.0832078861929586,1.826535498193532,4566.349384615384,0.1951759000075981,0.1946750999777577,,,,,,,,,,,3166.0,40.0,3166.0,9125.0,,,,,,0,20,3342.85,1337.0,4733.0,2301.0,3625.5,4297.75,,,,,,,,,,,,,,,,,,,,,,,,,,,,,,,,,,,,,,,,,0.0,0.0
32_Phoenix_City,Quantum,15324,20,20,202042,1,0.4527033999911509,95.0,343.83074493927126,1637.9126153846155,1.193576645685226,1.5865258778382192,5624.815076923076,5.491735699994024,5.48580339999171,0.0010880999616347,0.000229199999012,0.0008588999626226,,5.48580339999171,5.309999687597156e-05,0.0025712000206112,0.0003354999935254,0.0005808999994769,5.491735699994024,,,,,,,,0.0,,0,20,3342.85,1337.0,4733.0,2301.0,3625.5,4297.75,590.0,1140.0,0.0065609622744669,0.0131219245489338,0.0135823429541595,0.0067911714770797,7.728813559322034,8.0,4.0,50000.0,22538.73323076923,2.2184032921487105,,,,,,,,,,,,,,,,,,,,,2500.0,25000.0,104.0,10.0,94.0,0.903846153846154,1.0,590.0,,
32_Phoenix_City,ClassicalGreedy,15324,20,20,202043,2,0.4658843000070192,100.0,468.9168,1649.8775384615385,1.5054636991666237,2.714402301712452,5088.072307692308,0.0015929999644868,0.0010986999841406,,,,,,,,,,,,,,,,,,,,0,18,2864.5,1340.0,4529.0,2267.5,2748.0,3626.0,,,,,,,,,,,,,,,,,,,,,,,,,,0.0005604000180028,2536.0,0.0002475000219419,0.0002298000035807,0.0010377000435255,27356.675080854795,10.0,,,,,,,,,,
32_Phoenix_City,Classical,15324,20,20,202043,2,0.4658843000070192,100.0,532.0088923076923,1649.8775384615385,1.386122493655388,2.714402301712452,4441.600923076923,0.0962353000068105,0.0957849000114947,,,,,,,,,,,2556.0,40.0,2556.0,7331.0,,,,,,0,18,2864.5,1340.0,4529.0,2267.5,2748.0,3626.0,,,,,,,,,,,,,,,,,,,,,,,,,,,,,,,,,,,,,,,,,0.0,0.0
32_Phoenix_City,Quantum,15324,20,20,202043,2,0.4658843000070192,95.0,649.4979271255061,1649.8775384615385,1.957915008266489,4.064815218518891,6285.254615384617,5.456556299992371,5.451564699993469,0.0011199999717064,0.0001932999584823,0.000926700013224,,5.451564699993469,5.360000068321824e-05,0.001932899991516,0.0002494999789632,0.0006476000417023,5.456556299992371,,,,,,,,0.0,,0,18,2864.5,1340.0,4529.0,2267.5,2748.0,3626.0,590.0,1140.0,0.0065609622744669,0.0131219245489338,0.0135823429541595,0.0067911714770797,7.728813559322034,8.0,4.0,50000.0,22537.51846153846,2.2185228637894543,,,,,,,,,,,,,,,,,,,,,2500.0,25000.0,106.0,11.0,95.0,0.8962264150943396,1.0,590.0,,
32_Phoenix_City,ClassicalGreedy,15324,20,20,202044,3,0.4637493999907747,100.0,460.8618,1324.6735384615386,1.5283033273382534,4.521825774113316,6762.408923076924,0.0013855000142939,0.0009568000095896,,,,,,,,,,,,,,,,,,,,0,19,2663.85,1272.0,4195.0,2065.5,2671.0,3439.75,,,,,,,,,,,,,,,,,,,,,,,,,,0.0005090000340715,2103.0,0.0001898000482469,0.0002009999589063,0.0008998000412248,22086.890411436925,10.0,,,,,,,,,,
32_Phoenix_City,Classical,15324,20,20,202044,3,0.4637493999907747,100.0,610.0443384615385,1605.3443076923077,1.2384124632866391,1.7552076585064282,6281.244307692307,0.1435208999901078,0.1430319999926723,,,,,,,,,,,2123.0,40.0,2123.0,6072.0,,,,,,0,19,2663.85,1272.0,4195.0,2065.5,2671.0,3439.75,,,,,,,,,,,,,,,,,,,,,,,,,,,,,,,,,,,,,,,,,0.0,0.0
32_Phoenix_City,Quantum,15324,20,20,202044,3,0.4637493999907747,95.0,479.0777327935223,1605.3443076923077,1.6725162248107128,2.0702451899759167,8176.251384615385,5.483508299977984,5.478501599980518,0.0011805999674834,0.0001952999737113,0.000985299993772,,5.478501599980518,5.140004213899374e-05,0.0017840000218711,0.0002788000274449,0.000574100005906,5.483508299977984,,,,,,,,0.0,,0,19,2663.85,1272.0,4195.0,2065.5,2671.0,3439.75,590.0,1140.0,0.0065609622744669,0.0131219245489338,0.0135823429541595,0.0067911714770797,7.728813559322034,8.0,4.0,50000.0,22542.29815384616,2.2180524655809783,,,,,,,,,,,,,,,,,,,,,2500.0,25000.0,106.0,10.0,96.0,0.9056603773584906,1.0,590.0,,
32_Phoenix_City,ClassicalGreedy,15324,20,20,202045,4,0.408166799985338,85.0,566.8141719457013,1686.5409230769233,1.1100600920646309,1.758682517070295,3960.2581538461536,0.0012444999883882,0.0008764000376686,,,,,,,,,,,,,,,,,,,,0,18,2886.55,1470.0,4564.0,1918.5,3105.0,3632.0,,,,,,,,,,,,,,,,,,,,,,,,,,0.0004704000311903,1907.0,0.0001735999830998,0.0001793000265024,0.0008233000407926,19711.99709029147,9.0,,,,,,,,,,
32_Phoenix_City,Classical,15324,20,20,202045,4,0.408166799985338,100.0,654.8270923076923,1686.5409230769233,1.204755776673884,2.153837359444773,5099.312307692308,0.103853499982506,0.1033931999700144,,,,,,,,,,,1927.0,40.0,1927.0,5491.0,,,,,,0,18,2886.55,1470.0,4564.0,1918.5,3105.0,3632.0,,,,,,,,,,,,,,,,,,,,,,,,,,,,,,,,,,,,,,,,,0.0,0.0
32_Phoenix_City,Quantum,15324,20,20,202045,4,0.408166799985338,95.0,836.6417327935222,1753.484923076923,1.5304846871688234,2.292277425790176,7082.263384615385,5.459669400006533,5.4547176999622025,0.0010328000062145,0.000172299973201,0.0008605000330135,,5.4547176999622025,5.490001058205962e-05,0.001717799983453,0.0002917000092566,0.0005738000036217,5.459669400006533,,,,,,,,0.0,,0,18,2886.55,1470.0,4564.0,1918.5,3105.0,3632.0,590.0,1140.0,0.0065609622744669,0.0131219245489338,0.0135823429541595,0.0067911714770797,7.728813559322034,8.0,4.0,50000.0,22552.52923076923,2.217046234077515,,,,,,,,,,,,,,,,,,,,,2500.0,25000.0,107.0,11.0,96.0,0.897196261682243,1.0,590.0,,
32_Phoenix_City,ClassicalGreedy,15324,20,20,202046,5,0.4702469000476412,100.0,521.9549846153847,1784.797846153846,1.5664605188663157,5.373699888669347,5305.054307692307,0.001662699971348,0.0012468000059016,,,,,,,,,,,,,,,,,,,,0,19,2837.5,1301.0,4423.0,2025.25,2899.5,3624.25,,,,,,,,,,,,,,,,,,,,,,,,,,0.0006432000081986,2782.0,0.00024789996678,0.0002910000039264,0.0011820999789051,30434.65634256557,10.0,,,,,,,,,,
32_Phoenix_City,Classical,15324,20,20,202046,5,0.4702469000476412,100.0,503.96817692307695,1594.9292307692308,11298.46364235886,135568.99999999997,4722.078615384616,0.1537394000333733,0.1531958000268787,,,,,,,,,,,2802.0,40.0,2802.0,8058.0,,,,,,0,19,2837.5,1301.0,4423.0,2025.25,2899.5,3624.25,,,,,,,,,,,,,,,,,,,,,,,,,,,,,,,,,,,,,,,,,0.0,0.0
32_Phoenix_City,Quantum,15324,20,20,202046,5,0.4702469000476412,100.0,601.8012076923077,1607.180307692307,1.534958104994974,2.6192158550870284,6548.282923076924,5.496867800015025,5.491543200041633,0.0010698999976739,0.0002153000095859,0.000854599988088,,5.491543200041633,5.4999953135848045e-05,0.0023355999728664,0.000303300039377,0.0005705999792553,5.496867800015025,,,,,,,,0.0,,0,19,2837.5,1301.0,4423.0,2025.25,2899.5,3624.25,590.0,1140.0,0.0065609622744669,0.0131219245489338,0.0135823429541595,0.0067911714770797,7.728813559322034,8.0,4.0,50000.0,22541.71353846154,2.218109990382412,,,,,,,,,,,,,,,,,,,,,2500.0,25000.0,107.0,11.0,96.0,0.897196261682243,1.0,590.0,,
32_Phoenix_City,ClassicalGreedy,15324,20,20,202047,6,0.4231249999720603,100.0,228.6584307692308,1350.724923076923,1.1542902480956987,1.5305099479247062,5362.887076923077,0.0017852999735623,0.001312099979259,,,,,,,,,,,,,,,,,,,,0,20,3009.2,1309.0,4764.0,2042.25,3040.5,3861.5,,,,,,,,,,,,,,,,,,,,,,,,,,0.0006294000195339,3120.0,0.0003060000599361,0.0003239999641664,0.0012594000436365,34673.92512430015,10.0,,,,,,,,,,
32_Phoenix_City,Classical,15324,20,20,202047,6,0.4231249999720603,100.0,333.98550000000006,1643.0969230769233,1.081247548286853,1.5942286728403097,4677.733846153846,0.1612970000132918,0.160813299997244,,,,,,,,,,,3140.0,40.0,3140.0,9043.0,,,,,,0,20,3009.2,1309.0,4764.0,2042.25,3040.5,3861.5,,,,,,,,,,,,,,,,,,,,,,,,,,,,,,,,,,,,,,,,,0.0,0.0
32_Phoenix_City,Quantum,15324,20,20,202047,6,0.4231249999720603,95.0,369.09867206477736,1585.8104615384618,1.5571074512588643,2.392862567045827,7176.235384615386,5.493132000032347,5.487760300049558,0.0010901999776251,0.000227199983783,0.000862999993842,,5.487760300049558,5.479995161294937e-05,0.0021782999974675,0.0002793000312522,0.0006517000147141,5.493132000032347,,,,,,,,0.0,,0,20,3009.2,1309.0,4764.0,2042.25,3040.5,3861.5,590.0,1140.0,0.0065609622744669,0.0131219245489338,0.0135823429541595,0.0067911714770797,7.728813559322034,8.0,4.0,50000.0,22583.50153846154,2.214005649869925,,,,,,,,,,,,,,,,,,,,,2500.0,25000.0,106.0,10.0,96.0,0.9056603773584906,1.0,590.0,,
32_Phoenix_City,ClassicalGreedy,15324,20,20,202048,7,0.4632016000105068,100.0,341.45213846153854,1769.785230769231,1.1007397545391002,1.9140179978591905,6173.619076923076,0.0021208999678492,0.001541499979794,,,,,,,,,,,,,,,,,,,,0,20,2977.55,1201.0,4779.0,1877.5,3259.0,3803.0,,,,,,,,,,,,,,,,,,,,,,,,,,0.0007531000301241,3080.0,0.0003822000580839,0.0003358999383635,0.0014712000265717,34168.03352295027,10.0,,,,,,,,,,
32_Phoenix_City,Classical,15324,20,20,202048,7,0.4632016000105068,100.0,469.3482923076923,1757.2024615384616,1.079941483008351,1.6385373947247437,5499.557538461537,0.1998187999706715,0.1993443999672308,,,,,,,,,,,3100.0,40.0,3100.0,8926.0,,,,,,0,20,2977.55,1201.0,4779.0,1877.5,3259.0,3803.0,,,,,,,,,,,,,,,,,,,,,,,,,,,,,,,,,,,,,,,,,0.0,0.0
32_Phoenix_City,Quantum,15324,20,20,202048,7,0.4632016000105068,100.0,559.5774,1596.7313846153847,1.5075418519171606,2.083438323570052,7902.268615384615,5.47060080000665,5.465208299981896,0.0010921999928541,0.0002332999720238,0.0008589000208303,,5.465208299981896,5.460000829771161e-05,0.0022784000029787,0.0002889999886974,0.0006248000427149,5.47060080000665,,,,,,,,0.0,,0,20,2977.55,1201.0,4779.0,1877.5,3259.0,3803.0,590.0,1140.0,0.0065609622744669,0.0131219245489338,0.0135823429541595,0.0067911714770797,7.728813559322034,8.0,4.0,50000.0,22664.224,2.206120094824336,,,,,,,,,,,,,,,,,,,,,2500.0,25000.0,106.0,11.0,95.0,0.8962264150943396,1.0,590.0,,
32_Phoenix_City,ClassicalGreedy,15324,20,20,202049,8,0.4791067999904044,100.0,460.8154,1748.683692307692,1.277218959342561,2.02987082440573,6595.930307692308,0.001398499996867,0.00099189998582,,,,,,,,,,,,,,,,,,,,0,20,3145.4,1299.0,4800.0,2141.0,3440.5,4040.25,,,,,,,,,,,,,,,,,,,,,,,,,,0.0005284000071696,2201.0,0.0002011999604292,0.0002067000023089,0.0009362999699078,23269.263169589794,10.0,,,,,,,,,,
32_Phoenix_City,Classical,15324,20,20,202049,8,0.4791067999904044,100.0,430.3646153846154,1748.683692307692,1.2004064284123095,2.215683844163056,5533.434615384615,0.0875311000272631,0.0870597999892197,,,,,,,,,,,2221.0,40.0,2221.0,6357.0,,,,,,0,20,3145.4,1299.0,4800.0,2141.0,3440.5,4040.25,,,,,,,,,,,,,,,,,,,,,,,,,,,,,,,,,,,,,,,,,0.0,0.0
32_Phoenix_City,Quantum,15324,20,20,202049,8,0.4791067999904044,90.0,475.3319401709402,1730.4624615384614,1.523423206562915,1.946622024350256,7591.823230769231,5.471704699972179,5.46702219999861,0.0011009000008925,0.0002109999768435,0.0008899000240489,,5.46702219999861,5.089998012408614e-05,0.0016955999890342,0.0002586999908089,0.0005618999712169,5.471704699972179,,,,,,,,0.0,,0,20,3145.4,1299.0,4800.0,2141.0,3440.5,4040.25,590.0,1140.0,0.0065609622744669,0.0131219245489338,0.0135823429541595,0.0067911714770797,7.728813559322034,8.0,4.0,50000.0,22601.47876923077,2.212244628350118,,,,,,,,,,,,,,,,,,,,,2500.0,25000.0,106.0,10.0,96.0,0.9056603773584906,1.0,590.0,,
32_Phoenix_City,ClassicalGreedy,15324,20,20,202050,9,0.480185899999924,95.0,529.4032064777327,1696.786461538462,1.2649247045710803,2.220227074735744,4701.644,0.0014027000288479,0.0009888000204227,,,,,,,,,,,,,,,,,,,,0,19,3140.4,1203.0,4555.0,2207.5,3356.0,3855.25,,,,,,,,,,,,,,,,,,,,,,,,,,0.0005335999885573,2106.0,0.0001956000342033,0.0002076999517157,0.0009368999744765,22090.06404423928,10.0,,,,,,,,,,
32_Phoenix_City,Classical,15324,20,20,202050,9,0.480185899999924,100.0,565.2000461538462,1561.8876923076923,1.2779382364898664,2.3671980031959423,4623.720923076923,0.1253065999480895,0.1248106000130064,,,,,,,,,,,2126.0,40.0,2126.0,6069.0,,,,,,0,19,3140.4,1203.0,4555.0,2207.5,3356.0,3855.25,,,,,,,,,,,,,,,,,,,,,,,,,,,,,,,,,,,,,,,,,0.0,0.0
32_Phoenix_City,Quantum,15324,20,20,202050,9,0.480185899999924,95.0,501.84821052631577,1796.9316923076922,1.6046902452433949,2.40404493260006,6117.482461538461,5.46768850000808,5.462502899987157,0.0010770000517368,0.0001917000045068,0.0008853000472299,,5.462502899987157,5.569995846599341e-05,0.0021329000010155,0.0002924000145867,0.0005842999671585,5.46768850000808,,,,,,,,0.0,,0,19,3140.4,1203.0,4555.0,2207.5,3356.0,3855.25,590.0,1140.0,0.0065609622744669,0.0131219245489338,0.0135823429541595,0.0067911714770797,7.728813559322034,8.0,4.0,50000.0,22548.956307692308,2.217397529079565,,,,,,,,,,,,,,,,,,,,,2500.0,25000.0,107.0,11.0,96.0,0.897196261682243,1.0,590.0,,
32_Phoenix_City,ClassicalGreedy,15324,20,20,202051,10,0.4132109999773092,100.0,364.8030846153846,1765.708,1.1664160618994952,1.75231030455537,4718.882,0.0015091000241227,0.0011042000260204,,,,,,,,,,,,,,,,,,,,0,20,3005.45,1549.0,4765.0,2288.5,3002.5,3782.5,,,,,,,,,,,,,,,,,,,,,,,,,,0.0005643000476993,2698.0,0.0002409000298939,0.0002362999948672,0.0010415000724606,29377.54195981896,10.0,,,,,,,,,,
32_Phoenix_City,Classical,15324,20,20,202051,10,0.4132109999773092,100.0,541.5041615384614,1765.708,1.1123520418049362,1.75231030455537,4444.38723076923,0.1535779000259935,0.1530758999870158,,,,,,,,,,,2718.0,40.0,2718.0,7809.0,,,,,,0,20,3005.45,1549.0,4765.0,2288.5,3002.5,3782.5,,,,,,,,,,,,,,,,,,,,,,,,,,,,,,,,,,,,,,,,,0.0,0.0
32_Phoenix_City,Quantum,15324,20,20,202051,10,0.4132109999773092,95.0,210.0313765182186,1047.0003076923076,1.5839758634715446,2.575092717529168,6250.454615384615,5.481846500013489,5.476427499961574,0.0011158999986946,0.0002163000172004,0.0008995999814942,,5.476427499961574,5.680002504959703e-05,0.0022211999748833,0.0002898999955505,0.0005974000087007,5.481846500013489,,,,,,,,0.0,,0,20,3005.45,1549.0,4765.0,2288.5,3002.5,3782.5,590.0,1140.0,0.0065609622744669,0.0131219245489338,0.0135823429541595,0.0067911714770797,7.728813559322034,8.0,4.0,50000.0,22553.08523076923,2.2169915773556728,,,,,,,,,,,,,,,,,,,,,2500.0,25000.0,106.0,10.0,96.0,0.9056603773584906,1.0,590.0,,
32_Phoenix_City,ClassicalGreedy,15324,20,30,302042,1,0.5755983999697492,96.66666666666669,326.1197718832892,1662.471692307692,1.2104853217763505,2.927995647092017,7414.620153846154,0.003201599989552,0.0026200999855063,,,,,,,,,,,,,,,,,,,,0,28,2897.633333333333,1286.0,4680.0,1973.75,2935.5,3850.0,,,,,,,,,,,,,,,,,,,,,,,,,,0.0012834999943152,5879.0,0.0006295000202953,0.0005271000554785,0.0024401000700891,71288.73688605442,15.0,,,,,,,,,,
32_Phoenix_City,Classical,15324,20,30,302042,1,0.5755983999697492,100.0,357.06912307692306,1594.1867692307696,16100.432061796922,273688.99999999994,7153.475538461538,0.4351483999635093,0.4344997999724,,,,,,,,,,,5909.0,50.0,5909.0,17208.0,,,,,,0,28,2897.633333333333,1286.0,4680.0,1973.75,2935.5,3850.0,,,,,,,,,,,,,,,,,,,,,,,,,,,,,,,,,,,,,,,,,0.0,0.0
32_Phoenix_City,Quantum,15324,20,30,302042,1,0.5755983999697492,93.33333333333331,389.7048736263736,1706.747076923077,1.609026921391277,2.651132418666169,10450.850923076923,12.646804000018165,12.63734839996323,0.003279399999883,0.0012185999657958,0.0020608000340871,,12.63734839996323,0.0001122000394389,0.0029903000104241,0.000398900010623,0.0013305000029504,12.646804000018165,,,,,,,,0.0,,0,28,2897.633333333333,1286.0,4680.0,1973.75,2935.5,3850.0,1335.0,2610.0,0.0029311187103077,0.0058622374206155,0.0059970014992503,0.0029985007496251,7.820224719101123,8.0,4.0,50000.0,22565.73569230769,2.215748721059612,,,,,,,,,,,,,,,,,,,,,2500.0,25000.0,234.0,14.0,220.0,0.9401709401709402,1.0,1335.0,,
32_Phoenix_City,ClassicalGreedy,15324,20,30,302043,2,0.5530481999740005,86.66666666666667,640.422875739645,1734.5963076923076,1.1284058309767262,1.967826743630221,6521.200000000001,0.0023541999980807,0.0016747000045143,,,,,,,,,,,,,,,,,,,,0,30,2851.0333333333333,1210.0,4739.0,1977.0,2668.5,3768.5,,,,,,,,,,,,,,,,,,,,,,,,,,0.0008765999809838,4333.0,0.0004116999916732,0.0002776999608613,0.0015659999335184,50483.134231802425,13.0,,,,,,,,,,
32_Phoenix_City,Classical,15324,20,30,302043,2,0.5530481999740005,100.0,720.9145128205129,1682.3775384615385,1.054338958242912,1.880647617089297,7680.539076923078,0.2850311999791302,0.2843112999689765,,,,,,,,,,,4363.0,50.0,4363.0,12647.0,,,,,,0,30,2851.0333333333333,1210.0,4739.0,1977.0,2668.5,3768.5,,,,,,,,,,,,,,,,,,,,,,,,,,,,,,,,,,,,,,,,,0.0,0.0
32_Phoenix_City,Quantum,15324,20,30,302043,2,0.5530481999740005,86.66666666666667,765.5306627218935,1768.8141538461537,1.5893237370565203,2.588730572475445,9260.344769230767,12.373600399994755,12.365729900018778,0.0022011999972164,0.0003487999783828,0.0018524000188335,,12.365729900018778,0.0001174999633803,0.0027646999806165,0.0003852000227198,0.0012202999787405,12.373600399994755,,,,,,,,0.0,,0,30,2851.0333333333333,1210.0,4739.0,1977.0,2668.5,3768.5,1335.0,2610.0,0.0029311187103077,0.0058622374206155,0.0059970014992503,0.0029985007496251,7.820224719101123,8.0,4.0,50000.0,22573.30707692308,2.215005529744267,,,,,,,,,,,,,,,,,,,,,2500.0,25000.0,233.0,16.0,217.0,0.9313304721030042,1.0,1335.0,,
32_Phoenix_City,ClassicalGreedy,15324,20,30,302044,3,0.5505636999732815,100.0,441.46645128205125,1779.895692307692,1.4137425264071508,2.6346841358924684,7784.157538461539,0.0033834000350907,0.0027962999884039,,,,,,,,,,,,,,,,,,,,0,30,3228.5,1322.0,4796.0,2276.0,3366.0,4209.5,,,,,,,,,,,,,,,,,,,,,,,,,,0.001354900014121,5646.0,0.0007190000033006,0.0005446999566629,0.0026185999740846,68097.8668496354,15.0,,,,,,,,,,
32_Phoenix_City,Classical,15324,20,30,302044,3,0.5505636999732815,100.0,516.5102769230768,1780.0292307692307,1.2689921570497331,2.6346841358924684,6773.908,0.3387901000096462,0.3381107999593951,,,,,,,,,,,5676.0,50.0,5676.0,16517.0,,,,,,0,30,3228.5,1322.0,4796.0,2276.0,3366.0,4209.5,,,,,,,,,,,,,,,,,,,,,,,,,,,,,,,,,,,,,,,,,0.0,0.0
32_Phoenix_City,Quantum,15324,20,30,302044,3,0.5505636999732815,96.66666666666669,484.623851458886,1630.657846153846,1.6992794761440924,2.7619184397626104,9465.37876923077,12.376582600001711,12.36869899998419,0.0022552000009454,0.0004023999790661,0.0018528000218793,,12.36869899998419,0.0001214999938383,0.002792400016915,0.0003598000039346,0.0012853000080212,12.376582600001711,,,,,,,,0.0,,0,30,3228.5,1322.0,4796.0,2276.0,3366.0,4209.5,1335.0,2610.0,0.0029311187103077,0.0058622374206155,0.0059970014992503,0.0029985007496251,7.820224719101123,8.0,4.0,50000.0,22554.42830769231,2.216859559368536,,,,,,,,,,,,,,,,,,,,,2500.0,25000.0,236.0,16.0,220.0,0.9322033898305084,1.0,1335.0,,
32_Phoenix_City,ClassicalGreedy,15324,20,30,302045,4,0.5948963999981061,100.0,380.1826974358974,1375.6455384615388,1.2631055251517187,2.175988972649945,8108.422769230768,0.003712199977599,0.0029514000052586,,,,,,,,,,,,,,,,,,,,0,30,3319.866666666667,1376.0,4566.0,2681.25,3344.0,4174.25,,,,,,,,,,,,,,,,,,,,,,,,,,0.0014397000195458,6787.0,0.0007210000185295,0.0006242999224923,0.0027849999605678,83820.5501956272,15.0,,,,,,,,,,
32_Phoenix_City,Classical,15324,20,30,302045,4,0.5948963999981061,100.0,548.8026666666666,1667.023076923077,1.1272743033819663,1.8560200723386229,6709.084307692307,0.4448566000210121,0.4441068000160157,,,,,,,,,,,6817.0,50.0,6817.0,19893.0,,,,,,0,30,3319.866666666667,1376.0,4566.0,2681.25,3344.0,4174.25,,,,,,,,,,,,,,,,,,,,,,,,,,,,,,,,,,,,,,,,,0.0,0.0
32_Phoenix_City,Quantum,15324,20,30,302045,4,0.5948963999981061,100.0,394.9423076923077,1745.7513846153847,1.7361916505392636,4.357243844532772,10917.559538461535,12.429007900005672,12.419920400017872,0.0023975999793037,0.0004766999627463,0.0019209000165574,,12.419920400017872,0.0001157000078819,0.0035250000073574,0.0004246000316925,0.0013293999945744,12.429007900005672,,,,,,,,0.0,,0,30,3319.866666666667,1376.0,4566.0,2681.25,3344.0,4174.25,1335.0,2610.0,0.0029311187103077,0.0058622374206155,0.0059970014992503,0.0029985007496251,7.820224719101123,8.0,4.0,50000.0,22517.649538461537,2.220480424237748,,,,,,,,,,,,,,,,,,,,,2500.0,25000.0,238.0,17.0,221.0,0.9285714285714286,1.0,1335.0,,
32_Phoenix_City,ClassicalGreedy,15324,20,30,302046,5,0.5373985000187531,96.66666666666669,313.9667904509284,1602.8529230769227,1.205398526174253,2.231822971548999,7590.090461538462,0.0032179999980144,0.0026157000102102,,,,,,,,,,,,,,,,,,,,0,25,2932.633333333333,1220.0,4756.0,1955.0,2858.0,3958.5,,,,,,,,,,,,,,,,,,,,,,,,,,0.0013370999949984,5890.0,0.0006117000011727,0.0005289999535307,0.0024777999497018,71426.83606371869,15.0,,,,,,,,,,
32_Phoenix_City,Classical,15324,20,30,302046,5,0.5373985000187531,100.0,474.3144717948717,1726.6716923076924,1.1273778604643805,1.6807923886565244,7058.608,0.4291167000192217,0.4283532000263221,,,,,,,,,,,5920.0,50.0,5920.0,17237.0,,,,,,0,25,2932.633333333333,1220.0,4756.0,1955.0,2858.0,3958.5,,,,,,,,,,,,,,,,,,,,,,,,,,,,,,,,,,,,,,,,,0.0,0.0
32_Phoenix_City,Quantum,15324,20,30,302046,5,0.5373985000187531,96.66666666666669,499.76357559681696,1726.6716923076924,1.911851259726232,3.210000735167985,11791.460923076924,12.318982400000095,12.310223300009966,0.002843499998562,0.0005430000019259,0.002300499996636,,12.310223300009966,0.0001219999976456,0.0029569999896921,0.0003866999759338,0.0012690000003203,12.318982400000095,,,,,,,,0.0,,0,25,2932.633333333333,1220.0,4756.0,1955.0,2858.0,3958.5,1335.0,2610.0,0.0029311187103077,0.0058622374206155,0.0059970014992503,0.0029985007496251,7.820224719101123,8.0,4.0,50000.0,22524.796,2.219775930490114,,,,,,,,,,,,,,,,,,,,,2500.0,25000.0,233.0,16.0,217.0,0.9313304721030042,1.0,1335.0,,
32_Phoenix_City,ClassicalGreedy,15324,20,30,302047,6,0.5905535999918357,100.0,678.2185538461539,1796.4686153846155,1.1996213365828463,2.079848846300344,8353.504923076924,0.0031444000196643,0.0025234000058844,,,,,,,,,,,,,,,,,,,,0,28,3021.4,1393.0,4613.0,2466.0,2816.0,3822.75,,,,,,,,,,,,,,,,,,,,,,,,,,0.0013436000444926,5841.0,0.0005954999942332,0.0004458000184968,0.0023849000572226,70784.12328161183,15.0,,,,,,,,,,
32_Phoenix_City,Classical,15324,20,30,302047,6,0.5905535999918357,100.0,514.553158974359,1686.0098461538464,1.0895975986447546,1.861858749473768,7383.690153846153,0.3849418999743648,0.3841014999779872,,,,,,,,,,,5871.0,50.0,5871.0,17100.0,,,,,,0,28,3021.4,1393.0,4613.0,2466.0,2816.0,3822.75,,,,,,,,,,,,,,,,,,,,,,,,,,,,,,,,,,,,,,,,,0.0,0.0
32_Phoenix_City,Quantum,15324,20,30,302047,6,0.5905535999918357,100.0,641.986317948718,1777.168,1.783134870175712,4.101662455307406,11633.446769230768,12.341916000004858,12.333000599988736,0.0026430999860167,0.0004180999821983,0.0022250000038184,,12.333000599988736,0.000112599984277,0.0030078000272624,0.0004390999674797,0.0012781000114046,12.341916000004858,,,,,,,,0.0,,0,28,3021.4,1393.0,4613.0,2466.0,2816.0,3822.75,1335.0,2610.0,0.0029311187103077,0.0058622374206155,0.0059970014992503,0.0029985007496251,7.820224719101123,8.0,4.0,50000.0,22540.34061538461,2.218245094569385,,,,,,,,,,,,,,,,,,,,,2500.0,25000.0,234.0,17.0,217.0,0.9273504273504274,1.0,1335.0,,
32_Phoenix_City,ClassicalGreedy,15324,20,30,302048,7,0.570174099993892,100.0,281.91853333333336,1674.7076923076925,1.2475811685705076,2.4031888358987983,6895.085538461537,0.0040157999610528,0.0033594999695196,,,,,,,,,,,,,,,,,,,,0,30,2877.5333333333333,1276.0,4787.0,1776.5,3094.0,3628.25,,,,,,,,,,,,,,,,,,,,,,,,,,0.0017251000390388,7602.0,0.000838299980387,0.0006006000330671,0.003164000052493,95206.37165176666,15.0,,,,,,,,,,
32_Phoenix_City,Classical,15324,20,30,302048,7,0.570174099993892,100.0,284.4687487179487,1577.213846153846,1.1936206860812668,2.9901999245285844,6383.769846153846,0.4759122999967076,0.4751992000383325,,,,,,,,,,,7632.0,50.0,7632.0,22299.0,,,,,,0,30,2877.5333333333333,1276.0,4787.0,1776.5,3094.0,3628.25,,,,,,,,,,,,,,,,,,,,,,,,,,,,,,,,,,,,,,,,,0.0,0.0
32_Phoenix_City,Quantum,15324,20,30,302048,7,0.570174099993892,100.0,301.37280000000004,1674.7076923076925,1.8393371570374943,4.623469987181196,9940.768461538462,12.234597800008489,12.225040899997111,0.0024459999985992,0.0005226000212132,0.0019233999773859,,12.225040899997111,0.0001192000345326,0.0040262000402435,0.000442299991846,0.0013290999922901,12.234597800008489,,,,,,,,0.0,,0,30,2877.5333333333333,1276.0,4787.0,1776.5,3094.0,3628.25,1335.0,2610.0,0.0029311187103077,0.0058622374206155,0.0059970014992503,0.0029985007496251,7.820224719101123,8.0,4.0,50000.0,22566.17415384616,2.2157056689858994,,,,,,,,,,,,,,,,,,,,,2500.0,25000.0,235.0,16.0,219.0,0.9319148936170212,1.0,1335.0,,
32_Phoenix_City,ClassicalGreedy,15324,20,30,302049,8,0.4961486000102013,100.0,717.7654461538461,1760.291384615385,1.2829577305459916,1.9285751976107304,9501.136615384616,0.0028027999796904,0.002177299989853,,,,,,,,,,,,,,,,,,,,0,29,2630.266666666667,1226.0,4654.0,1710.75,2481.0,3148.5,,,,,,,,,,,,,,,,,,,,,,,,,,0.0012226999970152,4994.0,0.000492800027132,0.0003367000026628,0.0020522000268101,59338.97538714869,15.0,,,,,,,,,,
32_Phoenix_City,Classical,15324,20,30,302049,8,0.4961486000102013,100.0,701.9754512820513,1728.6046153846155,1.1750846257378205,1.6697228931596866,8363.223384615383,0.335656100010965,0.3349872000399045,,,,,,,,,,,5024.0,50.0,5024.0,14610.0,,,,,,0,29,2630.266666666667,1226.0,4654.0,1710.75,2481.0,3148.5,,,,,,,,,,,,,,,,,,,,,,,,,,,,,,,,,,,,,,,,,0.0,0.0
32_Phoenix_City,Quantum,15324,20,30,302049,8,0.4961486000102013,86.66666666666667,436.29933727810646,1513.4175384615382,1.8126337497283644,3.979018132568167,9550.703692307692,12.322412699984852,12.312206600036006,0.0023252999526448,0.0004064999520778,0.0019188000005669,,12.312206600036006,0.0001142999972216,0.0049609999987296,0.0003926999634131,0.0012272000312805,12.322412699984852,,,,,,,,0.0,,0,29,2630.266666666667,1226.0,4654.0,1710.75,2481.0,3148.5,1335.0,2610.0,0.0029311187103077,0.0058622374206155,0.0059970014992503,0.0029985007496251,7.820224719101123,8.0,4.0,50000.0,22584.57969230769,2.2138999565721384,,,,,,,,,,,,,,,,,,,,,2500.0,25000.0,234.0,16.0,218.0,0.9316239316239316,1.0,1335.0,,
32_Phoenix_City,ClassicalGreedy,15324,20,30,302050,9,0.5370274999877438,100.0,345.6338615384616,1612.9040000000005,1.159060114965457,1.577714432838017,7939.242923076923,0.0035805999650619,0.002950599999167,,,,,,,,,,,,,,,,,,,,0,28,2693.3,1213.0,4749.0,1884.25,2422.5,3647.0,,,,,,,,,,,,,,,,,,,,,,,,,,0.0015415000380016,6540.0,0.0007889999542385,0.0004431000561453,0.0027736000483855,80361.70571052811,15.0,,,,,,,,,,
32_Phoenix_City,Classical,15324,20,30,302050,9,0.5370274999877438,100.0,461.8105794871796,1699.7304615384614,1.1471139201573834,1.920967109318093,7424.1038461538465,0.5171492000226863,0.516447700036224,,,,,,,,,,,6570.0,50.0,6570.0,19154.0,,,,,,0,28,2693.3,1213.0,4749.0,1884.25,2422.5,3647.0,,,,,,,,,,,,,,,,,,,,,,,,,,,,,,,,,,,,,,,,,0.0,0.0
32_Phoenix_City,Quantum,15324,20,30,302050,9,0.5370274999877438,100.0,572.8447948717949,1699.7304615384614,1.524666737780018,2.178607859200338,10927.778,12.294732799986376,12.28576030000113,0.0023912999895401,0.0004870999837294,0.0019042000058107,,12.28576030000113,0.0001152000040747,0.0034930000547319,0.0004083999665454,0.0013733999803662,12.294732799986376,,,,,,,,0.0,,0,28,2693.3,1213.0,4749.0,1884.25,2422.5,3647.0,1335.0,2610.0,0.0029311187103077,0.0058622374206155,0.0059970014992503,0.0029985007496251,7.820224719101123,8.0,4.0,50000.0,22558.56923076923,2.216452625541582,,,,,,,,,,,,,,,,,,,,,2500.0,25000.0,233.0,19.0,214.0,0.9184549356223176,1.0,1335.0,,
32_Phoenix_City,ClassicalGreedy,15324,20,30,302051,10,0.554362700029742,100.0,549.4178307692307,1722.9535384615383,1.0397133820654096,1.4238667894721178,8732.202307692307,0.0035706000053323,0.0029429999995045,,,,,,,,,,,,,,,,,,,,0,29,3078.7,1368.0,4770.0,2573.25,3109.0,3700.75,,,,,,,,,,,,,,,,,,,,,,,,,,0.0015722999814897,6711.0,0.0006994000286795,0.0005079999682493,0.0027796999784186,82748.91632123722,15.0,,,,,,,,,,
32_Phoenix_City,Classical,15324,20,30,302051,10,0.554362700029742,100.0,562.479082051282,1722.9535384615383,0.9606620765579442,1.3001323029216028,7811.269692307693,0.354829800024163,0.3541092000086792,,,,,,,,,,,6741.0,50.0,6741.0,19664.0,,,,,,0,29,3078.7,1368.0,4770.0,2573.25,3109.0,3700.75,,,,,,,,,,,,,,,,,,,,,,,,,,,,,,,,,,,,,,,,,0.0,0.0
32_Phoenix_City,Quantum,15324,20,30,302051,10,0.554362700029742,100.0,441.8883846153847,1543.925846153846,1.3995349285201253,1.9097908532253995,11536.14353846154,12.417787300015334,12.408106999995653,0.0027719000354409,0.0005033999914303,0.0022685000440105,,12.408106999995653,0.0001143999979831,0.003776800003834,0.0004577000509016,0.0013220999971963,12.417787300015334,,,,,,,,0.0,,0,29,3078.7,1368.0,4770.0,2573.25,3109.0,3700.75,1335.0,2610.0,0.0029311187103077,0.0058622374206155,0.0059970014992503,0.0029985007496251,7.820224719101123,8.0,4.0,50000.0,22588.422461538463,2.2135233252846898,,,,,,,,,,,,,,,,,,,,,2500.0,25000.0,232.0,16.0,216.0,0.9310344827586208,1.0,1335.0,,
32_Phoenix_City,ClassicalGreedy,15324,20,40,402042,1,0.6900423999759369,100.0,573.1723153846153,1696.2553846153842,1.3187363453301455,2.124834859637184,10374.673846153846,0.0050345999770797,0.0041856999741867,,,,,,,,,,,,,,,,,,,,0,40,3152.725,1263.0,4680.0,2170.25,3360.0,3753.0,,,,,,,,,,,,,,,,,,,,,,,,,,0.0020906999707221,10473.0,0.0011781000066548,0.000654499977827,0.0039232999552041,136476.49930612414,20.0,,,,,,,,,,
32_Phoenix_City,Classical,15324,20,40,402042,1,0.6900423999759369,100.0,548.2004384615385,1757.7935384615384,1.2198134708854391,2.124834859637184,9333.834153846152,0.3889261999865994,0.3879892000113614,,,,,,,,,,,10513.0,60.0,10513.0,30842.0,,,,,,0,40,3152.725,1263.0,4680.0,2170.25,3360.0,3753.0,,,,,,,,,,,,,,,,,,,,,,,,,,,,,,,,,,,,,,,,,0.0,0.0
32_Phoenix_City,Quantum,15324,20,40,402042,1,0.6900423999759369,95.0,648.9193765182185,1755.3301538461535,1.7009665545209736,2.6852523411135336,13013.477076923078,20.913378799974453,20.90050180000253,0.0038039999781176,0.0008189000072889,0.0029850999708287,,20.90050180000253,0.0001733999815769,0.0047538999933749,0.0006242000381462,0.0020196000114083,20.913378799974453,,,,,,,,0.0,,0,40,3152.725,1263.0,4680.0,2170.25,3360.0,3753.0,2114.0,4188.0,0.0018751334823709,0.0037502669647418,0.0037860861334595,0.0018930430667297,7.924314096499527,8.0,4.0,50000.0,25000.0,2.0,,,,,,,,,,,,,,,,,,,,,2500.0,25000.0,356.0,19.0,337.0,0.946629213483146,1.0,2114.0,,
32_Phoenix_City,ClassicalGreedy,15324,20,40,402043,2,0.7300799999502487,85.0,460.3865565610859,1773.2670769230767,1.3615039939628013,4.548931135994717,7731.487538461538,0.0041947999852709,0.0034599999780766,,,,,,,,,,,,,,,,,,,,0,40,2963.475,1207.0,4554.0,2249.5,2935.5,3819.25,,,,,,,,,,,,,,,,,,,,,,,,,,0.0018141000182367,9567.0,0.0009322000551037,0.0004848999669775,0.003231200040318,123332.55036385125,17.0,,,,,,,,,,
32_Phoenix_City,Classical,15324,20,40,402043,2,0.7300799999502487,100.0,561.7838192307693,1756.0003076923076,1.3519966081062214,5.434630093267669,9770.675538461535,0.7397006999817677,0.7387592999730259,,,,,,,,,,,9607.0,60.0,9607.0,28155.0,,,,,,0,40,2963.475,1207.0,4554.0,2249.5,2935.5,3819.25,,,,,,,,,,,,,,,,,,,,,,,,,,,,,,,,,,,,,,,,,0.0,0.0
32_Phoenix_City,Quantum,15324,20,40,402043,2,0.7300799999502487,95.0,642.5542672064778,1756.0003076923076,1.69244169660906,2.736654975105428,13433.300153846154,20.945011500036344,20.93250210001133,0.0038643000298179,0.0007018000469543,0.0031624999828636,,20.93250210001133,0.000243299989961,0.0044947999995201,0.0005946000455878,0.0019165000412613,20.945011500036344,,,,,,,,0.0,,0,40,2963.475,1207.0,4554.0,2249.5,2935.5,3819.25,2105.0,4170.0,0.0018830775900219,0.0037661551800438,0.0038022813688212,0.0019011406844106,7.923990498812351,8.0,4.0,50000.0,25000.0,2.0,,,,,,,,,,,,,,,,,,,,,2500.0,25000.0,357.0,20.0,337.0,0.9439775910364144,1.0,2105.0,,
32_Phoenix_City,ClassicalGreedy,15324,20,40,402044,3,0.7256403000210412,85.0,546.2959276018099,1679.2584615384612,1.326989527816959,2.3639194248670035,8757.441538461539,0.0042528000194579,0.0034938000026158,,,,,,,,,,,,,,,,,,,,0,37,3023.975,1234.0,4709.0,2278.5,2932.0,4167.25,,,,,,,,,,,,,,,,,,,,,,,,,,0.0015546000213362,8215.0,0.0010280999704264,0.0006254999898374,0.0032081999816,103981.5289094463,17.0,,,,,,,,,,
32_Phoenix_City,Classical,15324,20,40,402044,3,0.7256403000210412,100.0,738.7356923076924,1799.9796923076929,1.2613494548626996,2.583028551965516,11050.763846153844,0.5982007999555208,0.597197099996265,,,,,,,,,,,8255.0,60.0,8255.0,24152.0,,,,,,0,37,3023.975,1234.0,4709.0,2278.5,2932.0,4167.25,,,,,,,,,,,,,,,,,,,,,,,,,,,,,,,,,,,,,,,,,0.0,0.0
32_Phoenix_City,Quantum,15324,20,40,402044,3,0.7256403000210412,75.0,477.3845589743589,1742.365230769231,1.7158016896134511,3.346544023530053,10000.335538461535,20.80198620003648,20.79019649996189,0.0039403000264428,0.0006318000378087,0.0033084999886341,,20.79019649996189,0.0001732000382617,0.0037872000248171,0.0004621999687515,0.0019566999981179,20.80198620003648,,,,,,,,0.0,,0,37,3023.975,1234.0,4709.0,2278.5,2932.0,4167.25,2108.0,4176.0,0.0018804220863138,0.0037608441726277,0.0037968675842429,0.0018984337921214,7.924098671726755,8.0,4.0,50000.0,25000.0,2.0,,,,,,,,,,,,,,,,,,,,,2500.0,25000.0,361.0,19.0,342.0,0.9473684210526316,1.0,2108.0,,
32_Phoenix_City,ClassicalGreedy,15324,20,40,402045,4,0.6561433000024408,82.5,503.3583682983684,1773.994153846154,1.1808021234160555,2.211569080577716,8557.676923076922,0.0046106000081636,0.0039249000255949,,,,,,,,,,,,,,,,,,,,0,37,3083.475,1320.0,4731.0,2295.25,3102.0,3895.5,,,,,,,,,,,,,,,,,,,,,,,,,,0.0019033999997191,9682.0,0.0012562999618239,0.0004820000613108,0.0036417000228539,124974.2732449009,17.0,,,,,,,,,,
32_Phoenix_City,Classical,15324,20,40,402045,4,0.6561433000024408,100.0,660.0288076923077,1743.6593846153846,1.1881830687328647,2.388873420336456,10756.62153846154,0.6402181000448763,0.6393045000149868,,,,,,,,,,,9722.0,60.0,9722.0,28491.0,,,,,,0,37,3083.475,1320.0,4731.0,2295.25,3102.0,3895.5,,,,,,,,,,,,,,,,,,,,,,,,,,,,,,,,,,,,,,,,,0.0,0.0
32_Phoenix_City,Quantum,15324,20,40,402045,4,0.6561433000024408,80.0,606.4317307692309,1677.0723076923075,1.7569914089688945,3.255309874576431,13069.505230769231,20.55953779997072,20.54777290002676,0.0041238999692723,0.0008290999685414,0.0032948000007309,,20.54777290002676,0.000169500010088,0.0038354999851435,0.0004664000007323,0.0019731000065803,20.55953779997072,,,,,,,,0.0,,0,37,3083.475,1320.0,4731.0,2295.25,3102.0,3895.5,2090.0,4140.0,0.0018964684002098,0.0037929368004196,0.0038295835327908,0.0019147917663954,7.923444976076555,8.0,4.0,50000.0,25000.0,2.0,,,,,,,,,,,,,,,,,,,,,2500.0,25000.0,353.0,19.0,334.0,0.9461756373937678,1.0,2090.0,,
32_Phoenix_City,ClassicalGreedy,15324,20,40,402046,5,0.7062147000106052,95.0,355.7961619433198,1617.978461538462,1.1714986606050526,1.7530917624197482,9885.369384615384,0.0050330000231042,0.0042063000146299,,,,,,,,,,,,,,,,,,,,0,40,2745.7,1242.0,4676.0,1894.75,2591.5,3645.0,,,,,,,,,,,,,,,,,,,,,,,,,,0.0020659000147134,12394.0,0.0012730999733321,0.0006182999932207,0.0039572999812662,164703.67459753252,19.0,,,,,,,,,,
32_Phoenix_City,Classical,15324,20,40,402046,5,0.7062147000106052,100.0,564.1726153846154,1780.4855384615385,1.1149886853613853,2.022495685881906,9418.202307692309,0.8143351000035182,0.8133887000149116,,,,,,,,,,,12434.0,60.0,12434.0,36537.0,,,,,,0,40,2745.7,1242.0,4676.0,1894.75,2591.5,3645.0,,,,,,,,,,,,,,,,,,,,,,,,,,,,,,,,,,,,,,,,,0.0,0.0
32_Phoenix_City,Quantum,15324,20,40,402046,5,0.7062147000106052,100.0,515.8306384615385,1787.3559999999998,1.5966349483768818,2.9641746432765195,13562.588615384617,20.4092493999633,20.394996100047138,0.0044053000165149,0.0008496000082232,0.0035557000082917,,20.394996100047138,0.0001654999796301,0.0053254999802447,0.0006844000308774,0.0020395999890752,20.4092493999633,,,,,,,,0.0,,0,40,2745.7,1242.0,4676.0,1894.75,2591.5,3645.0,2054.0,4068.0,0.0019293967884175,0.003858793576835,0.0038967364831953,0.0019483682415976,7.922103213242454,8.0,4.0,50000.0,25000.0,2.0,,,,,,,,,,,,,,,,,,,,,2500.0,25000.0,353.0,20.0,333.0,0.943342776203966,1.0,2054.0,,
32_Phoenix_City,ClassicalGreedy,15324,20,40,402047,6,0.7420720999944024,92.5,521.4584532224533,1774.4363076923073,1.1373536565917268,2.1132470737940348,9376.469692307692,0.0050392000121064,0.0042737000039778,,,,,,,,,,,,,,,,,,,,0,38,3214.05,1642.0,4787.0,2583.75,3079.0,3917.75,,,,,,,,,,,,,,,,,,,,,,,,,,0.0020987000316381,10573.0,0.0014083000132814,0.0004866999806836,0.0039937000256031,137984.38793229748,19.0,,,,,,,,,,
32_Phoenix_City,Classical,15324,20,40,402047,6,0.7420720999944024,100.0,485.0703538461539,1778.828307692308,1.0303973913829518,1.4435273099544337,9828.919538461538,0.613410499994643,0.6124647000106052,,,,,,,,,,,10613.0,60.0,10613.0,31151.0,,,,,,0,38,3214.05,1642.0,4787.0,2583.75,3079.0,3917.75,,,,,,,,,,,,,,,,,,,,,,,,,,,,,,,,,,,,,,,,,0.0,0.0
32_Phoenix_City,Quantum,15324,20,40,402047,6,0.7420720999944024,85.0,394.307742081448,1683.3319999999994,1.4322379035581745,2.569499405791964,11093.818615384616,20.786913399992045,20.774252699979115,0.0040698000229895,0.0008076000376604,0.003262199985329,,20.774252699979115,0.0001702000154182,0.0045142999733798,0.0005244999774731,0.0021343999542295,20.786913399992045,,,,,,,,0.0,,0,38,3214.05,1642.0,4787.0,2583.75,3079.0,3917.75,2093.0,4146.0,0.0018937750253736,0.0037875500507473,0.0038240917782026,0.0019120458891013,7.923554706163402,8.0,4.0,50000.0,25000.0,2.0,,,,,,,,,,,,,,,,,,,,,2500.0,25000.0,361.0,20.0,341.0,0.9445983379501384,1.0,2093.0,,
32_Phoenix_City,ClassicalGreedy,15324,20,40,402048,7,0.653551299998071,82.5,547.4402564102564,1758.329846153846,1.3763585952052897,2.738183175992143,7399.373846153846,0.0044711000518873,0.0037244000122882,,,,,,,,,,,,,,,,,,,,0,39,2988.9,1268.0,4654.0,2139.75,3120.0,3964.5,,,,,,,,,,,,,,,,,,,,,,,,,,0.0019590000156313,10586.0,0.0010514999739825,0.0004987000138498,0.0035092000034637,138103.57486665604,17.0,,,,,,,,,,
32_Phoenix_City,Classical,15324,20,40,402048,7,0.653551299998071,100.0,527.7233192307692,1692.0789230769233,1.2816271737400606,3.198538403688324,8722.11969230769,1.0529795999755152,1.0520585000049325,,,,,,,,,,,10626.0,60.0,10626.0,31172.0,,,,,,0,39,2988.9,1268.0,4654.0,2139.75,3120.0,3964.5,,,,,,,,,,,,,,,,,,,,,,,,,,,,,,,,,,,,,,,,,0.0,0.0
32_Phoenix_City,Quantum,15324,20,40,402048,7,0.653551299998071,95.0,518.4155668016195,1776.7895384615383,1.812133234720708,3.848112259546368,12874.364923076922,20.961063700029623,20.94818010000745,0.0042849999736063,0.0008257000008597,0.0034592999727465,,20.94818010000745,0.0001798000303097,0.0045016000512987,0.0005655999993905,0.0020256000570952,20.961063700029623,,,,,,,,0.0,,0,39,2988.9,1268.0,4654.0,2139.75,3120.0,3964.5,2108.0,4176.0,0.0018804220863138,0.0037608441726277,0.0037968675842429,0.0018984337921214,7.924098671726755,8.0,4.0,50000.0,25000.0,2.0,,,,,,,,,,,,,,,,,,,,,2500.0,25000.0,363.0,19.0,344.0,0.9476584022038568,1.0,2108.0,,
32_Phoenix_City,ClassicalGreedy,15324,20,40,402049,8,0.6998918000026606,92.5,661.0335592515593,1777.7390769230767,1.1144814588505227,1.9772084413737088,10176.665846153845,0.0046884000184945,0.0038528000004589,,,,,,,,,,,,,,,,,,,,0,37,2748.425,1241.0,4746.0,1844.25,2713.0,3540.0,,,,,,,,,,,,,,,,,,,,,,,,,,0.0020346000092104,10859.0,0.0010784000041894,0.0005032999906688,0.0036163000040687,142072.5516736268,19.0,,,,,,,,,,
32_Phoenix_City,Classical,15324,20,40,402049,8,0.6998918000026606,100.0,657.4765961538462,1777.7390769230767,1.108063128131917,2.0608358685264907,10924.496615384616,0.4028122000163421,0.4018949999590404,,,,,,,,,,,10899.0,60.0,10899.0,31977.0,,,,,,0,37,2748.425,1241.0,4746.0,1844.25,2713.0,3540.0,,,,,,,,,,,,,,,,,,,,,,,,,,,,,,,,,,,,,,,,,0.0,0.0
32_Phoenix_City,Quantum,15324,20,40,402049,8,0.6998918000026606,100.0,532.858126923077,1748.5344615384615,1.6546490857762106,2.781646488218638,16512.204615384617,20.181371700018644,20.16842120001093,0.0038926000124774,0.0008688999805599,0.0030237000319175,,20.16842120001093,0.0001753999968059,0.0048827999853529,0.0006125000072643,0.0020143000292591,20.181371700018644,,,,,,,,0.0,,0,37,2748.425,1241.0,4746.0,1844.25,2713.0,3540.0,2045.0,4050.0,0.0019378083148723,0.0038756166297446,0.0039138943248532,0.0019569471624266,7.921760391198044,8.0,4.0,50000.0,25000.0,2.0,,,,,,,,,,,,,,,,,,,,,2500.0,25000.0,359.0,20.0,339.0,0.9442896935933148,1.0,2045.0,,
32_Phoenix_City,ClassicalGreedy,15324,20,40,402050,9,0.6806356000015512,92.5,560.0826444906445,1697.494153846154,1.2332518757621715,2.0,9044.15123076923,0.0045260999468155,0.0037338999682106,,,,,,,,,,,,,,,,,,,,0,39,2901.15,1361.0,4689.0,2084.0,2868.0,3752.5,,,,,,,,,,,,,,,,,,,,,,,,,,0.0019593000179156,10491.0,0.0010228000464849,0.000523799972143,0.0035059000365436,136769.35680271417,19.0,,,,,,,,,,
32_Phoenix_City,Classical,15324,20,40,402050,9,0.6806356000015512,100.0,615.1489153846154,1787.0603076923076,1.2196653059594291,2.816837136828141,9444.842,0.7003179999883287,0.699324399989564,,,,,,,,,,,10531.0,60.0,10531.0,30903.0,,,,,,0,39,2901.15,1361.0,4689.0,2084.0,2868.0,3752.5,,,,,,,,,,,,,,,,,,,,,,,,,,,,,,,,,,,,,,,,,0.0,0.0
32_Phoenix_City,Quantum,15324,20,40,402050,9,0.6806356000015512,100.0,509.0360307692307,1725.4147692307693,1.5483118634116926,3.1285729852350443,13128.939692307693,20.568339799996465,20.554360000009183,0.0042625999776646,0.0007485999958589,0.0035139999818056,,20.554360000009183,0.0001701000146567,0.0047678000410087,0.0006445999606512,0.0023901000386103,20.568339799996465,,,,,,,,0.0,,0,39,2901.15,1361.0,4689.0,2084.0,2868.0,3752.5,2087.0,4134.0,0.0018991694464339,0.0037983388928678,0.0038350910834132,0.0019175455417066,7.923334930522281,8.0,4.0,50000.0,25000.0,2.0,,,,,,,,,,,,,,,,,,,,,2500.0,25000.0,357.0,20.0,337.0,0.9439775910364144,1.0,2087.0,,
32_Phoenix_City,ClassicalGreedy,15324,20,40,402051,10,0.7182237000088207,97.5,359.3637712031558,1734.4544615384611,1.1672733765133514,2.011928794461383,8919.123999999996,0.0060522000421769,0.0050937000196427,,,,,,,,,,,,,,,,,,,,0,40,2928.55,1266.0,4704.0,1999.75,2895.0,3721.75,,,,,,,,,,,,,,,,,,,,,,,,,,0.0024528999929316,12634.0,0.0016686000162735,0.0006909999647177,0.0048124999739229,168284.76126818708,20.0,,,,,,,,,,
32_Phoenix_City,Classical,15324,20,40,402051,10,0.7182237000088207,100.0,372.7154615384616,1722.1027692307694,1.080417920622798,1.6805811040451293,8611.127076923076,0.9089018999948166,0.9079491999582388,,,,,,,,,,,12674.0,60.0,12674.0,37254.0,,,,,,0,40,2928.55,1266.0,4704.0,1999.75,2895.0,3721.75,,,,,,,,,,,,,,,,,,,,,,,,,,,,,,,,,,,,,,,,,0.0,0.0
32_Phoenix_City,Quantum,15324,20,40,402051,10,0.7182237000088207,95.0,443.7291821862348,1722.1027692307694,1.7783373377613647,3.1390966844350525,12847.200769230769,20.99196529999608,20.97878929995932,0.004067700006999,0.0009111000108532,0.0031565999961458,,20.97878929995932,0.0001862000208348,0.0046619999920949,0.0005403999821282,0.0022772999946027,20.99196529999608,,,,,,,,0.0,,0,40,2928.55,1266.0,4704.0,1999.75,2895.0,3721.75,2111.0,4182.0,0.0018777740609445,0.0037555481218891,0.0037914691943127,0.0018957345971563,7.924206537186167,8.0,4.0,50000.0,25000.0,2.0,,,,,,,,,,,,,,,,,,,,,2500.0,25000.0,354.0,19.0,335.0,0.9463276836158192,1.0,2111.0,,
32_Phoenix_City,ClassicalGreedy,15324,30,30,303042,1,0.7265630000038072,100.0,438.1894461538461,1792.4101538461537,1.0343603485013717,1.55301219491656,9101.09430769231,0.0047155999927781,0.0040564999799244,,,,,,,,,,,,,,,,,,,,0,28,3104.366666666667,1215.0,4706.0,2271.25,3108.5,4156.0,,,,,,,,,,,,,,,,,,,,,,,,,,0.0018954999977722,9944.0,0.0010011999984271,0.0009601999772712,0.0038568999734707,128248.27531844017,15.0,,,,,,,,,,
32_Phoenix_City,Classical,15324,30,30,303042,1,0.7265630000038072,100.0,374.85597948717947,1730.0003076923076,0.9881830815179452,2.154506865061048,7910.653384615386,0.5285613000160083,0.5278458000393584,,,,,,,,,,,9974.0,60.0,9974.0,29121.0,,,,,,0,28,3104.366666666667,1215.0,4706.0,2271.25,3108.5,4156.0,,,,,,,,,,,,,,,,,,,,,,,,,,,,,,,,,,,,,,,,,0.0,0.0
32_Phoenix_City,Quantum,15324,30,30,303042,1,0.7265630000038072,96.66666666666669,304.81348541114056,1756.642769230769,1.4116709116273003,2.2370017246519347,12074.710461538463,12.391395199985707,12.380755200050771,0.0029387999675236,0.0007505000103265,0.0021882999571971,,12.380755200050771,0.0001142000546678,0.0046005999902263,0.0004268999909982,0.0013391000102274,12.391395199985707,,,,,,,,0.0,,0,28,3104.366666666667,1215.0,4706.0,2271.25,3108.5,4156.0,1335.0,2610.0,0.0029311187103077,0.0058622374206155,0.0059970014992503,0.0029985007496251,7.820224719101123,8.0,4.0,50000.0,22552.47707692308,2.2170513611191174,,,,,,,,,,,,,,,,,,,,,2500.0,25000.0,230.0,18.0,212.0,0.9217391304347826,1.0,1335.0,,
32_Phoenix_City,ClassicalGreedy,15324,30,30,303043,2,0.6802054999861866,100.0,422.2410102564102,1695.8175384615383,1.1097356641627916,1.863704078477668,7398.034153846154,0.0044006999814882,0.0037483000196516,,,,,,,,,,,,,,,,,,,,0,26,3111.266666666667,1379.0,4800.0,2449.75,3278.5,3708.75,,,,,,,,,,,,,,,,,,,,,,,,,,0.0017439000075682,7123.0,0.001053900050465,0.0007362999604083,0.0035341000184416,88199.20126706903,15.0,,,,,,,,,,
32_Phoenix_City,Classical,15324,30,30,303043,2,0.6802054999861866,100.0,503.9677435897436,1752.1021538461537,1.1555498911516922,2.1392150995601016,7025.376615384616,0.4146661999984644,0.4139620999922044,,,,,,,,,,,7153.0,60.0,7153.0,20801.0,,,,,,0,26,3111.266666666667,1379.0,4800.0,2449.75,3278.5,3708.75,,,,,,,,,,,,,,,,,,,,,,,,,,,,,,,,,,,,,,,,,0.0,0.0
32_Phoenix_City,Quantum,15324,30,30,303043,2,0.6802054999861866,100.0,558.7700564102564,1717.5156923076922,1.6902147292318572,4.44481115963035,11473.81676923077,12.305122999998275,12.294719800003804,0.0026555999647825,0.0006441999576054,0.0020114000071771,,12.294719800003804,0.0001138999941758,0.0044350000098347,0.0004300999571569,0.0014038000372238,12.305122999998275,,,,,,,,0.0,,0,26,3111.266666666667,1379.0,4800.0,2449.75,3278.5,3708.75,1335.0,2610.0,0.0029311187103077,0.0058622374206155,0.0059970014992503,0.0029985007496251,7.820224719101123,8.0,4.0,50000.0,22542.26923076923,2.2180553114746826,,,,,,,,,,,,,,,,,,,,,2500.0,25000.0,236.0,18.0,218.0,0.923728813559322,1.0,1335.0,,
32_Phoenix_City,ClassicalGreedy,15324,30,30,303044,3,0.6928042999934405,100.0,532.9976923076923,1786.6415384615384,1.08910291017992,1.339140553945577,8053.345076923077,0.0046483000041916,0.0039613000117242,,,,,,,,,,,,,,,,,,,,0,29,2924.5333333333333,1548.0,4661.0,1988.25,2623.5,3929.25,,,,,,,,,,,,,,,,,,,,,,,,,,0.0018350000027567,9095.0,0.0010382000473327,0.0008856999920681,0.0037589000421576,116086.87480711674,15.0,,,,,,,,,,
32_Phoenix_City,Classical,15324,30,30,303044,3,0.6928042999934405,100.0,532.356117948718,1724.5403076923076,1.0179364822326402,1.266161518372821,7041.273692307692,0.810837300028652,0.8101544000091963,,,,,,,,,,,9125.0,60.0,9125.0,26626.0,,,,,,0,29,2924.5333333333333,1548.0,4661.0,1988.25,2623.5,3929.25,,,,,,,,,,,,,,,,,,,,,,,,,,,,,,,,,,,,,,,,,0.0,0.0
32_Phoenix_City,Quantum,15324,30,30,303044,3,0.6928042999934405,93.33333333333331,435.0000659340659,1757.473846153846,1.5548025096127112,2.1697769431619336,9867.979230769231,12.366018200002143,12.355346299998928,0.002848999982234,0.0006202000076882,0.0022287999745458,,12.355346299998928,0.0001161000109277,0.0043083999771624,0.0003868999774567,0.0017869999865069,12.366018200002143,,,,,,,,0.0,,0,29,2924.5333333333333,1548.0,4661.0,1988.25,2623.5,3929.25,1335.0,2610.0,0.0029311187103077,0.0058622374206155,0.0059970014992503,0.0029985007496251,7.820224719101123,8.0,4.0,50000.0,22533.81846153846,2.218887140026526,,,,,,,,,,,,,,,,,,,,,2500.0,25000.0,234.0,16.0,218.0,0.9316239316239316,1.0,1335.0,,
32_Phoenix_City,ClassicalGreedy,15324,30,30,303045,4,0.6696084999712184,100.0,366.0088923076923,1711.3652307692314,1.1034716837157112,1.6100604568307963,8793.74769230769,0.0049825999885797,0.0043833999661728,,,,,,,,,,,,,,,,,,,,0,30,2854.866666666667,1253.0,4583.0,1824.0,2920.0,3928.5,,,,,,,,,,,,,,,,,,,,,,,,,,0.0018496999982744,10647.0,0.0010684999288059,0.0012527000508271,0.0041708999779075,138468.120790551,15.0,,,,,,,,,,
32_Phoenix_City,Classical,15324,30,30,303045,4,0.6696084999712184,100.0,332.590841025641,1780.624923076923,0.973221146798763,1.3820359461333744,7239.874461538461,0.7729009000468068,0.7721917000017129,,,,,,,,,,,10677.0,60.0,10677.0,31206.0,,,,,,0,30,2854.866666666667,1253.0,4583.0,1824.0,2920.0,3928.5,,,,,,,,,,,,,,,,,,,,,,,,,,,,,,,,,,,,,,,,,0.0,0.0
32_Phoenix_City,Quantum,15324,30,30,303045,4,0.6696084999712184,100.0,250.3864564102564,1122.079076923077,1.272433148045886,1.931405707528392,9770.138769230767,12.35289969999576,12.34073240001453,0.0030096999835222,0.0006710999878123,0.0023385999957099,,12.34073240001453,0.0001149000017903,0.0055831999634392,0.0004601000109687,0.0015514999977312,12.35289969999576,,,,,,,,0.0,,0,30,2854.866666666667,1253.0,4583.0,1824.0,2920.0,3928.5,1335.0,2610.0,0.0029311187103077,0.0058622374206155,0.0059970014992503,0.0029985007496251,7.820224719101123,8.0,4.0,50000.0,22605.79323076923,2.2118224071847177,,,,,,,,,,,,,,,,,,,,,2500.0,25000.0,235.0,17.0,218.0,0.9276595744680852,1.0,1335.0,,
32_Phoenix_City,ClassicalGreedy,15324,30,30,303046,5,0.6967134000151418,100.0,431.73317948717954,1741.7015384615383,1.217548983101237,2.2074341142959795,6656.840615384615,0.0051286999951116,0.0045040000113658,,,,,,,,,,,,,,,,,,,,0,30,2918.8,1339.0,4518.0,1948.75,2963.5,3868.5,,,,,,,,,,,,,,,,,,,,,,,,,,0.0023715000133961,9176.0,0.0008705000509507,0.0010267999605275,0.0042688000248745,117191.882160795,15.0,,,,,,,,,,
32_Phoenix_City,Classical,15324,30,30,303046,5,0.6967134000151418,100.0,378.0018564102565,1741.7015384615383,1.067400404717774,2.222975761884016,5549.074769230769,0.5681478000478819,0.5673783000092953,,,,,,,,,,,9206.0,60.0,9206.0,26850.0,,,,,,0,30,2918.8,1339.0,4518.0,1948.75,2963.5,3868.5,,,,,,,,,,,,,,,,,,,,,,,,,,,,,,,,,,,,,,,,,0.0,0.0
32_Phoenix_City,Quantum,15324,30,30,303046,5,0.6967134000151418,96.66666666666669,384.5154694960213,1711.1144615384617,1.6035815260337012,4.91083531883222,7954.062923076921,12.259199699969033,12.248156499990728,0.0028173999744467,0.000587299990002,0.0022300999844446,,12.248156499990728,0.0001161000109277,0.0049136999878101,0.0004323000321164,0.0013294999953359,12.259199699969033,,,,,,,,0.0,,0,30,2918.8,1339.0,4518.0,1948.75,2963.5,3868.5,1335.0,2610.0,0.0029311187103077,0.0058622374206155,0.0059970014992503,0.0029985007496251,7.820224719101123,8.0,4.0,50000.0,22577.58523076923,2.2145858154865428,,,,,,,,,,,,,,,,,,,,,2500.0,25000.0,231.0,16.0,215.0,0.9307359307359307,1.0,1335.0,,
32_Phoenix_City,ClassicalGreedy,15324,30,30,303047,6,0.595338899991475,96.66666666666669,569.7135915119362,1774.918461538461,1.1229858327818203,1.4117647058823526,7350.237230769231,0.0044766000355593,0.0038689000066369,,,,,,,,,,,,,,,,,,,,0,27,3187.0,1210.0,4682.0,2536.75,3130.5,4250.25,,,,,,,,,,,,,,,,,,,,,,,,,,0.0018446999602019,8336.0,0.0010137999779544,0.0007557999924756,0.0036142999306321,105217.5329893945,15.0,,,,,,,,,,
32_Phoenix_City,Classical,15324,30,30,303047,6,0.595338899991475,100.0,516.336482051282,1674.7529230769233,1.050198222323649,1.2645192554084876,6971.711076923078,0.3312831000075675,0.3305880000116303,,,,,,,,,,,8366.0,60.0,8366.0,24369.0,,,,,,0,27,3187.0,1210.0,4682.0,2536.75,3130.5,4250.25,,,,,,,,,,,,,,,,,,,,,,,,,,,,,,,,,,,,,,,,,0.0,0.0
32_Phoenix_City,Quantum,15324,30,30,303047,6,0.595338899991475,100.0,503.848882051282,1674.7529230769233,1.666362442706906,2.3733037899523537,10753.186153846153,12.372909300029278,12.361780299979728,0.0035903000389225,0.0005244000349193,0.0030659000040031,,12.361780299979728,0.0001105000264942,0.0045436000218614,0.0004646999877877,0.0013039999757893,12.372909300029278,,,,,,,,0.0,,0,27,3187.0,1210.0,4682.0,2536.75,3130.5,4250.25,1335.0,2610.0,0.0029311187103077,0.0058622374206155,0.0059970014992503,0.0029985007496251,7.820224719101123,8.0,4.0,50000.0,22573.031692307693,2.2150325521865417,,,,,,,,,,,,,,,,,,,,,2500.0,25000.0,237.0,17.0,220.0,0.9282700421940928,1.0,1335.0,,
32_Phoenix_City,ClassicalGreedy,15324,30,30,303048,7,0.6568300999933854,100.0,566.3599538461538,1730.183384615385,1.1777950068014484,1.8001123191039912,8877.793846153847,0.0043632999877445,0.0037050999817438,,,,,,,,,,,,,,,,,,,,0,27,3233.633333333333,1406.0,4798.0,2352.75,3533.0,3933.5,,,,,,,,,,,,,,,,,,,,,,,,,,0.0018010000349022,8342.0,0.0008743000798858,0.000855499994941,0.0035308001097291,105289.55909615503,15.0,,,,,,,,,,
32_Phoenix_City,Classical,15324,30,30,303048,7,0.6568300999933854,100.0,425.4493897435897,1483.468615384615,1.0966401334798916,1.6881830233974704,7637.6101538461535,0.2984396999818273,0.2977510999771766,,,,,,,,,,,8372.0,60.0,8372.0,24383.0,,,,,,0,27,3233.633333333333,1406.0,4798.0,2352.75,3533.0,3933.5,,,,,,,,,,,,,,,,,,,,,,,,,,,,,,,,,,,,,,,,,0.0,0.0
32_Phoenix_City,Quantum,15324,30,30,303048,7,0.6568300999933854,100.0,493.2143025641026,1744.7615384615383,1.4609323139616437,1.935440674140586,11242.33692307692,12.27937370003201,12.268631000013556,0.0028636999777518,0.0006315999780781,0.0022320999996736,,12.268631000013556,0.000117500021588,0.0048187999636866,0.0004435000009834,0.0013217000523582,12.27937370003201,,,,,,,,0.0,,0,27,3233.633333333333,1406.0,4798.0,2352.75,3533.0,3933.5,1335.0,2610.0,0.0029311187103077,0.0058622374206155,0.0059970014992503,0.0029985007496251,7.820224719101123,8.0,4.0,50000.0,22579.75723076923,2.214372789263892,,,,,,,,,,,,,,,,,,,,,2500.0,25000.0,236.0,16.0,220.0,0.9322033898305084,1.0,1335.0,,
32_Phoenix_City,ClassicalGreedy,15324,30,30,303049,8,0.592671699996572,100.0,560.6005333333334,1669.9384615384615,1.211464175251981,2.8358755520001733,8547.48876923077,0.0045959000126458,0.0040189999854192,,,,,,,,,,,,,,,,,,,,0,27,2979.9333333333334,1233.0,4798.0,2197.75,3235.0,3494.25,,,,,,,,,,,,,,,,,,,,,,,,,,0.0017486999859102,9883.0,0.0009368999744765,0.0011181000736542,0.0038037000340409,127368.20640311952,15.0,,,,,,,,,,
32_Phoenix_City,Classical,15324,30,30,303049,8,0.592671699996572,100.0,447.8422974358974,1669.9384615384615,1.206903672444262,2.556771459627493,7722.068153846153,0.6393488000030629,0.6386663999874145,,,,,,,,,,,9913.0,60.0,9913.0,28941.0,,,,,,0,27,2979.9333333333334,1233.0,4798.0,2197.75,3235.0,3494.25,,,,,,,,,,,,,,,,,,,,,,,,,,,,,,,,,,,,,,,,,0.0,0.0
32_Phoenix_City,Quantum,15324,30,30,303049,8,0.592671699996572,96.66666666666669,367.5855437665783,1665.3578461538464,1.5330668494207929,1.9757883302830888,11493.440461538465,12.32834039995214,12.317502100020649,0.0029332999838516,0.0006572999991476,0.0022759999847039,,12.317502100020649,0.0001137999934144,0.004577700048685,0.0004096999764442,0.001298899995163,12.32834039995214,,,,,,,,0.0,,0,27,2979.9333333333334,1233.0,4798.0,2197.75,3235.0,3494.25,1335.0,2610.0,0.0029311187103077,0.0058622374206155,0.0059970014992503,0.0029985007496251,7.820224719101123,8.0,4.0,50000.0,22591.22707692308,2.2132485247370632,,,,,,,,,,,,,,,,,,,,,2500.0,25000.0,233.0,15.0,218.0,0.9356223175965666,1.0,1335.0,,
32_Phoenix_City,ClassicalGreedy,15324,30,30,303050,9,0.685707300028298,100.0,590.0955897435898,1771.6895384615386,1.0773735385309915,1.4737315680897805,6580.963384615384,0.004758600029163,0.0041571999900043,,,,,,,,,,,,,,,,,,,,0,29,3265.133333333333,1384.0,4769.0,2308.75,3607.0,4144.5,,,,,,,,,,,,,,,,,,,,,,,,,,0.0016517000040039,9184.0,0.0012745999847538,0.000965199957136,0.0038914999458938,117361.78506590046,15.0,,,,,,,,,,
32_Phoenix_City,Classical,15324,30,30,303050,9,0.685707300028298,100.0,500.82412820512826,1549.599076923077,1.1004585193155612,2.783531389879802,5966.787076923076,0.3369862000108696,0.3363042000564746,,,,,,,,,,,9214.0,60.0,9214.0,26889.0,,,,,,0,29,3265.133333333333,1384.0,4769.0,2308.75,3607.0,4144.5,,,,,,,,,,,,,,,,,,,,,,,,,,,,,,,,,,,,,,,,,0.0,0.0
32_Phoenix_City,Quantum,15324,30,30,303050,9,0.685707300028298,93.33333333333331,694.0932637362638,1791.8720000000003,1.4373909483276786,2.1524875124875127,8721.31446153846,12.30636930000037,12.296102099993732,0.0027344999834895,0.0006356000085361,0.0020988999749533,,12.296102099993732,0.0001157000078819,0.0043341999989934,0.0003905000048689,0.0013245000154711,12.30636930000037,,,,,,,,0.0,,0,29,3265.133333333333,1384.0,4769.0,2308.75,3607.0,4144.5,1335.0,2610.0,0.0029311187103077,0.0058622374206155,0.0059970014992503,0.0029985007496251,7.820224719101123,8.0,4.0,50000.0,22569.738769230768,2.2153557252583176,,,,,,,,,,,,,,,,,,,,,2500.0,25000.0,237.0,16.0,221.0,0.9324894514767932,1.0,1335.0,,
32_Phoenix_City,ClassicalGreedy,15324,30,30,303051,10,0.6275099000195041,100.0,500.7933076923077,1760.064,1.247597571439132,1.9895531563700064,6984.337846153845,0.0046292000333778,0.0039881000411696,,,,,,,,,,,,,,,,,,,,0,30,3166.7,1253.0,4717.0,2424.0,3211.0,4057.25,,,,,,,,,,,,,,,,,,,,,,,,,,0.0019450999679975,8171.0,0.0010518000344745,0.0007916000322438,0.0037885000347159,102912.45907866814,15.0,,,,,,,,,,
32_Phoenix_City,Classical,15324,30,30,303051,10,0.6275099000195041,100.0,529.9889076923076,1785.4873846153846,1.2212161752921835,2.467476107880149,6334.926153846153,0.3059594999649562,0.305240599962417,,,,,,,,,,,8201.0,60.0,8201.0,23891.0,,,,,,0,30,3166.7,1253.0,4717.0,2424.0,3211.0,4057.25,,,,,,,,,,,,,,,,,,,,,,,,,,,,,,,,,,,,,,,,,0.0,0.0
32_Phoenix_City,Quantum,15324,30,30,303051,10,0.6275099000195041,96.66666666666669,313.695925729443,1653.8618461538465,1.62156189728051,2.896671301843716,9786.973846153844,12.34785970003577,12.322858300001826,0.0025940000195987,0.0005937999812886,0.0020002000383101,,12.322858300001826,0.0001124999835155,0.0044543999829329,0.0004500999930314,0.001696300052572,12.34785970003577,,,,,,,,0.0,,0,30,3166.7,1253.0,4717.0,2424.0,3211.0,4057.25,1335.0,2610.0,0.0029311187103077,0.0058622374206155,0.0059970014992503,0.0029985007496251,7.820224719101123,8.0,4.0,50000.0,22555.675692307694,2.216736961555615,,,,,,,,,,,,,,,,,,,,,2500.0,25000.0,230.0,16.0,214.0,0.9304347826086956,1.0,1335.0,,
32_Phoenix_City,ClassicalGreedy,15324,30,60,603042,1,1.2268289999919944,90.0,422.64349287749286,1776.1289230769237,1.132302608802702,2.113588990981794,12954.98646153846,0.0134363999823108,0.0122162000043317,,,,,,,,,,,,,,,,,,,,0,58,2975.9333333333334,1340.0,4764.0,2200.5,2806.5,4026.5,,,,,,,,,,,,,,,,,,,,,,,,,,0.0062590999878011,33127.0,0.0037503999774344,0.0014382000663317,0.0114477000315673,489464.0100989153,27.0,,,,,,,,,,
32_Phoenix_City,Classical,15324,30,60,603042,1,1.2268289999919944,100.0,628.2966307692308,1793.376307692307,1.0436148864552903,1.7062109306354027,14094.048923076924,3.521077699959278,3.519646900007501,,,,,,,,,,,33187.0,90.0,33187.0,98130.0,,,,,,0,58,2975.9333333333334,1340.0,4764.0,2200.5,2806.5,4026.5,,,,,,,,,,,,,,,,,,,,,,,,,,,,,,,,,,,,,,,,,0.0,0.0
32_Phoenix_City,Quantum,15324,30,60,603042,1,1.2268289999919944,96.66666666666669,643.5871883289125,1793.2738461538463,1.5338594862108974,3.4898496374025463,20401.616000000005,37.550910699996166,37.52468529995531,0.009490700031165,0.002544899994973,0.0069458000361919,,37.52468529995531,0.0003139000036753,0.0101668999996036,0.000955099996645,0.0032528999727219,37.550910699996166,,,,,,,,0.0,,0,58,2975.9333333333334,1340.0,4764.0,2200.5,2806.5,4026.5,3723.0,7386.0,0.001066031146988,0.002132062293976,0.0021493820526598,0.0010746910263299,7.935535858178888,8.0,4.0,50000.0,25000.0,2.0,,,,,,,,,,,,,,,,,,,,,2500.0,25000.0,627.0,29.0,598.0,0.9537480063795852,1.0,3723.0,,
32_Phoenix_City,ClassicalGreedy,15324,30,60,603043,2,1.301469600002747,98.33333333333331,464.4799843546284,1715.2236923076923,1.063241551407313,2.2860220276485737,13509.47276923077,0.0135854000109247,0.0122574000270105,,,,,,,,,,,,,,,,,,,,0,59,2864.3,1374.0,4784.0,2125.0,2747.5,3825.25,,,,,,,,,,,,,,,,,,,,,,,,,,0.0057662000181153,37921.0,0.0039679000037722,0.0016793000395409,0.0114134000614285,567953.986915565,30.0,,,,,,,,,,
32_Phoenix_City,Classical,15324,30,60,603043,2,1.301469600002747,100.0,506.62484102564105,1794.629230769231,0.9861702359023372,2.2860220276485737,12816.106461538462,3.82924869999988,3.827866299950984,,,,,,,,,,,37981.0,90.0,37981.0,112379.0,,,,,,0,59,2864.3,1374.0,4784.0,2125.0,2747.5,3825.25,,,,,,,,,,,,,,,,,,,,,,,,,,,,,,,,,,,,,,,,,0.0,0.0
32_Phoenix_City,Quantum,15324,30,60,603043,2,1.301469600002747,93.33333333333331,455.28009340659344,1761.698153846154,1.277387262618772,2.282669153134175,14954.267076923075,36.26580220001051,36.23911919997772,0.0086123999790288,0.0021912999800406,0.0064210999989882,,36.23911919997772,0.0004367000074125,0.0114885999937541,0.0009417000110261,0.0034907000372186,36.26580220001051,,,,,,,,0.0,,0,59,2864.3,1374.0,4784.0,2125.0,2747.5,3825.25,3597.0,7134.0,0.0011030697624364,0.0022061395248728,0.0022246941045606,0.0011123470522803,7.933277731442869,8.0,4.0,50000.0,25000.0,2.0,,,,,,,,,,,,,,,,,,,,,2500.0,25000.0,621.0,28.0,593.0,0.9549114331723028,1.0,3597.0,,
32_Phoenix_City,ClassicalGreedy,15324,30,60,603044,3,1.2884038999909535,95.0,419.5980782726047,1754.0692307692316,1.0291421737683517,2.03379458650526,13592.39107692308,0.0136492000310681,0.0123776000109501,,,,,,,,,,,,,,,,,,,,0,55,2944.366666666667,1200.0,4708.0,2066.75,2878.0,3769.25,,,,,,,,,,,,,,,,,,,,,,,,,,0.0063080999534577,35570.0,0.003828799992334,0.0015384000726044,0.0116753000183962,529205.5804044005,29.0,,,,,,,,,,
32_Phoenix_City,Classical,15324,30,60,603044,3,1.2884038999909535,100.0,492.7284897435897,1770.049846153846,1.0192877447009794,2.121550644829657,14176.303692307694,3.272390300000552,3.2709849000093527,,,,,,,,,,,35630.0,90.0,35630.0,105361.0,,,,,,0,55,2944.366666666667,1200.0,4708.0,2066.75,2878.0,3769.25,,,,,,,,,,,,,,,,,,,,,,,,,,,,,,,,,,,,,,,,,0.0,0.0
32_Phoenix_City,Quantum,15324,30,60,603044,3,1.2884038999909535,93.33333333333331,576.1996043956044,1770.0495384615383,1.4410686740267609,2.183573851956411,19036.128153846155,37.02564629999688,36.92852110002423,0.0815600999630987,0.0020866999984718,0.0794733999646268,,36.92852110002423,0.0003861999721266,0.0092475999845191,0.0008547000470571,0.0032754000276327,37.02564629999688,,,,,,,,0.0,,0,55,2944.366666666667,1200.0,4708.0,2066.75,2878.0,3769.25,3669.0,7278.0,0.0010815958398239,0.0021631916796478,0.0021810250817884,0.0010905125408942,7.934587080948487,8.0,4.0,50000.0,25000.0,2.0,,,,,,,,,,,,,,,,,,,,,2500.0,25000.0,626.0,28.0,598.0,0.9552715654952076,1.0,3669.0,,
32_Phoenix_City,ClassicalGreedy,15324,30,60,603045,4,1.2706160999950953,88.33333333333333,514.0327779390421,1777.6640000000002,1.2298977096220358,2.58096400036868,11936.864615384617,0.0130452999728731,0.0118473999900743,,,,,,,,,,,,,,,,,,,,0,56,3067.016666666667,1213.0,4800.0,2286.25,3163.5,4014.75,,,,,,,,,,,,,,,,,,,,,,,,,,0.0056467000395059,32811.0,0.0038194999797269,0.0015704000252299,0.0110366000444628,484201.4569539564,27.0,,,,,,,,,,
32_Phoenix_City,Classical,15324,30,60,603045,4,1.2706160999950953,100.0,597.7223487179486,1732.157846153846,1.122071715725346,2.047723652693397,13194.558153846152,3.009712999977637,3.00829619995784,,,,,,,,,,,32871.0,90.0,32871.0,97164.0,,,,,,0,56,3067.016666666667,1213.0,4800.0,2286.25,3163.5,4014.75,,,,,,,,,,,,,,,,,,,,,,,,,,,,,,,,,,,,,,,,,0.0,0.0
32_Phoenix_City,Quantum,15324,30,60,603045,4,1.2706160999950953,93.33333333333331,538.1064175824175,1789.7627692307692,1.5823047241626813,2.602670389634595,17444.93969230769,36.16433420003159,36.14185209997231,0.0069990000338293,0.0017294000135734,0.0052696000202558,,36.14185209997231,0.0002968999906443,0.0094026000006124,0.0008838000358082,0.0031678000232204,36.16433420003159,,,,,,,,0.0,,0,56,3067.016666666667,1213.0,4800.0,2286.25,3163.5,4014.75,3546.0,7032.0,0.0011188036819332,0.0022376073638665,0.0022566995768688,0.0011283497884344,7.932318104906938,8.0,4.0,50000.0,25000.0,2.0,,,,,,,,,,,,,,,,,,,,,2500.0,25000.0,612.0,29.0,583.0,0.9526143790849672,1.0,3546.0,,
32_Phoenix_City,ClassicalGreedy,15324,30,60,603046,5,1.0512491000117734,86.66666666666667,573.7700473372781,1798.8916923076922,1.1834076300052234,2.7412238440364045,11318.498923076922,0.0123290999908931,0.011131800012663,,,,,,,,,,,,,,,,,,,,0,56,2945.133333333333,1207.0,4726.0,2105.75,2922.0,3927.5,,,,,,,,,,,,,,,,,,,,,,,,,,0.0061758999945595,28514.0,0.003079299989622,0.0012409000191837,0.0104961000033654,414649.1402384389,26.0,,,,,,,,,,
32_Phoenix_City,Classical,15324,30,60,603046,5,1.0512491000117734,100.0,673.7987794871794,1793.9206153846153,1.2596004675145032,3.556047936373161,14197.436461538466,2.367922900011763,2.366473300033249,,,,,,,,,,,28574.0,90.0,28574.0,84366.0,,,,,,0,56,2945.133333333333,1207.0,4726.0,2105.75,2922.0,3927.5,,,,,,,,,,,,,,,,,,,,,,,,,,,,,,,,,,,,,,,,,0.0,0.0
32_Phoenix_City,Quantum,15324,30,60,603046,5,1.0512491000117734,80.0,609.6991602564102,1798.8916923076922,1.8372510672414777,6.19234293111202,14821.74769230769,36.08698750002077,36.06412119994639,0.0070318000507541,0.0016414000419899,0.0053904000087641,,36.06412119994639,0.0003080000169575,0.009404300013557,0.0008522999705746,0.0034109000116586,36.08698750002077,,,,,,,,0.0,,0,56,2945.133333333333,1207.0,4726.0,2105.75,2922.0,3927.5,3552.0,7044.0,0.0011169293765745,0.002233858753149,0.002252886510842,0.001126443255421,7.932432432432432,8.0,4.0,50000.0,25000.0,2.0,,,,,,,,,,,,,,,,,,,,,2500.0,25000.0,607.0,29.0,578.0,0.9522240527182868,1.0,3552.0,,
32_Phoenix_City,ClassicalGreedy,15324,30,60,603047,6,1.2913122000172734,88.33333333333333,484.5310304789551,1755.9683076923077,1.1323101753102904,1.7724293487911007,11780.968307692308,0.0127014999743551,0.0115390999708324,,,,,,,,,,,,,,,,,,,,0,60,3146.15,1571.0,4757.0,2367.5,3156.0,4052.5,,,,,,,,,,,,,,,,,,,,,,,,,,0.0056917999754659,34468.0,0.0037004999467171,0.0014747999957762,0.0108670999179594,511200.8653113678,27.0,,,,,,,,,,
32_Phoenix_City,Classical,15324,30,60,603047,6,1.2913122000172734,100.0,634.1522205128205,1792.7443076923073,1.0496382917648974,2.001624086825719,13333.074461538465,3.2865692999912426,3.2851893000188284,,,,,,,,,,,34528.0,90.0,34528.0,102089.0,,,,,,0,60,3146.15,1571.0,4757.0,2367.5,3156.0,4052.5,,,,,,,,,,,,,,,,,,,,,,,,,,,,,,,,,,,,,,,,,0.0,0.0
32_Phoenix_City,Quantum,15324,30,60,603047,6,1.2913122000172734,100.0,586.3827153846154,1744.2406153846157,1.5662102406461045,3.299324604416065,20433.235538461537,36.64821700000903,36.53521170001477,0.0959727999870665,0.0019984999671578,0.0939743000199087,,36.53521170001477,0.0004045999958179,0.0105176999932155,0.0009601000347174,0.0031801000004634,36.64821700000903,,,,,,,,0.0,,0,60,3146.15,1571.0,4757.0,2367.5,3156.0,4052.5,3633.0,7206.0,0.0010922272705777,0.0021844545411554,0.0022026431718061,0.001101321585903,7.933938893476466,8.0,4.0,50000.0,25000.0,2.0,,,,,,,,,,,,,,,,,,,,,2500.0,25000.0,626.0,30.0,596.0,0.952076677316294,1.0,3633.0,,
32_Phoenix_City,ClassicalGreedy,15324,30,60,603048,7,1.2615918000228703,98.33333333333331,428.3082711864407,1797.2575384615384,1.1476447955707216,1.9834467550674688,14725.011230769229,0.0151917000184766,0.0138774000224657,,,,,,,,,,,,,,,,,,,,0,57,3053.5666666666666,1204.0,4692.0,2096.75,2932.5,4027.25,,,,,,,,,,,,,,,,,,,,,,,,,,0.0067170999827794,38622.0,0.0043450000230222,0.0018606999656185,0.0129227999714203,579458.2912411536,30.0,,,,,,,,,,
32_Phoenix_City,Classical,15324,30,60,603048,7,1.2615918000228703,100.0,481.1970128205128,1797.2575384615384,1.056731675266298,2.109634551495017,13012.871692307694,3.800568100006785,3.7991783000179566,,,,,,,,,,,38682.0,90.0,38682.0,114452.0,,,,,,0,57,3053.5666666666666,1204.0,4692.0,2096.75,2932.5,4027.25,,,,,,,,,,,,,,,,,,,,,,,,,,,,,,,,,,,,,,,,,0.0,0.0
32_Phoenix_City,Quantum,15324,30,60,603048,7,1.2615918000228703,93.33333333333331,379.718912087912,1781.2535384615385,1.4106132580089723,2.200029516988893,16725.946153846155,36.51477860001614,36.49071060004644,0.0075205999892205,0.0021048000198788,0.0054157999693416,,36.49071060004644,0.0003723999834619,0.0101124999928288,0.0009081999887712,0.0032466999837197,36.51477860001614,,,,,,,,0.0,,0,57,3053.5666666666666,1204.0,4692.0,2096.75,2932.5,4027.25,3606.0,7152.0,0.0011003390096487,0.0022006780192974,0.0022191400832177,0.0011095700416088,7.933444259567388,8.0,4.0,50000.0,25000.0,2.0,,,,,,,,,,,,,,,,,,,,,2500.0,25000.0,615.0,28.0,587.0,0.9544715447154472,1.0,3606.0,,
32_Phoenix_City,ClassicalGreedy,15324,30,60,603049,8,1.3908101000124589,96.66666666666669,419.94735278514594,1669.041846153846,1.164370672444586,4.69723190386466,13230.352153846154,0.0155541999847628,0.0140636999858543,,,,,,,,,,,,,,,,,,,,0,58,3184.15,1312.0,4797.0,2571.25,3124.5,4085.75,,,,,,,,,,,,,,,,,,,,,,,,,,0.0066912000183947,40602.0,0.0042911000200547,0.0021514999680221,0.0131338000064715,612226.7928612474,29.0,,,,,,,,,,
32_Phoenix_City,Classical,15324,30,60,603049,8,1.3908101000124589,100.0,454.2341794871794,1718.7323076923076,1.1217153062367635,4.8651452785482645,12662.946153846156,6.921366400027182,6.919961300038267,,,,,,,,,,,40662.0,90.0,40662.0,120345.0,,,,,,0,58,3184.15,1312.0,4797.0,2571.25,3124.5,4085.75,,,,,,,,,,,,,,,,,,,,,,,,,,,,,,,,,,,,,,,,,0.0,0.0
32_Phoenix_City,Quantum,15324,30,60,603049,8,1.3908101000124589,96.66666666666669,523.1196419098144,1794.8615384615389,1.5663359130888206,3.90588322127463,18362.669846153844,37.00633810000727,36.98048619995825,0.0077434999984689,0.0021672999719157,0.0055762000265531,,36.98048619995825,0.0003078000154346,0.0117361999582499,0.0009694000473245,0.0033377000363543,37.00633810000727,,,,,,,,0.0,,0,58,3184.15,1312.0,4797.0,2571.25,3124.5,4085.75,3606.0,7152.0,0.0011003390096487,0.0022006780192974,0.0022191400832177,0.0011095700416088,7.933444259567388,8.0,4.0,50000.0,25000.0,2.0,,,,,,,,,,,,,,,,,,,,,2500.0,25000.0,614.0,29.0,585.0,0.9527687296416938,1.0,3606.0,,
32_Phoenix_City,ClassicalGreedy,15324,30,60,603050,9,1.3061882000183689,95.0,515.8628987854252,1725.1424615384612,1.1412984830957933,2.116147647064518,13055.236923076924,0.0142214000225067,0.0129487000522203,,,,,,,,,,,,,,,,,,,,0,58,2966.3,1215.0,4677.0,2001.75,2972.5,3891.75,,,,,,,,,,,,,,,,,,,,,,,,,,0.0059995000483468,36722.0,0.004032900033053,0.0017930000321939,0.0118254001135937,548184.1434514793,29.0,,,,,,,,,,
32_Phoenix_City,Classical,15324,30,60,603050,9,1.3061882000183689,100.0,497.7209538461538,1784.043076923077,1.0978451390114163,1.769173245989558,13591.56153846154,3.012874500011094,3.0114625000278465,,,,,,,,,,,36782.0,90.0,36782.0,108804.0,,,,,,0,58,2966.3,1215.0,4677.0,2001.75,2972.5,3891.75,,,,,,,,,,,,,,,,,,,,,,,,,,,,,,,,,,,,,,,,,0.0,0.0
32_Phoenix_City,Quantum,15324,30,60,603050,9,1.3061882000183689,93.33333333333331,590.3665027472528,1797.8449230769234,1.5484279424668197,3.024412785287466,17562.501846153846,36.022695300052874,35.99849930003984,0.0077813000534661,0.0020661000162363,0.0057152000372298,,35.99849930003984,0.0003566999803297,0.0100698999594897,0.0008512000204063,0.003187499998603,36.022695300052874,,,,,,,,0.0,,0,58,2966.3,1215.0,4677.0,2001.75,2972.5,3891.75,3564.0,7068.0,0.0011131995414903,0.0022263990829806,0.0022452989054167,0.0011226494527083,7.9326599326599325,8.0,4.0,50000.0,25000.0,2.0,,,,,,,,,,,,,,,,,,,,,2500.0,25000.0,615.0,28.0,587.0,0.9544715447154472,1.0,3564.0,,
32_Phoenix_City,ClassicalGreedy,15324,30,60,603051,10,1.275617700011935,83.33333333333333,578.4648030769231,1796.424,1.0654155053131722,2.056128204395494,12116.208615384614,0.0122704000095836,0.0111099000205285,,,,,,,,,,,,,,,,,,,,0,57,3136.383333333333,1216.0,4794.0,2163.0,3279.0,4222.5,,,,,,,,,,,,,,,,,,,,,,,,,,0.0053992000175639,30804.0,0.0034326000022701,0.0015770000172778,0.010408800037112,451613.5740414428,25.0,,,,,,,,,,
32_Phoenix_City,Classical,15324,30,60,603051,10,1.275617700011935,100.0,659.8347564102564,1760.4753846153844,1.0289975279267172,1.9686375343915576,14366.192615384616,2.8964258999913,2.895046000019647,,,,,,,,,,,30864.0,90.0,30864.0,91188.0,,,,,,0,57,3136.383333333333,1216.0,4794.0,2163.0,3279.0,4222.5,,,,,,,,,,,,,,,,,,,,,,,,,,,,,,,,,,,,,,,,,0.0,0.0
32_Phoenix_City,Quantum,15324,30,60,603051,10,1.275617700011935,90.0,632.2706182336182,1778.3289230769233,1.4287285518841175,3.022046695686585,17484.77323076923,35.130779600003734,35.10561839997536,0.0074200999806635,0.0017985999584197,0.0056215000222437,,35.10561839997536,0.0003302000113762,0.0095486000063829,0.0008689999813213,0.0033133000251837,35.130779600003734,,,,,,,,0.0,,0,57,3136.383333333333,1216.0,4794.0,2163.0,3279.0,4222.5,3498.0,6936.0,0.0011340276473193,0.0022680552946387,0.0022876751501286,0.0011438375750643,7.931389365351629,8.0,4.0,50000.0,25000.0,2.0,,,,,,,,,,,,,,,,,,,,,2500.0,25000.0,601.0,29.0,572.0,0.951747088186356,1.0,3498.0,,
32_Phoenix_City,ClassicalGreedy,15324,40,40,404042,1,0.8709941999986768,100.0,432.44828461538464,1776.0089230769229,1.1080973352843202,1.823892655789882,9481.608615384615,0.0106086000450886,0.0095771000487729,,,,,,,,,,,,,,,,,,,,0,39,3112.75,1544.0,4662.0,2156.75,3087.5,4191.25,,,,,,,,,,,,,,,,,,,,,,,,,,0.0045083999866619,22626.0,0.0023379999911412,0.0022894999710842,0.0091358999488875,320130.4865152805,20.0,,,,,,,,,,
32_Phoenix_City,Classical,15324,40,40,404042,1,0.8709941999986768,100.0,505.1021307692307,1729.0716923076925,1.0763125319529356,2.178888955787023,8184.260923076923,1.5314996000379324,1.5305957000236958,,,,,,,,,,,22666.0,80.0,22666.0,66620.0,,,,,,0,39,3112.75,1544.0,4662.0,2156.75,3087.5,4191.25,,,,,,,,,,,,,,,,,,,,,,,,,,,,,,,,,,,,,,,,,0.0,0.0
32_Phoenix_City,Quantum,15324,40,40,404042,1,0.8709941999986768,95.0,478.81618623481774,1799.218769230769,1.4353741821346118,2.624363154045444,10720.689076923074,20.86183299997356,20.84410099999513,0.0045995999826118,0.0014328999677672,0.0031667000148445,,20.84410099999513,0.0001763000036589,0.0088277000468224,0.000604500004556,0.002145099977497,20.86183299997356,,,,,,,,0.0,,0,39,3112.75,1544.0,4662.0,2156.75,3087.5,4191.25,2090.0,4140.0,0.0018964684002098,0.0037929368004196,0.0038295835327908,0.0019147917663954,7.923444976076555,8.0,4.0,50000.0,25000.0,2.0,,,,,,,,,,,,,,,,,,,,,2500.0,25000.0,360.0,19.0,341.0,0.9472222222222222,1.0,2090.0,,
32_Phoenix_City,ClassicalGreedy,15324,40,40,404043,2,1.0098565999651328,100.0,553.0108153846154,1779.937230769231,1.144932895655831,2.567501197281407,10855.326769230767,0.0113925000187009,0.0104584000073373,,,,,,,,,,,,,,,,,,,,0,38,3294.025,1247.0,4786.0,2348.75,3367.0,4351.75,,,,,,,,,,,,,,,,,,,,,,,,,,0.0048156999982893,22564.0,0.0026070000021718,0.0025146000552922,0.0099373000557534,319173.80735010083,20.0,,,,,,,,,,
32_Phoenix_City,Classical,15324,40,40,404043,2,1.0098565999651328,100.0,457.8178615384615,1686.1335384615386,0.9986318188218948,1.877236173923781,9160.399076923077,1.067560700001195,1.0666413999861106,,,,,,,,,,,22604.0,80.0,22604.0,66440.0,,,,,,0,38,3294.025,1247.0,4786.0,2348.75,3367.0,4351.75,,,,,,,,,,,,,,,,,,,,,,,,,,,,,,,,,,,,,,,,,0.0,0.0
32_Phoenix_City,Quantum,15324,40,40,404043,2,1.0098565999651328,95.0,487.2992064777328,1799.4301538461532,1.6895469763950082,3.955257550028302,13613.97876923077,20.75181839999277,20.718613200006075,0.0045603999751619,0.0012139999889768,0.0033463999861851,,20.718613200006075,0.0001855000155046,0.0091879999963566,0.0006240999791771,0.0018642999930307,20.75181839999277,,,,,,,,0.0,,0,38,3294.025,1247.0,4786.0,2348.75,3367.0,4351.75,2096.0,4152.0,0.0018910892892929,0.0037821785785858,0.0038186157517899,0.0019093078758949,7.923664122137405,8.0,4.0,50000.0,25000.0,2.0,,,,,,,,,,,,,,,,,,,,,2500.0,25000.0,359.0,19.0,340.0,0.947075208913649,1.0,2096.0,,
32_Phoenix_City,ClassicalGreedy,15324,40,40,404044,3,0.9788048999616876,100.0,422.0048615384615,1595.392615384615,1.019967529885132,1.7502467311155798,9851.696615384615,0.0120546999969519,0.0111266000312753,,,,,,,,,,,,,,,,,,,,0,40,3042.925,1213.0,4792.0,2016.75,3209.5,4097.25,,,,,,,,,,,,,,,,,,,,,,,,,,0.004981099977158,24222.0,0.002901199972257,0.0027495000394992,0.0106317999889142,345406.31686635944,20.0,,,,,,,,,,
32_Phoenix_City,Classical,15324,40,40,404044,3,0.9788048999616876,100.0,505.9567538461539,1700.7286153846153,0.9506845268244616,1.347897138432834,8985.75630769231,1.565240200026892,1.5642946000443771,,,,,,,,,,,24262.0,80.0,24262.0,71393.0,,,,,,0,40,3042.925,1213.0,4792.0,2016.75,3209.5,4097.25,,,,,,,,,,,,,,,,,,,,,,,,,,,,,,,,,,,,,,,,,0.0,0.0
32_Phoenix_City,Quantum,15324,40,40,404044,3,0.9788048999616876,95.0,281.1657489878542,1774.9190769230768,1.3567079260815402,3.2201739698427745,11675.116153846153,20.736361900053453,20.70348150003701,0.0047325000050477,0.0015664000529795,0.0031660999520681,,20.70348150003701,0.0001742999884299,0.0089149999548681,0.0005945999873802,0.0019590000156313,20.736361900053453,,,,,,,,0.0,,0,40,3042.925,1213.0,4792.0,2016.75,3209.5,4097.25,2081.0,4122.0,0.0019045946845081,0.0038091893690163,0.0038461538461538,0.0019230769230769,7.92311388755406,8.0,4.0,50000.0,25000.0,2.0,,,,,,,,,,,,,,,,,,,,,2500.0,25000.0,354.0,19.0,335.0,0.9463276836158192,1.0,2081.0,,
32_Phoenix_City,ClassicalGreedy,15324,40,40,404045,4,0.9585980000556448,100.0,465.11570769230775,1604.889538461539,1.2268234858523743,2.263898005688884,9973.472307692307,0.00972269999329,0.0088324999669566,,,,,,,,,,,,,,,,,,,,0,37,3137.825,1260.0,4794.0,2174.25,3282.0,4151.75,,,,,,,,,,,,,,,,,,,,,,,,,,0.0038297999999485,20873.0,0.0022987000411376,0.0023293000413104,0.0084578000823967,292712.5406098969,20.0,,,,,,,,,,
32_Phoenix_City,Classical,15324,40,40,404045,4,0.9585980000556448,100.0,443.8236384615384,1796.8415384615382,1.0684375520141285,1.5646993048389943,8803.74246153846,1.3477205999661237,1.346855699957814,,,,,,,,,,,20913.0,80.0,20913.0,61415.0,,,,,,0,37,3137.825,1260.0,4794.0,2174.25,3282.0,4151.75,,,,,,,,,,,,,,,,,,,,,,,,,,,,,,,,,,,,,,,,,0.0,0.0
32_Phoenix_City,Quantum,15324,40,40,404045,4,0.9585980000556448,95.0,402.48102024291495,1792.525846153846,1.4981064801971542,3.3165811158814886,12092.150153846153,20.82930939999642,20.81117229996016,0.0047920999932102,0.0012496999697759,0.0035424000234343,,20.81117229996016,0.0001764000044204,0.0091462999698705,0.0006070000235922,0.0019834000268019,20.82930939999642,,,,,,,,0.0,,0,37,3137.825,1260.0,4794.0,2174.25,3282.0,4151.75,2099.0,4158.0,0.0018884111595198,0.0037768223190397,0.0038131553860819,0.0019065776930409,7.923773225345402,8.0,4.0,50000.0,25000.0,2.0,,,,,,,,,,,,,,,,,,,,,2500.0,25000.0,353.0,19.0,334.0,0.9461756373937678,1.0,2099.0,,
32_Phoenix_City,ClassicalGreedy,15324,40,40,404046,5,0.8704080000170507,100.0,501.2633076923077,1743.0003076923076,1.0304816134662802,2.1845108135713525,9809.413384615384,0.0091561999870464,0.0083154999883845,,,,,,,,,,,,,,,,,,,,0,36,3043.55,1205.0,4674.0,1982.5,3147.5,3919.75,,,,,,,,,,,,,,,,,,,,,,,,,,0.0041290000081062,19413.0,0.0019954999443143,0.0017599000129848,0.0078843999654054,270179.4580294308,20.0,,,,,,,,,,
32_Phoenix_City,Classical,15324,40,40,404046,5,0.8704080000170507,100.0,687.8205461538462,1743.0003076923076,1.0287810116390022,2.031921899991487,9259.761538461536,1.1167546999640765,1.1158363999566063,,,,,,,,,,,19453.0,80.0,19453.0,57115.0,,,,,,0,36,3043.55,1205.0,4674.0,1982.5,3147.5,3919.75,,,,,,,,,,,,,,,,,,,,,,,,,,,,,,,,,,,,,,,,,0.0,0.0
32_Phoenix_City,Quantum,15324,40,40,404046,5,0.8704080000170507,95.0,463.42557489878544,1797.8186153846154,1.5758051864119214,2.680390855812609,13365.172923076922,20.58434070000657,20.552972200035583,0.0045505999587476,0.0012094000121578,0.0033411999465897,,20.552972200035583,0.0001727999770082,0.0075804999796673,0.0005328000406734,0.0019478000467643,20.58434070000657,,,,,,,,0.0,,0,36,3043.55,1205.0,4674.0,1982.5,3147.5,3919.75,2072.0,4104.0,0.0019127909036165,0.0038255818072331,0.0038628681796233,0.0019314340898116,7.922779922779923,8.0,4.0,50000.0,25000.0,2.0,,,,,,,,,,,,,,,,,,,,,2500.0,25000.0,357.0,19.0,338.0,0.9467787114845938,1.0,2072.0,,
32_Phoenix_City,ClassicalGreedy,15324,40,40,404047,6,0.8505083999480121,100.0,439.68744230769227,1714.131692307692,1.187949539060304,2.626407116054932,9263.35676923077,0.0124959000386297,0.0111824000487104,,,,,,,,,,,,,,,,,,,,0,38,3106.425,1554.0,4787.0,2065.0,3096.0,4065.25,,,,,,,,,,,,,,,,,,,,,,,,,,0.0060329000116325,21791.0,0.0024330999585799,0.0022116000181995,0.0106775999884121,307045.9483434697,20.0,,,,,,,,,,
32_Phoenix_City,Classical,15324,40,40,404047,6,0.8505083999480121,100.0,527.6235192307693,1770.453846153846,1.0466199518679302,1.862939592591684,7987.832923076923,1.982304299948737,1.9813677999773065,,,,,,,,,,,21831.0,80.0,21831.0,64141.0,,,,,,0,38,3106.425,1554.0,4787.0,2065.0,3096.0,4065.25,,,,,,,,,,,,,,,,,,,,,,,,,,,,,,,,,,,,,,,,,0.0,0.0
32_Phoenix_City,Quantum,15324,40,40,404047,6,0.8505083999480121,95.0,300.47509311740896,1799.6012307692308,1.5929530900260616,4.658007012396918,11009.124615384617,21.011538699967787,20.991912700003013,0.0055033999960869,0.0014699999592266,0.0040334000368602,,20.991912700003013,0.0002202999894507,0.0097173000103794,0.0006503000040538,0.0020154999801889,21.011538699967787,,,,,,,,0.0,,0,38,3106.425,1554.0,4787.0,2065.0,3096.0,4065.25,2111.0,4182.0,0.0018777740609445,0.0037555481218891,0.0037914691943127,0.0018957345971563,7.924206537186167,8.0,4.0,50000.0,25000.0,2.0,,,,,,,,,,,,,,,,,,,,,2500.0,25000.0,364.0,19.0,345.0,0.9478021978021978,1.0,2111.0,,
32_Phoenix_City,ClassicalGreedy,15324,40,40,404048,7,0.9894643999869004,100.0,494.6757,1677.1501538461534,1.054626185651092,1.6329649108427184,10548.57446153846,0.0114932999713346,0.010587700002361,,,,,,,,,,,,,,,,,,,,0,39,2844.2,1391.0,4798.0,1999.0,2666.0,3605.5,,,,,,,,,,,,,,,,,,,,,,,,,,0.0048726000241003,23702.0,0.0026743999915197,0.0025667000445537,0.0101137000601738,337080.1127826526,20.0,,,,,,,,,,
32_Phoenix_City,Classical,15324,40,40,404048,7,0.9894643999869004,100.0,502.2998307692307,1733.9183076923073,0.9806821183005257,1.879463192258621,9219.147384615384,1.5150560000329278,1.5141577000031248,,,,,,,,,,,23742.0,80.0,23742.0,69820.0,,,,,,0,39,2844.2,1391.0,4798.0,1999.0,2666.0,3605.5,,,,,,,,,,,,,,,,,,,,,,,,,,,,,,,,,,,,,,,,,0.0,0.0
32_Phoenix_City,Quantum,15324,40,40,404048,7,0.9894643999869004,95.0,375.9574453441296,1745.529846153846,1.443720845118799,2.509339084442622,13192.532615384614,20.100906399951786,20.083023599989247,0.0043980000191368,0.001380700035952,0.0030172999831847,,20.083023599989247,0.0001753999968059,0.0090753000113181,0.0006141999620012,0.0020645000040531,20.100906399951786,,,,,,,,0.0,,0,39,2844.2,1391.0,4798.0,1999.0,2666.0,3605.5,2027.0,4014.0,0.0019548533105153,0.0039097066210306,0.0039486673247778,0.0019743336623889,7.92106561420819,8.0,4.0,50000.0,25000.0,2.0,,,,,,,,,,,,,,,,,,,,,2500.0,25000.0,349.0,19.0,330.0,0.9455587392550144,1.0,2027.0,,
32_Phoenix_City,ClassicalGreedy,15324,40,40,404049,8,0.883221100026276,100.0,361.44551923076926,1758.404,1.1165355897096223,2.758358099444893,9086.526,0.0091482000425457,0.0082629999960772,,,,,,,,,,,,,,,,,,,,0,39,3071.825,1276.0,4738.0,1827.5,3363.5,4226.75,,,,,,,,,,,,,,,,,,,,,,,,,,0.004059099999722,19560.0,0.002026800008025,0.001761500025168,0.0078474000329151,272358.31421142456,20.0,,,,,,,,,,
32_Phoenix_City,Classical,15324,40,40,404049,8,0.883221100026276,100.0,425.4978,1659.656,1.0283299447982146,1.8233623595186843,8417.509384615383,1.391625499993097,1.3907394999987446,,,,,,,,,,,19600.0,80.0,19600.0,57527.0,,,,,,0,39,3071.825,1276.0,4738.0,1827.5,3363.5,4226.75,,,,,,,,,,,,,,,,,,,,,,,,,,,,,,,,,,,,,,,,,0.0,0.0
32_Phoenix_City,Quantum,15324,40,40,404049,8,0.883221100026276,95.0,503.5108421052632,1659.656,1.4046836077952995,3.1497358890132228,10269.808153846152,20.909639499965124,20.877837500011083,0.0043044999474659,0.0012629999546334,0.0030414999928325,,20.877837500011083,0.0001737000420689,0.0078993000206537,0.0005874999915249,0.0020709999953396,20.909639499965124,,,,,,,,0.0,,0,39,3071.825,1276.0,4738.0,1827.5,3363.5,4226.75,2096.0,4152.0,0.0018910892892929,0.0037821785785858,0.0038186157517899,0.0019093078758949,7.923664122137405,8.0,4.0,50000.0,25000.0,2.0,,,,,,,,,,,,,,,,,,,,,2500.0,25000.0,360.0,19.0,341.0,0.9472222222222222,1.0,2096.0,,
32_Phoenix_City,ClassicalGreedy,15324,40,40,404050,9,0.8838835000060499,100.0,579.6887,1787.2012307692312,1.0873325974269514,1.6377020678091117,11112.590615384615,0.0098112000268884,0.0089268999872729,,,,,,,,,,,,,,,,,,,,0,39,3359.05,1311.0,4800.0,2605.5,3328.0,4182.25,,,,,,,,,,,,,,,,,,,,,,,,,,0.0042056000092998,20520.0,0.0020832999725826,0.0022521999781019,0.0085410999599844,287225.3528364985,20.0,,,,,,,,,,
32_Phoenix_City,Classical,15324,40,40,404050,9,0.8838835000060499,100.0,441.39128461538456,1732.826769230769,0.9964051095411024,1.5369669842331557,10045.73323076923,1.3185009000007994,1.3176095999660902,,,,,,,,,,,20560.0,80.0,20560.0,60369.0,,,,,,0,39,3359.05,1311.0,4800.0,2605.5,3328.0,4182.25,,,,,,,,,,,,,,,,,,,,,,,,,,,,,,,,,,,,,,,,,0.0,0.0
32_Phoenix_City,Quantum,15324,40,40,404050,9,0.8838835000060499,95.0,533.6190890688258,1787.2012307692312,1.4029086178573404,2.14741013122851,13663.855692307696,21.20974279998336,21.19139399996493,0.0053503999952226,0.001898499962408,0.0034519000328145,,21.19139399996493,0.0001476000179536,0.0088253999711014,0.0006064000190235,0.0017951999907381,21.20974279998336,,,,,,,,0.0,,0,39,3359.05,1311.0,4800.0,2605.5,3328.0,4182.25,2117.0,4194.0,0.0018725003192269,0.0037450006384538,0.0037807183364839,0.0018903591682419,7.924421350968352,8.0,4.0,50000.0,25000.0,2.0,,,,,,,,,,,,,,,,,,,,,2500.0,25000.0,358.0,19.0,339.0,0.946927374301676,1.0,2117.0,,
32_Phoenix_City,ClassicalGreedy,15324,40,40,404051,10,0.8769241000409238,100.0,522.1660346153847,1783.451384615385,1.076168097674133,2.0414322742248903,8119.675076923077,0.0096524000400677,0.0086675000493414,,,,,,,,,,,,,,,,,,,,0,38,2986.6,1201.0,4687.0,2152.75,3018.0,4025.75,,,,,,,,,,,,,,,,,,,,,,,,,,0.0042170999804511,18054.0,0.0020936999935656,0.0019659000099636,0.0082766999839805,249200.05612672085,20.0,,,,,,,,,,
32_Phoenix_City,Classical,15324,40,40,404051,10,0.8769241000409238,100.0,720.6170500000001,1783.451384615385,1.0427106643603334,1.5087088467905097,7668.162153846154,1.1193242000299506,1.118466100015212,,,,,,,,,,,18094.0,80.0,18094.0,53075.0,,,,,,0,38,2986.6,1201.0,4687.0,2152.75,3018.0,4025.75,,,,,,,,,,,,,,,,,,,,,,,,,,,,,,,,,,,,,,,,,0.0,0.0
32_Phoenix_City,Quantum,15324,40,40,404051,10,0.8769241000409238,95.0,563.3259635627531,1783.451384615385,1.4032954493820675,2.288413350387088,9527.49169230769,20.724410599970724,20.707824799988884,0.0045383999822661,0.0011870999587699,0.0033513000234961,,20.707824799988884,0.0001722000306472,0.0078250000369735,0.000614599965047,0.0020296999718993,20.724410599970724,,,,,,,,0.0,,0,38,2986.6,1201.0,4687.0,2152.75,3018.0,4025.75,2087.0,4134.0,0.0018991694464339,0.0037983388928678,0.0038350910834132,0.0019175455417066,7.923334930522281,8.0,4.0,50000.0,25000.0,2.0,,,,,,,,,,,,,,,,,,,,,2500.0,25000.0,357.0,19.0,338.0,0.9467787114845938,1.0,2087.0,,
32_Phoenix_City,ClassicalGreedy,15324,50,50,505042,1,1.3637648000149056,100.0,438.89616,1776.601846153846,1.0067569437712376,1.593801616308676,12485.891692307694,0.0189794999896548,0.0177580000017769,,,,,,,,,,,,,,,,,,,,0,49,2928.96,1235.0,4681.0,2104.25,2754.0,3826.25,,,,,,,,,,,,,,,,,,,,,,,,,,0.0071945000090636,42687.0,0.0047678999835625,0.0048037999658845,0.0167661999585106,644981.4658360832,25.0,,,,,,,,,,
32_Phoenix_City,Classical,15324,50,50,505042,1,1.3637648000149056,100.0,377.8686338461538,1792.5883076923078,0.9609032215209706,1.653732948303753,10831.426923076922,4.906618699955288,4.90533569996478,,,,,,,,,,,42737.0,100.0,42737.0,126120.0,,,,,,0,49,2928.96,1235.0,4681.0,2104.25,2754.0,3826.25,,,,,,,,,,,,,,,,,,,,,,,,,,,,,,,,,,,,,,,,,0.0,0.0
32_Phoenix_City,Quantum,15324,50,50,505042,1,1.3637648000149056,96.0,425.8621858974359,1777.2867692307696,1.3894897929797994,1.8940087167733664,15406.703692307692,28.69828080001753,28.65796839998802,0.0062710000202059,0.0021281000226736,0.0041428999975323,,28.65796839998802,0.0002269999822601,0.0142933999886736,0.0007598000229336,0.0025497000315226,28.69828080001753,,,,,,,,0.0,,0,49,2928.96,1235.0,4681.0,2104.25,2754.0,3826.25,2881.0,5712.0,0.0013768367465,0.0027536734930001,0.0027777777777777,0.0013888888888888,7.930579659840333,8.0,4.0,50000.0,25000.0,2.0,,,,,,,,,,,,,,,,,,,,,2500.0,25000.0,495.0,24.0,471.0,0.9515151515151516,1.0,2881.0,,
32_Phoenix_City,ClassicalGreedy,15324,50,50,505043,2,1.4550035000429489,100.0,382.0694430769231,1651.8366153846157,1.1053059372207952,3.832044818362625,12712.926461538458,0.0192448999732732,0.0178963000071235,,,,,,,,,,,,,,,,,,,,0,49,3070.26,1390.0,4761.0,2284.25,2925.0,3918.0,,,,,,,,,,,,,,,,,,,,,,,,,,0.0075198000413365,44788.0,0.0047593000344932,0.0047211000346578,0.0170002001104876,680159.6726698029,25.0,,,,,,,,,,
32_Phoenix_City,Classical,15324,50,50,505043,2,1.4550035000429489,100.0,418.9779230769231,1793.6806153846155,1.0394531996858254,2.924462525547823,10934.866615384615,3.5818508000229485,3.5807060999795794,,,,,,,,,,,44838.0,100.0,44838.0,132400.0,,,,,,0,49,3070.26,1390.0,4761.0,2284.25,2925.0,3918.0,,,,,,,,,,,,,,,,,,,,,,,,,,,,,,,,,,,,,,,,,0.0,0.0
32_Phoenix_City,Quantum,15324,50,50,505043,2,1.4550035000429489,100.0,462.7235630769231,1758.713846153846,1.4022129393345142,2.439149406100247,15980.206153846151,28.433917799964547,28.40654629998608,0.0065710999770089,0.0022381999879144,0.0043328999890945,,28.40654629998608,0.0002289999974891,0.0146499000256881,0.0008072999771684,0.0032225999748334,28.433917799964547,,,,,,,,0.0,,0,49,3070.26,1390.0,4761.0,2284.25,2925.0,3918.0,2833.0,5616.0,0.0013999653000053,0.0027999306000107,0.0028248587570621,0.001412429378531,7.929403459230498,8.0,4.0,50000.0,25000.0,2.0,,,,,,,,,,,,,,,,,,,,,2500.0,25000.0,490.0,25.0,465.0,0.9489795918367347,1.0,2833.0,,
32_Phoenix_City,ClassicalGreedy,15324,50,50,505044,3,1.2447744999662973,100.0,425.2605692307693,1759.6024615384615,1.1970222252033087,2.86174516135724,12564.98630769231,0.01665420003701,0.0154649000032804,,,,,,,,,,,,,,,,,,,,0,46,2767.38,1257.0,4780.0,2007.5,2688.0,3452.75,,,,,,,,,,,,,,,,,,,,,,,,,,0.0064774000202305,36679.0,0.0041395999724045,0.00400160002755,0.0146186000201851,545693.2619300603,25.0,,,,,,,,,,
32_Phoenix_City,Classical,15324,50,50,505044,3,1.2447744999662973,100.0,510.4356707692308,1789.9489230769232,1.07265213907083,2.660930839769099,10998.81,3.9097202999982974,3.9086239999742247,,,,,,,,,,,36729.0,100.0,36729.0,108264.0,,,,,,0,46,2767.38,1257.0,4780.0,2007.5,2688.0,3452.75,,,,,,,,,,,,,,,,,,,,,,,,,,,,,,,,,,,,,,,,,0.0,0.0
32_Phoenix_City,Quantum,15324,50,50,505044,3,1.2447744999662973,96.0,513.2979711538461,1789.9489230769232,1.5610405254026585,4.396962521093602,15052.386153846152,28.360336400044616,28.334201099991333,0.0068828000221401,0.0022470000549219,0.0046357999672181,,28.334201099991333,0.0010330000077374,0.0134709000121802,0.0007389999809674,0.0023417000193148,28.360336400044616,,,,,,,,0.0,,0,46,2767.38,1257.0,4780.0,2007.5,2688.0,3452.75,2833.0,5616.0,0.0013999653000053,0.0027999306000107,0.0028248587570621,0.001412429378531,7.929403459230498,8.0,4.0,50000.0,25000.0,2.0,,,,,,,,,,,,,,,,,,,,,2500.0,25000.0,488.0,24.0,464.0,0.9508196721311476,1.0,2833.0,,
32_Phoenix_City,ClassicalGreedy,15324,50,50,505045,4,1.518941900052596,100.0,397.53198769230767,1795.4181538461537,1.0420853827019811,1.7325961891156196,11702.69446153846,0.0211179999751038,0.0197798999724909,,,,,,,,,,,,,,,,,,,,0,48,3116.14,1304.0,4793.0,2143.25,3244.0,3791.0,,,,,,,,,,,,,,,,,,,,,,,,,,0.0083363000303506,46703.0,0.0053283000015653,0.0051570999785326,0.0188217000104486,712080.3891620053,25.0,,,,,,,,,,
32_Phoenix_City,Classical,15324,50,50,505045,4,1.518941900052596,100.0,288.94063384615384,1583.8796923076925,0.9924107082563182,1.8367277520302727,10060.421538461538,3.6379727000021376,3.636879700003192,,,,,,,,,,,46753.0,100.0,46753.0,138063.0,,,,,,0,48,3116.14,1304.0,4793.0,2143.25,3244.0,3791.0,,,,,,,,,,,,,,,,,,,,,,,,,,,,,,,,,,,,,,,,,0.0,0.0
32_Phoenix_City,Quantum,15324,50,50,505045,4,1.518941900052596,96.0,365.41386538461535,1778.5578461538462,1.3890465046521296,2.4164304606715508,14710.43953846154,28.21526690002065,28.188171999994665,0.0064388000173494,0.0022004000493325,0.0042383999680168,,28.188171999994665,0.0002439999952912,0.0152254999848082,0.0007779999868944,0.0028047999949194,28.21526690002065,,,,,,,,0.0,,0,48,3116.14,1304.0,4793.0,2143.25,3244.0,3791.0,2827.0,5604.0,0.0014029111156673,0.0028058222313346,0.002830856334041,0.0014154281670205,7.92925362575168,8.0,4.0,50000.0,25000.0,2.0,,,,,,,,,,,,,,,,,,,,,2500.0,25000.0,484.0,24.0,460.0,0.950413223140496,1.0,2827.0,,
32_Phoenix_City,ClassicalGreedy,15324,50,50,505046,5,1.3605886999866923,100.0,449.51716,1739.2886153846157,1.0716483501126757,1.5811424205653677,11616.95046153846,0.0165384999709203,0.0154101999942213,,,,,,,,,,,,,,,,,,,,0,48,2956.4,1261.0,4800.0,2149.25,3036.0,3693.75,,,,,,,,,,,,,,,,,,,,,,,,,,0.0068164000404067,38823.0,0.0042187999933958,0.0035915999906137,0.0146268000244162,581018.8839442434,25.0,,,,,,,,,,
32_Phoenix_City,Classical,15324,50,50,505046,5,1.3605886999866923,100.0,369.22269230769234,1760.2824615384616,1.0662165790326037,1.88168842523011,10262.772615384616,3.9100479999906383,3.908915699983481,,,,,,,,,,,38873.0,100.0,38873.0,114647.0,,,,,,0,48,2956.4,1261.0,4800.0,2149.25,3036.0,3693.75,,,,,,,,,,,,,,,,,,,,,,,,,,,,,,,,,,,,,,,,,0.0,0.0
32_Phoenix_City,Quantum,15324,50,50,505046,5,1.3605886999866923,100.0,413.25492615384616,1768.7479999999996,1.4765110666173578,3.562746655603004,15294.42476923077,29.253488099959213,29.22755850001704,0.0065445999498479,0.0021621999912895,0.0043823999585583,,29.22755850001704,0.0002875000354833,0.0137523000012151,0.0008324999944306,0.0028884999919682,29.253488099959213,,,,,,,,0.0,,0,48,2956.4,1261.0,4800.0,2149.25,3036.0,3693.75,2911.0,5772.0,0.0013627654789688,0.0027255309579377,0.0027491408934707,0.0013745704467353,7.931295087598763,8.0,4.0,50000.0,25000.0,2.0,,,,,,,,,,,,,,,,,,,,,2500.0,25000.0,497.0,25.0,472.0,0.9496981891348087,1.0,2911.0,,
32_Phoenix_City,ClassicalGreedy,15324,50,50,505047,6,1.4530930999899283,100.0,425.6063323076923,1736.7207692307693,1.0761722418706057,1.9676895507132843,10748.738153846152,0.0212552000302821,0.020133500045631,,,,,,,,,,,,,,,,,,,,0,49,3100.9,1559.0,4708.0,2302.25,2991.0,3817.0,,,,,,,,,,,,,,,,,,,,,,,,,,0.0078111999901011,48495.0,0.0056292999652214,0.0055140000185929,0.0189544999739155,742194.001704996,25.0,,,,,,,,,,
32_Phoenix_City,Classical,15324,50,50,505047,6,1.4530930999899283,100.0,440.01519384615386,1746.8599999999997,1.0461229185227714,2.847850183154049,9644.457076923076,4.310629399958998,4.309518299996853,,,,,,,,,,,48545.0,100.0,48545.0,143394.0,,,,,,0,49,3100.9,1559.0,4708.0,2302.25,2991.0,3817.0,,,,,,,,,,,,,,,,,,,,,,,,,,,,,,,,,,,,,,,,,0.0,0.0
32_Phoenix_City,Quantum,15324,50,50,505047,6,1.4530930999899283,96.0,401.486375,1747.4061538461538,1.5365416647453578,3.1167264462328284,14821.167076923077,28.40534210001352,28.37881980004022,0.0067722999956458,0.0023157999967224,0.0044564999989233,,28.37881980004022,0.0002440999960526,0.0142388000385835,0.0007188000017777,0.0029607000178657,28.40534210001352,,,,,,,,0.0,,0,49,3100.9,1559.0,4708.0,2302.25,2991.0,3817.0,2860.0,5670.0,0.0013868607782563,0.0027737215565127,0.0027981811822315,0.0013990905911157,7.93006993006993,8.0,4.0,50000.0,25000.0,2.0,,,,,,,,,,,,,,,,,,,,,2500.0,25000.0,489.0,24.0,465.0,0.950920245398773,1.0,2860.0,,
32_Phoenix_City,ClassicalGreedy,15324,50,50,505048,7,1.4449307000031697,100.0,537.3949784615384,1635.7052307692306,1.1415614189617087,3.496161353285621,12037.75246153846,0.0203483999939635,0.0191501000081188,,,,,,,,,,,,,,,,,,,,0,49,3044.54,1258.0,4544.0,2343.75,3152.5,3902.25,,,,,,,,,,,,,,,,,,,,,,,,,,0.0065490999841131,42071.0,0.00585549994139,0.0055706000421196,0.0179751999676227,634714.6552167244,25.0,,,,,,,,,,
32_Phoenix_City,Classical,15324,50,50,505048,7,1.4449307000031697,100.0,368.4907384615385,1694.5301538461545,1.1198670532418349,4.35311212318369,10798.140307692309,3.326446399965789,3.325304199999664,,,,,,,,,,,42121.0,100.0,42121.0,124283.0,,,,,,0,49,3044.54,1258.0,4544.0,2343.75,3152.5,3902.25,,,,,,,,,,,,,,,,,,,,,,,,,,,,,,,,,,,,,,,,,0.0,0.0
32_Phoenix_City,Quantum,15324,50,50,505048,7,1.4449307000031697,96.0,413.1509455128205,1635.7052307692306,1.5925880613328725,4.071092132080935,15401.301384615384,28.73296059999848,28.70658119994914,0.0071128000272437,0.002231299993582,0.0048815000336617,,28.70658119994914,0.0002308000111952,0.0140419999952428,0.0007276000105775,0.0027100999723188,28.73296059999848,,,,,,,,0.0,,0,49,3044.54,1258.0,4544.0,2343.75,3152.5,3902.25,2875.0,5700.0,0.001379685939911,0.002759371879822,0.0027835768963117,0.0013917884481558,7.930434782608696,8.0,4.0,50000.0,25000.0,2.0,,,,,,,,,,,,,,,,,,,,,2500.0,25000.0,485.0,24.0,461.0,0.9505154639175256,1.0,2875.0,,
32_Phoenix_City,ClassicalGreedy,15324,50,50,505049,8,1.3226165999658406,100.0,508.7434892307693,1777.7655384615384,1.3850731899233455,9.01211729193618,13461.28630769231,0.0156722000101581,0.01451339997584,,,,,,,,,,,,,,,,,,,,0,46,3033.06,1205.0,4781.0,2215.0,3029.0,4012.75,,,,,,,,,,,,,,,,,,,,,,,,,,0.0065428000525571,34154.0,0.0038817999884486,0.0032378999749198,0.0136625000159256,504555.6647829168,25.0,,,,,,,,,,
32_Phoenix_City,Classical,15324,50,50,505049,8,1.3226165999658406,100.0,503.60477230769226,1777.7655384615384,1.0402628448690232,3.4543615282857365,11173.288,3.883062699984293,3.881905899965204,,,,,,,,,,,34204.0,100.0,34204.0,100801.0,,,,,,0,46,3033.06,1205.0,4781.0,2215.0,3029.0,4012.75,,,,,,,,,,,,,,,,,,,,,,,,,,,,,,,,,,,,,,,,,0.0,0.0
32_Phoenix_City,Quantum,15324,50,50,505049,8,1.3226165999658406,96.0,532.6944775641026,1762.5120000000006,1.4105827055700113,2.7365748639552745,15966.114923076924,28.644575599988457,28.54734729998745,0.0790323999826796,0.0019225999712944,0.0771098000113852,,28.54734729998745,0.000239800021518,0.0125924000167287,0.0009288000292144,0.0027862000279128,28.644575599988457,,,,,,,,0.0,,0,46,3033.06,1205.0,4781.0,2215.0,3029.0,4012.75,2839.0,5628.0,0.0013970318286446,0.0027940636572893,0.0028188865398167,0.0014094432699083,7.929552659387108,8.0,4.0,50000.0,25000.0,2.0,,,,,,,,,,,,,,,,,,,,,2500.0,25000.0,487.0,24.0,463.0,0.9507186858316222,1.0,2839.0,,
32_Phoenix_City,ClassicalGreedy,15324,50,50,505050,9,1.4108477999689055,100.0,542.6150523076924,1703.9104615384613,0.9865874145455414,1.723172886715316,11363.36,0.0236016999697312,0.0224559999769553,,,,,,,,,,,,,,,,,,,,0,49,2694.14,1229.0,4565.0,1870.25,2624.5,3415.0,,,,,,,,,,,,,,,,,,,,,,,,,,0.0098731000325642,43252.0,0.0061692000017501,0.0053429999388754,0.0213852999731898,654379.6043566156,25.0,,,,,,,,,,
32_Phoenix_City,Classical,15324,50,50,505050,9,1.4108477999689055,100.0,410.8417323076922,1696.4132307692307,0.9257931910314988,1.4682420371634757,10147.85923076923,4.204155699990224,4.203051000018604,,,,,,,,,,,43302.0,100.0,43302.0,127798.0,,,,,,0,49,2694.14,1229.0,4565.0,1870.25,2624.5,3415.0,,,,,,,,,,,,,,,,,,,,,,,,,,,,,,,,,,,,,,,,,0.0,0.0
32_Phoenix_City,Quantum,15324,50,50,505050,9,1.4108477999689055,92.0,293.8194816053512,1753.7363076923075,1.2275186029913323,2.2560963723774785,13254.325076923074,28.02155819995096,27.994643300015014,0.0070573999546468,0.0024177999584935,0.0046395999961532,,27.994643300015014,0.0002711999695748,0.0145053000305779,0.000775699969381,0.0027135999989695,28.02155819995096,,,,,,,,0.0,,0,49,2694.14,1229.0,4565.0,1870.25,2624.5,3415.0,2794.0,5538.0,0.0014193372786706,0.0028386745573413,0.0028643036161833,0.0014321518080916,7.928418038654259,8.0,4.0,50000.0,25000.0,2.0,,,,,,,,,,,,,,,,,,,,,2500.0,25000.0,478.0,23.0,455.0,0.9518828451882844,1.0,2794.0,,
32_Phoenix_City,ClassicalGreedy,15324,50,50,505051,10,1.431559200049378,100.0,463.88184,1771.024,1.0160968689079872,2.229517656828386,11648.806615384616,0.01860690000467,0.0173382999491877,,,,,,,,,,,,,,,,,,,,0,48,3033.32,1227.0,4624.0,2273.5,3113.5,3713.0,,,,,,,,,,,,,,,,,,,,,,,,,,0.0073244999512098,41014.0,0.0045423000119626,0.0044044999522157,0.0162712999153882,617306.8917465,25.0,,,,,,,,,,
32_Phoenix_City,Classical,15324,50,50,505051,10,1.431559200049378,100.0,409.6220215384616,1646.944,0.9853612297652804,1.9893081163276944,10571.28476923077,3.811468500003684,3.810304899991024,,,,,,,,,,,41064.0,100.0,41064.0,121172.0,,,,,,0,48,3033.32,1227.0,4624.0,2273.5,3113.5,3713.0,,,,,,,,,,,,,,,,,,,,,,,,,,,,,,,,,,,,,,,,,0.0,0.0
32_Phoenix_City,Quantum,15324,50,50,505051,10,1.431559200049378,100.0,419.7332123076923,1791.47723076923,1.2844072492630068,2.0045872355805305,15366.68615384615,28.435153700003863,28.40740129997721,0.0067592000123113,0.0022202000254765,0.0045389999868348,,28.40740129997721,0.0002345000393688,0.0150535000138916,0.0009131000260822,0.0029387999675236,28.435153700003863,,,,,,,,0.0,,0,48,3033.32,1227.0,4624.0,2273.5,3113.5,3713.0,2839.0,5628.0,0.0013970318286446,0.0027940636572893,0.0028188865398167,0.0014094432699083,7.929552659387108,8.0,4.0,50000.0,25000.0,2.0,,,,,,,,,,,,,,,,,,,,,2500.0,25000.0,487.0,25.0,462.0,0.9486652977412732,1.0,2839.0,,
32_Phoenix_City,ClassicalGreedy,15324,60,60,606042,1,2.010499499971047,100.0,410.36517692307694,1780.5175384615386,1.0323480866143606,1.9376075783728928,13935.75723076923,0.0312614000285975,0.0299006000277586,,,,,,,,,,,,,,,,,,,,0,56,2968.133333333333,1211.0,4777.0,2132.0,2976.0,3835.25,,,,,,,,,,,,,,,,,,,,,,,,,,0.0112264000345021,65307.0,0.0085360000375658,0.0081243999884463,0.0278868000605143,1028641.0891790038,30.0,,,,,,,,,,
32_Phoenix_City,Classical,15324,60,60,606042,1,2.010499499971047,100.0,338.01455128205123,1780.5175384615386,0.9981548689964516,2.133825976590044,13109.107538461538,5.76332420000108,5.762006999982987,,,,,,,,,,,65367.0,120.0,65367.0,193343.0,,,,,,0,56,2968.133333333333,1211.0,4777.0,2132.0,2976.0,3835.25,,,,,,,,,,,,,,,,,,,,,,,,,,,,,,,,,,,,,,,,,0.0,0.0
32_Phoenix_City,Quantum,15324,60,60,606042,1,2.010499499971047,96.66666666666669,399.7173793103448,1774.8104615384614,1.4458222813490351,3.067904320528932,18359.332,36.46789229998831,36.43260449997615,0.0092510000104084,0.0030037999968044,0.006247200013604,,36.43260449997615,0.0003159000189043,0.0195638000150211,0.0009779999963939,0.0033945000031962,36.46789229998831,,,,,,,,0.0,,0,56,2968.133333333333,1211.0,4777.0,2132.0,2976.0,3835.25,3627.0,7194.0,0.0010940195271992,0.0021880390543985,0.0022062879205736,0.0011031439602868,7.933829611248966,8.0,4.0,50000.0,25000.0,2.0,,,,,,,,,,,,,,,,,,,,,2500.0,25000.0,615.0,29.0,586.0,0.9528455284552846,1.0,3627.0,,
32_Phoenix_City,ClassicalGreedy,15324,60,60,606043,2,1.9421897999709472,100.0,495.3274153846154,1778.7486153846153,0.9139359859668654,1.5961016329964828,13998.508000000002,0.0299343999940902,0.0285747000016272,,,,,,,,,,,,,,,,,,,,0,57,2819.866666666667,1204.0,4713.0,1891.25,2746.0,3740.5,,,,,,,,,,,,,,,,,,,,,,,,,,0.0108305999892763,67875.0,0.0078279000008478,0.00794689997565,0.0266053999657742,1073130.7960893493,30.0,,,,,,,,,,
32_Phoenix_City,Classical,15324,60,60,606043,2,1.9421897999709472,100.0,499.5526384615385,1716.0144615384615,0.901098734485251,1.6578246102548642,13114.98153846154,7.299940500000957,7.298632299993187,,,,,,,,,,,67935.0,120.0,67935.0,201001.0,,,,,,0,57,2819.866666666667,1204.0,4713.0,1891.25,2746.0,3740.5,,,,,,,,,,,,,,,,,,,,,,,,,,,,,,,,,,,,,,,,,0.0,0.0
32_Phoenix_City,Quantum,15324,60,60,606043,2,1.9421897999709472,96.66666666666669,523.7135119363395,1791.5132307692306,1.3758611945559656,4.817390580241156,18828.91630769231,36.151513800024986,36.11610909999581,0.0095364000299014,0.0031557999900542,0.0063806000398471,,36.11610909999581,0.0003026999766007,0.0188473999733105,0.0009324999991804,0.0038017000188119,36.151513800024986,,,,,,,,0.0,,0,57,2819.866666666667,1204.0,4713.0,1891.25,2746.0,3740.5,3585.0,7110.0,0.0011067319187089,0.0022134638374178,0.0022321428571428,0.0011160714285714,7.933054393305439,8.0,4.0,50000.0,25000.0,2.0,,,,,,,,,,,,,,,,,,,,,2500.0,25000.0,609.0,29.0,580.0,0.9523809523809524,1.0,3585.0,,
32_Phoenix_City,ClassicalGreedy,15324,60,60,606044,3,1.9362701999489216,100.0,479.2158897435898,1741.6443076923078,1.0589676676896098,4.034386405957055,12856.07846153846,0.0292181000113487,0.0278073999797925,,,,,,,,,,,,,,,,,,,,0,58,2860.4666666666667,1214.0,4773.0,1865.5,2861.5,3738.25,,,,,,,,,,,,,,,,,,,,,,,,,,0.0104839999694377,65953.0,0.0076030999771319,0.0078564999857917,0.0259435999323613,1039693.7822193084,30.0,,,,,,,,,,
32_Phoenix_City,Classical,15324,60,60,606044,3,1.9362701999489216,100.0,450.3276871794872,1703.0836923076922,4899.5415123666335,166553.0,12109.123538461536,7.119683999975678,7.118322300026193,,,,,,,,,,,66013.0,120.0,66013.0,195242.0,,,,,,0,58,2860.4666666666667,1214.0,4773.0,1865.5,2861.5,3738.25,,,,,,,,,,,,,,,,,,,,,,,,,,,,,,,,,,,,,,,,,0.0,0.0
32_Phoenix_City,Quantum,15324,60,60,606044,3,1.9362701999489216,96.66666666666669,427.94329442970826,1691.152,1.3954392023459472,2.253620286867424,17398.844153846156,35.1918836000259,35.15699009998934,0.009336200018879,0.0030324000399559,0.006303799978923,,35.15699009998934,0.0002959000412374,0.0188023000373505,0.0010698999976739,0.0034230999881401,35.1918836000259,,,,,,,,0.0,,0,58,2860.4666666666667,1214.0,4773.0,1865.5,2861.5,3738.25,3525.0,6990.0,0.0011254135774144,0.0022508271548288,0.0022701475595913,0.0011350737797956,7.931914893617021,8.0,4.0,50000.0,25000.0,2.0,,,,,,,,,,,,,,,,,,,,,2500.0,25000.0,605.0,29.0,576.0,0.9520661157024792,1.0,3525.0,,
32_Phoenix_City,ClassicalGreedy,15324,60,60,606045,4,1.7160565999802202,100.0,678.7349076923076,1795.3790769230773,1.1530685153757725,2.4136581927440623,15649.47,0.0222597000538371,0.0209845000063069,,,,,,,,,,,,,,,,,,,,0,56,2962.016666666667,1244.0,4738.0,2073.25,2845.0,4038.5,,,,,,,,,,,,,,,,,,,,,,,,,,0.0085294000455178,50820.0,0.0065363000030629,0.0044301999732851,0.0194959000218659,781186.7492451142,31.0,,,,,,,,,,
32_Phoenix_City,Classical,15324,60,60,606045,4,1.7160565999802202,100.0,616.999135897436,1795.3790769230773,1.1021878668514418,3.1443245159638376,13583.490000000002,4.89548270002706,4.894139799987897,,,,,,,,,,,50880.0,120.0,50880.0,150271.0,,,,,,0,56,2962.016666666667,1244.0,4738.0,2073.25,2845.0,4038.5,,,,,,,,,,,,,,,,,,,,,,,,,,,,,,,,,,,,,,,,,0.0,0.0
32_Phoenix_City,Quantum,15324,60,60,606045,4,1.7160565999802202,93.33333333333331,613.963912087912,1710.3461538461538,1.437435168339226,2.7112517048906,17962.362923076922,36.75768019998213,36.72619279997889,0.0087881999788805,0.0027321999659761,0.0060560000129044,,36.72619279997889,0.0003142000059597,0.0160537000047042,0.0009310999885201,0.0036114000249654,36.75768019998213,,,,,,,,0.0,,0,56,2962.016666666667,1244.0,4738.0,2073.25,2845.0,4038.5,3630.0,7200.0,0.0010931226643043,0.0021862453286086,0.0022044640396803,0.0011022320198401,7.933884297520661,8.0,4.0,50000.0,25000.0,2.0,,,,,,,,,,,,,,,,,,,,,2500.0,25000.0,614.0,28.0,586.0,0.9543973941368078,1.0,3630.0,,
32_Phoenix_City,ClassicalGreedy,15324,60,60,606046,5,2.106596299970988,100.0,461.67331538461536,1779.0,1.0265675029252532,2.218571161398915,12532.54876923077,0.0349844000302255,0.0334580999915488,,,,,,,,,,,,,,,,,,,,0,58,3066.5666666666666,1269.0,4762.0,2234.75,3129.5,4083.5,,,,,,,,,,,,,,,,,,,,,,,,,,0.0128049000049941,77083.0,0.0093343000044114,0.0089042999898083,0.0310434999992139,1233425.8949836756,30.0,,,,,,,,,,
32_Phoenix_City,Classical,15324,60,60,606046,5,2.106596299970988,100.0,521.9955769230769,1779.0,0.9966691859971218,2.370357459754088,11617.915230769231,8.25465289998101,8.253282099962234,,,,,,,,,,,77143.0,120.0,77143.0,228383.0,,,,,,0,58,3066.5666666666666,1269.0,4762.0,2234.75,3129.5,4083.5,,,,,,,,,,,,,,,,,,,,,,,,,,,,,,,,,,,,,,,,,0.0,0.0
32_Phoenix_City,Quantum,15324,60,60,606046,5,2.106596299970988,93.33333333333331,398.8221318681319,1763.4658461538463,1.4437779546341396,2.5188720206666027,15886.859076923076,37.02387390000513,36.98792839999078,0.0093179999967105,0.0035957000218331,0.0057222999748773,,36.98792839999078,0.0002921000123023,0.0200065000099129,0.000921799975913,0.0033978999708779,37.02387390000513,,,,,,,,0.0,,0,58,3066.5666666666666,1269.0,4762.0,2234.75,3129.5,4083.5,3660.0,7260.0,0.0010842342483613,0.0021684684967226,0.0021863897239682,0.0010931948619841,7.934426229508197,8.0,4.0,50000.0,25000.0,2.0,,,,,,,,,,,,,,,,,,,,,2500.0,25000.0,627.0,28.0,599.0,0.9553429027113236,1.0,3660.0,,
32_Phoenix_City,ClassicalGreedy,15324,60,60,606047,6,1.8060395999928005,100.0,466.0172384615384,1776.502307692308,0.9740083120580576,1.9348030972224792,14912.963846153849,0.0258022000198252,0.0244157000561244,,,,,,,,,,,,,,,,,,,,0,58,2838.616666666667,1255.0,4766.0,1820.5,2930.0,3652.5,,,,,,,,,,,,,,,,,,,,,,,,,,0.0100282999919727,56570.0,0.0071756999823264,0.0058112000115215,0.0230151999858208,878698.2810139492,30.0,,,,,,,,,,
32_Phoenix_City,Classical,15324,60,60,606047,6,1.8060395999928005,100.0,366.7246,1755.380923076923,0.9241603356014833,1.541497633536173,12723.810923076924,5.483592399978079,5.482254100032151,,,,,,,,,,,56630.0,120.0,56630.0,167351.0,,,,,,0,58,2838.616666666667,1255.0,4766.0,1820.5,2930.0,3652.5,,,,,,,,,,,,,,,,,,,,,,,,,,,,,,,,,,,,,,,,,0.0,0.0
32_Phoenix_City,Quantum,15324,60,60,606047,6,1.8060395999928005,93.33333333333331,497.7546346153846,1776.502307692308,1.3908676696559128,2.2780677071600035,17612.129076923076,37.04702960001305,37.01502689998597,0.0083661000244319,0.002691900008358,0.0056742000160738,,37.01502689998597,0.0003083000192418,0.0170055000344291,0.000919799960684,0.0035349000245332,37.04702960001305,,,,,,,,0.0,,0,58,2838.616666666667,1255.0,4766.0,1820.5,2930.0,3652.5,3615.0,7170.0,0.0010976217430141,0.0021952434860282,0.002213613724405,0.0011068068622025,7.933609958506224,8.0,4.0,50000.0,25000.0,2.0,,,,,,,,,,,,,,,,,,,,,2500.0,25000.0,613.0,28.0,585.0,0.9543230016313212,1.0,3615.0,,
32_Phoenix_City,ClassicalGreedy,15324,60,60,606048,7,1.9608454999979583,100.0,402.0603435897436,1729.720923076923,0.9918953020643252,1.9879129084999336,12759.376307692304,0.0335355999995954,0.0321866999729536,,,,,,,,,,,,,,,,,,,,0,59,3136.0333333333333,1272.0,4794.0,2358.0,3084.0,4148.25,,,,,,,,,,,,,,,,,,,,,,,,,,0.0121329000103287,73825.0,0.0092434000107459,0.0085926999454386,0.0299689999665133,1176467.869052696,30.0,,,,,,,,,,
32_Phoenix_City,Classical,15324,60,60,606048,7,1.9608454999979583,100.0,358.1965743589744,1729.720923076923,0.9226655137035372,1.534392379836394,11729.957538461536,7.207466299994849,7.206085800018627,,,,,,,,,,,73885.0,120.0,73885.0,218684.0,,,,,,0,59,3136.0333333333333,1272.0,4794.0,2358.0,3084.0,4148.25,,,,,,,,,,,,,,,,,,,,,,,,,,,,,,,,,,,,,,,,,0.0,0.0
32_Phoenix_City,Quantum,15324,60,60,606048,7,1.9608454999979583,96.66666666666669,376.88065517241375,1729.720923076923,1.340550554331838,2.7502236232317454,16444.355999999996,36.02975839999272,35.99591140000848,0.0088108999771066,0.0032609999761916,0.0055499000009149,,35.99591140000848,0.0003017999697476,0.0186016000225208,0.0008441999671049,0.0035133000346831,36.02975839999272,,,,,,,,0.0,,0,59,3136.0333333333333,1272.0,4794.0,2358.0,3084.0,4148.25,3564.0,7068.0,0.0011131995414903,0.0022263990829806,0.0022452989054167,0.0011226494527083,7.9326599326599325,8.0,4.0,50000.0,25000.0,2.0,,,,,,,,,,,,,,,,,,,,,2500.0,25000.0,615.0,29.0,586.0,0.9528455284552846,1.0,3564.0,,
32_Phoenix_City,ClassicalGreedy,15324,60,60,606049,8,2.0161034999764524,100.0,399.38073589743584,1741.0578461538462,1.001871804513518,2.1017201148119846,11372.281230769231,0.0354557000100612,0.0340312999906018,,,,,,,,,,,,,,,,,,,,0,59,3125.8166666666666,1259.0,4743.0,2323.75,3124.0,4059.0,,,,,,,,,,,,,,,,,,,,,,,,,,0.0127715999842621,74519.0,0.0096649000188335,0.0094011999899521,0.0318376999930478,1188611.299129774,30.0,,,,,,,,,,
32_Phoenix_City,Classical,15324,60,60,606049,8,2.0161034999764524,100.0,441.1505794871794,1741.0578461538462,0.9750563354540236,2.1017201148119846,10409.15015384615,7.734027400030754,7.732697900035419,,,,,,,,,,,74579.0,120.0,74579.0,220756.0,,,,,,0,59,3125.8166666666666,1259.0,4743.0,2323.75,3124.0,4059.0,,,,,,,,,,,,,,,,,,,,,,,,,,,,,,,,,,,,,,,,,0.0,0.0
32_Phoenix_City,Quantum,15324,60,60,606049,8,2.0161034999764524,93.33333333333331,442.8884532967033,1735.9135384615383,1.4087588978833618,2.172962090108816,14055.634769230768,36.436124700005166,36.40037859999575,0.0091343999956734,0.0033010999904945,0.0058333000051788,,36.40037859999575,0.00031819997821,0.0199778999667614,0.0009372000349685,0.0035007999977096,36.436124700005166,,,,,,,,0.0,,0,59,3125.8166666666666,1259.0,4743.0,2323.75,3124.0,4059.0,3570.0,7080.0,0.0011113439491795,0.0022226878983591,0.0022415242364808,0.0011207621182404,7.932773109243698,8.0,4.0,50000.0,25000.0,2.0,,,,,,,,,,,,,,,,,,,,,2500.0,25000.0,610.0,28.0,582.0,0.9540983606557376,1.0,3570.0,,
32_Phoenix_City,ClassicalGreedy,15324,60,60,606050,9,2.0034314999938942,100.0,508.9070717948718,1791.940307692308,0.929596781460328,1.9313177678184184,12729.17246153846,0.0315250999992713,0.0301506000105291,,,,,,,,,,,,,,,,,,,,0,57,2937.866666666667,1241.0,4788.0,1843.25,2912.5,3950.75,,,,,,,,,,,,,,,,,,,,,,,,,,0.0116266999975778,71418.0,0.0085581000312231,0.0081594999646767,0.0283442999934777,1134727.51394477,30.0,,,,,,,,,,
32_Phoenix_City,Classical,15324,60,60,606050,9,2.0034314999938942,100.0,481.3365743589744,1677.5049230769232,0.9054901987050518,1.6790591755097135,11772.437846153844,9.003119200002402,9.001718499988783,,,,,,,,,,,71478.0,120.0,71478.0,211563.0,,,,,,0,57,2937.866666666667,1241.0,4788.0,1843.25,2912.5,3950.75,,,,,,,,,,,,,,,,,,,,,,,,,,,,,,,,,,,,,,,,,0.0,0.0
32_Phoenix_City,Quantum,15324,60,60,606050,9,2.0034314999938942,93.33333333333331,398.69899450549445,1731.0003076923076,1.3931820447778307,2.6587450416212746,16951.323692307687,36.36554999998771,36.31593129999237,0.009939800016582,0.0033164999913424,0.0066233000252395,,36.31593129999237,0.0003169999690726,0.0180869000032544,0.0008395999902859,0.0031582999508827,36.36554999998771,,,,,,,,0.0,,0,57,2937.866666666667,1241.0,4788.0,1843.25,2912.5,3950.75,3597.0,7134.0,0.0011030697624364,0.0022061395248728,0.0022246941045606,0.0011123470522803,7.933277731442869,8.0,4.0,50000.0,25000.0,2.0,,,,,,,,,,,,,,,,,,,,,2500.0,25000.0,616.0,28.0,588.0,0.9545454545454546,1.0,3597.0,,
32_Phoenix_City,ClassicalGreedy,15324,60,60,606051,10,2.0503952000290155,100.0,545.0455692307692,1744.750153846153,0.9134896500376022,1.502214499592171,12893.311846153843,0.0326068999711424,0.0312052999506704,,,,,,,,,,,,,,,,,,,,0,58,3104.2833333333333,1263.0,4749.0,2428.75,3096.0,4063.0,,,,,,,,,,,,,,,,,,,,,,,,,,0.0111614000052213,71981.0,0.0087758000008761,0.0092632999876514,0.0292004999937489,1144190.7851188711,30.0,,,,,,,,,,
32_Phoenix_City,Classical,15324,60,60,606051,10,2.0503952000290155,100.0,526.3691205128205,1646.6236923076922,0.8769990826943945,1.5122680886224935,11924.337384615385,8.01530129997991,8.013951500004623,,,,,,,,,,,72041.0,120.0,72041.0,213166.0,,,,,,0,58,3104.2833333333333,1263.0,4749.0,2428.75,3096.0,4063.0,,,,,,,,,,,,,,,,,,,,,,,,,,,,,,,,,,,,,,,,,0.0,0.0
32_Phoenix_City,Quantum,15324,60,60,606051,10,2.0503952000290155,100.0,471.8971333333333,1696.0479999999998,1.2701236099919404,1.9274403787182144,17436.253692307695,35.75487070000963,35.718145599996205,0.008900400018319488,0.0031719999969936907,0.005728400021325797,,35.718145599996205,0.00035930000012740493,0.02120609994744882,0.0009777999948710203,0.0034481000038795173,35.75487070000963,,,,,,,,0.0,,0,58,3104.2833333333333,1263.0,4749.0,2428.75,3096.0,4063.0,3519.0,6978.0,0.0011273164875609883,0.0022546329751219766,0.0022740193291642978,0.0011370096645821489,7.931798806479113,8.0,4.0,50000.0,25000.0,2.0,,,,,,,,,,,,,,,,,,,,,2500.0,25000.0,605.0,30.0,575.0,0.9504132231404959,1.0,3519.0,,
