city,run_type,nodes,num_vehicles,num_requests,seed,trial,rtv_graph_build_time,percent_serviced,avg_waiting_time,max_waiting_time,avg_detour_factor,max_detour_factor,vmt,total_run_time,solve_time,qubo_build_time,time_min_cost_prep,time_qubo_gen,time_compress,time_quantum_solve,time_decode,time_vehicle_assignment,time_metrics_calc,time_struct_stats,time_total_quantum_block,ilp_num_vars,ilp_num_constraints,ilp_num_integer_vars,ilp_num_nonzero_coeffs,energy_gap,argmin_preservation,condition_number,real_quantum_hardware,K,infeasible_windows,arrival_violations,mean_slack,min_slack,max_slack,p25_slack,median_slack,p75_slack,base_qubo_vars,base_qubo_couplers,base_qubo_graph_density,base_node_density_avg,base_node_density_max,base_node_density_min,base_degree_avg,base_degree_max,base_degree_min,base_qubo_max_abs,base_qubo_min_nonzero_abs,base_qubo_dynamic_range,comp_qubo_vars,comp_qubo_couplers,comp_qubo_graph_density,comp_node_density_avg,comp_node_density_max,comp_node_density_min,comp_degree_avg,comp_degree_max,comp_degree_min,comp_qubo_max_abs,comp_qubo_min_nonzero_abs,comp_qubo_dynamic_range,qubo_logical_qubits,time_greedy_build_candidates,greedy_edges_total,time_greedy_sort,time_greedy_select,time_greedy_total,greedy_sort_work,greedy_assignments,lambda_val,M_val,num_reads,num_sweeps,cost_alpha,raw_selected_trips,raw_kept_trips,raw_dropped_trips,raw_violation_rate,raw_infeasible_instance,base_qubo_logical_qubits,ilp_num_binary_vars,ilp_num_continuous_vars,ilp_status,ilp_sol_status,ilp_optimal,ilp_has_incumbent,ilp_time_limit_s,ilp_time_limit_hit,ilp_incumbent_objective,ilp_best_bound,ilp_optimality_gap,ilp_used_warm_start_fallback,ilp_solve_time_limit_s,ilp_solve_wall_time_s
32_Phoenix_City,ClassicalGreedy,15324,5,5,50542,1,0.1113608999876305,100.0,532.5569230769231,1406.1569230769232,1.1333577306681255,1.3004392603155206,1228.8516923076927,0.0012236000038683,0.0004743000026792,,,,,,,,,,,,,,,,,,,,0,5,2841.8,1316.0,4585.0,1850.0,1897.0,4561.0,,,,,,,,,,,,,,,,,,,,,,,,,,0.0001110999728552,61.0,6.9500005338341e-05,0.0001815999858081,0.0003621999640017,305.11578967384844,3.0,,,,,,,,,,,,,,,,,,,,,,,,,
32_Phoenix_City,Classical,15324,5,5,50542,1,0.1113608999876305,100.0,369.5391384615385,1052.7258461538463,1.2542908061807243,1.9062076955911944,1118.1092307692309,0.0453104000189341,0.0451776999980211,,,,,,,,,,,66.0,10.0,66.0,167.0,,,,,,0,5,2841.8,1316.0,4585.0,1850.0,1897.0,4561.0,,,,,,,,,,,,,,,,,,,,,,,,,,,,,,,,,,,,,,,,,,,,0.0,0.0,,,,,,,,,,,,
32_Phoenix_City,Quantum,15324,5,5,50542,1,0.1113608999876305,80.0,198.7424615384616,517.1276923076925,1.2099596984778445,1.5115935168028318,1201.3944615384614,0.3492276000324636,0.3477432999643497,0.0002858000225387,1.260003773495555e-05,0.0002731999848037,,0.3477432999643497,9.500014130026102e-06,0.0002129999920725,7.459998596459627e-05,0.0001229000044986,0.3492276000324636,,,,,,,,0.0,,0,5,2841.8,1316.0,4585.0,1850.0,1897.0,4561.0,35.0,60.0,0.1008403361344537,0.2016806722689075,0.2352941176470588,0.1176470588235294,6.857142857142857,8.0,4.0,50000.0,20031.32492307692,2.49609050784244,,,,,,,,,,,,,,,,,,,,,5000.0,25000.0,1000.0,1000.0,1.0,6.0,2.0,4.0,0.6666666666666666,1.0,35.0,,,,,,,,,,,,,,
32_Phoenix_City,ClassicalGreedy,15324,5,5,50543,2,0.1139042999711819,100.0,122.80006153846152,614.0003076923076,1.3866871965724332,1.6352320597824093,1170.6252307692305,0.00023579999106,9.159999899566174e-05,,,,,,,,,,,,,,,,,,,,0,5,3328.6,1405.0,4471.0,3150.0,3342.0,4275.0,,,,,,,,,,,,,,,,,,,,,,,,,,4.099996294826269e-05,75.0,8.200004231184721e-06,1.629994949325919e-05,6.54999166727066e-05,398.2892142331043,3.0,,,,,,,,,,,,,,,,,,,,,,,,,
32_Phoenix_City,Classical,15324,5,5,50543,2,0.1139042999711819,100.0,238.7577230769232,614.0003076923076,1.1863874623586743,1.3109102101413412,996.425846153846,0.0275579000008292,0.0273941999766975,,,,,,,,,,,80.0,10.0,80.0,205.0,,,,,,0,5,3328.6,1405.0,4471.0,3150.0,3342.0,4275.0,,,,,,,,,,,,,,,,,,,,,,,,,,,,,,,,,,,,,,,,,,,,0.0,0.0,,,,,,,,,,,,
32_Phoenix_City,Quantum,15324,5,5,50543,2,0.1139042999711819,100.0,0.0,0.0,1.875834661020896,2.8951433631746046,1399.2870769230767,0.3524843999766744,0.3510582000017166,0.0002702999627217,1.9099970813840628e-05,0.0002511999919079,,0.3510582000017166,7.700000423938036e-06,0.0003251999733038,9.390001650899649e-05,8.3099992480129e-05,0.3524843999766744,,,,,,,,0.0,,0,5,3328.6,1405.0,4471.0,3150.0,3342.0,4275.0,35.0,60.0,0.1008403361344537,0.2016806722689075,0.2352941176470588,0.1176470588235294,6.857142857142857,8.0,4.0,50000.0,20068.18,2.491506454496621,,,,,,,,,,,,,,,,,,,,,5000.0,25000.0,1000.0,1000.0,1.0,6.0,3.0,3.0,0.5,1.0,35.0,,,,,,,,,,,,,,
32_Phoenix_City,ClassicalGreedy,15324,5,5,50544,3,0.117026399995666,100.0,138.65298461538458,693.264923076923,1.7134339648820192,1.7842128077520318,1343.1280000000002,0.0002286999952048,9.629997657611966e-05,,,,,,,,,,,,,,,,,,,,0,5,3191.4,1368.0,4482.0,3070.0,3357.0,3680.0,,,,,,,,,,,,,,,,,,,,,,,,,,4.460004856809974e-05,70.0,1.2899981811642648e-05,1.7700018361210823e-05,7.520004874095321e-05,364.1229499959304,3.0,,,,,,,,,,,,,,,,,,,,,,,,,
32_Phoenix_City,Classical,15324,5,5,50544,3,0.117026399995666,100.0,138.65298461538458,693.264923076923,1.691783965030391,1.7776796409784554,1310.7464615384615,0.0343980999896302,0.0342421999666839,,,,,,,,,,,75.0,10.0,75.0,191.0,,,,,,0,5,3191.4,1368.0,4482.0,3070.0,3357.0,3680.0,,,,,,,,,,,,,,,,,,,,,,,,,,,,,,,,,,,,,,,,,,,,0.0,0.0,,,,,,,,,,,,
32_Phoenix_City,Quantum,15324,5,5,50544,3,0.117026399995666,100.0,138.65298461538458,693.264923076923,2.4479238000045087,3.070354054554896,1916.996615384616,0.3531185999745503,0.3517538999440148,0.0002089000190608,1.6600009985268116e-05,0.0001923000090755,,0.3517538999440148,6.700051017105579e-06,0.0002306000096723,7.230002665892243e-05,7.829995593056083e-05,0.3531185999745503,,,,,,,,0.0,,0,5,3191.4,1368.0,4482.0,3070.0,3357.0,3680.0,35.0,60.0,0.1008403361344537,0.2016806722689075,0.2352941176470588,0.1176470588235294,6.857142857142857,8.0,4.0,50000.0,20147.632769230768,2.4816811271426102,,,,,,,,,,,,,,,,,,,,,5000.0,25000.0,1000.0,1000.0,1.0,6.0,3.0,3.0,0.5,1.0,35.0,,,,,,,,,,,,,,
32_Phoenix_City,ClassicalGreedy,15324,5,5,50545,4,0.1126937000080943,100.0,481.42815384615386,1492.2716923076923,2.942099113463063,4.7044732414153625,1440.9276923076925,0.0001952000311575,5.820003570988774e-05,,,,,,,,,,,,,,,,,,,,0,5,2190.2,1341.0,3262.0,1890.0,2187.0,2271.0,,,,,,,,,,,,,,,,,,,,,,,,,,2.269999822601676e-05,63.0,6.699934601783752e-06,1.390004763379693e-05,4.329998046159744e-05,317.767127799362,3.0,,,,,,,,,,,,,,,,,,,,,,,,,
32_Phoenix_City,Classical,15324,5,5,50545,4,0.1126937000080943,100.0,393.3048307692308,1402.3418461538463,3.443642584712383,7.416780292700661,1147.256,0.0256105000153183,0.0254818000248633,,,,,,,,,,,68.0,10.0,68.0,172.0,,,,,,0,5,2190.2,1341.0,3262.0,1890.0,2187.0,2271.0,,,,,,,,,,,,,,,,,,,,,,,,,,,,,,,,,,,,,,,,,,,,0.0,0.0,,,,,,,,,,,,
32_Phoenix_City,Quantum,15324,5,5,50545,4,0.1126937000080943,100.0,574.691476923077,1402.3418461538463,3.445606373500979,7.000190763763607,1365.1689230769232,0.3481433999841101,0.3468861999572254,0.00018380000256,1.4699995517730711e-05,0.0001691000070422,,0.3468861999572254,8.100003469735384e-06,0.0002704000216908,9.469996439293028e-05,7.850001566112041e-05,0.3481433999841101,,,,,,,,0.0,,0,5,2190.2,1341.0,3262.0,1890.0,2187.0,2271.0,35.0,60.0,0.1008403361344537,0.2016806722689075,0.2352941176470588,0.1176470588235294,6.857142857142857,8.0,4.0,50000.0,20174.020307692303,2.47843509808182,,,,,,,,,,,,,,,,,,,,,5000.0,25000.0,1000.0,1000.0,1.0,6.0,3.0,3.0,0.5,1.0,35.0,,,,,,,,,,,,,,
32_Phoenix_City,ClassicalGreedy,15324,5,5,50546,5,0.1170199000043794,100.0,192.66467692307688,603.1452307692307,1.48341284555375,1.7864407319566438,1797.8606153846154,0.000179200025741,4.760001320391893e-05,,,,,,,,,,,,,,,,,,,,0,5,3066.6,1826.0,4647.0,2038.0,3226.0,3596.0,,,,,,,,,,,,,,,,,,,,,,,,,,1.71000137925148e-05,39.0,4.700035788118839e-06,9.7999582067132e-06,3.160000778734684e-05,167.5943639112763,3.0,,,,,,,,,,,,,,,,,,,,,,,,,
32_Phoenix_City,Classical,15324,5,5,50546,5,0.1170199000043794,100.0,192.66467692307688,603.1452307692307,1.48341284555375,1.7864407319566438,1797.8606153846154,0.0421305999625474,0.0419784999685362,,,,,,,,,,,44.0,10.0,44.0,105.0,,,,,,0,5,3066.6,1826.0,4647.0,2038.0,3226.0,3596.0,,,,,,,,,,,,,,,,,,,,,,,,,,,,,,,,,,,,,,,,,,,,0.0,0.0,,,,,,,,,,,,
32_Phoenix_City,Quantum,15324,5,5,50546,5,0.1170199000043794,60.0,0.0,0.0,1.8082288555263903,2.1081253347438325,1419.4676923076922,0.3526972999679856,0.3515459000482224,0.0001767000067047,1.1499971151351929e-05,0.0001652000355534,,0.3515459000482224,8.000002708286047e-06,0.000166000041645,4.509999416768551e-05,9.019998833537102e-05,0.3526972999679856,,,,,,,,0.0,,0,5,3066.6,1826.0,4647.0,2038.0,3226.0,3596.0,35.0,60.0,0.1008403361344537,0.2016806722689075,0.2352941176470588,0.1176470588235294,6.857142857142857,8.0,4.0,50000.0,20230.704,2.471490858647332,,,,,,,,,,,,,,,,,,,,,5000.0,25000.0,1000.0,1000.0,1.0,6.0,3.0,3.0,0.5,1.0,35.0,,,,,,,,,,,,,,
32_Phoenix_City,ClassicalGreedy,15324,5,5,50547,6,0.1116422000341117,100.0,449.6992615384616,1646.0683076923078,1.150514088701473,1.4819827350318422,1149.2953846153844,0.0002629999653436,7.889996049925685e-05,,,,,,,,,,,,,,,,,,,,0,5,3740.8,3014.0,4486.0,3043.0,3905.0,4256.0,,,,,,,,,,,,,,,,,,,,,,,,,,2.300000051036477e-05,61.0,7.0999376475811005e-06,1.360004534944892e-05,4.369998350739479e-05,304.23818214564824,3.0,,,,,,,,,,,,,,,,,,,,,,,,,
32_Phoenix_City,Classical,15324,5,5,50547,6,0.1116422000341117,100.0,10.150030769230762,50.75015384615381,1.16566297970107,1.213610929438267,1126.855692307692,0.0453667999827303,0.0452030000160448,,,,,,,,,,,66.0,10.0,66.0,166.0,,,,,,0,5,3740.8,3014.0,4486.0,3043.0,3905.0,4256.0,,,,,,,,,,,,,,,,,,,,,,,,,,,,,,,,,,,,,,,,,,,,0.0,0.0,,,,,,,,,,,,
32_Phoenix_City,Quantum,15324,5,5,50547,6,0.1116422000341117,100.0,348.6029538461538,1646.0683076923078,1.5831169404806538,2.577811745776347,1437.7067692307687,0.3495123000466265,0.3483161999611184,0.0002050000475719,1.680001150816679e-05,0.0001882000360637,,0.3483161999611184,7.700000423938036e-06,0.000196999986656,6.019999273121357e-05,7.98000255599618e-05,0.3495123000466265,,,,,,,,0.0,,0,5,3740.8,3014.0,4486.0,3043.0,3905.0,4256.0,35.0,60.0,0.1008403361344537,0.2016806722689075,0.2352941176470588,0.1176470588235294,6.857142857142857,8.0,4.0,50000.0,20157.388,2.480480109823753,,,,,,,,,,,,,,,,,,,,,5000.0,25000.0,1000.0,1000.0,1.0,8.0,4.0,4.0,0.5,1.0,35.0,,,,,,,,,,,,,,
32_Phoenix_City,ClassicalGreedy,15324,5,5,50548,7,0.1188896999810822,100.0,230.41778461538456,657.4464615384613,1.3545416955719718,1.4820383131563075,1702.234769230769,0.0002194999833591,8.080003317445517e-05,,,,,,,,,,,,,,,,,,,,0,4,3544.4,2528.0,4555.0,2720.0,3628.0,4291.0,,,,,,,,,,,,,,,,,,,,,,,,,,3.63999861292541e-05,52.0,5.699985194951296e-06,1.1499971151351929e-05,5.359994247555733e-05,246.4385618977473,3.0,,,,,,,,,,,,,,,,,,,,,,,,,
32_Phoenix_City,Classical,15324,5,5,50548,7,0.1188896999810822,100.0,488.66516923076927,1676.052923076923,1.526305382189106,2.305979014696435,1652.4304615384617,0.0629920000210404,0.0628464000183157,,,,,,,,,,,57.0,10.0,57.0,141.0,,,,,,0,4,3544.4,2528.0,4555.0,2720.0,3628.0,4291.0,,,,,,,,,,,,,,,,,,,,,,,,,,,,,,,,,,,,,,,,,,,,0.0,0.0,,,,,,,,,,,,
32_Phoenix_City,Quantum,15324,5,5,50548,7,0.1188896999810822,100.0,488.66516923076927,1676.052923076923,1.570028378414981,1.985611977447571,1847.6012307692304,0.3498276000027545,0.3487482000491582,0.0002084999578073,1.5400000847876072e-05,0.0001930999569594,,0.3487482000491582,7.500057108700275e-06,0.0001811000402085,7.339997682720423e-05,8.030002936720848e-05,0.3498276000027545,,,,,,,,0.0,,0,4,3544.4,2528.0,4555.0,2720.0,3628.0,4291.0,35.0,60.0,0.1008403361344537,0.2016806722689075,0.2352941176470588,0.1176470588235294,6.857142857142857,8.0,4.0,50000.0,20197.040615384616,2.4756102120185712,,,,,,,,,,,,,,,,,,,,,5000.0,25000.0,1000.0,1000.0,1.0,6.0,3.0,3.0,0.5,1.0,35.0,,,,,,,,,,,,,,
32_Phoenix_City,ClassicalGreedy,15324,5,5,50549,8,0.0566347999847494,20.0,1337.492923076923,1337.492923076923,4.6659798338246095,4.6659798338246095,301.0030769230769,5.569995846599341e-05,2.269999822601676e-05,,,,,,,,,,,,,,,,,,,,0,4,2420.8,1261.0,3606.0,1442.0,2571.0,3224.0,,,,,,,,,,,,,,,,,,,,,,,,,,5.499983672052622e-06,1.0,1.800013706088066e-06,2.800021320581436e-06,1.0100018698722124e-05,0.0,1.0,,,,,,,,,,,,,,,,,,,,,,,,,
32_Phoenix_City,Classical,15324,5,5,50549,8,0.0566347999847494,20.0,1337.492923076923,1337.492923076923,4.6659798338246095,4.6659798338246095,301.0030769230769,0.0317802000208757,0.0317337000160478,,,,,,,,,,,6.0,10.0,6.0,7.0,,,,,,0,4,2420.8,1261.0,3606.0,1442.0,2571.0,3224.0,,,,,,,,,,,,,,,,,,,,,,,,,,,,,,,,,,,,,,,,,,,,0.0,0.0,,,,,,,,,,,,
32_Phoenix_City,Quantum,15324,5,5,50549,8,0.0566347999847494,20.0,1337.492923076923,1337.492923076923,4.6659798338246095,4.6659798338246095,301.0030769230769,0.0092361000133678,0.0086636000196449,9.159999899566174e-05,6.600050255656242e-06,8.499994874000549e-05,,0.0086636000196449,1.9000144675374031e-06,5.2499992307275534e-05,1.3299984857439997e-05,3.559998003765941e-05,0.0092361000133678,,,,,,,,0.0,,0,4,2420.8,1261.0,3606.0,1442.0,2571.0,3224.0,1.0,0.0,0.0,0.0,0.0,0.0,0.0,0.0,0.0,4698.996923076923,4698.996923076923,1.0,,,,,,,,,,,,,,,,,,,,,5000.0,25000.0,1000.0,1000.0,1.0,1.0,1.0,0.0,0.0,0.0,1.0,,,,,,,,,,,,,,
32_Phoenix_City,ClassicalGreedy,15324,5,5,50550,9,0.1198024000041186,100.0,38.25421538461537,191.2710769230769,1.4468649598495198,1.898270195688904,1328.986769230769,0.0002654999843798,0.0001031000283546,,,,,,,,,,,,,,,,,,,,0,5,2477.2,1502.0,3704.0,1659.0,1819.0,3702.0,,,,,,,,,,,,,,,,,,,,,,,,,,4.529999569058418e-05,57.0,1.1399970389902592e-05,2.069998299703002e-05,7.73999490775168e-05,278.3559659302772,3.0,,,,,,,,,,,,,,,,,,,,,,,,,
32_Phoenix_City,Classical,15324,5,5,50550,9,0.1198024000041186,100.0,38.25421538461537,191.2710769230769,1.432422309657239,1.853127924394521,1321.2870769230765,0.0356401000171899,0.0354769999976269,,,,,,,,,,,62.0,10.0,62.0,155.0,,,,,,0,5,2477.2,1502.0,3704.0,1659.0,1819.0,3702.0,,,,,,,,,,,,,,,,,,,,,,,,,,,,,,,,,,,,,,,,,,,,0.0,0.0,,,,,,,,,,,,
32_Phoenix_City,Quantum,15324,5,5,50550,9,0.1198024000041186,100.0,227.1796307692308,1135.898153846154,1.4795399273382934,1.7274740513807427,1485.522461538461,0.3492804000270553,0.3481240000110119,0.0001856000162661,1.2800039257854223e-05,0.0001727999770082,,0.3481240000110119,7.499998901039362e-06,0.0002459999523125,8.130003698170185e-05,8.530000923201442e-05,0.3492804000270553,,,,,,,,0.0,,0,5,2477.2,1502.0,3704.0,1659.0,1819.0,3702.0,35.0,60.0,0.1008403361344537,0.2016806722689075,0.2352941176470588,0.1176470588235294,6.857142857142857,8.0,4.0,50000.0,20085.796307692308,2.489321271313071,,,,,,,,,,,,,,,,,,,,,5000.0,25000.0,1000.0,1000.0,1.0,8.0,3.0,5.0,0.625,1.0,35.0,,,,,,,,,,,,,,
32_Phoenix_City,ClassicalGreedy,15324,5,5,50551,10,0.114514400018379,100.0,730.3512615384616,1738.432923076923,1.6881011727723134,2.294395947323849,1185.5784615384612,0.0009004000457935,0.000780800008215,,,,,,,,,,,,,,,,,,,,0,5,3542.8,2386.0,4426.0,3313.0,3779.0,3810.0,,,,,,,,,,,,,,,,,,,,,,,,,,5.579995922744274e-05,62.0,0.0005547999753616,0.0001247000182047,0.0007352999527938,310.98461940551505,3.0,,,,,,,,,,,,,,,,,,,,,,,,,
32_Phoenix_City,Classical,15324,5,5,50551,10,0.114514400018379,100.0,681.9137846153847,1738.432923076923,1.619446665022667,2.4421158828789578,1003.0990769230766,0.0256882000248879,0.0255431000259704,,,,,,,,,,,67.0,10.0,67.0,169.0,,,,,,0,5,3542.8,2386.0,4426.0,3313.0,3779.0,3810.0,,,,,,,,,,,,,,,,,,,,,,,,,,,,,,,,,,,,,,,,,,,,0.0,0.0,,,,,,,,,,,,
32_Phoenix_City,Quantum,15324,5,5,50551,10,0.114514400018379,80.0,527.1543846153845,1738.432923076923,1.6011729669241084,1.6668664574844838,1000.251384615384,0.3497353999991901,0.3486983999609947,0.0002083000144921,1.829996472224593e-05,0.0001900000497698,,0.3486983999609947,7.199996616691351e-06,0.0002005000133067,7.730000652372837e-05,7.569999434053898e-05,0.3497353999991901,,,,,,,,0.0,,0,5,3542.8,2386.0,4426.0,3313.0,3779.0,3810.0,35.0,60.0,0.1008403361344537,0.2016806722689075,0.2352941176470588,0.1176470588235294,6.857142857142857,8.0,4.0,50000.0,20098.31507692308,2.487770731458484,,,,,,,,,,,,,,,,,,,,,5000.0,25000.0,1000.0,1000.0,1.0,6.0,2.0,4.0,0.6666666666666666,1.0,35.0,,,,,,,,,,,,,,
32_Phoenix_City,ClassicalGreedy,15324,5,10,100542,1,0.1736156999832019,100.0,261.36,912.5455384615384,1.3261862308323145,1.7356268479660462,3053.8406153846163,0.000391999958083,0.0001595999929122,,,,,,,,,,,,,,,,,,,,0,10,2422.2,1494.0,3557.0,1947.5,2306.0,2971.75,,,,,,,,,,,,,,,,,,,,,,,,,,8.9899986051023e-05,225.0,2.1099986042827368e-05,2.1599989850074053e-05,0.0001325999619439,1597.6870967821014,5.0,,,,,,,,,,,,,,,,,,,,,,,,,
32_Phoenix_City,Classical,15324,5,10,100542,1,0.1736156999832019,100.0,165.9789846153846,912.5455384615384,1.175294681407972,1.684276753254092,2527.315692307692,0.0280498000211082,0.0277670000214129,,,,,,,,,,,235.0,15.0,235.0,641.0,,,,,,0,10,2422.2,1494.0,3557.0,1947.5,2306.0,2971.75,,,,,,,,,,,,,,,,,,,,,,,,,,,,,,,,,,,,,,,,,,,,0.0,0.0,,,,,,,,,,,,
32_Phoenix_City,Quantum,15324,5,10,100542,1,0.1736156999832019,60.0,249.823076923077,1498.938461538462,1.7810813039994904,2.686008338944687,1734.250153846154,1.3525563000002876,1.3509496999904511,0.000484200019855,3.739999374374747e-05,0.0004468000261113,,1.3509496999904511,2.139998832717538e-05,0.0003973999992012,6.48999703116715e-05,0.0001873999717645,1.3525563000002876,,,,,,,,0.0,,0,10,2422.2,1494.0,3557.0,1947.5,2306.0,2971.75,145.0,270.0,0.0258620689655172,0.0517241379310344,0.0555555555555555,0.0277777777777777,7.448275862068965,8.0,4.0,50000.0,20157.980923076924,2.4804071494461946,,,,,,,,,,,,,,,,,,,,,5000.0,25000.0,1000.0,1000.0,1.0,28.0,7.0,21.0,0.75,1.0,145.0,,,,,,,,,,,,,,
32_Phoenix_City,ClassicalGreedy,15324,5,10,100543,2,0.1749041000148281,70.0,594.9013186813188,1598.9055384615383,1.3971929092615325,1.9456594204521376,1430.9153846153845,0.000319400045555,0.0001430000411346,,,,,,,,,,,,,,,,,,,,0,9,2540.6,1219.0,4783.0,1375.0,2227.5,3474.5,,,,,,,,,,,,,,,,,,,,,,,,,,7.740000728517771e-05,173.0,1.7900019884109497e-05,1.569994492456317e-05,0.0001109999720938,1156.6447209383173,4.0,,,,,,,,,,,,,,,,,,,,,,,,,
32_Phoenix_City,Classical,15324,5,10,100543,2,0.1749041000148281,100.0,639.803723076923,1598.9055384615383,1.6552439866469943,2.3502398735379355,3522.8218461538454,0.0413213000283576,0.0410525000188499,,,,,,,,,,,183.0,15.0,183.0,492.0,,,,,,0,9,2540.6,1219.0,4783.0,1375.0,2227.5,3474.5,,,,,,,,,,,,,,,,,,,,,,,,,,,,,,,,,,,,,,,,,,,,0.0,0.0,,,,,,,,,,,,
32_Phoenix_City,Quantum,15324,5,10,100543,2,0.1749041000148281,80.0,774.1041153846155,1697.6203076923084,1.989476186482661,2.619338011347444,2920.9501538461536,1.36282779998146,1.3610967000131495,0.0004941999795846,3.419996937736869e-05,0.0004600000102072,,1.3610967000131495,2.3300002794712785e-05,0.000373099988792,0.0001216999953612,0.0001851999550126,1.36282779998146,,,,,,,,0.0,,0,9,2540.6,1219.0,4783.0,1375.0,2227.5,3474.5,145.0,270.0,0.0258620689655172,0.0517241379310344,0.0555555555555555,0.0277777777777777,7.448275862068965,8.0,4.0,50000.0,20105.533846153845,2.486877512559305,,,,,,,,,,,,,,,,,,,,,5000.0,25000.0,1000.0,1000.0,1.0,29.0,6.0,23.0,0.7931034482758621,1.0,145.0,,,,,,,,,,,,,,
32_Phoenix_City,ClassicalGreedy,15324,5,10,100544,3,0.1891039999900385,80.0,391.36228846153847,1551.3726153846155,1.6439516804446344,1.844110233134412,2679.3316923076936,0.0003680000081658,0.0001756999990902,,,,,,,,,,,,,,,,,,,,0,10,2775.7,1351.0,4494.0,2007.5,2720.5,3570.75,,,,,,,,,,,,,,,,,,,,,,,,,,0.0001036999747157,201.0,2.110004425048828e-05,2.120004501193761e-05,0.0001460000639781,1391.1681273713195,4.0,,,,,,,,,,,,,,,,,,,,,,,,,
32_Phoenix_City,Classical,15324,5,10,100544,3,0.1891039999900385,100.0,627.9377076923078,1739.6492307692306,1.5558720015909269,2.7805468965626416,2574.34,0.0594021000433713,0.0591423000441864,,,,,,,,,,,211.0,15.0,211.0,572.0,,,,,,0,10,2775.7,1351.0,4494.0,2007.5,2720.5,3570.75,,,,,,,,,,,,,,,,,,,,,,,,,,,,,,,,,,,,,,,,,,,,0.0,0.0,,,,,,,,,,,,
32_Phoenix_City,Quantum,15324,5,10,100544,3,0.1891039999900385,90.0,356.05211965811964,1411.4256923076923,1.8408834918883188,2.2975098201627504,3350.581538461538,1.364269300014712,1.3624898999696595,0.0004684000159613,3.679998917505145e-05,0.0004316000267863,,1.3624898999696595,2.010003663599491e-05,0.0003668999997898,0.0001380000030621,0.0001669999910518,1.364269300014712,,,,,,,,0.0,,0,10,2775.7,1351.0,4494.0,2007.5,2720.5,3570.75,145.0,270.0,0.0258620689655172,0.0517241379310344,0.0555555555555555,0.0277777777777777,7.448275862068965,8.0,4.0,50000.0,20148.704307692307,2.481549147600085,,,,,,,,,,,,,,,,,,,,,5000.0,25000.0,1000.0,1000.0,1.0,27.0,5.0,22.0,0.8148148148148148,1.0,145.0,,,,,,,,,,,,,,
32_Phoenix_City,ClassicalGreedy,15324,5,10,100545,4,0.1699951000045985,80.0,194.17238461538463,608.2747692307694,1.5305160541712215,2.493884168055593,2395.081846153846,0.0004255000385455,0.0002310000127181,,,,,,,,,,,,,,,,,,,,0,9,2737.2,1248.0,4459.0,2418.75,2582.0,3123.0,,,,,,,,,,,,,,,,,,,,,,,,,,7.149996235966682e-05,122.0,1.4599994756281376e-05,0.0001219999976456,0.0002080999547615,745.7893978800745,4.0,,,,,,,,,,,,,,,,,,,,,,,,,
32_Phoenix_City,Classical,15324,5,10,100545,4,0.1699951000045985,80.0,194.17238461538463,608.2747692307694,1.5305160541712215,2.493884168055593,2395.0818461538465,0.0273013999685645,0.0270839000004343,,,,,,,,,,,132.0,15.0,132.0,345.0,,,,,,0,9,2737.2,1248.0,4459.0,2418.75,2582.0,3123.0,,,,,,,,,,,,,,,,,,,,,,,,,,,,,,,,,,,,,,,,,,,,0.0,0.0,,,,,,,,,,,,
32_Phoenix_City,Quantum,15324,5,10,100545,4,0.1699951000045985,50.0,337.9411692307692,1101.3483076923076,1.8283928813379853,2.9010888805449766,1660.2326153846152,1.3789997999556365,1.37692159996368,0.0005632999818772,3.249995643272996e-05,0.0005308000254444,,1.37692159996368,2.2599997464567423e-05,0.0002499999827705,7.390003884211183e-05,0.000206500000786,1.3789997999556365,,,,,,,,0.0,,0,9,2737.2,1248.0,4459.0,2418.75,2582.0,3123.0,145.0,270.0,0.0258620689655172,0.0517241379310344,0.0555555555555555,0.0277777777777777,7.448275862068965,8.0,4.0,50000.0,20049.92461538461,2.4937749622078,,,,,,,,,,,,,,,,,,,,,5000.0,25000.0,1000.0,1000.0,1.0,27.0,6.0,21.0,0.7777777777777778,1.0,145.0,,,,,,,,,,,,,,
32_Phoenix_City,ClassicalGreedy,15324,5,10,100546,5,0.1852607000037096,90.0,644.8392136752136,1334.1458461538462,1.5423929259624989,2.01206005255327,3508.000923076924,0.0003557999734766,0.0001458000042475,,,,,,,,,,,,,,,,,,,,0,8,3162.7,2006.0,4508.0,2535.75,3023.0,3932.5,,,,,,,,,,,,,,,,,,,,,,,,,,8.810003055259585e-05,147.0,1.279998105019331e-05,2.010003663599491e-05,0.0001210000482387,941.9486568635256,5.0,,,,,,,,,,,,,,,,,,,,,,,,,
32_Phoenix_City,Classical,15324,5,10,100546,5,0.1852607000037096,90.0,655.3921025641025,1334.1458461538462,1.3186870005193334,1.997510665770701,3008.888615384615,0.0311757000163197,0.0309219000046141,,,,,,,,,,,157.0,15.0,157.0,416.0,,,,,,0,8,3162.7,2006.0,4508.0,2535.75,3023.0,3932.5,,,,,,,,,,,,,,,,,,,,,,,,,,,,,,,,,,,,,,,,,,,,0.0,0.0,,,,,,,,,,,,
32_Phoenix_City,Quantum,15324,5,10,100546,5,0.1852607000037096,70.0,830.1545054945055,1344.9799999999996,1.7937466680651843,2.8166278119552235,2887.6981538461546,1.3532903000013905,1.3515204999712296,0.0004409999819472,3.4299970138818026e-05,0.0004067000118084,,1.3515204999712296,1.950003206729889e-05,0.0004069000133313,0.0001272000372409,0.0001822000485844,1.3532903000013905,,,,,,,,0.0,,0,8,3162.7,2006.0,4508.0,2535.75,3023.0,3932.5,142.0,264.0,0.0263709919089002,0.0527419838178004,0.0567375886524822,0.0283687943262411,7.436619718309859,8.0,4.0,50000.0,20155.50769230769,2.480711513859926,,,,,,,,,,,,,,,,,,,,,5000.0,25000.0,1000.0,1000.0,1.0,27.0,5.0,22.0,0.8148148148148148,1.0,142.0,,,,,,,,,,,,,,
32_Phoenix_City,ClassicalGreedy,15324,5,10,100547,6,0.1869219000218436,100.0,238.91267692307693,1705.5003076923076,1.2208616439953952,2.140516660546928,3101.381230769231,0.0003656999906525,0.0001193999778479,,,,,,,,,,,,,,,,,,,,0,9,2568.8,1283.0,4123.0,1550.0,2667.5,3134.5,,,,,,,,,,,,,,,,,,,,,,,,,,6.509997183457017e-05,208.0,1.9899976905435324e-05,1.4700053725391626e-05,9.970000246539712e-05,1448.7725498027498,5.0,,,,,,,,,,,,,,,,,,,,,,,,,
32_Phoenix_City,Classical,15324,5,10,100547,6,0.1869219000218436,100.0,238.91267692307693,1705.5003076923076,1.2089052079887557,2.140516660546928,3056.0667692307693,0.0321390999597497,0.0318417999660596,,,,,,,,,,,218.0,15.0,218.0,591.0,,,,,,0,9,2568.8,1283.0,4123.0,1550.0,2667.5,3134.5,,,,,,,,,,,,,,,,,,,,,,,,,,,,,,,,,,,,,,,,,,,,0.0,0.0,,,,,,,,,,,,
32_Phoenix_City,Quantum,15324,5,10,100547,6,0.1869219000218436,60.0,233.4813333333333,717.2615384615383,1.3656365144359144,1.5293000764943716,2546.312923076924,1.3681413999875076,1.366423900006339,0.0004753000102937,3.419996937736869e-05,0.0004411000409163,,1.366423900006339,2.249999670311809e-05,0.0003740999964065,6.500002928078175e-05,0.0002168000210076,1.3681413999875076,,,,,,,,0.0,,0,9,2568.8,1283.0,4123.0,1550.0,2667.5,3134.5,145.0,270.0,0.0258620689655172,0.0517241379310344,0.0555555555555555,0.0277777777777777,7.448275862068965,8.0,4.0,50000.0,20113.07323076923,2.485945306633169,,,,,,,,,,,,,,,,,,,,,5000.0,25000.0,1000.0,1000.0,1.0,29.0,7.0,22.0,0.7586206896551724,1.0,145.0,,,,,,,,,,,,,,
32_Phoenix_City,ClassicalGreedy,15324,5,10,100548,7,0.1792410999769345,100.0,477.5879076923078,1670.1140000000005,1.6152448772114931,2.4102387371948435,4585.326923076925,0.0004170999745838,0.0001739999861456,,,,,,,,,,,,,,,,,,,,0,10,2957.6,1475.0,3832.0,2047.25,3369.0,3719.0,,,,,,,,,,,,,,,,,,,,,,,,,,9.190000128000976e-05,264.0,2.6799971237778664e-05,2.5100016500800848e-05,0.0001437999890185,1940.9822450233792,5.0,,,,,,,,,,,,,,,,,,,,,,,,,
32_Phoenix_City,Classical,15324,5,10,100548,7,0.1792410999769345,100.0,462.7836615384616,1411.4958461538463,1.332877723555138,1.8249464066028904,3860.782615384616,0.0337871999945491,0.0334873999818228,,,,,,,,,,,274.0,15.0,274.0,753.0,,,,,,0,10,2957.6,1475.0,3832.0,2047.25,3369.0,3719.0,,,,,,,,,,,,,,,,,,,,,,,,,,,,,,,,,,,,,,,,,,,,0.0,0.0,,,,,,,,,,,,
32_Phoenix_City,Quantum,15324,5,10,100548,7,0.1792410999769345,90.0,431.0009572649572,1495.510153846154,1.7812379228308313,2.4102387371948435,4135.20876923077,1.3662856999435462,1.3638184000155888,0.0004679999547079,3.909994848072529e-05,0.0004289000062271,,1.3638184000155888,2.169999061152339e-05,0.0005017999792471,0.0001759000006131,0.0001941999653354,1.3662856999435462,,,,,,,,0.0,,0,10,2957.6,1475.0,3832.0,2047.25,3369.0,3719.0,145.0,270.0,0.0258620689655172,0.0517241379310344,0.0555555555555555,0.0277777777777777,7.448275862068965,8.0,4.0,50000.0,20115.48384615385,2.485647393938286,,,,,,,,,,,,,,,,,,,,,5000.0,25000.0,1000.0,1000.0,1.0,28.0,5.0,23.0,0.8214285714285714,1.0,145.0,,,,,,,,,,,,,,
32_Phoenix_City,ClassicalGreedy,15324,5,10,100549,8,0.1754807999823242,100.0,282.7924,982.9267692307692,3.0239119965010026,9.609459096471245,2718.2944615384613,0.0003926999634131,0.0001302000018768,,,,,,,,,,,,,,,,,,,,0,10,3777.1,1673.0,4773.0,3515.75,4106.5,4391.0,,,,,,,,,,,,,,,,,,,,,,,,,,6.660004146397114e-05,221.0,2.310005947947502e-05,1.9899976905435324e-05,0.0001096000778488,1561.9811735847318,5.0,,,,,,,,,,,,,,,,,,,,,,,,,
32_Phoenix_City,Classical,15324,5,10,100549,8,0.1754807999823242,100.0,236.45440000000008,982.9267692307692,1.5179616030248095,2.22407018573948,2545.4079999999994,0.0391424000263214,0.0388455000356771,,,,,,,,,,,231.0,15.0,231.0,629.0,,,,,,0,10,3777.1,1673.0,4773.0,3515.75,4106.5,4391.0,,,,,,,,,,,,,,,,,,,,,,,,,,,,,,,,,,,,,,,,,,,,0.0,0.0,,,,,,,,,,,,
32_Phoenix_City,Quantum,15324,5,10,100549,8,0.1754807999823242,50.0,86.71932307692313,433.5966153846157,1.4038373504202724,1.933531560615071,1268.8489230769226,1.3733885000110604,1.3717640999821017,0.000498300010804,4.449998959898949e-05,0.000453800021205,,1.3717640999821017,1.9700033590197563e-05,0.0002761000068858,4.5199994929134846e-05,0.0001803999766707,1.3733885000110604,,,,,,,,0.0,,0,10,3777.1,1673.0,4773.0,3515.75,4106.5,4391.0,145.0,270.0,0.0258620689655172,0.0517241379310344,0.0555555555555555,0.0277777777777777,7.448275862068965,8.0,4.0,50000.0,20035.01476923077,2.495630803167096,,,,,,,,,,,,,,,,,,,,,5000.0,25000.0,1000.0,1000.0,1.0,29.0,7.0,22.0,0.7586206896551724,1.0,145.0,,,,,,,,,,,,,,
32_Phoenix_City,ClassicalGreedy,15324,5,10,100550,9,0.1708496999926865,90.0,144.696170940171,715.2160000000003,1.9644066081547973,4.473609664525208,2424.7804615384616,0.0003981000045314,0.0001755999983288,,,,,,,,,,,,,,,,,,,,0,10,2960.2,2194.0,4174.0,2399.0,2925.5,3475.5,,,,,,,,,,,,,,,,,,,,,,,,,,8.970004273578525e-05,228.0,2.3000058718025684e-05,3.639992792159319e-05,0.0001491000293754,1622.5064597408152,5.0,,,,,,,,,,,,,,,,,,,,,,,,,
32_Phoenix_City,Classical,15324,5,10,100550,9,0.1708496999926865,100.0,432.4328307692309,1786.2586153846155,1.5136206575200066,2.687141542913414,2529.673692307692,0.0395910000079311,0.0392843000008724,,,,,,,,,,,238.0,15.0,238.0,649.0,,,,,,0,10,2960.2,2194.0,4174.0,2399.0,2925.5,3475.5,,,,,,,,,,,,,,,,,,,,,,,,,,,,,,,,,,,,,,,,,,,,0.0,0.0,,,,,,,,,,,,
32_Phoenix_City,Quantum,15324,5,10,100550,9,0.1708496999926865,70.0,210.1862417582417,1466.054153846154,2.051429853628564,3.81428698071232,1800.4043076923072,1.3752549000200815,1.3730902999523096,0.0005912000196985,4.20999713242054e-05,0.0005491000483743,,1.3730902999523096,2.150004729628563e-05,0.0003829000052064,0.000100300007034,0.0001883000368252,1.3752549000200815,,,,,,,,0.0,,0,10,2960.2,2194.0,4174.0,2399.0,2925.5,3475.5,145.0,270.0,0.0258620689655172,0.0517241379310344,0.0555555555555555,0.0277777777777777,7.448275862068965,8.0,4.0,50000.0,20093.98169230769,2.4883072337594903,,,,,,,,,,,,,,,,,,,,,5000.0,25000.0,1000.0,1000.0,1.0,28.0,6.0,22.0,0.7857142857142857,1.0,145.0,,,,,,,,,,,,,,
32_Phoenix_City,ClassicalGreedy,15324,5,10,100551,10,0.1872751000337302,80.0,400.9146538461538,1073.392923076923,2.3322170164969847,4.518818411631099,2408.536,0.0003638999769464,0.0001315000117756,,,,,,,,,,,,,,,,,,,,0,10,3319.6,1991.0,4774.0,2797.5,3495.0,3758.5,,,,,,,,,,,,,,,,,,,,,,,,,,7.360003655776381e-05,192.0,1.9199971575289965e-05,1.8000020645558834e-05,0.0001108000287786,1316.5110264676036,4.0,,,,,,,,,,,,,,,,,,,,,,,,,
32_Phoenix_City,Classical,15324,5,10,100551,10,0.1872751000337302,100.0,498.5145230769231,1225.3658461538462,1.5808603608793503,2.3981539076731675,3161.624923076924,0.0572027000016532,0.0569394000340253,,,,,,,,,,,202.0,15.0,202.0,547.0,,,,,,0,10,3319.6,1991.0,4774.0,2797.5,3495.0,3758.5,,,,,,,,,,,,,,,,,,,,,,,,,,,,,,,,,,,,,,,,,,,,0.0,0.0,,,,,,,,,,,,
32_Phoenix_City,Quantum,15324,5,10,100551,10,0.1872751000337302,80.0,482.0583461538462,1225.3658461538462,1.675872459913658,2.0,2620.6781538461537,1.3651402000105008,1.3632856999756768,0.0004976000054739,3.870000364258885e-05,0.0004589000018313,,1.3632856999756768,2.289999974891544e-05,0.0003182999789714,0.0001330000231973,0.0002071000053547,1.3651402000105008,,,,,,,,0.0,,0,10,3319.6,1991.0,4774.0,2797.5,3495.0,3758.5,145.0,270.0,0.0258620689655172,0.0517241379310344,0.0555555555555555,0.0277777777777777,7.448275862068965,8.0,4.0,50000.0,20051.24676923077,2.493610525841539,,,,,,,,,,,,,,,,,,,,,5000.0,25000.0,1000.0,1000.0,1.0,27.0,5.0,22.0,0.8148148148148148,1.0,145.0,,,,,,,,,,,,,,
32_Phoenix_City,ClassicalGreedy,15324,10,10,101042,1,0.2485267000156454,100.0,391.6348461538462,1415.8726153846155,1.2484214373377078,1.7983324979463962,3035.128615384616,0.0003992999554611,0.0001997000072151,,,,,,,,,,,,,,,,,,,,0,10,2487.3,1234.0,4403.0,1586.0,2093.5,3352.0,,,,,,,,,,,,,,,,,,,,,,,,,,9.540002793073654e-05,364.0,3.439997090026736e-05,5.089998012408614e-05,0.000180699978955,2822.121840185841,5.0,,,,,,,,,,,,,,,,,,,,,,,,,
32_Phoenix_City,Classical,15324,10,10,101042,1,0.2485267000156454,100.0,439.78749230769233,1415.8726153846155,1.2138561616084504,2.2398793308635434,2469.4590769230767,0.0355023000156506,0.0352811000193469,,,,,,,,,,,374.0,20.0,374.0,1023.0,,,,,,0,10,2487.3,1234.0,4403.0,1586.0,2093.5,3352.0,,,,,,,,,,,,,,,,,,,,,,,,,,,,,,,,,,,,,,,,,,,,0.0,0.0,,,,,,,,,,,,
32_Phoenix_City,Quantum,15324,10,10,101042,1,0.2485267000156454,90.0,390.1471111111111,1052.0344615384615,1.4903334120279697,2.2398793308635434,2747.7606153846154,1.3630280999932438,1.3609230000292882,0.0004835000145249,4.110002191737294e-05,0.0004423999926075,,1.3609230000292882,2.019997918978333e-05,0.0005800999933853,0.0001292999950237,0.000184399948921,1.3630280999932438,,,,,,,,0.0,,0,10,2487.3,1234.0,4403.0,1586.0,2093.5,3352.0,145.0,270.0,0.0258620689655172,0.0517241379310344,0.0555555555555555,0.0277777777777777,7.448275862068965,8.0,4.0,50000.0,20113.35876923077,2.4859100150139786,,,,,,,,,,,,,,,,,,,,,5000.0,25000.0,1000.0,1000.0,1.0,27.0,6.0,21.0,0.7777777777777778,1.0,145.0,,,,,,,,,,,,,,
32_Phoenix_City,ClassicalGreedy,15324,10,10,101043,2,0.2431475999765098,100.0,395.24273846153847,1797.5987692307694,2.599758223916868,8.510423156085142,3959.3183076923087,0.0004300000146031,0.0001948000281117,,,,,,,,,,,,,,,,,,,,0,10,3230.2,1437.0,4741.0,2585.25,3332.0,4072.75,,,,,,,,,,,,,,,,,,,,,,,,,,7.82000133767724e-05,422.0,3.559998003765941e-05,6.560003384947777e-05,0.0001794000272639,3374.454040829992,5.0,,,,,,,,,,,,,,,,,,,,,,,,,
32_Phoenix_City,Classical,15324,10,10,101043,2,0.2431475999765098,100.0,532.9645692307691,1618.8953846153845,1.609424728094356,3.5099623940340376,3716.2893846153856,0.033590400009416,0.0333427000441588,,,,,,,,,,,432.0,20.0,432.0,1191.0,,,,,,0,10,3230.2,1437.0,4741.0,2585.25,3332.0,4072.75,,,,,,,,,,,,,,,,,,,,,,,,,,,,,,,,,,,,,,,,,,,,0.0,0.0,,,,,,,,,,,,
32_Phoenix_City,Quantum,15324,10,10,101043,2,0.2431475999765098,90.0,338.28230769230765,1464.376923076923,1.4616207187760004,2.016673211259453,3882.229692307693,1.3731425000005402,1.3707701999810524,0.0004947000415995,4.390004323795438e-05,0.0004507999983616,,1.3707701999810524,1.780001912266016e-05,0.0006597000174224,0.0001444999943487,0.0001713999663479,1.3731425000005402,,,,,,,,0.0,,0,10,3230.2,1437.0,4741.0,2585.25,3332.0,4072.75,145.0,270.0,0.0258620689655172,0.0517241379310344,0.0555555555555555,0.0277777777777777,7.448275862068965,8.0,4.0,50000.0,20143.61476923077,2.482176142306625,,,,,,,,,,,,,,,,,,,,,5000.0,25000.0,1000.0,1000.0,1.0,28.0,6.0,22.0,0.7857142857142857,1.0,145.0,,,,,,,,,,,,,,
32_Phoenix_City,ClassicalGreedy,15324,10,10,101044,3,0.226625100011006,100.0,557.0159076923076,1609.051692307692,1.4519187796442523,2.7018399397435178,3080.933230769231,0.0004427999956533,0.0001962999813258,,,,,,,,,,,,,,,,,,,,0,10,3095.9,1300.0,4579.0,1859.75,3320.0,4323.0,,,,,,,,,,,,,,,,,,,,,,,,,,9.229994611814618e-05,354.0,3.2999960239976645e-05,5.010003224015236e-05,0.0001753999385982,2733.7912477875343,5.0,,,,,,,,,,,,,,,,,,,,,,,,,
32_Phoenix_City,Classical,15324,10,10,101044,3,0.226625100011006,100.0,593.4901846153846,1665.3843076923076,1.5834886228779854,2.8881435294993683,2832.6855384615383,0.0454030999680981,0.0451394999981857,,,,,,,,,,,364.0,20.0,364.0,997.0,,,,,,0,10,3095.9,1300.0,4579.0,1859.75,3320.0,4323.0,,,,,,,,,,,,,,,,,,,,,,,,,,,,,,,,,,,,,,,,,,,,0.0,0.0,,,,,,,,,,,,
32_Phoenix_City,Quantum,15324,10,10,101044,3,0.226625100011006,100.0,800.3297846153846,1759.8359999999998,1.6326021115046483,2.3841669504171703,3528.681538461538,1.3649295999784954,1.3626789000118151,0.0005490999901667,6.280001252889633e-05,0.0004862999776378,,1.3626789000118151,2.229999518021941e-05,0.00064330000896,0.0001658999826759,0.000185299955774,1.3649295999784954,,,,,,,,0.0,,0,10,3095.9,1300.0,4579.0,1859.75,3320.0,4323.0,145.0,270.0,0.0258620689655172,0.0517241379310344,0.0555555555555555,0.0277777777777777,7.448275862068965,8.0,4.0,50000.0,20156.42123076923,2.4805990819279904,,,,,,,,,,,,,,,,,,,,,5000.0,25000.0,1000.0,1000.0,1.0,29.0,6.0,23.0,0.7931034482758621,1.0,145.0,,,,,,,,,,,,,,
32_Phoenix_City,ClassicalGreedy,15324,10,10,101045,4,0.2288082999875769,100.0,495.1728307692308,1749.3655384615386,1.0384086777700707,1.2332756081317309,2361.9747692307683,0.0004969000001437,0.0002214999985881,,,,,,,,,,,,,,,,,,,,0,9,2845.1,1231.0,4319.0,1585.25,3345.0,3621.25,,,,,,,,,,,,,,,,,,,,,,,,,,9.819999104365706e-05,398.0,3.909994848072529e-05,5.110003985464573e-05,0.000188399979379,3143.378798593788,5.0,,,,,,,,,,,,,,,,,,,,,,,,,
32_Phoenix_City,Classical,15324,10,10,101045,4,0.2288082999875769,100.0,495.1728307692308,1749.3655384615386,1.0384086777700707,1.2332756081317309,2361.9747692307683,0.0406016000197269,0.0401731000165455,,,,,,,,,,,408.0,20.0,408.0,1121.0,,,,,,0,9,2845.1,1231.0,4319.0,1585.25,3345.0,3621.25,,,,,,,,,,,,,,,,,,,,,,,,,,,,,,,,,,,,,,,,,,,,0.0,0.0,,,,,,,,,,,,
32_Phoenix_City,Quantum,15324,10,10,101045,4,0.2288082999875769,90.0,442.07425641025634,1689.7058461538463,1.650851095502981,2.2923983527055354,3110.131692307692,1.3557015000260435,1.3535557000432163,0.0005850999732501,7.14000198058784e-05,0.0005136999534443,,1.3535557000432163,2.149998908862472e-05,0.0006187999970279,0.0001280999858863,0.0001869000261649,1.3557015000260435,,,,,,,,0.0,,0,9,2845.1,1231.0,4319.0,1585.25,3345.0,3621.25,145.0,270.0,0.0258620689655172,0.0517241379310344,0.0555555555555555,0.0277777777777777,7.448275862068965,8.0,4.0,50000.0,20107.430153846155,2.486642978115032,,,,,,,,,,,,,,,,,,,,,5000.0,25000.0,1000.0,1000.0,1.0,27.0,5.0,22.0,0.8148148148148148,1.0,145.0,,,,,,,,,,,,,,
32_Phoenix_City,ClassicalGreedy,15324,10,10,101046,5,0.2403031000285409,100.0,213.77723076923084,1128.1701538461548,1.2424825957581782,1.608229650138277,3235.579692307693,0.0005309999687597,0.0002584000467322,,,,,,,,,,,,,,,,,,,,0,10,2258.3,1298.0,3913.0,1512.5,2163.0,2372.75,,,,,,,,,,,,,,,,,,,,,,,,,,0.0001103999675251,505.0,4.96999709866941e-05,6.670004222542048e-05,0.0002267999807372,4184.84212595087,5.0,,,,,,,,,,,,,,,,,,,,,,,,,
32_Phoenix_City,Classical,15324,10,10,101046,5,0.2403031000285409,100.0,299.7587384615384,1294.9923076923078,1.3101433753810738,2.282178520688741,2643.933846153846,0.0704781000385992,0.0701029000338167,,,,,,,,,,,515.0,20.0,515.0,1431.0,,,,,,0,10,2258.3,1298.0,3913.0,1512.5,2163.0,2372.75,,,,,,,,,,,,,,,,,,,,,,,,,,,,,,,,,,,,,,,,,,,,0.0,0.0,,,,,,,,,,,,
32_Phoenix_City,Quantum,15324,10,10,101046,5,0.2403031000285409,100.0,228.67126153846152,1170.953846153846,1.4064048380347454,2.4747983322888683,3421.842769230769,1.376117899955716,1.372239599993918,0.001723299967125,0.0003847999614663,0.0013385000056587,,1.372239599993918,2.099998528137803e-05,0.00085750001017,0.0001781999599188,0.0002111999783664,1.376117899955716,,,,,,,,0.0,,0,10,2258.3,1298.0,3913.0,1512.5,2163.0,2372.75,145.0,270.0,0.0258620689655172,0.0517241379310344,0.0555555555555555,0.0277777777777777,7.448275862068965,8.0,4.0,50000.0,20103.30123076923,2.4871536980937337,,,,,,,,,,,,,,,,,,,,,5000.0,25000.0,1000.0,1000.0,1.0,29.0,7.0,22.0,0.7586206896551724,1.0,145.0,,,,,,,,,,,,,,
32_Phoenix_City,ClassicalGreedy,15324,10,10,101047,6,0.226218499999959,100.0,425.1863076923077,1639.587076923077,1.348368930786669,1.709576016299602,3074.0970769230767,0.0004933000309392,0.0002459000097587,,,,,,,,,,,,,,,,,,,,0,10,3040.0,1209.0,4566.0,2300.25,2918.5,4258.5,,,,,,,,,,,,,,,,,,,,,,,,,,0.0001197000383399,437.0,4.309997893869877e-05,5.820003570988774e-05,0.0002210000529885,3520.4786232312813,5.0,,,,,,,,,,,,,,,,,,,,,,,,,
32_Phoenix_City,Classical,15324,10,10,101047,6,0.226218499999959,100.0,244.98387692307688,1479.5052307692308,1.554385179523291,3.018698966376397,3032.8296923076914,0.0491225000005215,0.0488510999712161,,,,,,,,,,,447.0,20.0,447.0,1235.0,,,,,,0,10,3040.0,1209.0,4566.0,2300.25,2918.5,4258.5,,,,,,,,,,,,,,,,,,,,,,,,,,,,,,,,,,,,,,,,,,,,0.0,0.0,,,,,,,,,,,,
32_Phoenix_City,Quantum,15324,10,10,101047,6,0.226218499999959,90.0,340.7869743589744,1639.587076923077,1.4195322350298494,2.0529149398263784,2734.527846153845,1.3737371999886818,1.371502000023611,0.0006163999787531,5.390000296756625e-05,0.0005624999757856,,1.371502000023611,1.7899961676448584e-05,0.0005596000119112,0.0001245999592356,0.0001975999912247,1.3737371999886818,,,,,,,,0.0,,0,10,3040.0,1209.0,4566.0,2300.25,2918.5,4258.5,145.0,270.0,0.0258620689655172,0.0517241379310344,0.0555555555555555,0.0277777777777777,7.448275862068965,8.0,4.0,50000.0,20115.32923076923,2.485666499731854,,,,,,,,,,,,,,,,,,,,,5000.0,25000.0,1000.0,1000.0,1.0,28.0,6.0,22.0,0.7857142857142857,1.0,145.0,,,,,,,,,,,,,,
32_Phoenix_City,ClassicalGreedy,15324,10,10,101048,7,0.2249230000306852,100.0,649.1042615384615,1723.0453846153846,1.1622156459548592,1.419195097958624,3987.1569230769232,0.0004653999931178,0.0002410999732092,,,,,,,,,,,,,,,,,,,,0,8,2703.1,1556.0,4125.0,1750.0,2336.0,3872.25,,,,,,,,,,,,,,,,,,,,,,,,,,0.0001186000299639,389.0,3.3100019209086895e-05,5.04999770782888e-05,0.0002022000262513,3063.597244741005,5.0,,,,,,,,,,,,,,,,,,,,,,,,,
32_Phoenix_City,Classical,15324,10,10,101048,7,0.2249230000306852,100.0,612.6310923076924,1723.0453846153846,1.129078346910577,1.328479681155339,3592.3744615384617,0.0379952000221237,0.0376861999975517,,,,,,,,,,,399.0,20.0,399.0,1098.0,,,,,,0,8,2703.1,1556.0,4125.0,1750.0,2336.0,3872.25,,,,,,,,,,,,,,,,,,,,,,,,,,,,,,,,,,,,,,,,,,,,0.0,0.0,,,,,,,,,,,,
32_Phoenix_City,Quantum,15324,10,10,101048,7,0.2249230000306852,90.0,253.44670085470085,1355.8058461538462,1.33754600453973,1.5731159137136586,3999.836615384616,1.37031000002753,1.368204300000798,0.000607400026638,5.010003224015236e-05,0.0005572999943979,,1.368204300000798,1.999997766688466e-05,0.0005142999580129,0.000112000037916,0.0001752999960444,1.37031000002753,,,,,,,,0.0,,0,8,2703.1,1556.0,4125.0,1750.0,2336.0,3872.25,145.0,270.0,0.0258620689655172,0.0517241379310344,0.0555555555555555,0.0277777777777777,7.448275862068965,8.0,4.0,50000.0,20113.24523076923,2.4859240478761744,,,,,,,,,,,,,,,,,,,,,5000.0,25000.0,1000.0,1000.0,1.0,28.0,6.0,22.0,0.7857142857142857,1.0,145.0,,,,,,,,,,,,,,
32_Phoenix_City,ClassicalGreedy,15324,10,10,101049,8,0.2572527000447735,100.0,379.0076615384616,1530.3655384615386,1.3729538339023988,1.8181532925512776,1937.550769230769,0.0004898000042885,0.0002416999777778,,,,,,,,,,,,,,,,,,,,0,10,3142.4,2269.0,4047.0,2732.75,3283.5,3393.25,,,,,,,,,,,,,,,,,,,,,,,,,,0.0001174000208266,406.0,4.0499959141016006e-05,4.449998959898949e-05,0.0002023999695666,3223.430665313301,5.0,,,,,,,,,,,,,,,,,,,,,,,,,
32_Phoenix_City,Classical,15324,10,10,101049,8,0.2572527000447735,100.0,430.6220615384617,1530.3655384615386,1.369998685991389,1.8181532925512776,1852.9313846153848,0.0372545999707654,0.0369967999868094,,,,,,,,,,,416.0,20.0,416.0,1146.0,,,,,,0,10,3142.4,2269.0,4047.0,2732.75,3283.5,3393.25,,,,,,,,,,,,,,,,,,,,,,,,,,,,,,,,,,,,,,,,,,,,0.0,0.0,,,,,,,,,,,,
32_Phoenix_City,Quantum,15324,10,10,101049,8,0.2572527000447735,100.0,445.9854153846154,1741.0092307692307,2.049079983824296,3.7173801286593577,2202.257846153846,1.3605525000020862,1.3585164999822157,0.000509499979671,5.43000060133636e-05,0.0004551999736577,,1.3585164999822157,1.8300022929906845e-05,0.0006647999980486,0.0001476999605074,0.0001796000287868,1.3605525000020862,,,,,,,,0.0,,0,10,3142.4,2269.0,4047.0,2732.75,3283.5,3393.25,145.0,270.0,0.0258620689655172,0.0517241379310344,0.0555555555555555,0.0277777777777777,7.448275862068965,8.0,4.0,50000.0,20082.323384615385,2.4897517604115404,,,,,,,,,,,,,,,,,,,,,5000.0,25000.0,1000.0,1000.0,1.0,29.0,7.0,22.0,0.7586206896551724,1.0,145.0,,,,,,,,,,,,,,
32_Phoenix_City,ClassicalGreedy,15324,10,10,101050,9,0.2137216999544762,100.0,427.7956615384616,1183.9283076923075,1.184712717475367,1.732569763957983,3148.753230769231,0.0005247000372037,0.0002769000129774,,,,,,,,,,,,,,,,,,,,0,9,3481.0,1365.0,4694.0,3332.0,3540.5,4353.0,,,,,,,,,,,,,,,,,,,,,,,,,,0.0001450999989174,444.0,4.379998426884413e-05,5.9699988923966885e-05,0.0002485999721102,3587.817638397228,5.0,,,,,,,,,,,,,,,,,,,,,,,,,
32_Phoenix_City,Classical,15324,10,10,101050,9,0.2137216999544762,100.0,489.8751692307692,1183.9283076923075,1.5753698389367206,4.260434330725889,2762.0369230769224,0.0451134999748319,0.0446611999650485,,,,,,,,,,,454.0,20.0,454.0,1255.0,,,,,,0,9,3481.0,1365.0,4694.0,3332.0,3540.5,4353.0,,,,,,,,,,,,,,,,,,,,,,,,,,,,,,,,,,,,,,,,,,,,0.0,0.0,,,,,,,,,,,,
32_Phoenix_City,Quantum,15324,10,10,101050,9,0.2137216999544762,90.0,375.8448888888889,1061.992,1.2943250080693909,1.6303356318373,2911.749846153846,1.3790750000043772,1.377140700002201,0.0004914000164717,5.550001515075565e-05,0.0004359000013209,,1.377140700002201,2.1599989850074053e-05,0.0005903000128455,0.0001313999528065,0.0001849000109359,1.3790750000043772,,,,,,,,0.0,,0,9,3481.0,1365.0,4694.0,3332.0,3540.5,4353.0,145.0,270.0,0.0258620689655172,0.0517241379310344,0.0555555555555555,0.0277777777777777,7.448275862068965,8.0,4.0,50000.0,20047.92923076923,2.4940231693985044,,,,,,,,,,,,,,,,,,,,,5000.0,25000.0,1000.0,1000.0,1.0,27.0,5.0,22.0,0.8148148148148148,1.0,145.0,,,,,,,,,,,,,,
32_Phoenix_City,ClassicalGreedy,15324,10,10,101051,10,0.21293700003298,100.0,523.2299076923077,1698.528923076923,1.1942924820137968,1.7260731509839122,3097.884461538461,0.0005029999883845,0.0002574999816715,,,,,,,,,,,,,,,,,,,,0,9,3297.8,2216.0,4669.0,2568.25,2938.5,4286.25,,,,,,,,,,,,,,,,,,,,,,,,,,0.0001219999976456,399.0,3.809994086623192e-05,5.790003342553973e-05,0.0002179999719373,3157.02463001408,5.0,,,,,,,,,,,,,,,,,,,,,,,,,
32_Phoenix_City,Classical,15324,10,10,101051,10,0.21293700003298,100.0,609.3883384615385,1720.0787692307697,1.2104385542388254,1.743691797178452,2687.7115384615386,0.0675371999968774,0.0672661000280641,,,,,,,,,,,409.0,20.0,409.0,1126.0,,,,,,0,9,3297.8,2216.0,4669.0,2568.25,2938.5,4286.25,,,,,,,,,,,,,,,,,,,,,,,,,,,,,,,,,,,,,,,,,,,,0.0,0.0,,,,,,,,,,,,
32_Phoenix_City,Quantum,15324,10,10,101051,10,0.21293700003298,90.0,498.7067350427351,1504.0,1.3851553561746648,1.583557417604759,3342.869692307692,1.3631688000168651,1.3608813000028022,0.0004962999955751,5.550001515075565e-05,0.0004407999804243,,1.3608813000028022,2.0299979951232672e-05,0.0006195000023581,0.0001205999869853,0.0001928000128827,1.3631688000168651,,,,,,,,0.0,,0,9,3297.8,2216.0,4669.0,2568.25,2938.5,4286.25,145.0,270.0,0.0258620689655172,0.0517241379310344,0.0555555555555555,0.0277777777777777,7.448275862068965,8.0,4.0,50000.0,20055.942461538463,2.4930266974930566,,,,,,,,,,,,,,,,,,,,,5000.0,25000.0,1000.0,1000.0,1.0,28.0,6.0,22.0,0.7857142857142857,1.0,145.0,,,,,,,,,,,,,,
32_Phoenix_City,ClassicalGreedy,15324,10,20,201042,1,0.3311997000128031,90.0,362.4492478632479,1289.3375384615383,1.2834647434985995,2.131623064651476,4145.482307692308,0.0010715000098571,0.0005501999985426,,,,,,,,,,,,,,,,,,,,0,19,2822.9,1263.0,4676.0,2157.75,2883.5,3466.25,,,,,,,,,,,,,,,,,,,,,,,,,,0.0003105000359937,1365.0,0.0001222999999299,7.469998672604561e-05,0.0005075000226497,13513.24838268068,9.0,,,,,,,,,,,,,,,,,,,,,,,,,
32_Phoenix_City,Classical,15324,10,20,201042,1,0.3311997000128031,100.0,488.6086923076922,1707.3984615384616,1.350901143495279,2.131623064651476,4924.341692307692,0.1213545000064186,0.1207581000053323,,,,,,,,,,,1385.0,30.0,1385.0,3958.0,,,,,,0,19,2822.9,1263.0,4676.0,2157.75,2883.5,3466.25,,,,,,,,,,,,,,,,,,,,,,,,,,,,,,,,,,,,,,,,,,,,0.0,0.0,,,,,,,,,,,,
32_Phoenix_City,Quantum,15324,10,20,201042,1,0.3311997000128031,80.0,271.17196153846146,1777.8464615384614,1.7577915265850912,4.430187074301965,4407.217692307692,5.499446500034537,5.480095400009304,0.0020362000213935,0.0001476000179536,0.0018886000034399,,5.480095400009304,5.2099989261478186e-05,0.0013026000233367,0.0002566999755799,0.0006035000551491,5.499446500034537,,,,,,,,0.0,,0,19,2822.9,1263.0,4676.0,2157.75,2883.5,3466.25,590.0,1140.0,0.0065609622744669,0.0131219245489338,0.0135823429541595,0.0067911714770797,7.728813559322034,8.0,4.0,50000.0,20073.58553846154,2.4908355263287985,,,,,,,,,,,,,,,,,,,,,5000.0,25000.0,1000.0,1000.0,1.0,108.0,12.0,96.0,0.8888888888888888,1.0,590.0,,,,,,,,,,,,,,
32_Phoenix_City,ClassicalGreedy,15324,10,20,201043,2,0.3538821000256575,75.0,600.0240512820512,1761.4393846153844,1.0903466634428665,1.6607913176974876,3379.6353846153843,0.0009709000005386,0.0006619999767281,,,,,,,,,,,,,,,,,,,,0,17,3224.7,1821.0,4700.0,2475.75,3336.0,3787.5,,,,,,,,,,,,,,,,,,,,,,,,,,0.0003312000189907,1094.0,0.0001124000409618,0.0001436999882571,0.0005873000482097,10460.317872485231,8.0,,,,,,,,,,,,,,,,,,,,,,,,,
32_Phoenix_City,Classical,15324,10,20,201043,2,0.3538821000256575,100.0,747.2861307692308,1731.6683076923073,1.1249265581272545,1.44439008267904,5719.202769230769,0.0914079000358469,0.0908999000093899,,,,,,,,,,,1114.0,30.0,1114.0,3169.0,,,,,,0,17,3224.7,1821.0,4700.0,2475.75,3336.0,3787.5,,,,,,,,,,,,,,,,,,,,,,,,,,,,,,,,,,,,,,,,,,,,0.0,0.0,,,,,,,,,,,,
32_Phoenix_City,Quantum,15324,10,20,201043,2,0.3538821000256575,80.0,747.5236826923077,1736.619076923077,1.4985170654773377,2.5897705418293864,5370.040923076924,5.533159199985676,5.513444799988065,0.0017992000211961,0.0001423999783582,0.0016568000428378,,5.513444799988065,4.839996108785272e-05,0.0010527999838814,0.0002240000176243,0.0005410999874584,5.533159199985676,,,,,,,,0.0,,0,17,3224.7,1821.0,4700.0,2475.75,3336.0,3787.5,590.0,1140.0,0.0065609622744669,0.0131219245489338,0.0135823429541595,0.0067911714770797,7.728813559322034,8.0,4.0,50000.0,20070.79292307692,2.491182096872276,,,,,,,,,,,,,,,,,,,,,5000.0,25000.0,1000.0,1000.0,1.0,105.0,11.0,94.0,0.8952380952380953,1.0,590.0,,,,,,,,,,,,,,
32_Phoenix_City,ClassicalGreedy,15324,10,20,201044,3,0.2860864999820478,90.0,460.4131452991455,1197.7778461538464,1.3437478689344735,2.610007539239813,5591.049692307693,0.0009892000234685,0.0005845000268891,,,,,,,,,,,,,,,,,,,,0,20,3104.15,1451.0,4687.0,2687.0,3186.5,3863.0,,,,,,,,,,,,,,,,,,,,,,,,,,0.0003305000136606,1312.0,0.0001187999732792,8.000002708286047e-05,0.0005293000140227,12904.53695225855,9.0,,,,,,,,,,,,,,,,,,,,,,,,,
32_Phoenix_City,Classical,15324,10,20,201044,3,0.2860864999820478,100.0,575.6489692307692,1793.2643076923075,1.3012555659155405,2.0163795389632555,5913.850769230769,0.0664363999967463,0.0659271000185981,,,,,,,,,,,1332.0,30.0,1332.0,3802.0,,,,,,0,20,3104.15,1451.0,4687.0,2687.0,3186.5,3863.0,,,,,,,,,,,,,,,,,,,,,,,,,,,,,,,,,,,,,,,,,,,,0.0,0.0,,,,,,,,,,,,
32_Phoenix_City,Quantum,15324,10,20,201044,3,0.2860864999820478,75.0,464.8804923076924,1341.7944615384615,1.64186838259046,3.319909170345408,6165.978153846154,5.4743865999626,5.455572000006214,0.0016503999941051,0.0001075000036507,0.0015428999904543,,5.455572000006214,5.4100004490464926e-05,0.0010784000041894,0.0002116000396199,0.0005800999933853,5.4743865999626,,,,,,,,0.0,,0,20,3104.15,1451.0,4687.0,2687.0,3186.5,3863.0,590.0,1140.0,0.0065609622744669,0.0131219245489338,0.0135823429541595,0.0067911714770797,7.728813559322034,8.0,4.0,50000.0,20057.57553846154,2.49282371661132,,,,,,,,,,,,,,,,,,,,,5000.0,25000.0,1000.0,1000.0,1.0,108.0,12.0,96.0,0.8888888888888888,1.0,590.0,,,,,,,,,,,,,,
32_Phoenix_City,ClassicalGreedy,15324,10,20,201045,4,0.3463557999930344,85.0,492.77987330316734,1552.8418461538458,1.2141666727278793,1.7037486859697284,4921.293692307691,0.0010443999781273,0.0006614999729208,,,,,,,,,,,,,,,,,,,,0,20,2968.75,1419.0,4777.0,2197.5,2787.0,3745.75,,,,,,,,,,,,,,,,,,,,,,,,,,0.0003117000451311,1194.0,0.0001233000075444,8.149998029693961e-05,0.0005165000329725,11576.206867705168,9.0,,,,,,,,,,,,,,,,,,,,,,,,,
32_Phoenix_City,Classical,15324,10,20,201045,4,0.3463557999930344,100.0,563.4749384615385,1762.3169230769236,1.1961373602099,2.0155586367948617,6362.290615384616,0.0597224999801255,0.059216900030151,,,,,,,,,,,1214.0,30.0,1214.0,3460.0,,,,,,0,20,2968.75,1419.0,4777.0,2197.5,2787.0,3745.75,,,,,,,,,,,,,,,,,,,,,,,,,,,,,,,,,,,,,,,,,,,,0.0,0.0,,,,,,,,,,,,
32_Phoenix_City,Quantum,15324,10,20,201045,4,0.3463557999930344,75.0,475.2781025641026,1275.7046153846154,1.6842226521219987,2.561141642606857,6217.756461538463,5.463609500031453,5.445313600008376,0.0017435000045225,0.0001379000023007,0.0016056000022217,,5.445313600008376,5.609996151179075e-05,0.0008619999862276,0.000192400009837,0.0005854000337421,5.463609500031453,,,,,,,,0.0,,0,20,2968.75,1419.0,4777.0,2197.5,2787.0,3745.75,590.0,1140.0,0.0065609622744669,0.0131219245489338,0.0135823429541595,0.0067911714770797,7.728813559322034,8.0,4.0,50000.0,20128.57107692308,2.4840312712174484,,,,,,,,,,,,,,,,,,,,,5000.0,25000.0,1000.0,1000.0,1.0,107.0,12.0,95.0,0.8878504672897196,1.0,590.0,,,,,,,,,,,,,,
32_Phoenix_City,ClassicalGreedy,15324,10,20,201046,5,0.3330157999880612,80.0,587.3743365384614,1717.065846153846,1.2846136552183265,2.5372312599357008,4223.111230769231,0.0009280000231228,0.0005792999872937,,,,,,,,,,,,,,,,,,,,0,19,3187.25,1288.0,4777.0,2421.0,3372.0,4393.0,,,,,,,,,,,,,,,,,,,,,,,,,,0.0003612000145949,1139.0,0.0001056999899446,6.46000262349844e-05,0.0005315000307746,10949.646954014815,8.0,,,,,,,,,,,,,,,,,,,,,,,,,
32_Phoenix_City,Classical,15324,10,20,201046,5,0.3330157999880612,100.0,823.1270692307693,1790.0356923076924,1.312004206711031,2.326250642594715,5060.840923076923,0.0564406000194139,0.0559372000279836,,,,,,,,,,,1159.0,30.0,1159.0,3296.0,,,,,,0,19,3187.25,1288.0,4777.0,2421.0,3372.0,4393.0,,,,,,,,,,,,,,,,,,,,,,,,,,,,,,,,,,,,,,,,,,,,0.0,0.0,,,,,,,,,,,,
32_Phoenix_City,Quantum,15324,10,20,201046,5,0.3330157999880612,80.0,685.6838173076924,1691.8978461538463,1.4416580434984598,1.6655979560311465,5164.284923076923,5.488207300018985,5.483115000010002,0.0016476000309921,0.0001082000089809,0.0015394000220112,,5.483115000010002,5.309999687597156e-05,0.0012270000297576,0.0002693999558687,0.0006239999784156,5.488207300018985,,,,,,,,0.0,,0,19,3187.25,1288.0,4777.0,2421.0,3372.0,4393.0,590.0,1140.0,0.0065609622744669,0.0131219245489338,0.0135823429541595,0.0067911714770797,7.728813559322034,8.0,4.0,50000.0,20092.53230769231,2.488486729015128,,,,,,,,,,,,,,,,,,,,,5000.0,25000.0,1000.0,1000.0,1.0,107.0,11.0,96.0,0.897196261682243,1.0,590.0,,,,,,,,,,,,,,
32_Phoenix_City,ClassicalGreedy,15324,10,20,201047,6,0.3183737000217661,85.0,526.1220180995475,1612.0553846153846,1.1593638306777616,1.6109044605822325,4636.899692307693,0.0008808000129647,0.0005389000289142,,,,,,,,,,,,,,,,,,,,0,18,2813.95,1215.0,4530.0,1972.0,2499.0,3785.5,,,,,,,,,,,,,,,,,,,,,,,,,,0.0003252999740652,1089.0,9.79999895207584e-05,7.050001295283437e-05,0.0004937999765388,10386.72732716596,9.0,,,,,,,,,,,,,,,,,,,,,,,,,
32_Phoenix_City,Classical,15324,10,20,201047,6,0.3183737000217661,95.0,713.3691093117409,1791.7895384615383,1.2671608321831758,2.576663897037628,5270.68246153846,0.1073487999965436,0.1068857999634929,,,,,,,,,,,1109.0,30.0,1109.0,3148.0,,,,,,0,18,2813.95,1215.0,4530.0,1972.0,2499.0,3785.5,,,,,,,,,,,,,,,,,,,,,,,,,,,,,,,,,,,,,,,,,,,,0.0,0.0,,,,,,,,,,,,
32_Phoenix_City,Quantum,15324,10,20,201047,6,0.3183737000217661,75.0,515.0430051282052,1740.7375384615389,1.2825375308151832,1.5420819708728934,4522.447692307692,5.472280899994075,5.453165300015826,0.0017255999846383,0.0001263999729417,0.0015992000116966,,5.453165300015826,5.139998393133283e-05,0.0010016999440267,0.0002192000392824,0.0006349000032059,5.472280899994075,,,,,,,,0.0,,0,18,2813.95,1215.0,4530.0,1972.0,2499.0,3785.5,587.0,1134.0,0.0065933682576413,0.0131867365152827,0.0136518771331058,0.0068259385665529,7.727427597955707,8.0,4.0,50000.0,20143.80461538461,2.482152748930708,,,,,,,,,,,,,,,,,,,,,5000.0,25000.0,1000.0,1000.0,1.0,107.0,12.0,95.0,0.8878504672897196,1.0,587.0,,,,,,,,,,,,,,
32_Phoenix_City,ClassicalGreedy,15324,10,20,201048,7,0.3399960999959148,85.0,357.24602714932126,1422.8489230769228,1.6229013116481914,2.3750554662617223,4138.360307692307,0.0009202000219374,0.0005522000137716,,,,,,,,,,,,,,,,,,,,0,18,3012.4,1575.0,4482.0,1898.5,3086.5,3840.5,,,,,,,,,,,,,,,,,,,,,,,,,,0.0003191999858245,1301.0,0.0001150000025518,8.149998029693961e-05,0.0005156999686732,12779.693491755665,9.0,,,,,,,,,,,,,,,,,,,,,,,,,
32_Phoenix_City,Classical,15324,10,20,201048,7,0.3399960999959148,100.0,450.64109230769225,1652.7083076923072,1.3945257548264236,2.089800157002592,5034.967692307692,0.0606343999970704,0.0601172999595291,,,,,,,,,,,1321.0,30.0,1321.0,3770.0,,,,,,0,18,3012.4,1575.0,4482.0,1898.5,3086.5,3840.5,,,,,,,,,,,,,,,,,,,,,,,,,,,,,,,,,,,,,,,,,,,,0.0,0.0,,,,,,,,,,,,
32_Phoenix_City,Quantum,15324,10,20,201048,7,0.3399960999959148,85.0,322.5706606334841,1538.445846153846,1.8212325756501044,2.8821645506028504,5375.924615384615,5.495939500047825,5.4906843999633566,0.0016315000248141,0.0001162000116892,0.0015153000131249,,5.4906843999633566,4.930002614855766e-05,0.0011053999769501,0.0002399000222794,0.0006303000263869,5.495939500047825,,,,,,,,0.0,,0,18,3012.4,1575.0,4482.0,1898.5,3086.5,3840.5,590.0,1140.0,0.0065609622744669,0.0131219245489338,0.0135823429541595,0.0067911714770797,7.728813559322034,8.0,4.0,50000.0,20098.704307692307,2.487722553381895,,,,,,,,,,,,,,,,,,,,,5000.0,25000.0,1000.0,1000.0,1.0,106.0,11.0,95.0,0.8962264150943396,1.0,590.0,,,,,,,,,,,,,,
32_Phoenix_City,ClassicalGreedy,15324,10,20,201049,8,0.3456441999878734,95.0,610.3726963562752,1683.6061538461536,1.1794721083876534,1.6728745226865898,5665.18646153846,0.0011930000036954,0.0007764000329189,,,,,,,,,,,,,,,,,,,,0,20,2881.05,1530.0,4190.0,2076.5,2823.0,3808.25,,,,,,,,,,,,,,,,,,,,,,,,,,0.0003588999970816,1446.0,0.0001951999729499,0.0001365999924018,0.0006906999624334,14451.182765020849,10.0,,,,,,,,,,,,,,,,,,,,,,,,,
32_Phoenix_City,Classical,15324,10,20,201049,8,0.3456441999878734,100.0,685.3737384615384,1683.6061538461536,1.1956965959613464,1.8836685921020933,5750.469538461538,0.0621551999938674,0.0616435999982059,,,,,,,,,,,1466.0,30.0,1466.0,4197.0,,,,,,0,20,2881.05,1530.0,4190.0,2076.5,2823.0,3808.25,,,,,,,,,,,,,,,,,,,,,,,,,,,,,,,,,,,,,,,,,,,,0.0,0.0,,,,,,,,,,,,
32_Phoenix_City,Quantum,15324,10,20,201049,8,0.3456441999878734,100.0,452.1652615384616,1547.0381538461538,1.6941098535547627,2.288436885916456,8142.4298461538465,5.47522530000424,5.455513599968981,0.0015626000240445,9.23000043258071e-05,0.0014703000197187,,5.455513599968981,5.220004823058844e-05,0.0014882000396028,0.0003629999700933,0.000595899997279,5.47522530000424,,,,,,,,0.0,,0,20,2881.05,1530.0,4190.0,2076.5,2823.0,3808.25,590.0,1140.0,0.0065609622744669,0.0131219245489338,0.0135823429541595,0.0067911714770797,7.728813559322034,8.0,4.0,50000.0,20103.71107692308,2.4871029935062428,,,,,,,,,,,,,,,,,,,,,5000.0,25000.0,1000.0,1000.0,1.0,106.0,10.0,96.0,0.9056603773584906,1.0,590.0,,,,,,,,,,,,,,
32_Phoenix_City,ClassicalGreedy,15324,10,20,201050,9,0.3268368000281043,70.0,373.383813186813,1732.3498461538456,1.8355956324701488,2.518368815770192,3147.7583076923074,0.0008758000330999,0.0005512000061571,,,,,,,,,,,,,,,,,,,,0,19,3076.0,1219.0,4726.0,2354.75,3014.0,3928.75,,,,,,,,,,,,,,,,,,,,,,,,,,0.0003112999838776,989.0,9.109999518841504e-05,6.529997335746884e-05,0.0004676999524235,9285.16361755164,7.0,,,,,,,,,,,,,,,,,,,,,,,,,
32_Phoenix_City,Classical,15324,10,20,201050,9,0.3268368000281043,95.0,589.3207692307692,1782.3775384615385,2.2793578665732133,5.457883088139563,4533.623999999999,0.0836379000102169,0.083187399955932,,,,,,,,,,,1009.0,30.0,1009.0,2857.0,,,,,,0,19,3076.0,1219.0,4726.0,2354.75,3014.0,3928.75,,,,,,,,,,,,,,,,,,,,,,,,,,,,,,,,,,,,,,,,,,,,0.0,0.0,,,,,,,,,,,,
32_Phoenix_City,Quantum,15324,10,20,201050,9,0.3268368000281043,75.0,666.5805538461539,1764.33076923077,2.900034141820212,4.878830027324488,5083.2307692307695,5.490516000019852,5.464320799976122,0.0020514000207185,0.0001238000113517,0.0019276000093668,,5.464320799976122,5.9299985878169537e-05,0.0010578000219538,0.0002248999662697,0.0006182999932207,5.490516000019852,,,,,,,,0.0,,0,19,3076.0,1219.0,4726.0,2354.75,3014.0,3928.75,590.0,1140.0,0.0065609622744669,0.0131219245489338,0.0135823429541595,0.0067911714770797,7.728813559322034,8.0,4.0,50000.0,20051.482153846155,2.493581253314449,,,,,,,,,,,,,,,,,,,,,5000.0,25000.0,1000.0,1000.0,1.0,106.0,10.0,96.0,0.9056603773584906,1.0,590.0,,,,,,,,,,,,,,
32_Phoenix_City,ClassicalGreedy,15324,10,20,201051,10,0.3263920999597758,95.0,872.379983805668,1723.1501538461534,1.4537876758903456,2.337635384674313,4739.194923076923,0.0011309999972581,0.0007321999873965,,,,,,,,,,,,,,,,,,,,0,20,3152.1,1729.0,4779.0,2293.25,3198.0,3795.25,,,,,,,,,,,,,,,,,,,,,,,,,,0.000313600001391,1599.0,0.0001595999929122,0.0001958000357262,0.0006690000300295,16233.578997079045,10.0,,,,,,,,,,,,,,,,,,,,,,,,,
32_Phoenix_City,Classical,15324,10,20,201051,10,0.3263920999597758,100.0,573.1687384615384,1757.895692307692,1.2591126769421592,2.6330816598446734,4306.4087692307685,0.1024944999953731,0.1019845000118948,,,,,,,,,,,1619.0,30.0,1619.0,4646.0,,,,,,0,20,3152.1,1729.0,4779.0,2293.25,3198.0,3795.25,,,,,,,,,,,,,,,,,,,,,,,,,,,,,,,,,,,,,,,,,,,,0.0,0.0,,,,,,,,,,,,
32_Phoenix_City,Quantum,15324,10,20,201051,10,0.3263920999597758,95.0,439.7384615384616,1623.051692307692,1.7352676425631544,3.0021554430167816,5987.541692307693,5.489456599985715,5.483036599995103,0.0015098999720066,8.839997462928295e-05,0.0014214999973773,,5.483036599995103,4.910002462565899e-05,0.0013612000038847,0.0002930000191554,0.0016041999915614,5.489456599985715,,,,,,,,0.0,,0,20,3152.1,1729.0,4779.0,2293.25,3198.0,3795.25,590.0,1140.0,0.0065609622744669,0.0131219245489338,0.0135823429541595,0.0067911714770797,7.728813559322034,8.0,4.0,50000.0,20043.09907692308,2.4946241999855325,,,,,,,,,,,,,,,,,,,,,5000.0,25000.0,1000.0,1000.0,1.0,105.0,10.0,95.0,0.9047619047619048,1.0,590.0,,,,,,,,,,,,,,
32_Phoenix_City,ClassicalGreedy,15324,20,20,202042,1,0.458689899998717,100.0,457.77964615384616,1583.4744615384616,1.135065747217958,1.6217973237389416,5352.0693846153845,0.0018670000135898,0.0013564000255428,,,,,,,,,,,,,,,,,,,,0,20,3342.85,1337.0,4733.0,2301.0,3625.5,4297.75,,,,,,,,,,,,,,,,,,,,,,,,,,0.0006401999853551,3146.0,0.0002914000069722,0.0003584999358281,0.0012900999281555,35021.38836060098,10.0,,,,,,,,,,,,,,,,,,,,,,,,,
32_Phoenix_City,Classical,15324,20,20,202042,1,0.458689899998717,100.0,353.0917615384616,1791.8763076923078,1.0832078861929586,1.826535498193532,4566.349384615384,0.169985499989707,0.1694884999888017,,,,,,,,,,,3166.0,40.0,3166.0,9125.0,,,,,,0,20,3342.85,1337.0,4733.0,2301.0,3625.5,4297.75,,,,,,,,,,,,,,,,,,,,,,,,,,,,,,,,,,,,,,,,,,,,0.0,0.0,,,,,,,,,,,,
32_Phoenix_City,Quantum,15324,20,20,202042,1,0.458689899998717,95.0,322.34476923076926,1782.0313846153845,1.4954768419855875,2.7464229334599963,6740.765846153846,5.501297799986787,5.480132099997718,0.001868600025773,0.0002790000289678,0.0015895999968051,,5.480132099997718,4.9499969463795424e-05,0.0023133999784477,0.0002608000067993,0.0006620999774895,5.501297799986787,,,,,,,,0.0,,0,20,3342.85,1337.0,4733.0,2301.0,3625.5,4297.75,590.0,1140.0,0.0065609622744669,0.0131219245489338,0.0135823429541595,0.0067911714770797,7.728813559322034,8.0,4.0,50000.0,20038.73323076923,2.495167704674346,,,,,,,,,,,,,,,,,,,,,5000.0,25000.0,1000.0,1000.0,1.0,104.0,10.0,94.0,0.903846153846154,1.0,590.0,,,,,,,,,,,,,,
32_Phoenix_City,ClassicalGreedy,15324,20,20,202043,2,0.4610275999875739,100.0,468.9168,1649.8775384615385,1.5054636991666237,2.714402301712452,5088.072307692308,0.0018262999947182,0.0013475000159814,,,,,,,,,,,,,,,,,,,,0,18,2864.5,1340.0,4529.0,2267.5,2748.0,3626.0,,,,,,,,,,,,,,,,,,,,,,,,,,0.00050199998077,2536.0,0.0003032000386156,0.00049249996664,0.0012976999860256,27356.675080854795,10.0,,,,,,,,,,,,,,,,,,,,,,,,,
32_Phoenix_City,Classical,15324,20,20,202043,2,0.4610275999875739,100.0,563.0160615384616,1649.8775384615385,1.3996957052875385,2.714402301712452,4441.600923076923,0.0913078999728895,0.0908244999591261,,,,,,,,,,,2556.0,40.0,2556.0,7331.0,,,,,,0,18,2864.5,1340.0,4529.0,2267.5,2748.0,3626.0,,,,,,,,,,,,,,,,,,,,,,,,,,,,,,,,,,,,,,,,,,,,0.0,0.0,,,,,,,,,,,,
32_Phoenix_City,Quantum,15324,20,20,202043,2,0.4610275999875739,100.0,479.7949692307692,1649.8775384615385,1.7976909198171669,2.933337563407042,6140.130923076922,5.472412600007374,5.466046000015922,0.001823799975682,0.0002162999589927,0.0016075000166893,,5.466046000015922,5.420000525191426e-05,0.0023396000033244,0.0003272000467404,0.0006205000099726,5.472412600007374,,,,,,,,0.0,,0,18,2864.5,1340.0,4529.0,2267.5,2748.0,3626.0,590.0,1140.0,0.0065609622744669,0.0131219245489338,0.0135823429541595,0.0067911714770797,7.728813559322034,8.0,4.0,50000.0,20037.51846153846,2.4953189735532275,,,,,,,,,,,,,,,,,,,,,5000.0,25000.0,1000.0,1000.0,1.0,106.0,11.0,95.0,0.8962264150943396,1.0,590.0,,,,,,,,,,,,,,
32_Phoenix_City,ClassicalGreedy,15324,20,20,202044,3,0.4639412999968044,100.0,460.8618,1324.6735384615386,1.5283033273382534,4.521825774113316,6762.408923076924,0.001281899982132,0.0008473999914713,,,,,,,,,,,,,,,,,,,,0,19,2663.85,1272.0,4195.0,2065.5,2671.0,3439.75,,,,,,,,,,,,,,,,,,,,,,,,,,0.0004171000327914,2103.0,0.000188399979379,0.0001990000600926,0.0008045000722631,22086.890411436925,10.0,,,,,,,,,,,,,,,,,,,,,,,,,
32_Phoenix_City,Classical,15324,20,20,202044,3,0.4639412999968044,100.0,610.0443384615385,1605.3443076923077,1.2384124632866391,1.7552076585064282,6281.244307692307,0.133888200041838,0.1333007999928668,,,,,,,,,,,2123.0,40.0,2123.0,6072.0,,,,,,0,19,2663.85,1272.0,4195.0,2065.5,2671.0,3439.75,,,,,,,,,,,,,,,,,,,,,,,,,,,,,,,,,,,,,,,,,,,,0.0,0.0,,,,,,,,,,,,
32_Phoenix_City,Quantum,15324,20,20,202044,3,0.4639412999968044,90.0,537.4527863247863,1779.4387692307691,1.655280177881652,2.4678739697250416,7183.555076923077,5.480041100003291,5.459731799957808,0.0018751000170595,0.0002007000148296,0.0016744000022299,,5.459731799957808,4.9400026910007e-05,0.00168649997795,0.0002792999730445,0.0006531000253744,5.480041100003291,,,,,,,,0.0,,0,19,2663.85,1272.0,4195.0,2065.5,2671.0,3439.75,590.0,1140.0,0.0065609622744669,0.0131219245489338,0.0135823429541595,0.0067911714770797,7.728813559322034,8.0,4.0,50000.0,20042.29815384616,2.494723889256428,,,,,,,,,,,,,,,,,,,,,5000.0,25000.0,1000.0,1000.0,1.0,108.0,10.0,98.0,0.9074074074074074,1.0,590.0,,,,,,,,,,,,,,
32_Phoenix_City,ClassicalGreedy,15324,20,20,202045,4,0.4043550000060349,85.0,566.8141719457013,1686.5409230769233,1.1100600920646309,1.758682517070295,3960.2581538461536,0.0014991000061854,0.0011480000102892,,,,,,,,,,,,,,,,,,,,0,18,2886.55,1470.0,4564.0,1918.5,3105.0,3632.0,,,,,,,,,,,,,,,,,,,,,,,,,,0.0007184999994933,1907.0,0.0001727999770082,0.0001908000558614,0.001082100032363,19711.99709029147,9.0,,,,,,,,,,,,,,,,,,,,,,,,,
32_Phoenix_City,Classical,15324,20,20,202045,4,0.4043550000060349,100.0,654.8270923076923,1686.5409230769233,1.204755776673884,2.153837359444773,5099.312307692308,0.101201299985405,0.1007461999543011,,,,,,,,,,,1927.0,40.0,1927.0,5491.0,,,,,,0,18,2886.55,1470.0,4564.0,1918.5,3105.0,3632.0,,,,,,,,,,,,,,,,,,,,,,,,,,,,,,,,,,,,,,,,,,,,0.0,0.0,,,,,,,,,,,,
32_Phoenix_City,Quantum,15324,20,20,202045,4,0.4043550000060349,95.0,757.4335708502025,1792.9403076923077,1.4466731929129717,2.185812509130899,6413.896769230769,5.481063300045207,5.461213799950201,0.0018086000345647,0.0001737000420689,0.0016348999924957,,5.461213799950201,5.520001286640763e-05,0.0017191999941132,0.0002951999776996,0.000660500023514,5.481063300045207,,,,,,,,0.0,,0,18,2886.55,1470.0,4564.0,1918.5,3105.0,3632.0,590.0,1140.0,0.0065609622744669,0.0131219245489338,0.0135823429541595,0.0067911714770797,7.728813559322034,8.0,4.0,50000.0,20052.52923076923,2.493451046727733,,,,,,,,,,,,,,,,,,,,,5000.0,25000.0,1000.0,1000.0,1.0,104.0,11.0,93.0,0.8942307692307693,1.0,590.0,,,,,,,,,,,,,,
32_Phoenix_City,ClassicalGreedy,15324,20,20,202046,5,0.4593114000163041,100.0,521.9549846153847,1784.797846153846,1.5664605188663157,5.373699888669347,5305.054307692307,0.0031729000038467,0.0027587999938987,,,,,,,,,,,,,,,,,,,,0,19,2837.5,1301.0,4423.0,2025.25,2899.5,3624.25,,,,,,,,,,,,,,,,,,,,,,,,,,0.0020659999572671,2782.0,0.0002497999812476,0.0002900999970734,0.0026058999355882,30434.65634256557,10.0,,,,,,,,,,,,,,,,,,,,,,,,,
32_Phoenix_City,Classical,15324,20,20,202046,5,0.4593114000163041,100.0,503.96817692307695,1594.9292307692308,11298.46364235886,135568.99999999997,4722.078615384616,0.1396549000055529,0.1391766000306233,,,,,,,,,,,2802.0,40.0,2802.0,8058.0,,,,,,0,19,2837.5,1301.0,4423.0,2025.25,2899.5,3624.25,,,,,,,,,,,,,,,,,,,,,,,,,,,,,,,,,,,,,,,,,,,,0.0,0.0,,,,,,,,,,,,
32_Phoenix_City,Quantum,15324,20,20,202046,5,0.4593114000163041,85.0,642.8224253393664,1594.9292307692308,1.6894963494002315,3.166315620549236,4982.303999999998,5.492907499952707,5.47234199999366,0.0020782999927178,0.0003294999478384,0.0017488000448793,,5.47234199999366,5.189998773857951e-05,0.0018405999871902,0.0002491999766789,0.0006345000001601,5.492907499952707,,,,,,,,0.0,,0,19,2837.5,1301.0,4423.0,2025.25,2899.5,3624.25,590.0,1140.0,0.0065609622744669,0.0131219245489338,0.0135823429541595,0.0067911714770797,7.728813559322034,8.0,4.0,50000.0,20041.71353846154,2.494796660178097,,,,,,,,,,,,,,,,,,,,,5000.0,25000.0,1000.0,1000.0,1.0,105.0,10.0,95.0,0.9047619047619048,1.0,590.0,,,,,,,,,,,,,,
32_Phoenix_City,ClassicalGreedy,15324,20,20,202047,6,0.4152239999966696,100.0,228.6584307692308,1350.724923076923,1.1542902480956987,1.5305099479247062,5362.887076923077,0.001881499949377,0.0013472000136971,,,,,,,,,,,,,,,,,,,,0,20,3009.2,1309.0,4764.0,2042.25,3040.5,3861.5,,,,,,,,,,,,,,,,,,,,,,,,,,0.0006652000010944,3120.0,0.0002840000670403,0.0003324000281281,0.0012816000962629,34673.92512430015,10.0,,,,,,,,,,,,,,,,,,,,,,,,,
32_Phoenix_City,Classical,15324,20,20,202047,6,0.4152239999966696,100.0,333.98550000000006,1643.0969230769233,1.081247548286853,1.5942286728403097,4677.733846153846,0.1585938000353053,0.1581236000056378,,,,,,,,,,,3140.0,40.0,3140.0,9043.0,,,,,,0,20,3009.2,1309.0,4764.0,2042.25,3040.5,3861.5,,,,,,,,,,,,,,,,,,,,,,,,,,,,,,,,,,,,,,,,,,,,0.0,0.0,,,,,,,,,,,,
32_Phoenix_City,Quantum,15324,20,20,202047,6,0.4152239999966696,95.0,301.7021052631579,1552.8763076923078,1.357081773373247,2.0506227031345685,6259.684923076924,5.49714439996751,5.475917800038587,0.0022332999506033,0.0002579999854788,0.0019752999651245,,5.475917800038587,5.099998088553548e-05,0.0019863999914377,0.0002487999736331,0.0005717999883927,5.49714439996751,,,,,,,,0.0,,0,20,3009.2,1309.0,4764.0,2042.25,3040.5,3861.5,590.0,1140.0,0.0065609622744669,0.0131219245489338,0.0135823429541595,0.0067911714770797,7.728813559322034,8.0,4.0,50000.0,20083.50153846154,2.489605704674851,,,,,,,,,,,,,,,,,,,,,5000.0,25000.0,1000.0,1000.0,1.0,106.0,11.0,95.0,0.8962264150943396,1.0,590.0,,,,,,,,,,,,,,
32_Phoenix_City,ClassicalGreedy,15324,20,20,202048,7,0.4622582999872975,100.0,341.45213846153854,1769.785230769231,1.1007397545391002,1.9140179978591905,6173.619076923076,0.0017039999947883,0.0012287000427022,,,,,,,,,,,,,,,,,,,,0,20,2977.55,1201.0,4779.0,1877.5,3259.0,3803.0,,,,,,,,,,,,,,,,,,,,,,,,,,0.0005527000175788,3080.0,0.0002813000464811,0.0003404999733902,0.0011745000374503,34168.03352295027,10.0,,,,,,,,,,,,,,,,,,,,,,,,,
32_Phoenix_City,Classical,15324,20,20,202048,7,0.4622582999872975,100.0,469.3482923076923,1757.2024615384616,1.079941483008351,1.6385373947247437,5499.557538461537,0.1793068000115454,0.1788192000240087,,,,,,,,,,,3100.0,40.0,3100.0,8926.0,,,,,,0,20,2977.55,1201.0,4779.0,1877.5,3259.0,3803.0,,,,,,,,,,,,,,,,,,,,,,,,,,,,,,,,,,,,,,,,,,,,0.0,0.0,,,,,,,,,,,,
32_Phoenix_City,Quantum,15324,20,20,202048,7,0.4622582999872975,90.0,376.5662905982906,1655.2929230769232,1.4310817944021743,1.934117530825401,7105.605230769231,5.49967629997991,5.478061100002378,0.00228039996,0.0002495999797247,0.0020307999802753,,5.478061100002378,5.1200040616095066e-05,0.0021737000206485,0.0002810999867506,0.0006322999834083,5.49967629997991,,,,,,,,0.0,,0,20,2977.55,1201.0,4779.0,1877.5,3259.0,3803.0,590.0,1140.0,0.0065609622744669,0.0131219245489338,0.0135823429541595,0.0067911714770797,7.728813559322034,8.0,4.0,50000.0,20164.224,2.4796391867100858,,,,,,,,,,,,,,,,,,,,,5000.0,25000.0,1000.0,1000.0,1.0,107.0,10.0,97.0,0.9065420560747663,1.0,590.0,,,,,,,,,,,,,,
32_Phoenix_City,ClassicalGreedy,15324,20,20,202049,8,0.4527307999669574,100.0,460.8154,1748.683692307692,1.277218959342561,2.02987082440573,6595.930307692308,0.0014401999651454,0.0009798000101,,,,,,,,,,,,,,,,,,,,0,20,3145.4,1299.0,4800.0,2141.0,3440.5,4040.25,,,,,,,,,,,,,,,,,,,,,,,,,,0.0004923999658785,2201.0,0.0002029999741353,0.0002086000167764,0.0009039999567903,23269.263169589794,10.0,,,,,,,,,,,,,,,,,,,,,,,,,
32_Phoenix_City,Classical,15324,20,20,202049,8,0.4527307999669574,100.0,430.3646153846154,1748.683692307692,1.2004064284123095,2.215683844163056,5533.434615384615,0.0959321999689564,0.0954624000005424,,,,,,,,,,,2221.0,40.0,2221.0,6357.0,,,,,,0,20,3145.4,1299.0,4800.0,2141.0,3440.5,4040.25,,,,,,,,,,,,,,,,,,,,,,,,,,,,,,,,,,,,,,,,,,,,0.0,0.0,,,,,,,,,,,,
32_Phoenix_City,Quantum,15324,20,20,202049,8,0.4527307999669574,90.0,447.3206666666667,1730.4624615384614,1.381591582976076,2.02987082440573,6446.849076923077,5.553503400005866,5.516678799991496,0.0020070999744348,0.0002091000205837,0.0017979999538511,,5.516678799991496,5.040003452450037e-05,0.0020239999867044,0.0002956999815069,0.0006165000377222,5.553503400005866,,,,,,,,0.0,,0,20,3145.4,1299.0,4800.0,2141.0,3440.5,4040.25,590.0,1140.0,0.0065609622744669,0.0131219245489338,0.0135823429541595,0.0067911714770797,7.728813559322034,8.0,4.0,50000.0,20101.47876923077,2.4873791910540803,,,,,,,,,,,,,,,,,,,,,5000.0,25000.0,1000.0,1000.0,1.0,106.0,9.0,97.0,0.9150943396226416,1.0,590.0,,,,,,,,,,,,,,
32_Phoenix_City,ClassicalGreedy,15324,20,20,202050,9,0.4762353000114672,95.0,551.2378461538461,1696.786461538462,1.2649247045710803,2.220227074735744,4701.644,0.0014950999757274,0.0010892999707721,,,,,,,,,,,,,,,,,,,,0,19,3140.4,1203.0,4555.0,2207.5,3356.0,3855.25,,,,,,,,,,,,,,,,,,,,,,,,,,0.0004363000043667,2106.0,0.0002966000465676,0.0002858999650925,0.0010188000160269,22090.06404423928,10.0,,,,,,,,,,,,,,,,,,,,,,,,,
32_Phoenix_City,Classical,15324,20,20,202050,9,0.4762353000114672,100.0,565.2000461538462,1561.8876923076923,1.2779382364898664,2.3671980031959423,4623.720923076923,0.1435470000142231,0.1430594000266865,,,,,,,,,,,2126.0,40.0,2126.0,6069.0,,,,,,0,19,3140.4,1203.0,4555.0,2207.5,3356.0,3855.25,,,,,,,,,,,,,,,,,,,,,,,,,,,,,,,,,,,,,,,,,,,,0.0,0.0,,,,,,,,,,,,
32_Phoenix_City,Quantum,15324,20,20,202050,9,0.4762353000114672,100.0,568.2161846153846,1796.9316923076922,1.980879818021988,3.9787141471254,7267.563692307691,5.481842299981508,5.4759994999622,0.0019200000097043,0.0001869999687187,0.0017330000409856,,5.4759994999622,5.500001134350896e-05,0.001966799958609,0.0002769000129774,0.0005650999955832,5.481842299981508,,,,,,,,0.0,,0,19,3140.4,1203.0,4555.0,2207.5,3356.0,3855.25,590.0,1140.0,0.0065609622744669,0.0131219245489338,0.0135823429541595,0.0067911714770797,7.728813559322034,8.0,4.0,50000.0,20048.956307692308,2.493895404461338,,,,,,,,,,,,,,,,,,,,,5000.0,25000.0,1000.0,1000.0,1.0,106.0,11.0,95.0,0.8962264150943396,1.0,590.0,,,,,,,,,,,,,,
32_Phoenix_City,ClassicalGreedy,15324,20,20,202051,10,0.4245263999910094,100.0,364.8030846153846,1765.708,1.1664160618994952,1.75231030455537,4718.882,0.0015470000216737,0.0011244000052101,,,,,,,,,,,,,,,,,,,,0,20,3005.45,1549.0,4765.0,2288.5,3002.5,3782.5,,,,,,,,,,,,,,,,,,,,,,,,,,0.0005754000158049,2698.0,0.0002442000550217,0.000241800036747,0.0010614001075737,29377.54195981896,10.0,,,,,,,,,,,,,,,,,,,,,,,,,
32_Phoenix_City,Classical,15324,20,20,202051,10,0.4245263999910094,100.0,541.5041615384614,1765.708,1.1123520418049362,1.75231030455537,4444.38723076923,0.1624879000009969,0.1619981999974697,,,,,,,,,,,2718.0,40.0,2718.0,7809.0,,,,,,0,20,3005.45,1549.0,4765.0,2288.5,3002.5,3782.5,,,,,,,,,,,,,,,,,,,,,,,,,,,,,,,,,,,,,,,,,,,,0.0,0.0,,,,,,,,,,,,
32_Phoenix_City,Quantum,15324,20,20,202051,10,0.4245263999910094,95.0,474.0666477732793,1657.0883076923074,1.759341591229039,2.8356035665057977,7250.2816923076925,5.461689400020987,5.455463099991903,0.0022686999873258,0.0002405999694019,0.0020281000179238,,5.455463099991903,5.309999687597156e-05,0.0020220999722369,0.0002727000392042,0.0006080000312067,5.461689400020987,,,,,,,,0.0,,0,20,3005.45,1549.0,4765.0,2288.5,3002.5,3782.5,590.0,1140.0,0.0065609622744669,0.0131219245489338,0.0135823429541595,0.0067911714770797,7.728813559322034,8.0,4.0,50000.0,20053.08523076924,2.493381912289514,,,,,,,,,,,,,,,,,,,,,5000.0,25000.0,1000.0,1000.0,1.0,106.0,11.0,95.0,0.8962264150943396,1.0,590.0,,,,,,,,,,,,,,
32_Phoenix_City,ClassicalGreedy,15324,20,30,302042,1,0.5788016999722458,96.66666666666669,326.1197718832892,1662.471692307692,1.2104853217763505,2.927995647092017,7414.620153846154,0.0032815999584272,0.0026977999950759,,,,,,,,,,,,,,,,,,,,0,28,2897.633333333333,1286.0,4680.0,1973.75,2935.5,3850.0,,,,,,,,,,,,,,,,,,,,,,,,,,0.0013037000317126,5879.0,0.0007392000989057,0.0005217000143602,0.0025646001449786,71288.73688605442,15.0,,,,,,,,,,,,,,,,,,,,,,,,,
32_Phoenix_City,Classical,15324,20,30,302042,1,0.5788016999722458,100.0,362.9024666666666,1594.1867692307696,16100.432061796922,273688.99999999994,7153.475538461538,0.3891615000320598,0.3884991999948397,,,,,,,,,,,5909.0,50.0,5909.0,17208.0,,,,,,0,28,2897.633333333333,1286.0,4680.0,1973.75,2935.5,3850.0,,,,,,,,,,,,,,,,,,,,,,,,,,,,,,,,,,,,,,,,,,,,0.0,0.0,,,,,,,,,,,,
32_Phoenix_City,Quantum,15324,20,30,302042,1,0.5788016999722458,96.66666666666669,488.42856763925727,1783.8987692307692,1.5853113526642506,2.0503963433095658,10895.589846153842,12.288461300020572,12.264090199954808,0.0039726000395603,0.0004110000445507,0.0035615999950096,,12.264090199954808,0.0001142999972216,0.0026807999820448,0.0003736000508069,0.0013231000048108,12.288461300020572,,,,,,,,0.0,,0,28,2897.633333333333,1286.0,4680.0,1973.75,2935.5,3850.0,1335.0,2610.0,0.0029311187103077,0.0058622374206155,0.0059970014992503,0.0029985007496251,7.820224719101123,8.0,4.0,50000.0,20065.73569230769,2.491809957367662,,,,,,,,,,,,,,,,,,,,,5000.0,25000.0,1000.0,1000.0,1.0,237.0,17.0,220.0,0.9282700421940928,1.0,1335.0,,,,,,,,,,,,,,
32_Phoenix_City,ClassicalGreedy,15324,20,30,302043,2,0.5625676999916323,86.66666666666667,640.422875739645,1734.5963076923076,1.1284058309767262,1.967826743630221,6521.200000000001,0.0022988999844528,0.0016603000112809,,,,,,,,,,,,,,,,,,,,0,30,2851.0333333333333,1210.0,4739.0,1977.0,2668.5,3768.5,,,,,,,,,,,,,,,,,,,,,,,,,,0.0008671000250615,4333.0,0.0004041999927721,0.0002833000035025,0.0015546000213362,50483.134231802425,13.0,,,,,,,,,,,,,,,,,,,,,,,,,
32_Phoenix_City,Classical,15324,20,30,302043,2,0.5625676999916323,100.0,720.9145128205129,1682.3775384615385,1.054338958242912,1.880647617089297,7680.539076923078,0.3195222000358626,0.3188024000264704,,,,,,,,,,,4363.0,50.0,4363.0,12647.0,,,,,,0,30,2851.0333333333333,1210.0,4739.0,1977.0,2668.5,3768.5,,,,,,,,,,,,,,,,,,,,,,,,,,,,,,,,,,,,,,,,,,,,0.0,0.0,,,,,,,,,,,,
32_Phoenix_City,Quantum,15324,20,30,302043,2,0.5625676999916323,86.66666666666667,656.237526627219,1608.0375384615386,1.3249483493390375,2.2960684208650126,8716.79353846154,12.423564700002316,12.3972858999623,0.0041638000402599,0.0003428000491112,0.0038209999911487,,12.3972858999623,0.0001075000036507,0.0029281000024639,0.0004085999680683,0.0014015999622642,12.423564700002316,,,,,,,,0.0,,0,30,2851.0333333333333,1210.0,4739.0,1977.0,2668.5,3768.5,1335.0,2610.0,0.0029311187103077,0.0058622374206155,0.0059970014992503,0.0029985007496251,7.820224719101123,8.0,4.0,50000.0,20073.30707692308,2.490870079772835,,,,,,,,,,,,,,,,,,,,,5000.0,25000.0,1000.0,1000.0,1.0,239.0,17.0,222.0,0.9288702928870292,1.0,1335.0,,,,,,,,,,,,,,
32_Phoenix_City,ClassicalGreedy,15324,20,30,302044,3,0.5365337999537587,100.0,439.3010358974359,1779.895692307692,1.4137425264071508,2.6346841358924684,7784.157538461539,0.0033362999674864,0.0027249999693594,,,,,,,,,,,,,,,,,,,,0,30,3228.5,1322.0,4796.0,2276.0,3366.0,4209.5,,,,,,,,,,,,,,,,,,,,,,,,,,0.0016943999798968,5646.0,0.000526699994225,0.0004075000179,0.0026285999920219,68097.8668496354,15.0,,,,,,,,,,,,,,,,,,,,,,,,,
32_Phoenix_City,Classical,15324,20,30,302044,3,0.5365337999537587,100.0,514.3448615384616,1780.0292307692307,1.2689921570497331,2.6346841358924684,6773.908,0.3178321999730542,0.3171417999546975,,,,,,,,,,,5676.0,50.0,5676.0,16517.0,,,,,,0,30,3228.5,1322.0,4796.0,2276.0,3366.0,4209.5,,,,,,,,,,,,,,,,,,,,,,,,,,,,,,,,,,,,,,,,,,,,0.0,0.0,,,,,,,,,,,,
32_Phoenix_City,Quantum,15324,20,30,302044,3,0.5365337999537587,100.0,535.403723076923,1701.674769230769,2.836648299797867,23.055458817355632,9333.535999999998,12.370304899988696,12.359072100021876,0.0044397999881766,0.0004087999695912,0.0040310000185854,,12.359072100021876,0.0001150000025518,0.0035625000018626,0.0004609000170603,0.0012855000095441,12.370304899988696,,,,,,,,0.0,,0,30,3228.5,1322.0,4796.0,2276.0,3366.0,4209.5,1335.0,2610.0,0.0029311187103077,0.0058622374206155,0.0059970014992503,0.0029985007496251,7.820224719101123,8.0,4.0,50000.0,20054.42830769231,2.493214926541756,,,,,,,,,,,,,,,,,,,,,5000.0,25000.0,1000.0,1000.0,1.0,235.0,17.0,218.0,0.9276595744680852,1.0,1335.0,,,,,,,,,,,,,,
32_Phoenix_City,ClassicalGreedy,15324,20,30,302045,4,0.5732534999842755,100.0,380.1826974358974,1375.6455384615388,1.2631055251517187,2.175988972649945,8108.422769230768,0.0037495999713428,0.0031318999826908,,,,,,,,,,,,,,,,,,,,0,30,3319.866666666667,1376.0,4566.0,2681.25,3344.0,4174.25,,,,,,,,,,,,,,,,,,,,,,,,,,0.0018156000296585,6787.0,0.0006623000372201,0.0005102999857626,0.0029882000526413,83820.5501956272,15.0,,,,,,,,,,,,,,,,,,,,,,,,,
32_Phoenix_City,Classical,15324,20,30,302045,4,0.5732534999842755,100.0,548.8026666666666,1667.023076923077,1.1272743033819663,1.8560200723386229,6709.084307692307,0.4521604999899864,0.4514695999678224,,,,,,,,,,,6817.0,50.0,6817.0,19893.0,,,,,,0,30,3319.866666666667,1376.0,4566.0,2681.25,3344.0,4174.25,,,,,,,,,,,,,,,,,,,,,,,,,,,,,,,,,,,,,,,,,,,,0.0,0.0,,,,,,,,,,,,
32_Phoenix_City,Quantum,15324,20,30,302045,4,0.5732534999842755,100.0,343.9031076923077,1745.7513846153847,1.7056795410345005,2.3745666763147804,11043.88230769231,12.326938099984543,12.316098199982662,0.0043617999763228,0.0005437999498099,0.0038180000265128,,12.316098199982662,0.0001087000127881,0.0034124999656341,0.0004362000036053,0.0012318000080995,12.326938099984543,,,,,,,,0.0,,0,30,3319.866666666667,1376.0,4566.0,2681.25,3344.0,4174.25,1335.0,2610.0,0.0029311187103077,0.0058622374206155,0.0059970014992503,0.0029985007496251,7.820224719101123,8.0,4.0,50000.0,20017.649538461537,2.497795752889516,,,,,,,,,,,,,,,,,,,,,5000.0,25000.0,1000.0,1000.0,1.0,240.0,16.0,224.0,0.9333333333333332,1.0,1335.0,,,,,,,,,,,,,,
32_Phoenix_City,ClassicalGreedy,15324,20,30,302046,5,0.5375077999779023,96.66666666666669,313.9667904509284,1602.8529230769227,1.205398526174253,2.231822971548999,7590.090461538462,0.0033489000052213,0.0027308000135235,,,,,,,,,,,,,,,,,,,,0,25,2932.633333333333,1220.0,4756.0,1955.0,2858.0,3958.5,,,,,,,,,,,,,,,,,,,,,,,,,,0.001246900006663,5890.0,0.0006962000043131,0.0006259000510908,0.002569000062067,71426.83606371869,15.0,,,,,,,,,,,,,,,,,,,,,,,,,
32_Phoenix_City,Classical,15324,20,30,302046,5,0.5375077999779023,100.0,474.3144717948717,1726.6716923076924,1.1273778604643805,1.6807923886565244,7058.608,0.4384491000091657,0.437767099996563,,,,,,,,,,,5920.0,50.0,5920.0,17237.0,,,,,,0,25,2932.633333333333,1220.0,4756.0,1955.0,2858.0,3958.5,,,,,,,,,,,,,,,,,,,,,,,,,,,,,,,,,,,,,,,,,,,,0.0,0.0,,,,,,,,,,,,
32_Phoenix_City,Quantum,15324,20,30,302046,5,0.5375077999779023,100.0,509.0490256410257,1761.5350769230772,1.716191809840701,2.6882362900153782,11490.137230769227,12.30524209997384,12.295481499982998,0.0039266999810934,0.0003392999642528,0.0035874000168405,,12.295481499982998,0.0001137000508606,0.002879700041376,0.0003864999744109,0.0012082000030204,12.30524209997384,,,,,,,,0.0,,0,25,2932.633333333333,1220.0,4756.0,1955.0,2858.0,3958.5,1335.0,2610.0,0.0029311187103077,0.0058622374206155,0.0059970014992503,0.0029985007496251,7.820224719101123,8.0,4.0,50000.0,20024.796,2.496904338001745,,,,,,,,,,,,,,,,,,,,,5000.0,25000.0,1000.0,1000.0,1.0,236.0,17.0,219.0,0.9279661016949152,1.0,1335.0,,,,,,,,,,,,,,
32_Phoenix_City,ClassicalGreedy,15324,20,30,302047,6,0.5911094000330195,100.0,678.2185538461539,1796.4686153846155,1.1996213365828463,2.079848846300344,8353.504923076924,0.0034514000290073,0.0028012000257149,,,,,,,,,,,,,,,,,,,,0,28,3021.4,1393.0,4613.0,2466.0,2816.0,3822.75,,,,,,,,,,,,,,,,,,,,,,,,,,0.0012058999855071,5841.0,0.0008057999657467,0.0006376000237651,0.0026492999750189,70784.12328161183,15.0,,,,,,,,,,,,,,,,,,,,,,,,,
32_Phoenix_City,Classical,15324,20,30,302047,6,0.5911094000330195,100.0,591.5641743589744,1686.0098461538464,1.0884279906695569,2.079848846300344,7383.690153846153,0.3719971000100486,0.3712572999647818,,,,,,,,,,,5871.0,50.0,5871.0,17100.0,,,,,,0,28,3021.4,1393.0,4613.0,2466.0,2816.0,3822.75,,,,,,,,,,,,,,,,,,,,,,,,,,,,,,,,,,,,,,,,,,,,0.0,0.0,,,,,,,,,,,,
32_Phoenix_City,Quantum,15324,20,30,302047,6,0.5911094000330195,93.33333333333331,607.1548021978023,1768.3443076923077,1.5069822031870872,1.9863941623398749,9531.094153846154,12.334751099988353,12.324984700011557,0.003791099996306,0.0004345999914221,0.0033565000048838,,12.324984700011557,0.0001090999576263,0.0030369000160135,0.0003974999999627,0.0012132999836467,12.334751099988353,,,,,,,,0.0,,0,28,3021.4,1393.0,4613.0,2466.0,2816.0,3822.75,1335.0,2610.0,0.0029311187103077,0.0058622374206155,0.0059970014992503,0.0029985007496251,7.820224719101123,8.0,4.0,50000.0,20040.34061538461,2.494967573635744,,,,,,,,,,,,,,,,,,,,,5000.0,25000.0,1000.0,1000.0,1.0,240.0,16.0,224.0,0.9333333333333332,1.0,1335.0,,,,,,,,,,,,,,
32_Phoenix_City,ClassicalGreedy,15324,20,30,302048,7,0.5789131000055932,100.0,281.91853333333336,1674.7076923076925,1.2475811685705076,2.4031888358987983,6895.085538461537,0.0037827999913133,0.003141900000628,,,,,,,,,,,,,,,,,,,,0,30,2877.5333333333333,1276.0,4787.0,1776.5,3094.0,3628.25,,,,,,,,,,,,,,,,,,,,,,,,,,0.0013658000389114,7602.0,0.0008376000332646,0.0007493000011891,0.0029527000733651,95206.37165176666,15.0,,,,,,,,,,,,,,,,,,,,,,,,,
32_Phoenix_City,Classical,15324,20,30,302048,7,0.5789131000055932,100.0,284.4687487179487,1577.213846153846,1.202092849235205,3.5565493870749605,6383.769846153846,0.4728860000032,0.4721928999642841,,,,,,,,,,,7632.0,50.0,7632.0,22299.0,,,,,,0,30,2877.5333333333333,1276.0,4787.0,1776.5,3094.0,3628.25,,,,,,,,,,,,,,,,,,,,,,,,,,,,,,,,,,,,,,,,,,,,0.0,0.0,,,,,,,,,,,,
32_Phoenix_City,Quantum,15324,20,30,302048,7,0.5789131000055932,93.33333333333331,241.70157142857136,1639.6710769230767,1.6773503790555786,3.298575404762593,9315.190923076923,12.274136699968947,12.264030399965122,0.0040117999888025,0.0005083999712951,0.0035034000175073,,12.264030399965122,0.0001151000033132,0.0032875000033527,0.000376200012397,0.0012295999913476,12.274136699968947,,,,,,,,0.0,,0,30,2877.5333333333333,1276.0,4787.0,1776.5,3094.0,3628.25,1335.0,2610.0,0.0029311187103077,0.0058622374206155,0.0059970014992503,0.0029985007496251,7.820224719101123,8.0,4.0,50000.0,20066.17415384616,2.4917555093787684,,,,,,,,,,,,,,,,,,,,,5000.0,25000.0,1000.0,1000.0,1.0,243.0,17.0,226.0,0.9300411522633744,1.0,1335.0,,,,,,,,,,,,,,
32_Phoenix_City,ClassicalGreedy,15324,20,30,302049,8,0.5099999000085518,100.0,717.7654461538461,1760.291384615385,1.2829577305459916,1.9285751976107304,9501.136615384616,0.0028997999615967,0.0022517999750562,,,,,,,,,,,,,,,,,,,,0,29,2630.266666666667,1226.0,4654.0,1710.75,2481.0,3148.5,,,,,,,,,,,,,,,,,,,,,,,,,,0.0010658000246621,4994.0,0.0004831000114791,0.0005294999573379,0.0020783999934792,59338.97538714869,15.0,,,,,,,,,,,,,,,,,,,,,,,,,
32_Phoenix_City,Classical,15324,20,30,302049,8,0.5099999000085518,100.0,701.9754512820513,1728.6046153846155,1.1789097866673677,1.6697228931596866,8363.223384615383,0.3171161999925971,0.3164385000127367,,,,,,,,,,,5024.0,50.0,5024.0,14610.0,,,,,,0,29,2630.266666666667,1226.0,4654.0,1710.75,2481.0,3148.5,,,,,,,,,,,,,,,,,,,,,,,,,,,,,,,,,,,,,,,,,,,,0.0,0.0,,,,,,,,,,,,
32_Phoenix_City,Quantum,15324,20,30,302049,8,0.5099999000085518,83.33333333333333,483.9596984615384,1728.6046153846155,1.5778984852703293,2.316782001006021,8831.937230769232,12.257594800030349,12.247856399975715,0.0039645000360906,0.0004289000062271,0.0035356000298634,,12.247856399975715,0.0001196000375784,0.0027909000054933,0.0003585999947972,0.0013145999982953,12.257594800030349,,,,,,,,0.0,,0,29,2630.266666666667,1226.0,4654.0,1710.75,2481.0,3148.5,1335.0,2610.0,0.0029311187103077,0.0058622374206155,0.0059970014992503,0.0029985007496251,7.820224719101123,8.0,4.0,50000.0,20084.57969230769,2.4894720609537964,,,,,,,,,,,,,,,,,,,,,5000.0,25000.0,1000.0,1000.0,1.0,238.0,16.0,222.0,0.9327731092436976,1.0,1335.0,,,,,,,,,,,,,,
32_Phoenix_City,ClassicalGreedy,15324,20,30,302050,9,0.5473321999888867,100.0,345.6338615384616,1612.9040000000005,1.159060114965457,1.577714432838017,7939.242923076923,0.0036024000146426,0.0029888999997638,,,,,,,,,,,,,,,,,,,,0,28,2693.3,1213.0,4749.0,1884.25,2422.5,3647.0,,,,,,,,,,,,,,,,,,,,,,,,,,0.0017256999853998,6540.0,0.0006324999849312,0.0004931000294163,0.0028512999997474,80361.70571052811,15.0,,,,,,,,,,,,,,,,,,,,,,,,,
32_Phoenix_City,Classical,15324,20,30,302050,9,0.5473321999888867,100.0,461.8105794871796,1699.7304615384614,1.1471139201573834,1.920967109318093,7424.1038461538465,0.4759524000110104,0.4752175000030547,,,,,,,,,,,6570.0,50.0,6570.0,19154.0,,,,,,0,28,2693.3,1213.0,4749.0,1884.25,2422.5,3647.0,,,,,,,,,,,,,,,,,,,,,,,,,,,,,,,,,,,,,,,,,,,,0.0,0.0,,,,,,,,,,,,
32_Phoenix_City,Quantum,15324,20,30,302050,9,0.5473321999888867,96.66666666666669,469.7578196286472,1782.116,1.401987127269633,1.817287231169729,10015.90553846154,12.24342070001876,12.216938600002322,0.0047857000026851,0.0004965999978594,0.0042891000048257,,12.216938600002322,0.000108000007458,0.0035341999609954,0.0004421999910846,0.0013405000208877,12.24342070001876,,,,,,,,0.0,,0,28,2693.3,1213.0,4749.0,1884.25,2422.5,3647.0,1335.0,2610.0,0.0029311187103077,0.0058622374206155,0.0059970014992503,0.0029985007496251,7.820224719101123,8.0,4.0,50000.0,20058.56923076923,2.492700223269241,,,,,,,,,,,,,,,,,,,,,5000.0,25000.0,1000.0,1000.0,1.0,234.0,16.0,218.0,0.9316239316239316,1.0,1335.0,,,,,,,,,,,,,,
32_Phoenix_City,ClassicalGreedy,15324,20,30,302051,10,0.5659422000171617,100.0,515.9937897435897,1722.9535384615383,1.0397133820654096,1.4238667894721178,8732.202307692307,0.0037621999508701,0.0030994999688118,,,,,,,,,,,,,,,,,,,,0,29,3078.7,1368.0,4770.0,2573.25,3109.0,3700.75,,,,,,,,,,,,,,,,,,,,,,,,,,0.0013688000035472,6711.0,0.0008013999904505,0.0007539999787695,0.0029241999727673,82748.91632123722,15.0,,,,,,,,,,,,,,,,,,,,,,,,,
32_Phoenix_City,Classical,15324,20,30,302051,10,0.5659422000171617,100.0,562.479082051282,1722.9535384615383,0.9606620765579442,1.3001323029216028,7811.269692307693,0.402398300007917,0.4016807000152766,,,,,,,,,,,6741.0,50.0,6741.0,19664.0,,,,,,0,29,3078.7,1368.0,4770.0,2573.25,3109.0,3700.75,,,,,,,,,,,,,,,,,,,,,,,,,,,,,,,,,,,,,,,,,,,,0.0,0.0,,,,,,,,,,,,
32_Phoenix_City,Quantum,15324,20,30,302051,10,0.5659422000171617,96.66666666666669,491.0118302387268,1763.120615384616,1.333451125462337,1.792726982461742,10910.322,12.267141100019217,12.251316500012765,0.0089024999761022,0.0005311000277288,0.0083713999483734,,12.251316500012765,0.0001213999930769,0.0036541000008583,0.0004412999842315,0.0013727000332437,12.267141100019217,,,,,,,,0.0,,0,29,3078.7,1368.0,4770.0,2573.25,3109.0,3700.75,1335.0,2610.0,0.0029311187103077,0.0058622374206155,0.0059970014992503,0.0029985007496251,7.820224719101123,8.0,4.0,50000.0,20088.422461538463,2.4889958430399703,,,,,,,,,,,,,,,,,,,,,5000.0,25000.0,1000.0,1000.0,1.0,237.0,16.0,221.0,0.9324894514767932,1.0,1335.0,,,,,,,,,,,,,,
32_Phoenix_City,ClassicalGreedy,15324,20,40,402042,1,0.6859216000302695,100.0,573.1723153846153,1696.2553846153842,1.3187363453301455,2.124834859637184,10374.673846153846,0.0051547000184655,0.0042096999823115,,,,,,,,,,,,,,,,,,,,0,40,3152.725,1263.0,4680.0,2170.25,3360.0,3753.0,,,,,,,,,,,,,,,,,,,,,,,,,,0.0018488999921828,10473.0,0.0012339000240899,0.0008034000056795,0.0038862000219523,136476.49930612414,20.0,,,,,,,,,,,,,,,,,,,,,,,,,
32_Phoenix_City,Classical,15324,20,40,402042,1,0.6859216000302695,100.0,548.2004384615385,1757.7935384615384,1.2198134708854391,2.124834859637184,9333.834153846152,0.4169222000055015,0.4159569999901578,,,,,,,,,,,10513.0,60.0,10513.0,30842.0,,,,,,0,40,3152.725,1263.0,4680.0,2170.25,3360.0,3753.0,,,,,,,,,,,,,,,,,,,,,,,,,,,,,,,,,,,,,,,,,,,,0.0,0.0,,,,,,,,,,,,
32_Phoenix_City,Quantum,15324,20,40,402042,1,0.6859216000302695,90.0,601.8598076923076,1755.3301538461535,1.692501069405331,3.893284047288354,11548.80523076923,20.856148799997754,20.84129529999336,0.0063575999811291,0.0007640999974682,0.0055934999836608,,20.84129529999336,0.0001614000066183,0.004201199975796,0.0005739000043831,0.0018821000121533,20.856148799997754,,,,,,,,0.0,,0,40,3152.725,1263.0,4680.0,2170.25,3360.0,3753.0,2114.0,4188.0,0.0018751334823709,0.0037502669647418,0.0037860861334595,0.0018930430667297,7.924314096499527,8.0,4.0,50000.0,25000.0,2.0,,,,,,,,,,,,,,,,,,,,,5000.0,25000.0,1000.0,1000.0,1.0,367.0,18.0,349.0,0.9509536784741144,1.0,2114.0,,,,,,,,,,,,,,
32_Phoenix_City,ClassicalGreedy,15324,20,40,402043,2,0.743281900009606,85.0,460.3865565610859,1773.2670769230767,1.3615039939628013,4.548931135994717,7731.487538461538,0.0045161999878473,0.0038220999995246,,,,,,,,,,,,,,,,,,,,0,40,2963.475,1207.0,4554.0,2249.5,2935.5,3819.25,,,,,,,,,,,,,,,,,,,,,,,,,,0.0020238999859429,9567.0,0.0010566999553702,0.0005151000223122,0.0035956999636255,123332.55036385125,17.0,,,,,,,,,,,,,,,,,,,,,,,,,
32_Phoenix_City,Classical,15324,20,40,402043,2,0.743281900009606,100.0,561.7838192307693,1756.0003076923076,1.3519966081062214,5.434630093267669,9770.675538461535,0.6442063999711536,0.6432705000042915,,,,,,,,,,,9607.0,60.0,9607.0,28155.0,,,,,,0,40,2963.475,1207.0,4554.0,2249.5,2935.5,3819.25,,,,,,,,,,,,,,,,,,,,,,,,,,,,,,,,,,,,,,,,,,,,0.0,0.0,,,,,,,,,,,,
32_Phoenix_City,Quantum,15324,20,40,402043,2,0.743281900009606,90.0,643.2251495726496,1756.0003076923076,1.569564857550816,2.749698126014979,11620.369384615384,20.87777829996776,20.862739599950142,0.0064222000073641,0.0007153999758884,0.0057068000314757,,20.862739599950142,0.0001694000093266,0.0044351000105962,0.0005677999579347,0.0019685999723151,20.87777829996776,,,,,,,,0.0,,0,40,2963.475,1207.0,4554.0,2249.5,2935.5,3819.25,2105.0,4170.0,0.0018830775900219,0.0037661551800438,0.0038022813688212,0.0019011406844106,7.923990498812351,8.0,4.0,50000.0,25000.0,2.0,,,,,,,,,,,,,,,,,,,,,5000.0,25000.0,1000.0,1000.0,1.0,367.0,20.0,347.0,0.9455040871934604,1.0,2105.0,,,,,,,,,,,,,,
32_Phoenix_City,ClassicalGreedy,15324,20,40,402044,3,0.7343784999684431,85.0,546.2959276018099,1679.2584615384612,1.326989527816959,2.3639194248670035,8757.441538461539,0.0044855000451207,0.0037090000114403,,,,,,,,,,,,,,,,,,,,0,37,3023.975,1234.0,4709.0,2278.5,2932.0,4167.25,,,,,,,,,,,,,,,,,,,,,,,,,,0.0019250999903306,8215.0,0.0010668999748304,0.0004773000255227,0.0034692999906837,103981.5289094463,17.0,,,,,,,,,,,,,,,,,,,,,,,,,
32_Phoenix_City,Classical,15324,20,40,402044,3,0.7343784999684431,100.0,738.7356923076924,1799.9796923076929,1.2613494548626996,2.583028551965516,11050.763846153844,0.5586128000286408,0.5576500000315718,,,,,,,,,,,8255.0,60.0,8255.0,24152.0,,,,,,0,37,3023.975,1234.0,4709.0,2278.5,2932.0,4167.25,,,,,,,,,,,,,,,,,,,,,,,,,,,,,,,,,,,,,,,,,,,,0.0,0.0,,,,,,,,,,,,
32_Phoenix_City,Quantum,15324,20,40,402044,3,0.7343784999684431,80.0,584.102860576923,1739.102769230769,1.5649651969437133,2.577256207329913,11257.052307692307,20.71857209998416,20.70426879997831,0.0062964000389911,0.0006225000252015,0.0056739000137895,,20.70426879997831,0.0001730999792926,0.0040204999968409,0.0005363000091165,0.0018821000121533,20.71857209998416,,,,,,,,0.0,,0,37,3023.975,1234.0,4709.0,2278.5,2932.0,4167.25,2108.0,4176.0,0.0018804220863138,0.0037608441726277,0.0037968675842429,0.0018984337921214,7.924098671726755,8.0,4.0,50000.0,25000.0,2.0,,,,,,,,,,,,,,,,,,,,,5000.0,25000.0,1000.0,1000.0,1.0,365.0,19.0,346.0,0.947945205479452,1.0,2108.0,,,,,,,,,,,,,,
32_Phoenix_City,ClassicalGreedy,15324,20,40,402045,4,0.6534870000323281,82.5,503.3583682983684,1773.994153846154,1.1808021234160555,2.211569080577716,8557.676923076922,0.0041902999510057,0.0034353999653831,,,,,,,,,,,,,,,,,,,,0,37,3083.475,1320.0,4731.0,2295.25,3102.0,3895.5,,,,,,,,,,,,,,,,,,,,,,,,,,0.0018534999690018,9682.0,0.0009473999380134,0.0004442000063136,0.0032450999133288,124974.2732449009,17.0,,,,,,,,,,,,,,,,,,,,,,,,,
32_Phoenix_City,Classical,15324,20,40,402045,4,0.6534870000323281,100.0,660.0288076923077,1743.6593846153846,1.1881830687328647,2.388873420336456,10756.62153846154,0.6304016999783926,0.6294709999929182,,,,,,,,,,,9722.0,60.0,9722.0,28491.0,,,,,,0,37,3083.475,1320.0,4731.0,2295.25,3102.0,3895.5,,,,,,,,,,,,,,,,,,,,,,,,,,,,,,,,,,,,,,,,,,,,0.0,0.0,,,,,,,,,,,,
32_Phoenix_City,Quantum,15324,20,40,402045,4,0.6534870000323281,95.0,680.4598623481783,1773.994153846154,1.7162293678738354,2.66999124845339,15238.57907692308,20.654926699993663,20.64004969998496,0.0064229000126942,0.0007082999800331,0.0057146000326611,,20.64004969998496,0.0001546000130474,0.0042604000191204,0.0005737000028602,0.0019369000219739,20.654926699993663,,,,,,,,0.0,,0,37,3083.475,1320.0,4731.0,2295.25,3102.0,3895.5,2090.0,4140.0,0.0018964684002098,0.0037929368004196,0.0038295835327908,0.0019147917663954,7.923444976076555,8.0,4.0,50000.0,25000.0,2.0,,,,,,,,,,,,,,,,,,,,,5000.0,25000.0,1000.0,1000.0,1.0,358.0,19.0,339.0,0.946927374301676,1.0,2090.0,,,,,,,,,,,,,,
32_Phoenix_City,ClassicalGreedy,15324,20,40,402046,5,0.7108906999928877,95.0,355.7961619433198,1617.978461538462,1.1714986606050526,1.7530917624197482,9885.369384615384,0.0053927000262774,0.0045277000172063,,,,,,,,,,,,,,,,,,,,0,40,2745.7,1242.0,4676.0,1894.75,2591.5,3645.0,,,,,,,,,,,,,,,,,,,,,,,,,,0.0021639000042341,12394.0,0.0014091000775806,0.0006977999582886,0.0042708000401034,164703.67459753252,19.0,,,,,,,,,,,,,,,,,,,,,,,,,
32_Phoenix_City,Classical,15324,20,40,402046,5,0.7108906999928877,100.0,448.9905461538461,1780.4855384615385,1.1151244051085911,2.022495685881906,9418.202307692309,0.952047600003425,0.9510944999638014,,,,,,,,,,,12434.0,60.0,12434.0,36537.0,,,,,,0,40,2745.7,1242.0,4676.0,1894.75,2591.5,3645.0,,,,,,,,,,,,,,,,,,,,,,,,,,,,,,,,,,,,,,,,,,,,0.0,0.0,,,,,,,,,,,,
32_Phoenix_City,Quantum,15324,20,40,402046,5,0.7108906999928877,100.0,542.72495,1777.4544615384616,1.6823453859747073,2.731127142196082,14611.942,20.39415720000397,20.37811450002482,0.0069233999820426,0.0011930000036954,0.0057303999783471,,20.37811450002482,0.0001741999876685,0.0049454999971203,0.0006235999753698,0.0019783999887295,20.39415720000397,,,,,,,,0.0,,0,40,2745.7,1242.0,4676.0,1894.75,2591.5,3645.0,2054.0,4068.0,0.0019293967884175,0.003858793576835,0.0038967364831953,0.0019483682415976,7.922103213242454,8.0,4.0,50000.0,25000.0,2.0,,,,,,,,,,,,,,,,,,,,,5000.0,25000.0,1000.0,1000.0,1.0,357.0,20.0,337.0,0.9439775910364144,1.0,2054.0,,,,,,,,,,,,,,
32_Phoenix_City,ClassicalGreedy,15324,20,40,402047,6,0.746236500039231,92.5,521.4584532224533,1774.4363076923073,1.1373536565917268,2.1132470737940348,9376.469692307692,0.0050282000447623,0.0042123000021092,,,,,,,,,,,,,,,,,,,,0,38,3214.05,1642.0,4787.0,2583.75,3079.0,3917.75,,,,,,,,,,,,,,,,,,,,,,,,,,0.0022683000424876,10573.0,0.0011428000289015,0.0004849999677389,0.0038961000391282,137984.38793229748,19.0,,,,,,,,,,,,,,,,,,,,,,,,,
32_Phoenix_City,Classical,15324,20,40,402047,6,0.746236500039231,100.0,485.0703538461539,1778.828307692308,1.0303973913829518,1.4435273099544337,9828.919538461538,0.6570717000286095,0.6561101000406779,,,,,,,,,,,10613.0,60.0,10613.0,31151.0,,,,,,0,38,3214.05,1642.0,4787.0,2583.75,3079.0,3917.75,,,,,,,,,,,,,,,,,,,,,,,,,,,,,,,,,,,,,,,,,,,,0.0,0.0,,,,,,,,,,,,
32_Phoenix_City,Quantum,15324,20,40,402047,6,0.746236500039231,95.0,537.5452995951417,1787.8584615384616,1.5163472402602327,2.805256301761926,13958.122615384613,20.61511909996625,20.5998098999844,0.0061201999778859,0.0007309999782592,0.0053891999996267,,20.5998098999844,0.0001511999871581,0.0048543000011704,0.0006556999869644,0.0020938999950885,20.61511909996625,,,,,,,,0.0,,0,38,3214.05,1642.0,4787.0,2583.75,3079.0,3917.75,2093.0,4146.0,0.0018937750253736,0.0037875500507473,0.0038240917782026,0.0019120458891013,7.923554706163402,8.0,4.0,50000.0,25000.0,2.0,,,,,,,,,,,,,,,,,,,,,5000.0,25000.0,1000.0,1000.0,1.0,364.0,19.0,345.0,0.9478021978021978,1.0,2093.0,,,,,,,,,,,,,,
32_Phoenix_City,ClassicalGreedy,15324,20,40,402048,7,0.661785600008443,82.5,547.4402564102564,1758.329846153846,1.3763585952052897,2.738183175992143,7399.373846153846,0.0046224999823607,0.0038396000163629,,,,,,,,,,,,,,,,,,,,0,39,2988.9,1268.0,4654.0,2139.75,3120.0,3964.5,,,,,,,,,,,,,,,,,,,,,,,,,,0.0018481999868527,10586.0,0.0010937000624835,0.0006873999373055,0.0036292999866418,138103.57486665604,17.0,,,,,,,,,,,,,,,,,,,,,,,,,
32_Phoenix_City,Classical,15324,20,40,402048,7,0.661785600008443,100.0,507.47331153846153,1692.0789230769233,1.2816271737400606,3.198538403688324,8722.11969230769,0.8363782000378706,0.8354504000162706,,,,,,,,,,,10626.0,60.0,10626.0,31172.0,,,,,,0,39,2988.9,1268.0,4654.0,2139.75,3120.0,3964.5,,,,,,,,,,,,,,,,,,,,,,,,,,,,,,,,,,,,,,,,,,,,0.0,0.0,,,,,,,,,,,,
32_Phoenix_City,Quantum,15324,20,40,402048,7,0.661785600008443,95.0,579.8246923076923,1776.7895384615383,1.752981709059163,3.261520128460744,13099.13646153846,20.88496649998706,20.86830720002763,0.0080525999655947,0.0024058999842964,0.0056466999812982,,20.86830720002763,0.0001753999968059,0.0043595000170171,0.0005789999850094,0.0021016999962739,20.88496649998706,,,,,,,,0.0,,0,39,2988.9,1268.0,4654.0,2139.75,3120.0,3964.5,2108.0,4176.0,0.0018804220863138,0.0037608441726277,0.0037968675842429,0.0018984337921214,7.924098671726755,8.0,4.0,50000.0,25000.0,2.0,,,,,,,,,,,,,,,,,,,,,5000.0,25000.0,1000.0,1000.0,1.0,366.0,19.0,347.0,0.9480874316939892,1.0,2108.0,,,,,,,,,,,,,,
32_Phoenix_City,ClassicalGreedy,15324,20,40,402049,8,0.7064412999898195,92.5,661.0335592515593,1777.7390769230767,1.1144814588505227,1.9772084413737088,10176.665846153845,0.0044819999602623,0.003674299980048,,,,,,,,,,,,,,,,,,,,0,37,2748.425,1241.0,4746.0,1844.25,2713.0,3540.0,,,,,,,,,,,,,,,,,,,,,,,,,,0.0018540999735705,10859.0,0.0010796999558806,0.0005408000433817,0.0034745999728329,142072.5516736268,19.0,,,,,,,,,,,,,,,,,,,,,,,,,
32_Phoenix_City,Classical,15324,20,40,402049,8,0.7064412999898195,100.0,657.4765961538462,1777.7390769230767,1.108063128131917,2.0608358685264907,10924.496615384616,0.4161112000001594,0.4151579000172205,,,,,,,,,,,10899.0,60.0,10899.0,31977.0,,,,,,0,37,2748.425,1241.0,4746.0,1844.25,2713.0,3540.0,,,,,,,,,,,,,,,,,,,,,,,,,,,,,,,,,,,,,,,,,,,,0.0,0.0,,,,,,,,,,,,
32_Phoenix_City,Quantum,15324,20,40,402049,8,0.7064412999898195,100.0,582.5596961538462,1756.2356923076925,1.660523979337729,3.725111066610299,16341.347692307692,20.17534389998764,20.160237700038124,0.0062190999742597,0.00079859996913,0.0054205000051297,,20.160237700038124,0.0001752999960444,0.0045667000231333,0.0005926999729126,0.0021136999712325,20.17534389998764,,,,,,,,0.0,,0,37,2748.425,1241.0,4746.0,1844.25,2713.0,3540.0,2045.0,4050.0,0.0019378083148723,0.0038756166297446,0.0039138943248532,0.0019569471624266,7.921760391198044,8.0,4.0,50000.0,25000.0,2.0,,,,,,,,,,,,,,,,,,,,,5000.0,25000.0,1000.0,1000.0,1.0,356.0,20.0,336.0,0.9438202247191012,1.0,2045.0,,,,,,,,,,,,,,
32_Phoenix_City,ClassicalGreedy,15324,20,40,402050,9,0.6887526000500657,92.5,560.0826444906445,1697.494153846154,1.2332518757621715,2.0,9044.15123076923,0.0045527999754995,0.0037158000050112,,,,,,,,,,,,,,,,,,,,0,39,2901.15,1361.0,4689.0,2084.0,2868.0,3752.5,,,,,,,,,,,,,,,,,,,,,,,,,,0.0019334999960847,10491.0,0.0010385999921709,0.0005371000152081,0.0035092000034637,136769.35680271417,19.0,,,,,,,,,,,,,,,,,,,,,,,,,
32_Phoenix_City,Classical,15324,20,40,402050,9,0.6887526000500657,100.0,599.2444538461539,1787.0603076923076,1.2224830113155236,2.816837136828141,9444.842,0.7671255999593996,0.7661751999985427,,,,,,,,,,,10531.0,60.0,10531.0,30903.0,,,,,,0,39,2901.15,1361.0,4689.0,2084.0,2868.0,3752.5,,,,,,,,,,,,,,,,,,,,,,,,,,,,,,,,,,,,,,,,,,,,0.0,0.0,,,,,,,,,,,,
32_Phoenix_City,Quantum,15324,20,40,402050,9,0.6887526000500657,80.0,575.6486249999999,1743.7501538461538,1.799670647314407,4.000612362927096,10223.89046153846,20.49329010001384,20.479109600011725,0.0063388000125996,0.0007905000238679,0.0055482999887317,,20.479109600011725,0.0001684000017121,0.0037990999990142,0.0004582999972626,0.002089400019031,20.49329010001384,,,,,,,,0.0,,0,39,2901.15,1361.0,4689.0,2084.0,2868.0,3752.5,2087.0,4134.0,0.0018991694464339,0.0037983388928678,0.0038350910834132,0.0019175455417066,7.923334930522281,8.0,4.0,50000.0,25000.0,2.0,,,,,,,,,,,,,,,,,,,,,5000.0,25000.0,1000.0,1000.0,1.0,361.0,19.0,342.0,0.9473684210526316,1.0,2087.0,,,,,,,,,,,,,,
32_Phoenix_City,ClassicalGreedy,15324,20,40,402051,10,0.717826200008858,97.5,359.3637712031558,1734.4544615384611,1.1672733765133514,2.011928794461383,8919.123999999996,0.005384000018239,0.0045275000156834,,,,,,,,,,,,,,,,,,,,0,40,2928.55,1266.0,4704.0,1999.75,2895.0,3721.75,,,,,,,,,,,,,,,,,,,,,,,,,,0.0024145999923348,12634.0,0.0013321000151336,0.0005092999781481,0.0042559999856166,168284.76126818708,20.0,,,,,,,,,,,,,,,,,,,,,,,,,
32_Phoenix_City,Classical,15324,20,40,402051,10,0.717826200008858,100.0,359.5455076923077,1722.1027692307694,1.100223573405151,1.6805811040451293,8611.127076923076,1.006287399970461,1.0053169999737293,,,,,,,,,,,12674.0,60.0,12674.0,37254.0,,,,,,0,40,2928.55,1266.0,4704.0,1999.75,2895.0,3721.75,,,,,,,,,,,,,,,,,,,,,,,,,,,,,,,,,,,,,,,,,,,,0.0,0.0,,,,,,,,,,,,
32_Phoenix_City,Quantum,15324,20,40,402051,10,0.717826200008858,95.0,324.3678299595142,1722.1027692307694,1.7029445477327183,4.082690025544582,11767.062769230768,21.041211000003383,21.009963100019377,0.0071313999942503,0.0009184000082314,0.0062129999860189,,21.009963100019377,0.00018380000256,0.0048791000153869,0.0005956999957561,0.0019674000213854,21.041211000003383,,,,,,,,0.0,,0,40,2928.55,1266.0,4704.0,1999.75,2895.0,3721.75,2111.0,4182.0,0.0018777740609445,0.0037555481218891,0.0037914691943127,0.0018957345971563,7.924206537186167,8.0,4.0,50000.0,25000.0,2.0,,,,,,,,,,,,,,,,,,,,,5000.0,25000.0,1000.0,1000.0,1.0,366.0,19.0,347.0,0.9480874316939892,1.0,2111.0,,,,,,,,,,,,,,
32_Phoenix_City,ClassicalGreedy,15324,30,30,303042,1,0.7256606000009924,100.0,430.7227692307692,1792.4101538461537,1.0343603485013717,1.55301219491656,9101.09430769231,0.005201699968893,0.0044596000225283,,,,,,,,,,,,,,,,,,,,0,28,3104.366666666667,1215.0,4706.0,2271.25,3108.5,4156.0,,,,,,,,,,,,,,,,,,,,,,,,,,0.0020694000413641,9944.0,0.0010199000244028,0.0011479999520815,0.0042373000178486,128248.27531844017,15.0,,,,,,,,,,,,,,,,,,,,,,,,,
32_Phoenix_City,Classical,15324,30,30,303042,1,0.7256606000009924,100.0,367.38930256410254,1730.0003076923076,0.9881830815179452,2.154506865061048,7910.653384615386,0.5200299000134692,0.5192959000123665,,,,,,,,,,,9974.0,60.0,9974.0,29121.0,,,,,,0,28,3104.366666666667,1215.0,4706.0,2271.25,3108.5,4156.0,,,,,,,,,,,,,,,,,,,,,,,,,,,,,,,,,,,,,,,,,,,,0.0,0.0,,,,,,,,,,,,
32_Phoenix_City,Quantum,15324,30,30,303042,1,0.7256606000009924,96.66666666666669,487.5868647214854,1756.642769230769,1.2962149192954957,2.6355300588164816,10314.10953846154,12.42661650001537,12.412757500016596,0.0048230999964289,0.000697300012689,0.0041257999837398,,12.412757500016596,0.0001167000154964,0.0056258999975398,0.000477600027807,0.0014002000098116,12.42661650001537,,,,,,,,0.0,,0,28,3104.366666666667,1215.0,4706.0,2271.25,3108.5,4156.0,1335.0,2610.0,0.0029311187103077,0.0058622374206155,0.0059970014992503,0.0029985007496251,7.820224719101123,8.0,4.0,50000.0,20052.47707692308,2.493457531864795,,,,,,,,,,,,,,,,,,,,,5000.0,25000.0,1000.0,1000.0,1.0,237.0,17.0,220.0,0.9282700421940928,1.0,1335.0,,,,,,,,,,,,,,
32_Phoenix_City,ClassicalGreedy,15324,30,30,303043,2,0.6896028000046499,100.0,422.2410102564102,1695.8175384615383,1.1097356641627916,1.863704078477668,7398.034153846154,0.0046955000143498,0.004058199992869,,,,,,,,,,,,,,,,,,,,0,26,3111.266666666667,1379.0,4800.0,2449.75,3278.5,3708.75,,,,,,,,,,,,,,,,,,,,,,,,,,0.0025820999871939,7123.0,0.0006969000096432,0.0006245000404305,0.0039035000372678,88199.20126706903,15.0,,,,,,,,,,,,,,,,,,,,,,,,,
32_Phoenix_City,Classical,15324,30,30,303043,2,0.6896028000046499,100.0,503.9677435897436,1752.1021538461537,1.1555498911516922,2.1392150995601016,7025.376615384616,0.4383362000226043,0.4376225000014528,,,,,,,,,,,7153.0,60.0,7153.0,20801.0,,,,,,0,26,3111.266666666667,1379.0,4800.0,2449.75,3278.5,3708.75,,,,,,,,,,,,,,,,,,,,,,,,,,,,,,,,,,,,,,,,,,,,0.0,0.0,,,,,,,,,,,,
32_Phoenix_City,Quantum,15324,30,30,303043,2,0.6896028000046499,96.66666666666669,532.6041909814323,1752.1021538461537,1.6578122279656038,3.130373154700657,10158.403384615382,12.397150499979034,12.386217600025702,0.0042846999713219,0.0005435000057332,0.0037411999655887,,12.386217600025702,0.0001147000002674,0.0036707000108435,0.0004184999852441,0.0012812999775633,12.397150499979034,,,,,,,,0.0,,0,26,3111.266666666667,1379.0,4800.0,2449.75,3278.5,3708.75,1335.0,2610.0,0.0029311187103077,0.0058622374206155,0.0059970014992503,0.0029985007496251,7.820224719101123,8.0,4.0,50000.0,20042.26923076923,2.4947274894022056,,,,,,,,,,,,,,,,,,,,,5000.0,25000.0,1000.0,1000.0,1.0,240.0,17.0,223.0,0.9291666666666668,1.0,1335.0,,,,,,,,,,,,,,
32_Phoenix_City,ClassicalGreedy,15324,30,30,303044,3,0.6927323000272736,100.0,532.9976923076923,1786.6415384615384,1.08910291017992,1.339140553945577,8053.345076923077,0.0045627999934367,0.0039043999859131,,,,,,,,,,,,,,,,,,,,0,29,2924.5333333333333,1548.0,4661.0,1988.25,2623.5,3929.25,,,,,,,,,,,,,,,,,,,,,,,,,,0.0019049999536946,9095.0,0.000934999960009,0.0008448000298812,0.0036847999435849,116086.87480711674,15.0,,,,,,,,,,,,,,,,,,,,,,,,,
32_Phoenix_City,Classical,15324,30,30,303044,3,0.6927323000272736,100.0,532.356117948718,1724.5403076923076,1.0179364822326402,1.266161518372821,7041.273692307692,0.8292582000140101,0.8285702000139281,,,,,,,,,,,9125.0,60.0,9125.0,26626.0,,,,,,0,29,2924.5333333333333,1548.0,4661.0,1988.25,2623.5,3929.25,,,,,,,,,,,,,,,,,,,,,,,,,,,,,,,,,,,,,,,,,,,,0.0,0.0,,,,,,,,,,,,
32_Phoenix_City,Quantum,15324,30,30,303044,3,0.6927323000272736,100.0,418.66524615384617,1669.8473846153847,1.5936153899197218,2.396387477553015,11096.444307692307,12.358674599963706,12.346315399976447,0.0042625999776646,0.0006067999638617,0.0036558000138029,,12.346315399976447,0.0001190000330097,0.0047805000212974,0.0004334999830462,0.0013637999654747,12.358674599963706,,,,,,,,0.0,,0,29,2924.5333333333333,1548.0,4661.0,1988.25,2623.5,3929.25,1335.0,2610.0,0.0029311187103077,0.0058622374206155,0.0059970014992503,0.0029985007496251,7.820224719101123,8.0,4.0,50000.0,20033.81846153846,2.49577982829342,,,,,,,,,,,,,,,,,,,,,5000.0,25000.0,1000.0,1000.0,1.0,240.0,18.0,222.0,0.925,1.0,1335.0,,,,,,,,,,,,,,
32_Phoenix_City,ClassicalGreedy,15324,30,30,303045,4,0.6813168000080623,100.0,366.0088923076923,1711.3652307692314,1.1034716837157112,1.6100604568307963,8793.74769230769,0.0051170000224374,0.0044727000058628,,,,,,,,,,,,,,,,,,,,0,30,2854.866666666667,1253.0,4583.0,1824.0,2920.0,3928.5,,,,,,,,,,,,,,,,,,,,,,,,,,0.0016080999630503,10647.0,0.0012316999491304,0.0012861000141128,0.0041258999262936,138468.120790551,15.0,,,,,,,,,,,,,,,,,,,,,,,,,
32_Phoenix_City,Classical,15324,30,30,303045,4,0.6813168000080623,100.0,332.590841025641,1780.624923076923,0.973221146798763,1.3820359461333744,7239.874461538461,0.6811995999887586,0.6804983000038192,,,,,,,,,,,10677.0,60.0,10677.0,31206.0,,,,,,0,30,2854.866666666667,1253.0,4583.0,1824.0,2920.0,3928.5,,,,,,,,,,,,,,,,,,,,,,,,,,,,,,,,,,,,,,,,,,,,0.0,0.0,,,,,,,,,,,,
32_Phoenix_City,Quantum,15324,30,30,303045,4,0.6813168000080623,96.66666666666669,240.45206896551727,1737.1436923076926,1.2995018516814194,2.038353884995016,9723.739384615386,12.454754500009583,12.44180420000339,0.0045931999920867,0.0007419000030495,0.0038512999890372,,12.44180420000339,0.0001046000397764,0.0051422999822534,0.0004217000096105,0.0013548000133596,12.454754500009583,,,,,,,,0.0,,0,30,2854.866666666667,1253.0,4583.0,1824.0,2920.0,3928.5,1335.0,2610.0,0.0029311187103077,0.0058622374206155,0.0059970014992503,0.0029985007496251,7.820224719101123,8.0,4.0,50000.0,20105.79323076923,2.486845429380109,,,,,,,,,,,,,,,,,,,,,5000.0,25000.0,1000.0,1000.0,1.0,238.0,17.0,221.0,0.9285714285714286,1.0,1335.0,,,,,,,,,,,,,,
32_Phoenix_City,ClassicalGreedy,15324,30,30,303046,5,0.7026185000431724,100.0,431.73317948717954,1741.7015384615383,1.217548983101237,2.2074341142959795,6656.840615384615,0.0045918999821878,0.003940499969758,,,,,,,,,,,,,,,,,,,,0,30,2918.8,1339.0,4518.0,1948.75,2963.5,3868.5,,,,,,,,,,,,,,,,,,,,,,,,,,0.0015927000204101,9176.0,0.0010236999951303,0.0010803000186569,0.0036967000341974,117191.882160795,15.0,,,,,,,,,,,,,,,,,,,,,,,,,
32_Phoenix_City,Classical,15324,30,30,303046,5,0.7026185000431724,100.0,378.0018564102565,1741.7015384615383,1.067400404717774,2.222975761884016,5549.074769230769,0.5863374000182375,0.585626800020691,,,,,,,,,,,9206.0,60.0,9206.0,26850.0,,,,,,0,30,2918.8,1339.0,4518.0,1948.75,2963.5,3868.5,,,,,,,,,,,,,,,,,,,,,,,,,,,,,,,,,,,,,,,,,,,,0.0,0.0,,,,,,,,,,,,
32_Phoenix_City,Quantum,15324,30,30,303046,5,0.7026185000431724,96.66666666666669,436.1874694960212,1711.1144615384617,1.5211043046926525,3.367336601715901,7499.827846153845,12.313666699978056,12.286537700041665,0.0043580999481491,0.000615699973423,0.0037423999747261,,12.286537700041665,0.0001073000021278,0.0048230999964289,0.0004732999950647,0.0013871000264771,12.313666699978056,,,,,,,,0.0,,0,30,2918.8,1339.0,4518.0,1948.75,2963.5,3868.5,1335.0,2610.0,0.0029311187103077,0.0058622374206155,0.0059970014992503,0.0029985007496251,7.820224719101123,8.0,4.0,50000.0,20077.58523076924,2.490339322448706,,,,,,,,,,,,,,,,,,,,,5000.0,25000.0,1000.0,1000.0,1.0,240.0,16.0,224.0,0.9333333333333332,1.0,1335.0,,,,,,,,,,,,,,
32_Phoenix_City,ClassicalGreedy,15324,30,30,303047,6,0.5860459000105038,96.66666666666669,569.7135915119362,1774.918461538461,1.1229858327818203,1.4117647058823526,7350.237230769231,0.0041905000107362,0.003602500015404,,,,,,,,,,,,,,,,,,,,0,27,3187.0,1210.0,4682.0,2536.75,3130.5,4250.25,,,,,,,,,,,,,,,,,,,,,,,,,,0.0018579000025056,8336.0,0.0008291999693028,0.0007401999901048,0.0034272999619133,105217.5329893945,15.0,,,,,,,,,,,,,,,,,,,,,,,,,
32_Phoenix_City,Classical,15324,30,30,303047,6,0.5860459000105038,100.0,546.6698153846154,1674.7529230769233,1.050198222323649,1.2645192554084876,6971.711076923078,0.3035833000321872,0.3029084000154398,,,,,,,,,,,8366.0,60.0,8366.0,24369.0,,,,,,0,27,3187.0,1210.0,4682.0,2536.75,3130.5,4250.25,,,,,,,,,,,,,,,,,,,,,,,,,,,,,,,,,,,,,,,,,,,,0.0,0.0,,,,,,,,,,,,
32_Phoenix_City,Quantum,15324,30,30,303047,6,0.5860459000105038,96.66666666666669,609.8289124668435,1674.7529230769233,1.6860089764002424,3.7422477357929553,10008.72492307692,12.31500080000842,12.3033966999501,0.0041118000517599,0.0004495000466704,0.0036623000050894,,12.3033966999501,0.0001212999923154,0.0041734999977052,0.0003996000159531,0.0013974999892525,12.31500080000842,,,,,,,,0.0,,0,27,3187.0,1210.0,4682.0,2536.75,3130.5,4250.25,1335.0,2610.0,0.0029311187103077,0.0058622374206155,0.0059970014992503,0.0029985007496251,7.820224719101123,8.0,4.0,50000.0,20073.031692307693,2.490904252353709,,,,,,,,,,,,,,,,,,,,,5000.0,25000.0,1000.0,1000.0,1.0,239.0,16.0,223.0,0.9330543933054394,1.0,1335.0,,,,,,,,,,,,,,
32_Phoenix_City,ClassicalGreedy,15324,30,30,303048,7,0.6649359000148252,100.0,566.3599538461538,1730.183384615385,1.1777950068014484,1.8001123191039912,8877.793846153847,0.0047949000145308,0.004147500032559,,,,,,,,,,,,,,,,,,,,0,27,3233.633333333333,1406.0,4798.0,2352.75,3533.0,3933.5,,,,,,,,,,,,,,,,,,,,,,,,,,0.0020278000156395,8342.0,0.0009989000391215,0.0009117999579757,0.0039385000127367,105289.55909615503,15.0,,,,,,,,,,,,,,,,,,,,,,,,,
32_Phoenix_City,Classical,15324,30,30,303048,7,0.6649359000148252,100.0,425.4493897435897,1483.468615384615,1.0966401334798916,1.6881830233974704,7637.6101538461535,0.3135115000186488,0.3128160000196658,,,,,,,,,,,8372.0,60.0,8372.0,24383.0,,,,,,0,27,3233.633333333333,1406.0,4798.0,2352.75,3533.0,3933.5,,,,,,,,,,,,,,,,,,,,,,,,,,,,,,,,,,,,,,,,,,,,0.0,0.0,,,,,,,,,,,,
32_Phoenix_City,Quantum,15324,30,30,303048,7,0.6649359000148252,96.66666666666669,571.5780106100796,1709.2520000000004,1.6219463532657863,2.1600790621592143,11943.58276923077,12.337777799984906,12.326357699988876,0.0044318999862298,0.0005749999545514,0.0038569000316783,,12.326357699988876,0.0001208999892696,0.0037797999684698,0.0003976000007241,0.0013231000048108,12.337777799984906,,,,,,,,0.0,,0,27,3233.633333333333,1406.0,4798.0,2352.75,3533.0,3933.5,1335.0,2610.0,0.0029311187103077,0.0058622374206155,0.0059970014992503,0.0029985007496251,7.820224719101123,8.0,4.0,50000.0,20079.75723076923,2.4900699458349256,,,,,,,,,,,,,,,,,,,,,5000.0,25000.0,1000.0,1000.0,1.0,239.0,16.0,223.0,0.9330543933054394,1.0,1335.0,,,,,,,,,,,,,,
32_Phoenix_City,ClassicalGreedy,15324,30,30,303049,8,0.6121050999499857,100.0,560.6005333333334,1669.9384615384615,1.211464175251981,2.8358755520001733,8547.48876923077,0.0049128999817185,0.0043174999882467,,,,,,,,,,,,,,,,,,,,0,27,2979.9333333333334,1233.0,4798.0,2197.75,3235.0,3494.25,,,,,,,,,,,,,,,,,,,,,,,,,,0.0016826000064611,9883.0,0.0013042999780736,0.0011068999883718,0.0040937999729067,127368.20640311952,15.0,,,,,,,,,,,,,,,,,,,,,,,,,
32_Phoenix_City,Classical,15324,30,30,303049,8,0.6121050999499857,100.0,447.8422974358974,1669.9384615384615,1.206903672444262,2.556771459627493,7722.068153846153,0.7044330000062473,0.7036819999921136,,,,,,,,,,,9913.0,60.0,9913.0,28941.0,,,,,,0,27,2979.9333333333334,1233.0,4798.0,2197.75,3235.0,3494.25,,,,,,,,,,,,,,,,,,,,,,,,,,,,,,,,,,,,,,,,,,,,0.0,0.0,,,,,,,,,,,,
32_Phoenix_City,Quantum,15324,30,30,303049,8,0.6121050999499857,96.66666666666669,380.6643819628648,1665.3578461538464,1.4902381755242151,2.07010149868308,11170.582153846157,12.297969300008845,12.285405600036029,0.0046989999827928,0.0006558999884873,0.0040430999943055,,12.285405600036029,0.0001072000013664,0.0048907000455074,0.0004156999639235,0.001242899976205,12.297969300008845,,,,,,,,0.0,,0,27,2979.9333333333334,1233.0,4798.0,2197.75,3235.0,3494.25,1335.0,2610.0,0.0029311187103077,0.0058622374206155,0.0059970014992503,0.0029985007496251,7.820224719101123,8.0,4.0,50000.0,20091.22707692308,2.4886483940759567,,,,,,,,,,,,,,,,,,,,,5000.0,25000.0,1000.0,1000.0,1.0,238.0,16.0,222.0,0.9327731092436976,1.0,1335.0,,,,,,,,,,,,,,
32_Phoenix_City,ClassicalGreedy,15324,30,30,303050,9,0.6926085000159219,100.0,589.0824102564103,1771.6895384615386,1.0773735385309915,1.4737315680897805,6580.963384615384,0.0044085999834351,0.0036706999526359,,,,,,,,,,,,,,,,,,,,0,29,3265.133333333333,1384.0,4769.0,2308.75,3607.0,4144.5,,,,,,,,,,,,,,,,,,,,,,,,,,0.0016356999985873,9184.0,0.0009108000085689,0.0009269999573007,0.003473499964457,117361.78506590046,15.0,,,,,,,,,,,,,,,,,,,,,,,,,
32_Phoenix_City,Classical,15324,30,30,303050,9,0.6926085000159219,100.0,500.82412820512826,1549.599076923077,1.1004585193155612,2.783531389879802,5966.787076923076,0.3683311000349931,0.3675985999871045,,,,,,,,,,,9214.0,60.0,9214.0,26889.0,,,,,,0,29,3265.133333333333,1384.0,4769.0,2308.75,3607.0,4144.5,,,,,,,,,,,,,,,,,,,,,,,,,,,,,,,,,,,,,,,,,,,,0.0,0.0,,,,,,,,,,,,
32_Phoenix_City,Quantum,15324,30,30,303050,9,0.6926085000159219,96.66666666666669,600.7388647214854,1769.072,1.483644336564595,2.304770675171825,9214.79323076923,12.351445699983742,12.338745900022332,0.0052627999684773,0.0006400999845936,0.0046226999838836,,12.338745900022332,0.0001192999770864,0.0042981000151485,0.0004315999685786,0.0013329000212252,12.351445699983742,,,,,,,,0.0,,0,29,3265.133333333333,1384.0,4769.0,2308.75,3607.0,4144.5,1335.0,2610.0,0.0029311187103077,0.0058622374206155,0.0059970014992503,0.0029985007496251,7.820224719101123,8.0,4.0,50000.0,20069.738769230768,2.4913129450720994,,,,,,,,,,,,,,,,,,,,,5000.0,25000.0,1000.0,1000.0,1.0,239.0,16.0,223.0,0.9330543933054394,1.0,1335.0,,,,,,,,,,,,,,
32_Phoenix_City,ClassicalGreedy,15324,30,30,303051,10,0.6359419000218622,100.0,500.7933076923077,1760.064,1.247597571439132,1.9895531563700064,6984.337846153845,0.0044711999944411,0.0037961999769322,,,,,,,,,,,,,,,,,,,,0,30,3166.7,1253.0,4717.0,2424.0,3211.0,4057.25,,,,,,,,,,,,,,,,,,,,,,,,,,0.0018917000270448,8171.0,0.0008902000263333,0.0008143999730236,0.0035963000264018,102912.45907866814,15.0,,,,,,,,,,,,,,,,,,,,,,,,,
32_Phoenix_City,Classical,15324,30,30,303051,10,0.6359419000218622,100.0,544.8343743589744,1785.4873846153846,1.2162122878693824,2.467476107880149,6334.926153846153,0.3092891999986022,0.3085621999925934,,,,,,,,,,,8201.0,60.0,8201.0,23891.0,,,,,,0,30,3166.7,1253.0,4717.0,2424.0,3211.0,4057.25,,,,,,,,,,,,,,,,,,,,,,,,,,,,,,,,,,,,,,,,,,,,0.0,0.0,,,,,,,,,,,,
32_Phoenix_City,Quantum,15324,30,30,303051,10,0.6359419000218622,100.0,349.615517948718,1653.8618461538465,1.6038539458625536,3.057038469940512,9408.456307692308,12.382793600030707,12.354741099989042,0.0043696000357158,0.0005891000037081,0.0037805000320076,,12.354741099989042,0.0001243000151589,0.0064197999890893,0.0004759000148624,0.0013588999863713,12.382793600030707,,,,,,,,0.0,,0,30,3166.7,1253.0,4717.0,2424.0,3211.0,4057.25,1335.0,2610.0,0.0029311187103077,0.0058622374206155,0.0059970014992503,0.0029985007496251,7.820224719101123,8.0,4.0,50000.0,20055.67569230769,2.493059858321173,,,,,,,,,,,,,,,,,,,,,5000.0,25000.0,1000.0,1000.0,1.0,240.0,17.0,223.0,0.9291666666666668,1.0,1335.0,,,,,,,,,,,,,,
32_Phoenix_City,ClassicalGreedy,15324,30,60,603042,1,1.2383673000149429,90.0,422.64349287749286,1776.1289230769237,1.132302608802702,2.113588990981794,12954.98646153846,0.0123858000151813,0.0111324000172317,,,,,,,,,,,,,,,,,,,,0,58,2975.9333333333334,1340.0,4764.0,2200.5,2806.5,4026.5,,,,,,,,,,,,,,,,,,,,,,,,,,0.005448600044474,33127.0,0.0036581000313162,0.0012937999563291,0.0104005000321194,489464.0100989153,27.0,,,,,,,,,,,,,,,,,,,,,,,,,
32_Phoenix_City,Classical,15324,30,60,603042,1,1.2383673000149429,100.0,622.7142,1793.376307692307,1.0776388238807195,2.856906807666886,14094.048923076924,2.992861099948641,2.9912445999798365,,,,,,,,,,,33187.0,90.0,33187.0,98130.0,,,,,,0,58,2975.9333333333334,1340.0,4764.0,2200.5,2806.5,4026.5,,,,,,,,,,,,,,,,,,,,,,,,,,,,,,,,,,,,,,,,,,,,0.0,0.0,,,,,,,,,,,,
32_Phoenix_City,Quantum,15324,30,60,603042,1,1.2383673000149429,90.0,558.7165698005698,1632.561846153846,1.5120556366286235,2.646077302890212,17132.844461538465,38.030515799997374,37.90571880002972,0.1085256999940611,0.0023842999944463,0.1061413999996148,,37.90571880002972,0.0003705999697558,0.0095020000007934,0.0008626999915577,0.00333049998153,38.030515799997374,,,,,,,,0.0,,0,58,2975.9333333333334,1340.0,4764.0,2200.5,2806.5,4026.5,3723.0,7386.0,0.001066031146988,0.002132062293976,0.0021493820526598,0.0010746910263299,7.935535858178888,8.0,4.0,50000.0,25000.0,2.0,,,,,,,,,,,,,,,,,,,,,5000.0,25000.0,1000.0,1000.0,1.0,645.0,29.0,616.0,0.9550387596899224,1.0,3723.0,,,,,,,,,,,,,,
32_Phoenix_City,ClassicalGreedy,15324,30,60,603043,2,1.3128441000008024,98.33333333333331,464.4799843546284,1715.2236923076923,1.063241551407313,2.2860220276485737,13509.47276923077,0.0138338999822735,0.0125309000140987,,,,,,,,,,,,,,,,,,,,0,59,2864.3,1374.0,4784.0,2125.0,2747.5,3825.25,,,,,,,,,,,,,,,,,,,,,,,,,,0.0060764999943785,37921.0,0.0041479999781586,0.0015615000156685,0.0117859999882057,567953.986915565,30.0,,,,,,,,,,,,,,,,,,,,,,,,,
32_Phoenix_City,Classical,15324,30,60,603043,2,1.3128441000008024,100.0,506.62484102564105,1794.629230769231,0.986838622883422,2.2860220276485737,12816.106461538462,4.181362000002991,4.179960800043773,,,,,,,,,,,37981.0,90.0,37981.0,112379.0,,,,,,0,59,2864.3,1374.0,4784.0,2125.0,2747.5,3825.25,,,,,,,,,,,,,,,,,,,,,,,,,,,,,,,,,,,,,,,,,,,,0.0,0.0,,,,,,,,,,,,
32_Phoenix_City,Quantum,15324,30,60,603043,2,1.3128441000008024,93.33333333333331,464.865739010989,1744.5640000000003,1.4242331923457774,3.61720709860357,16535.895076923076,35.99297090002801,35.96430990000954,0.0114351999945938,0.0019575000042095,0.0094776999903842,,35.96430990000954,0.0003173000295646,0.0106595000252127,0.0009225999820046,0.0036142999888397,35.99297090002801,,,,,,,,0.0,,0,59,2864.3,1374.0,4784.0,2125.0,2747.5,3825.25,3597.0,7134.0,0.0011030697624364,0.0022061395248728,0.0022246941045606,0.0011123470522803,7.933277731442869,8.0,4.0,50000.0,25000.0,2.0,,,,,,,,,,,,,,,,,,,,,5000.0,25000.0,1000.0,1000.0,1.0,617.0,28.0,589.0,0.9546191247974068,1.0,3597.0,,,,,,,,,,,,,,
32_Phoenix_City,ClassicalGreedy,15324,30,60,603044,3,1.2958714999840597,95.0,419.5980782726047,1754.0692307692316,1.0291421737683517,2.03379458650526,13592.39107692308,0.0133822000352665,0.0120924999937415,,,,,,,,,,,,,,,,,,,,0,55,2944.366666666667,1200.0,4708.0,2066.75,2878.0,3769.25,,,,,,,,,,,,,,,,,,,,,,,,,,0.0060079999966546,35570.0,0.003838199947495,0.0015564000350423,0.011402599979192,529205.5804044005,29.0,,,,,,,,,,,,,,,,,,,,,,,,,
32_Phoenix_City,Classical,15324,30,60,603044,3,1.2958714999840597,100.0,492.7284897435897,1770.049846153846,1.0192877447009794,2.121550644829657,14176.303692307694,3.014152599964291,3.01273689995287,,,,,,,,,,,35630.0,90.0,35630.0,105361.0,,,,,,0,55,2944.366666666667,1200.0,4708.0,2066.75,2878.0,3769.25,,,,,,,,,,,,,,,,,,,,,,,,,,,,,,,,,,,,,,,,,,,,0.0,0.0,,,,,,,,,,,,
32_Phoenix_City,Quantum,15324,30,60,603044,3,1.2958714999840597,86.66666666666667,538.0203550295857,1770.0495384615383,1.4318981621696452,2.1980326868276907,17463.289076923073,36.06037949997699,36.032885600056034,0.0115755000151693,0.0019667000160552,0.0096087999991141,,36.032885600056034,0.0004517999477684,0.0096480000065639,0.0008424000116065,0.0030154999694786,36.06037949997699,,,,,,,,0.0,,0,55,2944.366666666667,1200.0,4708.0,2066.75,2878.0,3769.25,3669.0,7278.0,0.0010815958398239,0.0021631916796478,0.0021810250817884,0.0010905125408942,7.934587080948487,8.0,4.0,50000.0,25000.0,2.0,,,,,,,,,,,,,,,,,,,,,5000.0,25000.0,1000.0,1000.0,1.0,637.0,26.0,611.0,0.9591836734693876,1.0,3669.0,,,,,,,,,,,,,,
32_Phoenix_City,ClassicalGreedy,15324,30,60,603045,4,1.2828197000198998,88.33333333333333,514.0327779390421,1777.6640000000002,1.2298977096220358,2.58096400036868,11936.864615384617,0.0133880999637767,0.0121567999594844,,,,,,,,,,,,,,,,,,,,0,56,3067.016666666667,1213.0,4800.0,2286.25,3163.5,4014.75,,,,,,,,,,,,,,,,,,,,,,,,,,0.00584150000941,32811.0,0.004074600059539,0.0014965999871492,0.0114127000560984,484201.4569539564,27.0,,,,,,,,,,,,,,,,,,,,,,,,,
32_Phoenix_City,Classical,15324,30,60,603045,4,1.2828197000198998,100.0,595.2023179487179,1732.157846153846,1.1254918663421911,2.047723652693397,13194.558153846152,2.89347110001836,2.892048400011845,,,,,,,,,,,32871.0,90.0,32871.0,97164.0,,,,,,0,56,3067.016666666667,1213.0,4800.0,2286.25,3163.5,4014.75,,,,,,,,,,,,,,,,,,,,,,,,,,,,,,,,,,,,,,,,,,,,0.0,0.0,,,,,,,,,,,,
32_Phoenix_City,Quantum,15324,30,60,603045,4,1.2828197000198998,93.33333333333331,591.2368736263736,1791.8258461538462,1.5821755755933729,3.87236018897746,16726.940461538463,35.45013220002875,35.34753169998294,0.0869628000073134,0.0017484000418335,0.0852143999654799,,35.34753169998294,0.0003496000426821,0.0092688000295311,0.0008708999957889,0.0033700999920256,35.45013220002875,,,,,,,,0.0,,0,56,3067.016666666667,1213.0,4800.0,2286.25,3163.5,4014.75,3546.0,7032.0,0.0011188036819332,0.0022376073638665,0.0022566995768688,0.0011283497884344,7.932318104906938,8.0,4.0,50000.0,25000.0,2.0,,,,,,,,,,,,,,,,,,,,,5000.0,25000.0,1000.0,1000.0,1.0,609.0,28.0,581.0,0.9540229885057472,1.0,3546.0,,,,,,,,,,,,,,
32_Phoenix_City,ClassicalGreedy,15324,30,60,603046,5,1.061088600021321,86.66666666666667,561.9785562130178,1783.3073846153843,1.18148180135111,2.7412238440364045,11299.93646153846,0.0118636999977752,0.0106532999780029,,,,,,,,,,,,,,,,,,,,0,56,2945.133333333333,1207.0,4726.0,2105.75,2922.0,3927.5,,,,,,,,,,,,,,,,,,,,,,,,,,0.005699299974367,28514.0,0.0030680000199936,0.0013405000790953,0.010107800073456,414649.1402384389,26.0,,,,,,,,,,,,,,,,,,,,,,,,,
32_Phoenix_City,Classical,15324,30,60,603046,5,1.061088600021321,100.0,660.2068307692308,1798.8916923076922,1.2616418348568326,3.4210921313941256,14197.436461538462,2.526594599999953,2.525170099979732,,,,,,,,,,,28574.0,90.0,28574.0,84366.0,,,,,,0,56,2945.133333333333,1207.0,4726.0,2105.75,2922.0,3927.5,,,,,,,,,,,,,,,,,,,,,,,,,,,,,,,,,,,,,,,,,,,,0.0,0.0,,,,,,,,,,,,
32_Phoenix_City,Quantum,15324,30,60,603046,5,1.061088600021321,83.33333333333333,619.0793907692307,1729.1846153846154,1.6421100361511742,3.982888299726055,15129.334307692308,34.948393400001805,34.9214736999711,0.0116590000106953,0.0019667000160552,0.00969229999464,,34.9214736999711,0.0003009000211022,0.0091496999957598,0.0008028000011108,0.003389099962078,34.948393400001805,,,,,,,,0.0,,0,56,2945.133333333333,1207.0,4726.0,2105.75,2922.0,3927.5,3552.0,7044.0,0.0011169293765745,0.002233858753149,0.002252886510842,0.001126443255421,7.932432432432432,8.0,4.0,50000.0,25000.0,2.0,,,,,,,,,,,,,,,,,,,,,5000.0,25000.0,1000.0,1000.0,1.0,608.0,29.0,579.0,0.9523026315789472,1.0,3552.0,,,,,,,,,,,,,,
32_Phoenix_City,ClassicalGreedy,15324,30,60,603047,6,1.2808733999845572,88.33333333333333,484.5310304789551,1755.9683076923077,1.1323101753102904,1.7724293487911007,11780.968307692308,0.0128569999942556,0.0116419999976642,,,,,,,,,,,,,,,,,,,,0,60,3146.15,1571.0,4757.0,2367.5,3156.0,4052.5,,,,,,,,,,,,,,,,,,,,,,,,,,0.0055735000059939,34468.0,0.0037300000549294,0.0015430999919772,0.0108466000529006,511200.8653113678,27.0,,,,,,,,,,,,,,,,,,,,,,,,,
32_Phoenix_City,Classical,15324,30,60,603047,6,1.2808733999845572,100.0,639.8910102564101,1792.7443076923073,1.0496396314542866,2.001624086825719,13333.074461538465,3.262426700035576,3.260936599981505,,,,,,,,,,,34528.0,90.0,34528.0,102089.0,,,,,,0,60,3146.15,1571.0,4757.0,2367.5,3156.0,4052.5,,,,,,,,,,,,,,,,,,,,,,,,,,,,,,,,,,,,,,,,,,,,0.0,0.0,,,,,,,,,,,,
32_Phoenix_City,Quantum,15324,30,60,603047,6,1.2808733999845572,96.66666666666669,523.5405464190981,1712.8553846153843,1.4712969526742028,2.5543777563858607,18368.323230769234,36.06421869999031,35.943081000004895,0.104523700021673,0.0020902000251226,0.1024334999965503,,35.943081000004895,0.0004223999567329,0.0102009000256657,0.0009174000006169,0.0032112000044435,36.06421869999031,,,,,,,,0.0,,0,60,3146.15,1571.0,4757.0,2367.5,3156.0,4052.5,3633.0,7206.0,0.0010922272705777,0.0021844545411554,0.0022026431718061,0.001101321585903,7.933938893476466,8.0,4.0,50000.0,25000.0,2.0,,,,,,,,,,,,,,,,,,,,,5000.0,25000.0,1000.0,1000.0,1.0,632.0,29.0,603.0,0.9541139240506328,1.0,3633.0,,,,,,,,,,,,,,
32_Phoenix_City,ClassicalGreedy,15324,30,60,603048,7,1.2636158999521283,98.33333333333331,428.3082711864407,1797.2575384615384,1.1476447955707216,1.9834467550674688,14725.011230769229,0.014179799996782,0.0128840999677777,,,,,,,,,,,,,,,,,,,,0,57,3053.5666666666666,1204.0,4692.0,2096.75,2932.5,4027.25,,,,,,,,,,,,,,,,,,,,,,,,,,0.0063040999812074,38622.0,0.0041960999951697,0.0016220000106841,0.0121221999870613,579458.2912411536,30.0,,,,,,,,,,,,,,,,,,,,,,,,,
32_Phoenix_City,Classical,15324,30,60,603048,7,1.2636158999521283,100.0,481.1970128205128,1797.2575384615384,1.0552489949544988,2.109634551495017,13012.871692307694,3.735849699995015,3.7344604000099935,,,,,,,,,,,38682.0,90.0,38682.0,114452.0,,,,,,0,57,3053.5666666666666,1204.0,4692.0,2096.75,2932.5,4027.25,,,,,,,,,,,,,,,,,,,,,,,,,,,,,,,,,,,,,,,,,,,,0.0,0.0,,,,,,,,,,,,
32_Phoenix_City,Quantum,15324,30,60,603048,7,1.2636158999521283,93.33333333333331,496.2823489010989,1797.2575384615384,1.421621881097246,4.645739643703938,16196.469230769231,36.01821889996063,35.9893810999929,0.0118569000042043,0.0022992999874986,0.0095576000167056,,35.9893810999929,0.0003119999892078,0.0105712999938987,0.0009276999626308,0.003261299978476,36.01821889996063,,,,,,,,0.0,,0,57,3053.5666666666666,1204.0,4692.0,2096.75,2932.5,4027.25,3606.0,7152.0,0.0011003390096487,0.0022006780192974,0.0022191400832177,0.0011095700416088,7.933444259567388,8.0,4.0,50000.0,25000.0,2.0,,,,,,,,,,,,,,,,,,,,,5000.0,25000.0,1000.0,1000.0,1.0,629.0,28.0,601.0,0.9554848966613672,1.0,3606.0,,,,,,,,,,,,,,
32_Phoenix_City,ClassicalGreedy,15324,30,60,603049,8,1.3853249000385404,96.66666666666669,419.94735278514594,1669.041846153846,1.164370672444586,4.69723190386466,13230.352153846154,0.0150958999875001,0.0137453000061213,,,,,,,,,,,,,,,,,,,,0,58,3184.15,1312.0,4797.0,2571.25,3124.5,4085.75,,,,,,,,,,,,,,,,,,,,,,,,,,0.0067413999931886,40602.0,0.0043727000011131,0.0018563999910838,0.0129704999853856,612226.7928612474,29.0,,,,,,,,,,,,,,,,,,,,,,,,,
32_Phoenix_City,Classical,15324,30,60,603049,8,1.3853249000385404,100.0,454.2341794871794,1718.7323076923076,1.1217153062367635,4.8651452785482645,12662.946153846156,5.468607200018596,5.467133700032719,,,,,,,,,,,40662.0,90.0,40662.0,120345.0,,,,,,0,58,3184.15,1312.0,4797.0,2571.25,3124.5,4085.75,,,,,,,,,,,,,,,,,,,,,,,,,,,,,,,,,,,,,,,,,,,,0.0,0.0,,,,,,,,,,,,
32_Phoenix_City,Quantum,15324,30,60,603049,8,1.3853249000385404,96.66666666666669,442.1561193633953,1658.9920000000002,1.4758586759986396,2.881763449213441,17007.28492307692,35.85792959999526,35.82737489999272,0.0119693999877199,0.002089400019031,0.0098799999686889,,35.82737489999272,0.0002876000362448,0.0123340000282041,0.0010271999635733,0.0031213000183925,35.85792959999526,,,,,,,,0.0,,0,58,3184.15,1312.0,4797.0,2571.25,3124.5,4085.75,3606.0,7152.0,0.0011003390096487,0.0022006780192974,0.0022191400832177,0.0011095700416088,7.933444259567388,8.0,4.0,50000.0,25000.0,2.0,,,,,,,,,,,,,,,,,,,,,5000.0,25000.0,1000.0,1000.0,1.0,623.0,29.0,594.0,0.9534510433386838,1.0,3606.0,,,,,,,,,,,,,,
32_Phoenix_City,ClassicalGreedy,15324,30,60,603050,9,1.3319987999857403,95.0,515.8628987854252,1725.1424615384612,1.1412984830957933,2.116147647064518,13055.236923076924,0.01409449998755,0.0128586000064387,,,,,,,,,,,,,,,,,,,,0,58,2966.3,1215.0,4677.0,2001.75,2972.5,3891.75,,,,,,,,,,,,,,,,,,,,,,,,,,0.0065489000407978,36722.0,0.0039328999700956,0.001701800036244,0.0121836000471375,548184.1434514793,29.0,,,,,,,,,,,,,,,,,,,,,,,,,
32_Phoenix_City,Classical,15324,30,60,603050,9,1.3319987999857403,100.0,566.6327051282052,1784.043076923077,1.09607812842742,1.769173245989558,13591.561538461538,3.4020337000256404,3.400619000021834,,,,,,,,,,,36782.0,90.0,36782.0,108804.0,,,,,,0,58,2966.3,1215.0,4677.0,2001.75,2972.5,3891.75,,,,,,,,,,,,,,,,,,,,,,,,,,,,,,,,,,,,,,,,,,,,0.0,0.0,,,,,,,,,,,,
32_Phoenix_City,Quantum,15324,30,60,603050,9,1.3319987999857403,93.33333333333331,484.7284120879121,1799.578769230769,1.5707057997328628,3.866774460686412,17389.646769230767,35.603660899971146,35.574599600047804,0.011942800018005,0.0026107999728992,0.0093320000451058,,35.574599600047804,0.0003432999947108,0.0107369000324979,0.0009685999830253,0.0032504999544471,35.603660899971146,,,,,,,,0.0,,0,58,2966.3,1215.0,4677.0,2001.75,2972.5,3891.75,3564.0,7068.0,0.0011131995414903,0.0022263990829806,0.0022452989054167,0.0011226494527083,7.9326599326599325,8.0,4.0,50000.0,25000.0,2.0,,,,,,,,,,,,,,,,,,,,,5000.0,25000.0,1000.0,1000.0,1.0,613.0,28.0,585.0,0.9543230016313212,1.0,3564.0,,,,,,,,,,,,,,
32_Phoenix_City,ClassicalGreedy,15324,30,60,603051,10,1.2884765999624506,83.33333333333333,578.4648030769231,1796.424,1.0654155053131722,2.056128204395494,12116.208615384614,0.011924699996598,0.0107791000045835,,,,,,,,,,,,,,,,,,,,0,57,3136.383333333333,1216.0,4794.0,2163.0,3279.0,4222.5,,,,,,,,,,,,,,,,,,,,,,,,,,0.0053408999810926,30804.0,0.0033376000355929,0.0014637999702244,0.01014229998691,451613.5740414428,25.0,,,,,,,,,,,,,,,,,,,,,,,,,
32_Phoenix_City,Classical,15324,30,60,603051,10,1.2884765999624506,100.0,673.2549974358974,1760.4753846153844,1.030348910121576,1.9686375343915576,14366.192615384616,2.2013660999946296,2.1999595999950543,,,,,,,,,,,30864.0,90.0,30864.0,91188.0,,,,,,0,57,3136.383333333333,1216.0,4794.0,2163.0,3279.0,4222.5,,,,,,,,,,,,,,,,,,,,,,,,,,,,,,,,,,,,,,,,,,,,0.0,0.0,,,,,,,,,,,,
32_Phoenix_City,Quantum,15324,30,60,603051,10,1.2884765999624506,90.0,557.7440284900285,1703.7490769230772,1.4899620833998113,3.9514641498942136,18089.603846153845,35.406013699946925,35.30071570002474,0.0892632999457418,0.0017356999451294,0.0875276000006124,,35.30071570002474,0.0003260999801568,0.0099416999728418,0.0008626000490039,0.0030401999829337,35.406013699946925,,,,,,,,0.0,,0,57,3136.383333333333,1216.0,4794.0,2163.0,3279.0,4222.5,3498.0,6936.0,0.0011340276473193,0.0022680552946387,0.0022876751501286,0.0011438375750643,7.931389365351629,8.0,4.0,50000.0,25000.0,2.0,,,,,,,,,,,,,,,,,,,,,5000.0,25000.0,1000.0,1000.0,1.0,608.0,29.0,579.0,0.9523026315789472,1.0,3498.0,,,,,,,,,,,,,,
32_Phoenix_City,ClassicalGreedy,15324,40,40,404042,1,0.8714663999853656,100.0,432.44828461538464,1776.0089230769229,1.1080973352843202,1.823892655789882,9481.608615384615,0.0101710999733768,0.0092822999577037,,,,,,,,,,,,,,,,,,,,0,39,3112.75,1544.0,4662.0,2156.75,3087.5,4191.25,,,,,,,,,,,,,,,,,,,,,,,,,,0.0042826999560929,22626.0,0.0023303999914787,0.0022597000352106,0.0088727999827824,320130.4865152805,20.0,,,,,,,,,,,,,,,,,,,,,,,,,
32_Phoenix_City,Classical,15324,40,40,404042,1,0.8714663999853656,100.0,505.1021307692307,1729.0716923076925,1.1076042857964272,2.178888955787023,8184.260923076922,1.6199680999852717,1.6190292999963276,,,,,,,,,,,22666.0,80.0,22666.0,66620.0,,,,,,0,39,3112.75,1544.0,4662.0,2156.75,3087.5,4191.25,,,,,,,,,,,,,,,,,,,,,,,,,,,,,,,,,,,,,,,,,,,,0.0,0.0,,,,,,,,,,,,
32_Phoenix_City,Quantum,15324,40,40,404042,1,0.8714663999853656,95.0,347.03834008097164,1729.0716923076925,1.5010694648875809,4.098775325574645,12074.576,20.44601720001083,20.40963840001496,0.0071312999934889,0.0014176999684423,0.0057136000250466,,20.40963840001496,0.0001752999960444,0.0094703999930061,0.0006405000458471,0.0019327000482007,20.44601720001083,,,,,,,,0.0,,0,39,3112.75,1544.0,4662.0,2156.75,3087.5,4191.25,2090.0,4140.0,0.0018964684002098,0.0037929368004196,0.0038295835327908,0.0019147917663954,7.923444976076555,8.0,4.0,50000.0,25000.0,2.0,,,,,,,,,,,,,,,,,,,,,5000.0,25000.0,1000.0,1000.0,1.0,361.0,19.0,342.0,0.9473684210526316,1.0,2090.0,,,,,,,,,,,,,,
32_Phoenix_City,ClassicalGreedy,15324,40,40,404043,2,0.988038300012704,100.0,553.0108153846154,1779.937230769231,1.144932895655831,2.567501197281407,10855.326769230767,0.010063000023365,0.009151300007943,,,,,,,,,,,,,,,,,,,,0,38,3294.025,1247.0,4786.0,2348.75,3367.0,4351.75,,,,,,,,,,,,,,,,,,,,,,,,,,0.0040672000031918,22564.0,0.0023715000716038,0.0023146999883465,0.0087534000631421,319173.80735010083,20.0,,,,,,,,,,,,,,,,,,,,,,,,,
32_Phoenix_City,Classical,15324,40,40,404043,2,0.988038300012704,100.0,455.3812461538461,1686.1335384615386,0.9986318188218948,1.877236173923781,9160.399076923077,1.0003924000193365,0.9994458999717608,,,,,,,,,,,22604.0,80.0,22604.0,66440.0,,,,,,0,38,3294.025,1247.0,4786.0,2348.75,3367.0,4351.75,,,,,,,,,,,,,,,,,,,,,,,,,,,,,,,,,,,,,,,,,,,,0.0,0.0,,,,,,,,,,,,
32_Phoenix_City,Quantum,15324,40,40,404043,2,0.988038300012704,95.0,410.1106072874494,1763.7621538461544,1.4849109927011506,2.435567500252171,13109.216615384614,20.673234299989417,20.65244040003745,0.0070641999482177,0.0013168999576009,0.0057472999906167,,20.65244040003745,0.0001583999837748,0.0092851999797858,0.0006729000015184,0.0019086000393144,20.673234299989417,,,,,,,,0.0,,0,38,3294.025,1247.0,4786.0,2348.75,3367.0,4351.75,2096.0,4152.0,0.0018910892892929,0.0037821785785858,0.0038186157517899,0.0019093078758949,7.923664122137405,8.0,4.0,50000.0,25000.0,2.0,,,,,,,,,,,,,,,,,,,,,5000.0,25000.0,1000.0,1000.0,1.0,365.0,19.0,346.0,0.947945205479452,1.0,2096.0,,,,,,,,,,,,,,
32_Phoenix_City,ClassicalGreedy,15324,40,40,404044,3,0.9730313000036404,100.0,422.0048615384615,1595.392615384615,1.019967529885132,1.7502467311155798,9851.696615384615,0.0102339999866671,0.00934629997937,,,,,,,,,,,,,,,,,,,,0,40,3042.925,1213.0,4792.0,2016.75,3209.5,4097.25,,,,,,,,,,,,,,,,,,,,,,,,,,0.0041059000068344,24222.0,0.0025056999875232,0.0023266999633051,0.0089382999576628,345406.31686635944,20.0,,,,,,,,,,,,,,,,,,,,,,,,,
32_Phoenix_City,Classical,15324,40,40,404044,3,0.9730313000036404,100.0,505.9567538461539,1700.7286153846153,0.9506845268244616,1.347897138432834,8985.75630769231,1.588623300020117,1.5876699999789707,,,,,,,,,,,24262.0,80.0,24262.0,71393.0,,,,,,0,40,3042.925,1213.0,4792.0,2016.75,3209.5,4097.25,,,,,,,,,,,,,,,,,,,,,,,,,,,,,,,,,,,,,,,,,,,,0.0,0.0,,,,,,,,,,,,
32_Phoenix_City,Quantum,15324,40,40,404044,3,0.9730313000036404,95.0,377.4373360323887,1796.0680000000002,1.436904005439556,2.343960526210165,13140.377076923078,20.293033200025093,20.272588499996345,0.0070994999841786,0.0014834000030532,0.0056160999811254,,20.272588499996345,0.0001700000138953,0.0091393999755382,0.0005901000113226,0.0019133000168949,20.293033200025093,,,,,,,,0.0,,0,40,3042.925,1213.0,4792.0,2016.75,3209.5,4097.25,2081.0,4122.0,0.0019045946845081,0.0038091893690163,0.0038461538461538,0.0019230769230769,7.92311388755406,8.0,4.0,50000.0,25000.0,2.0,,,,,,,,,,,,,,,,,,,,,5000.0,25000.0,1000.0,1000.0,1.0,362.0,19.0,343.0,0.947513812154696,1.0,2081.0,,,,,,,,,,,,,,
32_Phoenix_City,ClassicalGreedy,15324,40,40,404045,4,0.9476702000247316,100.0,465.11570769230775,1604.889538461539,1.2268234858523743,2.263898005688884,9973.472307692307,0.0097064000437967,0.008773400040809,,,,,,,,,,,,,,,,,,,,0,37,3137.825,1260.0,4794.0,2174.25,3282.0,4151.75,,,,,,,,,,,,,,,,,,,,,,,,,,0.0039295000024139,20873.0,0.002139399992302,0.0022760999854654,0.0083449999801814,292712.5406098969,20.0,,,,,,,,,,,,,,,,,,,,,,,,,
32_Phoenix_City,Classical,15324,40,40,404045,4,0.9476702000247316,100.0,443.8236384615384,1796.8415384615382,1.0684375520141285,1.5646993048389943,8803.74246153846,1.516652999969665,1.5157350999652408,,,,,,,,,,,20913.0,80.0,20913.0,61415.0,,,,,,0,37,3137.825,1260.0,4794.0,2174.25,3282.0,4151.75,,,,,,,,,,,,,,,,,,,,,,,,,,,,,,,,,,,,,,,,,,,,0.0,0.0,,,,,,,,,,,,
32_Phoenix_City,Quantum,15324,40,40,404045,4,0.9476702000247316,95.0,404.0648421052632,1754.185846153846,1.8549300337264256,3.565926065506373,13665.260000000002,20.54704390000552,20.52707760001067,0.0068889000103808,0.0012010000064037,0.0056879000039771,,20.52707760001067,0.0001902999938465,0.0089796999818645,0.0006096999859437,0.0019346000044606,20.54704390000552,,,,,,,,0.0,,0,37,3137.825,1260.0,4794.0,2174.25,3282.0,4151.75,2099.0,4158.0,0.0018884111595198,0.0037768223190397,0.0038131553860819,0.0019065776930409,7.923773225345402,8.0,4.0,50000.0,25000.0,2.0,,,,,,,,,,,,,,,,,,,,,5000.0,25000.0,1000.0,1000.0,1.0,358.0,19.0,339.0,0.946927374301676,1.0,2099.0,,,,,,,,,,,,,,
32_Phoenix_City,ClassicalGreedy,15324,40,40,404046,5,0.8538632999989204,100.0,501.2633076923077,1743.0003076923076,1.0304816134662802,2.1845108135713525,9809.413384615384,0.0082339000073261,0.0074031000258401,,,,,,,,,,,,,,,,,,,,0,36,3043.55,1205.0,4674.0,1982.5,3147.5,3919.75,,,,,,,,,,,,,,,,,,,,,,,,,,0.0033128000213764,19413.0,0.001988900010474,0.0017642000457271,0.0070659000775776,270179.4580294308,20.0,,,,,,,,,,,,,,,,,,,,,,,,,
32_Phoenix_City,Classical,15324,40,40,404046,5,0.8538632999989204,100.0,687.8205461538462,1743.0003076923076,1.0287810116390022,2.031921899991487,9259.761538461536,1.277526999998372,1.2766106000053696,,,,,,,,,,,19453.0,80.0,19453.0,57115.0,,,,,,0,36,3043.55,1205.0,4674.0,1982.5,3147.5,3919.75,,,,,,,,,,,,,,,,,,,,,,,,,,,,,,,,,,,,,,,,,,,,0.0,0.0,,,,,,,,,,,,
32_Phoenix_City,Quantum,15324,40,40,404046,5,0.8538632999989204,95.0,565.1814817813765,1797.8186153846154,1.5097346877390745,2.781008293383153,13439.364,20.273618200037163,20.238132500031497,0.0074233000050298,0.0014270000392571,0.0059962999657727,,20.238132500031497,0.0001741999876685,0.0082008000463247,0.0006030999938957,0.0020448000286705,20.273618200037163,,,,,,,,0.0,,0,36,3043.55,1205.0,4674.0,1982.5,3147.5,3919.75,2072.0,4104.0,0.0019127909036165,0.0038255818072331,0.0038628681796233,0.0019314340898116,7.922779922779923,8.0,4.0,50000.0,25000.0,2.0,,,,,,,,,,,,,,,,,,,,,5000.0,25000.0,1000.0,1000.0,1.0,362.0,19.0,343.0,0.947513812154696,1.0,2072.0,,,,,,,,,,,,,,
32_Phoenix_City,ClassicalGreedy,15324,40,40,404047,6,0.8645761999650858,100.0,439.68744230769227,1714.131692307692,1.187949539060304,2.626407116054932,9263.35676923077,0.0109199999715201,0.0100277999881654,,,,,,,,,,,,,,,,,,,,0,38,3106.425,1554.0,4787.0,2065.0,3096.0,4065.25,,,,,,,,,,,,,,,,,,,,,,,,,,0.0049564999644644,21791.0,0.0022978999768383,0.0022073999862186,0.0094617999275214,307045.9483434697,20.0,,,,,,,,,,,,,,,,,,,,,,,,,
32_Phoenix_City,Classical,15324,40,40,404047,6,0.8645761999650858,100.0,461.61378076923074,1654.1643076923074,1.09496810651636,2.2396283686196887,7987.832923076923,1.3308131000376306,1.329854300012812,,,,,,,,,,,21831.0,80.0,21831.0,64141.0,,,,,,0,38,3106.425,1554.0,4787.0,2065.0,3096.0,4065.25,,,,,,,,,,,,,,,,,,,,,,,,,,,,,,,,,,,,,,,,,,,,0.0,0.0,,,,,,,,,,,,
32_Phoenix_City,Quantum,15324,40,40,404047,6,0.8645761999650858,95.0,346.36246558704454,1726.3430769230772,1.7290998332117176,3.448562196017737,11766.486769230767,20.58756259997608,20.55254970001988,0.0073498000274412,0.0014091000193729,0.0059407000080682,,20.55254970001988,0.0001799999736249,0.0081652000080794,0.0005791999865323,0.002121299970895,20.58756259997608,,,,,,,,0.0,,0,38,3106.425,1554.0,4787.0,2065.0,3096.0,4065.25,2111.0,4182.0,0.0018777740609445,0.0037555481218891,0.0037914691943127,0.0018957345971563,7.924206537186167,8.0,4.0,50000.0,25000.0,2.0,,,,,,,,,,,,,,,,,,,,,5000.0,25000.0,1000.0,1000.0,1.0,361.0,19.0,342.0,0.9473684210526316,1.0,2111.0,,,,,,,,,,,,,,
32_Phoenix_City,ClassicalGreedy,15324,40,40,404048,7,0.98068019998027,100.0,494.6757,1677.1501538461534,1.054626185651092,1.6329649108427184,10548.57446153846,0.0105814000125974,0.009672500018496,,,,,,,,,,,,,,,,,,,,0,39,2844.2,1391.0,4798.0,1999.0,2666.0,3605.5,,,,,,,,,,,,,,,,,,,,,,,,,,0.004155799979344,23702.0,0.0024992999969981,0.0025391000090166,0.0091941999853588,337080.1127826526,20.0,,,,,,,,,,,,,,,,,,,,,,,,,
32_Phoenix_City,Classical,15324,40,40,404048,7,0.98068019998027,100.0,502.2998307692307,1733.9183076923073,0.9806821183005257,1.879463192258621,9219.147384615384,1.521910100011155,1.5210368999978527,,,,,,,,,,,23742.0,80.0,23742.0,69820.0,,,,,,0,39,2844.2,1391.0,4798.0,1999.0,2666.0,3605.5,,,,,,,,,,,,,,,,,,,,,,,,,,,,,,,,,,,,,,,,,,,,0.0,0.0,,,,,,,,,,,,
32_Phoenix_City,Quantum,15324,40,40,404048,7,0.98068019998027,95.0,377.219955465587,1735.7646153846154,1.3804296100743207,2.2829202025851383,13038.557846153846,19.842757599952165,19.82255089998944,0.0067306999699212,0.0012582999770529,0.0054723999928683,,19.82255089998944,0.000166599988006,0.0091147000202909,0.000607099966146,0.0020373999723233,19.842757599952165,,,,,,,,0.0,,0,39,2844.2,1391.0,4798.0,1999.0,2666.0,3605.5,2027.0,4014.0,0.0019548533105153,0.0039097066210306,0.0039486673247778,0.0019743336623889,7.92106561420819,8.0,4.0,50000.0,25000.0,2.0,,,,,,,,,,,,,,,,,,,,,5000.0,25000.0,1000.0,1000.0,1.0,351.0,19.0,332.0,0.945868945868946,1.0,2027.0,,,,,,,,,,,,,,
32_Phoenix_City,ClassicalGreedy,15324,40,40,404049,8,0.874746200046502,100.0,418.36874230769234,1758.404,1.1107059854627102,2.758358099444893,9049.56446153846,0.0092965000076219,0.0084192999638617,,,,,,,,,,,,,,,,,,,,0,39,3071.825,1276.0,4738.0,1827.5,3363.5,4226.75,,,,,,,,,,,,,,,,,,,,,,,,,,0.0039180999738164,19560.0,0.0022722000139765,0.0018215000163763,0.0080118000041693,272358.31421142456,20.0,,,,,,,,,,,,,,,,,,,,,,,,,
32_Phoenix_City,Classical,15324,40,40,404049,8,0.874746200046502,100.0,425.4978,1659.656,1.0283299447982146,1.8233623595186843,8417.509384615383,1.2176765999756751,1.2168015000061132,,,,,,,,,,,19600.0,80.0,19600.0,57527.0,,,,,,0,39,3071.825,1276.0,4738.0,1827.5,3363.5,4226.75,,,,,,,,,,,,,,,,,,,,,,,,,,,,,,,,,,,,,,,,,,,,0.0,0.0,,,,,,,,,,,,
32_Phoenix_City,Quantum,15324,40,40,404049,8,0.874746200046502,95.0,439.7609433198381,1758.404,1.6589184541572275,6.346338587896176,12525.484769230772,20.53183210000861,20.496315900003538,0.008211400010623,0.0022738999687135,0.0059375000419095,,20.496315900003538,0.0001622999552637,0.0081721000024117,0.0005903000128455,0.0019006999791599,20.53183210000861,,,,,,,,0.0,,0,39,3071.825,1276.0,4738.0,1827.5,3363.5,4226.75,2096.0,4152.0,0.0018910892892929,0.0037821785785858,0.0038186157517899,0.0019093078758949,7.923664122137405,8.0,4.0,50000.0,25000.0,2.0,,,,,,,,,,,,,,,,,,,,,5000.0,25000.0,1000.0,1000.0,1.0,363.0,19.0,344.0,0.9476584022038568,1.0,2096.0,,,,,,,,,,,,,,
32_Phoenix_City,ClassicalGreedy,15324,40,40,404050,9,0.8709005000418983,100.0,580.9387,1787.2012307692312,1.0873325974269514,1.6377020678091117,11112.590615384615,0.0115103999851271,0.0105579000082798,,,,,,,,,,,,,,,,,,,,0,39,3359.05,1311.0,4800.0,2605.5,3328.0,4182.25,,,,,,,,,,,,,,,,,,,,,,,,,,0.0041180999833159,20520.0,0.0029536999645642,0.0029551000334322,0.0100268999813124,287225.3528364985,20.0,,,,,,,,,,,,,,,,,,,,,,,,,
32_Phoenix_City,Classical,15324,40,40,404050,9,0.8709005000418983,100.0,441.39128461538456,1732.826769230769,0.9964051095411024,1.5369669842331557,10045.73323076923,1.3634935999871232,1.3625680999830363,,,,,,,,,,,20560.0,80.0,20560.0,60369.0,,,,,,0,39,3359.05,1311.0,4800.0,2605.5,3328.0,4182.25,,,,,,,,,,,,,,,,,,,,,,,,,,,,,,,,,,,,,,,,,,,,0.0,0.0,,,,,,,,,,,,
32_Phoenix_City,Quantum,15324,40,40,404050,9,0.8709005000418983,95.0,551.1295222672065,1737.739076923077,1.5263915213251458,2.3815456624530285,14658.62246153846,20.729914299969096,20.709724300017115,0.0071124999667517,0.0013877999735996,0.0057246999931521,,20.709724300017115,0.0001694000093266,0.008824500022456,0.0005751000135205,0.0022004999918863,20.729914299969096,,,,,,,,0.0,,0,39,3359.05,1311.0,4800.0,2605.5,3328.0,4182.25,2117.0,4194.0,0.0018725003192269,0.0037450006384538,0.0037807183364839,0.0018903591682419,7.924421350968352,8.0,4.0,50000.0,25000.0,2.0,,,,,,,,,,,,,,,,,,,,,5000.0,25000.0,1000.0,1000.0,1.0,365.0,19.0,346.0,0.947945205479452,1.0,2117.0,,,,,,,,,,,,,,
32_Phoenix_City,ClassicalGreedy,15324,40,40,404051,10,0.8636341000092216,100.0,550.7188961538461,1783.451384615385,1.0838719752628072,2.0414322742248903,8195.732307692308,0.0091456000227481,0.0082016999949701,,,,,,,,,,,,,,,,,,,,0,38,2986.6,1201.0,4687.0,2152.75,3018.0,4025.75,,,,,,,,,,,,,,,,,,,,,,,,,,0.0041376000153832,18054.0,0.0018706999835558,0.0018646999960765,0.0078729999950155,249200.05612672085,20.0,,,,,,,,,,,,,,,,,,,,,,,,,
32_Phoenix_City,Classical,15324,40,40,404051,10,0.8636341000092216,100.0,746.2229884615385,1783.451384615385,1.0392908002816812,1.5087088467905097,7668.162153846154,1.1777098000166006,1.1768068000092171,,,,,,,,,,,18094.0,80.0,18094.0,53075.0,,,,,,0,38,2986.6,1201.0,4687.0,2152.75,3018.0,4025.75,,,,,,,,,,,,,,,,,,,,,,,,,,,,,,,,,,,,,,,,,,,,0.0,0.0,,,,,,,,,,,,
32_Phoenix_City,Quantum,15324,40,40,404051,10,0.8636341000092216,95.0,507.4975546558705,1764.956923076923,1.4796133213890823,2.3479093586245723,10713.140307692309,20.6866329999757,20.66765930003021,0.0067851999774575,0.0012303999974392,0.0055547999800182,,20.66765930003021,0.0001549000153318,0.0078821000060997,0.0006407999899238,0.0020597999682649,20.6866329999757,,,,,,,,0.0,,0,38,2986.6,1201.0,4687.0,2152.75,3018.0,4025.75,2087.0,4134.0,0.0018991694464339,0.0037983388928678,0.0038350910834132,0.0019175455417066,7.923334930522281,8.0,4.0,50000.0,25000.0,2.0,,,,,,,,,,,,,,,,,,,,,5000.0,25000.0,1000.0,1000.0,1.0,361.0,19.0,342.0,0.9473684210526316,1.0,2087.0,,,,,,,,,,,,,,
32_Phoenix_City,ClassicalGreedy,15324,40,80,804042,1,2.2089627000386827,93.75,456.4052,1785.3633846153848,1.1170582685105952,1.9524401320931408,15788.537846153846,0.0349696999765001,0.0332504999823868,,,,,,,,,,,,,,,,,,,,0,79,3093.7,1280.0,4790.0,2252.25,2886.0,4046.25,,,,,,,,,,,,,,,,,,,,,,,,,,0.0143786999979056,87659.0,0.0105819000164046,0.0058116000145673,0.0307722000288777,1422713.9713180852,38.0,,,,,,,,,,,,,,,,,,,,,,,,,
32_Phoenix_City,Classical,15324,40,80,804042,1,2.2089627000386827,100.0,437.9016211538461,1755.6046153846155,1.081924208663421,1.8058581238455955,16461.415076923076,23.82430919999024,23.82229380001081,,,,,,,,,,,87739.0,120.0,87739.0,260512.0,,,,,,0,79,3093.7,1280.0,4790.0,2252.25,2886.0,4046.25,,,,,,,,,,,,,,,,,,,,,,,,,,,,,,,,,,,,,,,,,,,,0.0,0.0,,,,,,,,,,,,
32_Phoenix_City,Quantum,15324,40,80,804042,1,2.2089627000386827,92.5,499.3198004158004,1750.0398461538462,1.5509641465196071,4.096451702872726,20230.97846153846,52.84725979994983,52.80016569996951,0.0208677999908104,0.0041903999517671,0.0166774000390432,,52.80016569996951,0.0005412999889813,0.017347700020764,0.0011806999682448,0.0050355999846942,52.84725979994983,,,,,,,,0.0,,0,79,3093.7,1280.0,4790.0,2252.25,2886.0,4046.25,5272.0,10464.0,0.0007531115511938,0.0015062231023877,0.0015177385695313,0.0007588692847656,7.939301972685888,8.0,4.0,50000.0,25000.0,2.0,,,,,,,,,,,,,,,,,,,,,5000.0,25000.0,1000.0,1000.0,1.0,918.0,37.0,881.0,0.9596949891067538,1.0,5272.0,,,,,,,,,,,,,,
32_Phoenix_City,ClassicalGreedy,15324,40,80,804043,2,2.2271967999986373,93.75,428.1889456410256,1720.830769230769,1.0981296721887852,2.58264378343222,17305.69446153846,0.0357793999719433,0.0340409999480471,,,,,,,,,,,,,,,,,,,,0,76,2928.475,1201.0,4785.0,2005.75,2918.0,3864.75,,,,,,,,,,,,,,,,,,,,,,,,,,0.0154317000415176,85487.0,0.0108059999765828,0.0054942000424489,0.0317319000605493,1384125.1450185557,38.0,,,,,,,,,,,,,,,,,,,,,,,,,
32_Phoenix_City,Classical,15324,40,80,804043,2,2.2271967999986373,100.0,504.0734557692308,1720.830769230769,0.9949215967558304,1.8303754209176213,17723.25907692307,16.954286099993624,16.95244070002809,,,,,,,,,,,85567.0,120.0,85567.0,254011.0,,,,,,0,76,2928.475,1201.0,4785.0,2005.75,2918.0,3864.75,,,,,,,,,,,,,,,,,,,,,,,,,,,,,,,,,,,,,,,,,,,,0.0,0.0,,,,,,,,,,,,
32_Phoenix_City,Quantum,15324,40,80,804043,2,2.2271967999986373,95.0,543.1040850202429,1796.6969230769232,1.3574840259479617,2.4247765292683616,23192.21153846154,49.6288293999969,49.51431699999375,0.0184634000179357,0.0037621000083163,0.0147013000096194,,49.51431699999375,0.0005321999778971,0.0180933999945409,0.0012076999992132,0.006574900005944,49.6288293999969,,,,,,,,0.0,,0,76,2928.475,1201.0,4785.0,2005.75,2918.0,3864.75,4954.0,9828.0,0.0008010706372644,0.0016021412745288,0.0016151827175449,0.0008075913587724,7.935405732741219,8.0,4.0,50000.0,25000.0,2.0,,,,,,,,,,,,,,,,,,,,,5000.0,25000.0,1000.0,1000.0,1.0,859.0,38.0,821.0,0.9557625145518044,1.0,4954.0,,,,,,,,,,,,,,
32_Phoenix_City,ClassicalGreedy,15324,40,80,804044,3,2.0037301999982446,88.75,482.97399349945823,1631.1304615384615,1.082185104741643,1.9054115748457856,14748.024153846156,0.0292083999956958,0.0275381000246852,,,,,,,,,,,,,,,,,,,,0,72,2966.425,1227.0,4785.0,2214.75,2787.5,3788.5,,,,,,,,,,,,,,,,,,,,,,,,,,0.0135142999934032,72047.0,0.0082660999614745,0.0039880000404082,0.025768399995286,1147977.2888101884,36.0,,,,,,,,,,,,,,,,,,,,,,,,,
32_Phoenix_City,Classical,15324,40,80,804044,3,2.0037301999982446,100.0,698.0995461538462,1756.8793846153844,1.070488407791024,2.1943982971654026,16830.916153846152,9.265602100000253,9.263721299997997,,,,,,,,,,,72127.0,120.0,72127.0,213936.0,,,,,,0,72,2966.425,1227.0,4785.0,2214.75,2787.5,3788.5,,,,,,,,,,,,,,,,,,,,,,,,,,,,,,,,,,,,,,,,,,,,0.0,0.0,,,,,,,,,,,,
32_Phoenix_City,Quantum,15324,40,80,804044,3,2.0037301999982446,97.5,763.3259921104537,1799.2203076923074,1.5913771797696774,3.007847728585204,23978.265846153845,50.937276599986944,50.89293460000772,0.0188895000028423,0.0034711000043898,0.0154183999984525,,50.89293460000772,0.0005371000152081,0.0164882999961264,0.0012412000214681,0.004756299953442,50.937276599986944,,,,,,,,0.0,,0,72,2966.425,1227.0,4785.0,2214.75,2787.5,3788.5,5092.0,10104.0,0.0007795282187826,0.0015590564375652,0.0015714005107051,0.0007857002553525,7.937156323644933,8.0,4.0,50000.0,25000.0,2.0,,,,,,,,,,,,,,,,,,,,,5000.0,25000.0,1000.0,1000.0,1.0,876.0,39.0,837.0,0.9554794520547946,1.0,5092.0,,,,,,,,,,,,,,
32_Phoenix_City,ClassicalGreedy,15324,40,80,804045,4,2.296073300007265,96.25,433.9323276723277,1786.050153846154,0.9878859504906105,1.6163304126591602,17371.083076923074,0.0362233000341802,0.0344188000308349,,,,,,,,,,,,,,,,,,,,0,77,2854.9625,1232.0,4689.0,1996.75,2795.5,3737.75,,,,,,,,,,,,,,,,,,,,,,,,,,0.0158766999957151,88659.0,0.0110946999629959,0.0050668999901972,0.0320382999489083,1440374.8768923332,39.0,,,,,,,,,,,,,,,,,,,,,,,,,
32_Phoenix_City,Classical,15324,40,80,804045,4,2.296073300007265,100.0,460.4997480769231,1794.664923076923,0.9427730748128452,1.6943061916742062,17004.256615384613,13.400871499965431,13.39891049999278,,,,,,,,,,,88739.0,120.0,88739.0,263479.0,,,,,,0,77,2854.9625,1232.0,4689.0,1996.75,2795.5,3737.75,,,,,,,,,,,,,,,,,,,,,,,,,,,,,,,,,,,,,,,,,,,,0.0,0.0,,,,,,,,,,,,
32_Phoenix_City,Quantum,15324,40,80,804045,4,2.296073300007265,95.0,502.2768279352226,1783.1683076923073,1.2516995063873022,2.3002373309519784,21734.116307692308,49.47069929999998,49.42489700001897,0.0190144999651238,0.0042312999721616,0.0147831999929621,,49.42489700001897,0.0005374000174924,0.0187920000171288,0.0012378999963402,0.0041149000171571,49.47069929999998,,,,,,,,0.0,,0,77,2854.9625,1232.0,4689.0,1996.75,2795.5,3737.75,4966.0,9852.0,0.0007991502336735,0.0015983004673471,0.0016112789526686,0.0008056394763343,7.935561820378575,8.0,4.0,50000.0,25000.0,2.0,,,,,,,,,,,,,,,,,,,,,5000.0,25000.0,1000.0,1000.0,1.0,862.0,38.0,824.0,0.9559164733178654,1.0,4966.0,,,,,,,,,,,,,,
32_Phoenix_City,ClassicalGreedy,15324,40,80,804046,5,2.2425004999968223,90.0,452.6404316239316,1784.4596923076924,1.0565647405269238,2.3353383271146213,15258.339846153844,0.0402654000208713,0.0386262000538408,,,,,,,,,,,,,,,,,,,,0,79,2998.975,1215.0,4774.0,2005.0,3078.0,3969.0,,,,,,,,,,,,,,,,,,,,,,,,,,0.0198931000195443,87470.0,0.0118090999894775,0.0047683999873697,0.0364705999963916,1419250.2878987675,36.0,,,,,,,,,,,,,,,,,,,,,,,,,
32_Phoenix_City,Classical,15324,40,80,804046,5,2.2425004999968223,100.0,490.62159615384616,1781.2689230769229,1.012639862684543,1.7906601570791765,16200.205692307693,16.613893200003076,16.61201099999016,,,,,,,,,,,87550.0,120.0,87550.0,259926.0,,,,,,0,79,2998.975,1215.0,4774.0,2005.0,3078.0,3969.0,,,,,,,,,,,,,,,,,,,,,,,,,,,,,,,,,,,,,,,,,,,,0.0,0.0,,,,,,,,,,,,
32_Phoenix_City,Quantum,15324,40,80,804046,5,2.2425004999968223,97.5,442.953134122288,1784.4596923076924,1.3961128699277705,2.766001096455057,21960.147692307688,49.3372287999955,49.2900687000365,0.0193803999572992,0.0039652999839745,0.0154150999733246,,49.2900687000365,0.0005110999918542,0.0197002000059001,0.0013499000342562,0.0040300000109709,49.3372287999955,,,,,,,,0.0,,0,79,2998.975,1215.0,4774.0,2005.0,3078.0,3969.0,4927.0,9774.0,0.000805425472557,0.0016108509451141,0.001624035728786,0.000812017864393,7.93505175563223,8.0,4.0,50000.0,25000.0,2.0,,,,,,,,,,,,,,,,,,,,,5000.0,25000.0,1000.0,1000.0,1.0,864.0,39.0,825.0,0.9548611111111112,1.0,4927.0,,,,,,,,,,,,,,
32_Phoenix_City,ClassicalGreedy,15324,40,80,804047,6,2.2405953999841586,97.5,516.8429013806706,1745.9892307692307,0.9741265237293216,1.6269269881039627,18523.22615384615,0.036368700035382,0.0345705000218004,,,,,,,,,,,,,,,,,,,,0,80,2994.725,1276.0,4787.0,1977.0,2893.5,3998.25,,,,,,,,,,,,,,,,,,,,,,,,,,0.0155972000211477,86566.0,0.0113162999623455,0.005202000029385,0.0321155000128783,1403393.6459033736,39.0,,,,,,,,,,,,,,,,,,,,,,,,,
32_Phoenix_City,Classical,15324,40,80,804047,6,2.2405953999841586,100.0,489.6906903846154,1792.9206153846153,0.9302295544058604,1.9546128599106465,17950.176923076924,12.591090000001714,12.589232500002254,,,,,,,,,,,86646.0,120.0,86646.0,257262.0,,,,,,0,80,2994.725,1276.0,4787.0,1977.0,2893.5,3998.25,,,,,,,,,,,,,,,,,,,,,,,,,,,,,,,,,,,,,,,,,,,,0.0,0.0,,,,,,,,,,,,
32_Phoenix_City,Quantum,15324,40,80,804047,6,2.2405953999841586,95.0,537.0288825910931,1749.9575384615382,1.3295841254685736,2.2969386940562577,23607.69784615384,50.37851840001531,50.33287959999871,0.0192912999773398,0.0038160000112839,0.0154752999660559,,50.33287959999871,0.0005138000124134,0.0180991999804973,0.0012366999872028,0.0044148000306449,50.37851840001531,,,,,,,,0.0,,0,80,2994.725,1276.0,4787.0,1977.0,2893.5,3998.25,5017.0,9954.0,0.0007910901976342,0.0015821803952685,0.0015948963317384,0.0007974481658692,7.936216862666932,8.0,4.0,50000.0,25000.0,2.0,,,,,,,,,,,,,,,,,,,,,5000.0,25000.0,1000.0,1000.0,1.0,867.0,38.0,829.0,0.956170703575548,1.0,5017.0,,,,,,,,,,,,,,
32_Phoenix_City,ClassicalGreedy,15324,40,80,804048,7,2.296120399958454,92.5,446.74117255717255,1677.7847692307696,1.092903466193152,2.6947025062967094,15829.829846153843,0.0379879000247456,0.0362160000368021,,,,,,,,,,,,,,,,,,,,0,79,2605.0375,1225.0,4759.0,1771.75,2400.5,3180.75,,,,,,,,,,,,,,,,,,,,,,,,,,0.0163976000039838,88379.0,0.0111257000244222,0.0058638000045903,0.0333871000329963,1435442.1475645432,37.0,,,,,,,,,,,,,,,,,,,,,,,,,
32_Phoenix_City,Classical,15324,40,80,804048,7,2.296120399958454,100.0,533.6151673076922,1789.7747692307694,1.031409376930215,2.724687229035056,16977.617538461545,15.760143999999856,15.7582795000053,,,,,,,,,,,88459.0,120.0,88459.0,262651.0,,,,,,0,79,2605.0375,1225.0,4759.0,1771.75,2400.5,3180.75,,,,,,,,,,,,,,,,,,,,,,,,,,,,,,,,,,,,,,,,,,,,0.0,0.0,,,,,,,,,,,,
32_Phoenix_City,Quantum,15324,40,80,804048,7,2.296120399958454,95.0,505.0936740890688,1789.7747692307694,1.3286904416057006,2.0609580249078685,21333.135384615387,52.56926670001121,52.52168860001257,0.019512900034897,0.0039538000128231,0.0155591000220738,,52.52168860001257,0.0005345999961718,0.0193833000375889,0.0013141999952495,0.0045081000425852,52.56926670001121,,,,,,,,0.0,,0,79,2605.0375,1225.0,4759.0,1771.75,2400.5,3180.75,5221.0,10362.0,0.0007604127451692,0.0015208254903385,0.0015325670498084,0.0007662835249042,7.938709059567133,8.0,4.0,50000.0,25000.0,2.0,,,,,,,,,,,,,,,,,,,,,5000.0,25000.0,1000.0,1000.0,1.0,899.0,38.0,861.0,0.9577308120133482,1.0,5221.0,,,,,,,,,,,,,,
32_Phoenix_City,ClassicalGreedy,15324,40,80,804049,8,2.180681600002572,90.0,526.9761303418804,1789.397230769231,1.075205768543744,1.9246974280036184,15524.64,0.0335749000078067,0.0316813999670557,,,,,,,,,,,,,,,,,,,,0,75,3265.8125,1288.0,4763.0,2469.25,3239.5,4159.0,,,,,,,,,,,,,,,,,,,,,,,,,,0.0144003000459633,83632.0,0.0106330999988131,0.0044967000139877,0.0295301000587642,1351464.4317392395,36.0,,,,,,,,,,,,,,,,,,,,,,,,,
32_Phoenix_City,Classical,15324,40,80,804049,8,2.180681600002572,100.0,457.9783288461538,1789.397230769231,1.0599820163990927,2.645734633488187,16641.234000000004,15.43986159999622,15.438008600031026,,,,,,,,,,,83712.0,120.0,83712.0,248505.0,,,,,,0,75,3265.8125,1288.0,4763.0,2469.25,3239.5,4159.0,,,,,,,,,,,,,,,,,,,,,,,,,,,,,,,,,,,,,,,,,,,,0.0,0.0,,,,,,,,,,,,
32_Phoenix_City,Quantum,15324,40,80,804049,8,2.180681600002572,97.5,466.7907297830374,1795.3147692307691,1.4358800653732384,2.105075725641335,23595.87969230769,49.19225210003788,49.14588470000308,0.0195638000150211,0.0038178000249899,0.0157459999900311,,49.14588470000308,0.0005496999947354,0.018166099966038,0.0012395000085234,0.0043369000195525,49.19225210003788,,,,,,,,0.0,,0,75,3265.8125,1288.0,4763.0,2469.25,3239.5,4159.0,4960.0,9840.0,0.0008001092832191,0.0016002185664383,0.0016132284734825,0.0008066142367412,7.935483870967742,8.0,4.0,50000.0,25000.0,2.0,,,,,,,,,,,,,,,,,,,,,5000.0,25000.0,1000.0,1000.0,1.0,853.0,39.0,814.0,0.9542790152403282,1.0,4960.0,,,,,,,,,,,,,,
32_Phoenix_City,ClassicalGreedy,15324,40,80,804050,9,2.233195699984208,93.75,445.3000512820512,1797.0778461538457,1.0384351136366523,2.1871803232869054,17221.328153846152,0.0326688999775797,0.0309947999776341,,,,,,,,,,,,,,,,,,,,0,78,2957.6375,1269.0,4784.0,1955.5,3052.5,3736.25,,,,,,,,,,,,,,,,,,,,,,,,,,0.0145486000110395,84930.0,0.0103907999582588,0.0040493000415153,0.0289887000108137,1374434.4347670658,38.0,,,,,,,,,,,,,,,,,,,,,,,,,
32_Phoenix_City,Classical,15324,40,80,804050,9,2.233195699984208,100.0,479.842525,1736.4398461538458,1.0174942222708991,2.243227443218964,18102.34707692308,23.358156099973712,23.356312799965963,,,,,,,,,,,85010.0,120.0,85010.0,252382.0,,,,,,0,78,2957.6375,1269.0,4784.0,1955.5,3052.5,3736.25,,,,,,,,,,,,,,,,,,,,,,,,,,,,,,,,,,,,,,,,,,,,0.0,0.0,,,,,,,,,,,,
32_Phoenix_City,Quantum,15324,40,80,804050,9,2.233195699984208,95.0,504.91754048582993,1797.0778461538457,1.3746437304459238,2.872868530215965,23038.88876923077,51.68837709998479,51.64254330005497,0.0194512999732978,0.0040070000104606,0.0154442999628372,,51.64254330005497,0.0005552999791689,0.0178377999691292,0.0012034000246785,0.0044543999829329,51.68837709998479,,,,,,,,0.0,,0,78,2957.6375,1269.0,4784.0,1955.5,3052.5,3736.25,5176.0,10272.0,0.0007669735456846,0.0015339470913693,0.0015458937198067,0.0007729468599033,7.938176197836167,8.0,4.0,50000.0,25000.0,2.0,,,,,,,,,,,,,,,,,,,,,5000.0,25000.0,1000.0,1000.0,1.0,903.0,38.0,865.0,0.9579180509413068,1.0,5176.0,,,,,,,,,,,,,,
32_Phoenix_City,ClassicalGreedy,15324,40,80,804051,10,2.0548056999687105,91.25,516.1284214963118,1794.4889230769231,1.174089559373982,5.189509842779759,16748.561384615383,0.0282969999825581,0.0266498999553732,,,,,,,,,,,,,,,,,,,,0,77,3031.4875,1374.0,4783.0,2255.25,2980.5,3923.25,,,,,,,,,,,,,,,,,,,,,,,,,,0.0130922999815084,71044.0,0.0082137999706901,0.0036551000084728,0.0249611999606713,1130569.656400489,37.0,,,,,,,,,,,,,,,,,,,,,,,,,
32_Phoenix_City,Classical,15324,40,80,804051,10,2.0548056999687105,100.0,563.0082576923077,1795.0421538461542,1.047856779709319,3.877454436681409,17549.44584615385,8.387956999999005,8.38607080001384,,,,,,,,,,,71124.0,120.0,71124.0,210961.0,,,,,,0,77,3031.4875,1374.0,4783.0,2255.25,2980.5,3923.25,,,,,,,,,,,,,,,,,,,,,,,,,,,,,,,,,,,,,,,,,,,,0.0,0.0,,,,,,,,,,,,
32_Phoenix_City,Quantum,15324,40,80,804051,10,2.0548056999687105,95.0,593.5446437246964,1789.2673846153843,1.399313103748147,4.856815916113839,23117.21723076923,50.78482589998748,50.73240959999384,0.0263757999637164,0.0044295999687165,0.0219461999949999,,50.73240959999384,0.0005169000360183,0.0165899999556131,0.0012890000361949,0.0049223999958485,50.78482589998748,,,,,,,,0.0,,0,77,3031.4875,1374.0,4783.0,2255.25,2980.5,3923.25,5083.0,10086.0,0.0007808977815952,0.0015617955631905,0.0015741833923652,0.0007870916961826,7.937045052134566,8.0,4.0,50000.0,25000.0,2.0,,,,,,,,,,,,,,,,,,,,,5000.0,25000.0,1000.0,1000.0,1.0,882.0,38.0,844.0,0.9569160997732428,1.0,5083.0,,,,,,,,,,,,,,
32_Phoenix_City,ClassicalGreedy,15324,50,50,505042,1,1.3517329000169411,100.0,428.21616,1776.601846153846,1.0067569437712376,1.593801616308676,12485.891692307694,0.0201545999734662,0.0189202000037767,,,,,,,,,,,,,,,,,,,,0,49,2928.96,1235.0,4681.0,2104.25,2754.0,3826.25,,,,,,,,,,,,,,,,,,,,,,,,,,0.0083107000100426,42687.0,0.0047872000141069,0.0048114999663084,0.017909399990458,644981.4658360832,25.0,,,,,,,,,,,,,,,,,,,,,,,,,
32_Phoenix_City,Classical,15324,50,50,505042,1,1.3517329000169411,100.0,386.6395507692308,1792.5883076923078,0.9609032215209706,1.653732948303753,10831.426923076922,6.2356260000378825,6.234446800022852,,,,,,,,,,,42737.0,100.0,42737.0,126120.0,,,,,,0,49,2928.96,1235.0,4681.0,2104.25,2754.0,3826.25,,,,,,,,,,,,,,,,,,,,,,,,,,,,,,,,,,,,,,,,,,,,0.0,0.0,,,,,,,,,,,,
32_Phoenix_City,Quantum,15324,50,50,505042,1,1.3517329000169411,96.0,362.9715897435897,1797.8999999999996,1.4154501769375176,2.852212564926747,15649.907692307688,28.452944699965883,28.42161350004608,0.0105197999509982,0.0025885999784804,0.0079311999725177,,28.42161350004608,0.0002732999855652,0.0154587000142782,0.0008028000011108,0.0026258999714627,28.452944699965883,,,,,,,,0.0,,0,49,2928.96,1235.0,4681.0,2104.25,2754.0,3826.25,2881.0,5712.0,0.0013768367465,0.0027536734930001,0.0027777777777777,0.0013888888888888,7.930579659840333,8.0,4.0,50000.0,25000.0,2.0,,,,,,,,,,,,,,,,,,,,,5000.0,25000.0,1000.0,1000.0,1.0,499.0,24.0,475.0,0.9519038076152304,1.0,2881.0,,,,,,,,,,,,,,
32_Phoenix_City,ClassicalGreedy,15324,50,50,505043,2,1.390156899986323,100.0,389.4294492307693,1651.8366153846157,1.1053059372207952,3.832044818362625,12712.926461538458,0.0204830999718979,0.0192581000155769,,,,,,,,,,,,,,,,,,,,0,49,3070.26,1390.0,4761.0,2284.25,2925.0,3918.0,,,,,,,,,,,,,,,,,,,,,,,,,,0.0074164000106975,44788.0,0.005559799959883,0.0052747000008821,0.0182508999714627,680159.6726698029,25.0,,,,,,,,,,,,,,,,,,,,,,,,,
32_Phoenix_City,Classical,15324,50,50,505043,2,1.390156899986323,100.0,418.9779230769231,1793.6806153846155,1.0394531996858254,2.924462525547823,10934.866615384615,3.661504799965769,3.660295799956657,,,,,,,,,,,44838.0,100.0,44838.0,132400.0,,,,,,0,49,3070.26,1390.0,4761.0,2284.25,2925.0,3918.0,,,,,,,,,,,,,,,,,,,,,,,,,,,,,,,,,,,,,,,,,,,,0.0,0.0,,,,,,,,,,,,
32_Phoenix_City,Quantum,15324,50,50,505043,2,1.390156899986323,96.0,448.2499487179487,1758.713846153846,1.4033866320669812,2.242988761898697,15833.661230769228,28.11363059998257,28.08318250003504,0.0104462999734096,0.0023358999751508,0.0081103999982588,,28.08318250003504,0.0002329999697394,0.0150362999993376,0.0007765999762341,0.0024229999980889,28.11363059998257,,,,,,,,0.0,,0,49,3070.26,1390.0,4761.0,2284.25,2925.0,3918.0,2833.0,5616.0,0.0013999653000053,0.0027999306000107,0.0028248587570621,0.001412429378531,7.929403459230498,8.0,4.0,50000.0,25000.0,2.0,,,,,,,,,,,,,,,,,,,,,5000.0,25000.0,1000.0,1000.0,1.0,498.0,24.0,474.0,0.9518072289156626,1.0,2833.0,,,,,,,,,,,,,,
32_Phoenix_City,ClassicalGreedy,15324,50,50,505044,3,1.2560070999898016,100.0,425.2605692307693,1759.6024615384615,1.1970222252033087,2.86174516135724,12564.98630769231,0.021154900023248,0.0198663999908603,,,,,,,,,,,,,,,,,,,,0,46,2767.38,1257.0,4780.0,2007.5,2688.0,3452.75,,,,,,,,,,,,,,,,,,,,,,,,,,0.0067815000074915,36679.0,0.0040118000470101,0.0077769000199623,0.018570200074464,545693.2619300603,25.0,,,,,,,,,,,,,,,,,,,,,,,,,
32_Phoenix_City,Classical,15324,50,50,505044,3,1.2560070999898016,100.0,510.4356707692308,1789.9489230769232,1.07265213907083,2.660930839769099,10998.81,3.550522400008049,3.54942520003533,,,,,,,,,,,36729.0,100.0,36729.0,108264.0,,,,,,0,46,2767.38,1257.0,4780.0,2007.5,2688.0,3452.75,,,,,,,,,,,,,,,,,,,,,,,,,,,,,,,,,,,,,,,,,,,,0.0,0.0,,,,,,,,,,,,
32_Phoenix_City,Quantum,15324,50,50,505044,3,1.2560070999898016,100.0,546.5064584615384,1789.9489230769232,1.490389714421855,3.8173596195429726,15373.016307692307,28.150887900032103,28.12148470000829,0.0106042000115849,0.0023888000287115,0.0082153999828733,,28.12148470000829,0.0002652999828569,0.013018199999351,0.0007250999915413,0.0028070000116713,28.150887900032103,,,,,,,,0.0,,0,46,2767.38,1257.0,4780.0,2007.5,2688.0,3452.75,2833.0,5616.0,0.0013999653000053,0.0027999306000107,0.0028248587570621,0.001412429378531,7.929403459230498,8.0,4.0,50000.0,25000.0,2.0,,,,,,,,,,,,,,,,,,,,,5000.0,25000.0,1000.0,1000.0,1.0,496.0,25.0,471.0,0.9495967741935484,1.0,2833.0,,,,,,,,,,,,,,
32_Phoenix_City,ClassicalGreedy,15324,50,50,505045,4,1.4934024999965914,100.0,397.53198769230767,1795.4181538461537,1.0420853827019811,1.7325961891156196,11702.69446153846,0.0207291999831795,0.0195641999598592,,,,,,,,,,,,,,,,,,,,0,48,3116.14,1304.0,4793.0,2143.25,3244.0,3791.0,,,,,,,,,,,,,,,,,,,,,,,,,,0.0077196999918669,46703.0,0.0052164999651722,0.0054609000217169,0.0183970999787561,712080.3891620053,25.0,,,,,,,,,,,,,,,,,,,,,,,,,
32_Phoenix_City,Classical,15324,50,50,505045,4,1.4934024999965914,100.0,288.94063384615384,1583.8796923076925,0.9924107082563182,1.8367277520302727,10060.421538461538,4.257227600028273,4.256096200027969,,,,,,,,,,,46753.0,100.0,46753.0,138063.0,,,,,,0,48,3116.14,1304.0,4793.0,2143.25,3244.0,3791.0,,,,,,,,,,,,,,,,,,,,,,,,,,,,,,,,,,,,,,,,,,,,0.0,0.0,,,,,,,,,,,,
32_Phoenix_City,Quantum,15324,50,50,505045,4,1.4934024999965914,92.0,382.1941872909699,1630.9236923076924,1.3749235724946811,2.9879638412582583,14149.973384615389,28.141522800026,28.109869399981108,0.0114318000269122,0.0026799000333994,0.0087518999935127,,28.109869399981108,0.0002486000303179,0.0146311999997124,0.0007842000341042,0.0028126999968662,28.141522800026,,,,,,,,0.0,,0,48,3116.14,1304.0,4793.0,2143.25,3244.0,3791.0,2827.0,5604.0,0.0014029111156673,0.0028058222313346,0.002830856334041,0.0014154281670205,7.92925362575168,8.0,4.0,50000.0,25000.0,2.0,,,,,,,,,,,,,,,,,,,,,5000.0,25000.0,1000.0,1000.0,1.0,489.0,23.0,466.0,0.952965235173824,1.0,2827.0,,,,,,,,,,,,,,
32_Phoenix_City,ClassicalGreedy,15324,50,50,505046,5,1.311501500022132,100.0,424.9469692307693,1739.2886153846157,1.0716483501126757,1.5811424205653677,11616.95046153846,0.0163676000083796,0.015197500004433,,,,,,,,,,,,,,,,,,,,0,48,2956.4,1261.0,4800.0,2149.25,3036.0,3693.75,,,,,,,,,,,,,,,,,,,,,,,,,,0.0066512000048533,38823.0,0.0042014999780803,0.0035710000083781,0.0144236999913118,581018.8839442434,25.0,,,,,,,,,,,,,,,,,,,,,,,,,
32_Phoenix_City,Classical,15324,50,50,505046,5,1.311501500022132,100.0,379.4220584615385,1760.2824615384616,1.0393705796784911,1.5946287677740354,10262.772615384616,4.2287060000235215,4.227453500032425,,,,,,,,,,,38873.0,100.0,38873.0,114647.0,,,,,,0,48,2956.4,1261.0,4800.0,2149.25,3036.0,3693.75,,,,,,,,,,,,,,,,,,,,,,,,,,,,,,,,,,,,,,,,,,,,0.0,0.0,,,,,,,,,,,,
32_Phoenix_City,Quantum,15324,50,50,505046,5,1.311501500022132,96.0,295.8000256410257,1742.051692307692,1.5237752933170796,2.8865323094319635,15403.624153846153,29.104295199969783,29.075817000004463,0.0106724999495781,0.0023598999832756,0.0083125999663025,,29.075817000004463,0.0002183000324293,0.0123976000468246,0.0007477999897673,0.0026271999813616,29.104295199969783,,,,,,,,0.0,,0,48,2956.4,1261.0,4800.0,2149.25,3036.0,3693.75,2911.0,5772.0,0.0013627654789688,0.0027255309579377,0.0027491408934707,0.0013745704467353,7.931295087598763,8.0,4.0,50000.0,25000.0,2.0,,,,,,,,,,,,,,,,,,,,,5000.0,25000.0,1000.0,1000.0,1.0,502.0,24.0,478.0,0.952191235059761,1.0,2911.0,,,,,,,,,,,,,,
32_Phoenix_City,ClassicalGreedy,15324,50,50,505047,6,1.3621032000519335,100.0,433.9188492307692,1736.7207692307693,1.0761722418706057,1.9676895507132843,10748.738153846152,0.0210972999921068,0.0199516000575386,,,,,,,,,,,,,,,,,,,,0,49,3100.9,1559.0,4708.0,2302.25,2991.0,3817.0,,,,,,,,,,,,,,,,,,,,,,,,,,0.0077173000317998,48495.0,0.0055471999803557,0.0056231999769806,0.0188876999891363,742194.001704996,25.0,,,,,,,,,,,,,,,,,,,,,,,,,
32_Phoenix_City,Classical,15324,50,50,505047,6,1.3621032000519335,100.0,440.01519384615386,1746.8599999999997,1.0461229185227714,2.847850183154049,9644.457076923076,4.50408659997629,4.502937699959148,,,,,,,,,,,48545.0,100.0,48545.0,143394.0,,,,,,0,49,3100.9,1559.0,4708.0,2302.25,2991.0,3817.0,,,,,,,,,,,,,,,,,,,,,,,,,,,,,,,,,,,,,,,,,,,,0.0,0.0,,,,,,,,,,,,
32_Phoenix_City,Quantum,15324,50,50,505047,6,1.3621032000519335,100.0,345.0411353846154,1736.7207692307693,1.4356299076645456,3.062570421533728,14762.678615384611,28.20875689998502,28.17534539999906,0.010867099976167,0.0025929999537765,0.0082741000223904,,28.17534539999906,0.0002543000155128,0.0152069000178016,0.0008078999817371,0.0038856000173836,28.20875689998502,,,,,,,,0.0,,0,49,3100.9,1559.0,4708.0,2302.25,2991.0,3817.0,2860.0,5670.0,0.0013868607782563,0.0027737215565127,0.0027981811822315,0.0013990905911157,7.93006993006993,8.0,4.0,50000.0,25000.0,2.0,,,,,,,,,,,,,,,,,,,,,5000.0,25000.0,1000.0,1000.0,1.0,494.0,25.0,469.0,0.9493927125506072,1.0,2860.0,,,,,,,,,,,,,,
32_Phoenix_City,ClassicalGreedy,15324,50,50,505048,7,1.464200799993705,100.0,547.2749784615385,1635.7052307692306,1.1415614189617087,3.496161353285621,12037.75246153846,0.0195893999771215,0.018403899972327,,,,,,,,,,,,,,,,,,,,0,49,3044.54,1258.0,4544.0,2343.75,3152.5,3902.25,,,,,,,,,,,,,,,,,,,,,,,,,,0.0072872000164352,42071.0,0.0048894000356085,0.0052358999964781,0.0174125000485219,634714.6552167244,25.0,,,,,,,,,,,,,,,,,,,,,,,,,
32_Phoenix_City,Classical,15324,50,50,505048,7,1.464200799993705,100.0,368.4907384615385,1694.5301538461545,1.1198670532418349,4.35311212318369,10798.140307692309,3.497710199968424,3.496570299961604,,,,,,,,,,,42121.0,100.0,42121.0,124283.0,,,,,,0,49,3044.54,1258.0,4544.0,2343.75,3152.5,3902.25,,,,,,,,,,,,,,,,,,,,,,,,,,,,,,,,,,,,,,,,,,,,0.0,0.0,,,,,,,,,,,,
32_Phoenix_City,Quantum,15324,50,50,505048,7,1.464200799993705,92.0,420.3716421404682,1619.0926153846158,1.5712543380231592,2.862840341003656,14407.964,28.736280899960548,28.70564160001232,0.0107200999627821,0.0029150999616831,0.0078050000010989,,28.70564160001232,0.0002410999732092,0.0145077999914065,0.000768500030972,0.0026268999790772,28.736280899960548,,,,,,,,0.0,,0,49,3044.54,1258.0,4544.0,2343.75,3152.5,3902.25,2875.0,5700.0,0.001379685939911,0.002759371879822,0.0027835768963117,0.0013917884481558,7.930434782608696,8.0,4.0,50000.0,25000.0,2.0,,,,,,,,,,,,,,,,,,,,,5000.0,25000.0,1000.0,1000.0,1.0,502.0,23.0,479.0,0.954183266932271,1.0,2875.0,,,,,,,,,,,,,,
32_Phoenix_City,ClassicalGreedy,15324,50,50,505049,8,1.302980500040576,100.0,508.7434892307693,1777.7655384615384,1.3850731899233455,9.01211729193618,13461.28630769231,0.0150271999882534,0.0138650999870151,,,,,,,,,,,,,,,,,,,,0,46,3033.06,1205.0,4781.0,2215.0,3029.0,4012.75,,,,,,,,,,,,,,,,,,,,,,,,,,0.006243500043638,34154.0,0.0038943000254221,0.0030606999644078,0.013198500033468,504555.6647829168,25.0,,,,,,,,,,,,,,,,,,,,,,,,,
32_Phoenix_City,Classical,15324,50,50,505049,8,1.302980500040576,100.0,512.550963076923,1777.7655384615384,1.033789353117468,3.4543615282857365,11173.288,3.17287569999462,3.171754700015299,,,,,,,,,,,34204.0,100.0,34204.0,100801.0,,,,,,0,46,3033.06,1205.0,4781.0,2215.0,3029.0,4012.75,,,,,,,,,,,,,,,,,,,,,,,,,,,,,,,,,,,,,,,,,,,,0.0,0.0,,,,,,,,,,,,
32_Phoenix_City,Quantum,15324,50,50,505049,8,1.302980500040576,100.0,577.1053230769231,1790.9036923076924,1.3849448646048217,2.285979662488992,16144.093538461537,28.45463709998876,28.347030700009785,0.0893488000147044,0.0020321999909356,0.0873166000237688,,28.347030700009785,0.0002824999974109,0.01288580003893,0.000840299995616,0.0025846000062301,28.45463709998876,,,,,,,,0.0,,0,46,3033.06,1205.0,4781.0,2215.0,3029.0,4012.75,2839.0,5628.0,0.0013970318286446,0.0027940636572893,0.0028188865398167,0.0014094432699083,7.929552659387108,8.0,4.0,50000.0,25000.0,2.0,,,,,,,,,,,,,,,,,,,,,5000.0,25000.0,1000.0,1000.0,1.0,487.0,25.0,462.0,0.9486652977412732,1.0,2839.0,,,,,,,,,,,,,,
32_Phoenix_City,ClassicalGreedy,15324,50,50,505050,9,1.3076862000161782,100.0,539.5157046153847,1703.9104615384613,0.9865874145455414,1.723172886715316,11363.36,0.018808499968145,0.0176621000282466,,,,,,,,,,,,,,,,,,,,0,49,2694.14,1229.0,4565.0,1870.25,2624.5,3415.0,,,,,,,,,,,,,,,,,,,,,,,,,,0.0070511999656446,43252.0,0.0048643000191077,0.0047409000108018,0.0166563999955542,654379.6043566156,25.0,,,,,,,,,,,,,,,,,,,,,,,,,
32_Phoenix_City,Classical,15324,50,50,505050,9,1.3076862000161782,100.0,424.9119230769231,1696.4132307692307,0.924078331030628,1.4682420371634757,10147.85923076923,4.067553700006101,4.066395999980159,,,,,,,,,,,43302.0,100.0,43302.0,127798.0,,,,,,0,49,2694.14,1229.0,4565.0,1870.25,2624.5,3415.0,,,,,,,,,,,,,,,,,,,,,,,,,,,,,,,,,,,,,,,,,,,,0.0,0.0,,,,,,,,,,,,
32_Phoenix_City,Quantum,15324,50,50,505050,9,1.3076862000161782,96.0,456.0854326923077,1696.4132307692307,1.1908279599483995,1.6674007778454614,14022.441692307691,27.89160729997093,27.861754700017627,0.0103225999628193,0.0025323000154457,0.0077902999473735,,27.861754700017627,0.000239800021518,0.0135786000173538,0.0007664000149816,0.0026735999854281,27.89160729997093,,,,,,,,0.0,,0,49,2694.14,1229.0,4565.0,1870.25,2624.5,3415.0,2794.0,5538.0,0.0014193372786706,0.0028386745573413,0.0028643036161833,0.0014321518080916,7.928418038654259,8.0,4.0,50000.0,25000.0,2.0,,,,,,,,,,,,,,,,,,,,,5000.0,25000.0,1000.0,1000.0,1.0,483.0,24.0,459.0,0.9503105590062112,1.0,2794.0,,,,,,,,,,,,,,
32_Phoenix_City,ClassicalGreedy,15324,50,50,505051,10,1.4138954999507405,100.0,439.0942276923077,1771.024,1.0160968689079872,2.229517656828386,11648.806615384616,0.0190298999659717,0.0178117000032216,,,,,,,,,,,,,,,,,,,,0,48,3033.32,1227.0,4624.0,2273.5,3113.5,3713.0,,,,,,,,,,,,,,,,,,,,,,,,,,0.0075424999813549,41014.0,0.0053095999755896,0.0041473000310361,0.0169993999879807,617306.8917465,25.0,,,,,,,,,,,,,,,,,,,,,,,,,
32_Phoenix_City,Classical,15324,50,50,505051,10,1.4138954999507405,100.0,409.6220215384616,1646.944,0.9853612297652804,1.9893081163276944,10571.28476923077,3.504921399988234,3.503780299972277,,,,,,,,,,,41064.0,100.0,41064.0,121172.0,,,,,,0,48,3033.32,1227.0,4624.0,2273.5,3113.5,3713.0,,,,,,,,,,,,,,,,,,,,,,,,,,,,,,,,,,,,,,,,,,,,0.0,0.0,,,,,,,,,,,,
32_Phoenix_City,Quantum,15324,50,50,505051,10,1.4138954999507405,96.0,374.4047051282052,1568.2467692307691,1.4737475282268415,3.076088704898325,15022.72769230769,28.433823800005484,28.405801000015344,0.0097839999943971,0.0022450999822467,0.0075389000121504,,28.405801000015344,0.0002314999583177,0.0127040999941527,0.000726600002963,0.0027681000065058,28.433823800005484,,,,,,,,0.0,,0,48,3033.32,1227.0,4624.0,2273.5,3113.5,3713.0,2839.0,5628.0,0.0013970318286446,0.0027940636572893,0.0028188865398167,0.0014094432699083,7.929552659387108,8.0,4.0,50000.0,25000.0,2.0,,,,,,,,,,,,,,,,,,,,,5000.0,25000.0,1000.0,1000.0,1.0,494.0,24.0,470.0,0.951417004048583,1.0,2839.0,,,,,,,,,,,,,,
32_Phoenix_City,ClassicalGreedy,15324,50,100,1005042,1,3.746598900004756,95.0,385.2709587044535,1798.8763076923078,1.0262402427265886,1.935427555593404,18831.460461538463,0.177227700012736,0.1750329000060446,,,,,,,,,,,,,,,,,,,,0,97,2931.45,1234.0,4695.0,2231.25,2926.0,3744.5,,,,,,,,,,,,,,,,,,,,,,,,,,0.1332133999676443,179371.0,0.0242176000028848,0.011076100054197,0.1685071000247262,3102064.014797426,48.0,,,,,,,,,,,,,,,,,,,,,,,,,
32_Phoenix_City,Classical,15324,50,100,1005042,1,3.746598900004756,100.0,500.9484061538462,1786.1673846153844,0.98216280669442,1.935427555593404,19030.319384615384,80.26140999997733,80.25912589998916,,,,,,,,,,,179471.0,150.0,179471.0,534071.0,,,,,,0,97,2931.45,1234.0,4695.0,2231.25,2926.0,3744.5,,,,,,,,,,,,,,,,,,,,,,,,,,,,,,,,,,,,,,,,,,,,0.0,0.0,,,,,,,,,,,,
32_Phoenix_City,Quantum,15324,50,100,1005042,1,3.746598900004756,94.0,498.1267921440261,1756.7473846153848,1.3275513779369208,3.829386062395938,24854.26307692308,66.67531459999736,66.60708569997223,0.027946799993515,0.0075090999598614,0.0204377000336535,,66.60708569997223,0.000670000037644,0.0300744000123813,0.0015862999716773,0.0054628000361844,66.67531459999736,,,,,,,,0.0,,0,97,2931.45,1234.0,4695.0,2231.25,2926.0,3744.5,6578.0,13056.0,0.0006035571874364,0.0012071143748729,0.0012163600425726,0.0006081800212863,7.93919124353907,8.0,4.0,50000.0,25000.0,2.0,,,,,,,,,,,,,,,,,,,,,5000.0,25000.0,1000.0,1000.0,1.0,1146.0,47.0,1099.0,0.9589877835951134,1.0,6578.0,,,,,,,,,,,,,,
32_Phoenix_City,ClassicalGreedy,15324,50,100,1005043,2,3.427932200022042,95.0,522.0025295546559,1795.991076923077,1.1640176523990713,5.672463138626685,20737.760615384614,0.1550618999754078,0.1529350999626331,,,,,,,,,,,,,,,,,,,,0,96,3100.22,1249.0,4749.0,2072.5,3350.5,3959.5,,,,,,,,,,,,,,,,,,,,,,,,,,0.1183592999586835,155801.0,0.0206304000457748,0.0089138000039383,0.1479035000083968,2661984.925738288,48.0,,,,,,,,,,,,,,,,,,,,,,,,,
32_Phoenix_City,Classical,15324,50,100,1005043,2,3.427932200022042,100.0,496.21812,1753.185692307692,1.0986937771136112,3.111014472340576,21457.617076923067,43.35452939994866,43.35211529996013,,,,,,,,,,,155901.0,150.0,155901.0,463758.0,,,,,,0,96,3100.22,1249.0,4749.0,2072.5,3350.5,3959.5,,,,,,,,,,,,,,,,,,,,,,,,,,,,,,,,,,,,,,,,,,,,0.0,0.0,,,,,,,,,,,,
32_Phoenix_City,Quantum,15324,50,100,1005043,2,3.427932200022042,94.0,490.12614729950906,1795.991076923077,1.360691876022673,2.883134276019267,25997.031692307693,65.51045170001453,65.44560550001916,0.0270189000293612,0.0072723000193946,0.0197466000099666,,65.44560550001916,0.0006954999989829,0.0274481999804265,0.0017040999955497,0.005410399986431,65.51045170001453,,,,,,,,0.0,,0,96,3100.22,1249.0,4749.0,2072.5,3350.5,3959.5,6503.0,12906.0,0.0006104652359063,0.0012209304718126,0.001230390649031,0.0006151953245155,7.938489927725665,8.0,4.0,50000.0,25000.0,2.0,,,,,,,,,,,,,,,,,,,,,5000.0,25000.0,1000.0,1000.0,1.0,1139.0,47.0,1092.0,0.9587357330992098,1.0,6503.0,,,,,,,,,,,,,,
32_Phoenix_City,ClassicalGreedy,15324,50,100,1005044,3,3.8125872000237,97.0,435.9914385408406,1672.8947692307693,1.006634212444156,1.5145568819103912,19649.268461538464,0.1641517999814823,0.1618920000037178,,,,,,,,,,,,,,,,,,,,0,98,2934.91,1224.0,4790.0,2067.0,2887.5,3761.25,,,,,,,,,,,,,,,,,,,,,,,,,,0.1206585000036284,174832.0,0.0234777999576181,0.0116792999906465,0.1558155999518931,3017210.299090147,49.0,,,,,,,,,,,,,,,,,,,,,,,,,
32_Phoenix_City,Classical,15324,50,100,1005044,3,3.8125872000237,100.0,455.2372430769231,1799.0956923076924,0.96964560196449,1.9408667825658856,20002.52815384616,37.88205690000905,37.87973129999591,,,,,,,,,,,174932.0,150.0,174932.0,520579.0,,,,,,0,98,2934.91,1224.0,4790.0,2067.0,2887.5,3761.25,,,,,,,,,,,,,,,,,,,,,,,,,,,,,,,,,,,,,,,,,,,,0.0,0.0,,,,,,,,,,,,
32_Phoenix_City,Quantum,15324,50,100,1005044,3,3.8125872000237,90.0,520.2490273504274,1762.1415384615384,1.398360478455977,2.8746886324564325,23934.30507692308,65.49089469999308,65.42598010000074,0.0282838999992236,0.00725229998352,0.0210316000157035,,65.42598010000074,0.0006813000072725,0.0263151999679394,0.0014387000119313,0.0058465999900363,65.49089469999308,,,,,,,,0.0,,0,98,2934.91,1224.0,4790.0,2067.0,2887.5,3761.25,6563.0,13026.0,0.0006049262620149,0.0012098525240299,0.0012191405059433,0.0006095702529716,7.939052262684748,8.0,4.0,50000.0,25000.0,2.0,,,,,,,,,,,,,,,,,,,,,5000.0,25000.0,1000.0,1000.0,1.0,1148.0,45.0,1103.0,0.960801393728223,1.0,6563.0,,,,,,,,,,,,,,
32_Phoenix_City,ClassicalGreedy,15324,50,100,1005045,4,3.616732699971181,95.0,507.5798396761133,1793.998153846154,1.0403843238551251,3.938115185606146,19568.728461538463,0.158798000018578,0.1566735000233166,,,,,,,,,,,,,,,,,,,,0,96,3042.35,1245.0,4794.0,2102.5,3041.5,4045.75,,,,,,,,,,,,,,,,,,,,,,,,,,0.1196004999801516,168071.0,0.0223805000423453,0.0093293000245466,0.1513103000470437,2890620.221775224,48.0,,,,,,,,,,,,,,,,,,,,,,,,,
32_Phoenix_City,Classical,15324,50,100,1005045,4,3.616732699971181,100.0,468.9290630769231,1793.998153846154,0.9576053383203688,1.6534099994452367,19694.78538461539,71.81204300001264,71.80971770000178,,,,,,,,,,,168171.0,150.0,168171.0,500387.0,,,,,,0,96,3042.35,1245.0,4794.0,2102.5,3041.5,4045.75,,,,,,,,,,,,,,,,,,,,,,,,,,,,,,,,,,,,,,,,,,,,0.0,0.0,,,,,,,,,,,,
32_Phoenix_City,Quantum,15324,50,100,1005045,4,3.616732699971181,88.0,345.3703041958042,1622.0596923076923,1.4052854705832691,2.743195199488347,23491.19830769231,66.64143329998478,66.57441030000336,0.0289597000228241,0.0080348000046797,0.0209249000181444,,66.57441030000336,0.000687200052198,0.0272620000177994,0.0014740999904461,0.006186099955812,66.64143329998478,,,,,,,,0.0,,0,96,3042.35,1245.0,4794.0,2102.5,3041.5,4045.75,6605.0,13110.0,0.0006011084053845,0.0012022168107691,0.0012113870381586,0.0006056935190793,7.939439818319455,8.0,4.0,50000.0,25000.0,2.0,,,,,,,,,,,,,,,,,,,,,5000.0,25000.0,1000.0,1000.0,1.0,1145.0,44.0,1101.0,0.9615720524017468,1.0,6605.0,,,,,,,,,,,,,,
32_Phoenix_City,ClassicalGreedy,15324,50,100,1005046,5,3.7384074999718,97.0,441.49524821570185,1749.421230769231,1.0399799796200324,1.7126978329681033,19189.782923076924,0.1631526999990455,0.1608910000068135,,,,,,,,,,,,,,,,,,,,0,98,3051.38,1204.0,4796.0,2374.5,2953.0,3893.25,,,,,,,,,,,,,,,,,,,,,,,,,,0.1221064999699592,167706.0,0.0221715000225231,0.0109362000366672,0.1552142000291496,2883679.291727631,49.0,,,,,,,,,,,,,,,,,,,,,,,,,
32_Phoenix_City,Classical,15324,50,100,1005046,5,3.7384074999718,100.0,506.2653523076923,1783.2972307692307,0.9983300045834558,2.116349777036412,18724.98753846154,32.39364109997405,32.39129669999238,,,,,,,,,,,167806.0,150.0,167806.0,499275.0,,,,,,0,98,3051.38,1204.0,4796.0,2374.5,2953.0,3893.25,,,,,,,,,,,,,,,,,,,,,,,,,,,,,,,,,,,,,,,,,,,,0.0,0.0,,,,,,,,,,,,
32_Phoenix_City,Quantum,15324,50,100,1005046,5,3.7384074999718,90.0,447.3441623931624,1779.1178461538466,1.3403388260855014,2.362475806119508,22452.85461538461,66.64241480000783,66.5767663999577,0.0277587000746279,0.0073805000283755,0.0203782000462524,,66.5767663999577,0.0006863999878987,0.0269781000097282,0.0015505999908782,0.0060663999756798,66.64241480000783,,,,,,,,0.0,,0,98,3051.38,1204.0,4796.0,2374.5,2953.0,3893.25,6572.0,13044.0,0.0006041040729971,0.0012082081459942,0.0012174707046111,0.0006087353523055,7.939135727328058,8.0,4.0,50000.0,25000.0,2.0,,,,,,,,,,,,,,,,,,,,,5000.0,25000.0,1000.0,1000.0,1.0,1138.0,45.0,1093.0,0.960456942003515,1.0,6572.0,,,,,,,,,,,,,,
32_Phoenix_City,ClassicalGreedy,15324,50,100,1005047,6,3.606006899964996,94.0,535.1757217675942,1770.8407692307692,1.0343560275966517,2.602609621871117,19828.73061538461,0.1584509999956935,0.1563555999891832,,,,,,,,,,,,,,,,,,,,0,95,3013.07,1202.0,4739.0,2060.5,2889.5,3936.75,,,,,,,,,,,,,,,,,,,,,,,,,,0.1190174000221304,159807.0,0.0221006000065244,0.0099304999457672,0.1510484999744221,2736194.531816838,47.0,,,,,,,,,,,,,,,,,,,,,,,,,
32_Phoenix_City,Classical,15324,50,100,1005047,6,3.606006899964996,100.0,545.9682415384615,1759.8144615384615,1.0987522673903014,7.16677404240365,20860.92969230768,43.56951870000921,43.56718210002873,,,,,,,,,,,159907.0,150.0,159907.0,475663.0,,,,,,0,95,3013.07,1202.0,4739.0,2060.5,2889.5,3936.75,,,,,,,,,,,,,,,,,,,,,,,,,,,,,,,,,,,,,,,,,,,,0.0,0.0,,,,,,,,,,,,
32_Phoenix_City,Quantum,15324,50,100,1005047,6,3.606006899964996,92.0,567.4553612040133,1783.5852307692312,1.427383138792385,3.4008095899930506,26593.718461538458,65.14228999998886,65.07653229997959,0.0282123000361025,0.0080822000163607,0.0201301000197418,,65.07653229997959,0.0007187000010162,0.0268536999938078,0.0016544999671168,0.0058941000024788,65.14228999998886,,,,,,,,0.0,,0,95,3013.07,1202.0,4739.0,2060.5,2889.5,3936.75,6494.0,12888.0,0.0006113048422334,0.0012226096844669,0.001232096103496,0.000616048051748,7.938404681244226,8.0,4.0,50000.0,25000.0,2.0,,,,,,,,,,,,,,,,,,,,,5000.0,25000.0,1000.0,1000.0,1.0,1131.0,46.0,1085.0,0.9593280282935456,1.0,6494.0,,,,,,,,,,,,,,
32_Phoenix_City,ClassicalGreedy,15324,50,100,1005048,7,3.640435000008438,91.0,494.9169907016061,1733.993846153846,1.045718522615828,2.1260092499026806,18954.97923076923,0.1601517000235617,0.1580295000458136,,,,,,,,,,,,,,,,,,,,0,96,3022.15,1275.0,4754.0,2172.5,2888.0,3988.75,,,,,,,,,,,,,,,,,,,,,,,,,,0.1208125000121072,165720.0,0.0223640999756753,0.0095691999886184,0.152745799976401,2846495.8710507844,46.0,,,,,,,,,,,,,,,,,,,,,,,,,
32_Phoenix_City,Classical,15324,50,100,1005048,7,3.640435000008438,100.0,549.0080061538462,1711.542461538461,0.9868418570936242,2.5611275861977423,19446.71876923077,30.15178030001698,30.149474000034388,,,,,,,,,,,165820.0,150.0,165820.0,493329.0,,,,,,0,96,3022.15,1275.0,4754.0,2172.5,2888.0,3988.75,,,,,,,,,,,,,,,,,,,,,,,,,,,,,,,,,,,,,,,,,,,,0.0,0.0,,,,,,,,,,,,
32_Phoenix_City,Quantum,15324,50,100,1005048,7,3.640435000008438,92.0,518.4007642140468,1795.3587692307692,1.3089160581108898,2.049644928490181,25226.777384615383,65.54330929997377,65.47742959996685,0.0275176000432111,0.0068889000103808,0.0206287000328302,,65.47742959996685,0.0006631999858655,0.028267899993807,0.0015825000009499,0.0052857000264339,65.54330929997377,,,,,,,,0.0,,0,96,3022.15,1275.0,4754.0,2172.5,2888.0,3988.75,6488.0,12876.0,0.0006118658639483,0.0012237317278966,0.0012332357021735,0.0006166178510867,7.938347718865598,8.0,4.0,50000.0,25000.0,2.0,,,,,,,,,,,,,,,,,,,,,5000.0,25000.0,1000.0,1000.0,1.0,1133.0,46.0,1087.0,0.9593998234774934,1.0,6488.0,,,,,,,,,,,,,,
32_Phoenix_City,ClassicalGreedy,15324,50,100,1005049,8,3.0896878999774344,86.0,549.5109677996422,1798.0103076923078,1.0285045481457389,1.829912723485224,17552.862,0.1491221000324003,0.1470649000257253,,,,,,,,,,,,,,,,,,,,0,95,2871.08,1255.0,4739.0,2051.0,2942.0,3649.5,,,,,,,,,,,,,,,,,,,,,,,,,,0.115568200009875,134091.0,0.0188877000473439,0.0085982999298721,0.1430541999870911,2260774.7666762387,43.0,,,,,,,,,,,,,,,,,,,,,,,,,
32_Phoenix_City,Classical,15324,50,100,1005049,8,3.0896878999774344,100.0,626.7818492307692,1798.0106153846154,0.9961850854986152,1.6956578532192887,20213.33015384616,36.77749400003813,36.77520910004387,,,,,,,,,,,134191.0,150.0,134191.0,398914.0,,,,,,0,95,2871.08,1255.0,4739.0,2051.0,2942.0,3649.5,,,,,,,,,,,,,,,,,,,,,,,,,,,,,,,,,,,,,,,,,,,,0.0,0.0,,,,,,,,,,,,
32_Phoenix_City,Quantum,15324,50,100,1005049,8,3.0896878999774344,92.0,628.5797491638796,1781.2646153846154,1.473972097312039,3.909993158020977,26941.54461538462,65.21964369999478,65.15802510001231,0.0263312000315636,0.0058926999918185,0.0204385000397451,,65.15802510001231,0.0007362000178545,0.0245890999794937,0.0015125999925658,0.0060299999895505,65.21964369999478,,,,,,,,0.0,,0,95,2871.08,1255.0,4739.0,2051.0,2942.0,3649.5,6521.0,12942.0,0.0006087929229116,0.0012175858458232,0.0012269938650306,0.0006134969325153,7.938659714767674,8.0,4.0,50000.0,25000.0,2.0,,,,,,,,,,,,,,,,,,,,,5000.0,25000.0,1000.0,1000.0,1.0,1141.0,48.0,1093.0,0.957931638913234,1.0,6521.0,,,,,,,,,,,,,,
32_Phoenix_City,ClassicalGreedy,15324,50,100,1005050,9,3.69466849998571,92.0,354.7956421404682,1727.0863076923074,1.051003728366662,2.782021287350346,19804.699230769227,0.1840490000322461,0.1818951000459492,,,,,,,,,,,,,,,,,,,,0,97,3126.78,1241.0,4796.0,2036.75,3185.5,4159.25,,,,,,,,,,,,,,,,,,,,,,,,,,0.1400143000064417,174027.0,0.0234554000198841,0.011158799927216,0.1746284999535419,3002010.484656034,46.0,,,,,,,,,,,,,,,,,,,,,,,,,
32_Phoenix_City,Classical,15324,50,100,1005050,9,3.69466849998571,100.0,400.2655046153847,1735.8133846153846,0.9756068234194376,1.8166019410963776,20779.989692307685,38.431889200001024,38.42953209998086,,,,,,,,,,,174127.0,150.0,174127.0,518155.0,,,,,,0,97,3126.78,1241.0,4796.0,2036.75,3185.5,4159.25,,,,,,,,,,,,,,,,,,,,,,,,,,,,,,,,,,,,,,,,,,,,0.0,0.0,,,,,,,,,,,,
32_Phoenix_City,Quantum,15324,50,100,1005050,9,3.69466849998571,96.0,422.13179487179485,1796.9704615384614,1.269166201046131,2.0915325293721856,26053.214,67.49990490003256,67.43109670002013,0.0281087000039406,0.007557800039649,0.0205508999642916,,67.43109670002013,0.0007407999946735,0.0299568000482395,0.0016226999578066,0.0057947000022977,67.49990490003256,,,,,,,,0.0,,0,97,3126.78,1241.0,4796.0,2036.75,3185.5,4159.25,6704.0,13308.0,0.0005922970407935,0.001184594081587,0.0011934954497985,0.0005967477248992,7.940334128878281,8.0,4.0,50000.0,25000.0,2.0,,,,,,,,,,,,,,,,,,,,,5000.0,25000.0,1000.0,1000.0,1.0,1167.0,48.0,1119.0,0.9588688946015425,1.0,6704.0,,,,,,,,,,,,,,
32_Phoenix_City,ClassicalGreedy,15324,50,100,1005051,10,3.423517999995965,87.0,505.82532625994696,1772.5027692307683,1.1073368963200894,2.763962339501168,17259.043384615383,0.1468614000477828,0.1449271000456065,,,,,,,,,,,,,,,,,,,,0,95,3158.88,1263.0,4775.0,2366.75,3321.5,3961.0,,,,,,,,,,,,,,,,,,,,,,,,,,0.1101696999976411,145973.0,0.0197654999792575,0.0103821999509818,0.1403173999278806,2479609.088057215,44.0,,,,,,,,,,,,,,,,,,,,,,,,,
32_Phoenix_City,Classical,15324,50,100,1005051,10,3.423517999995965,100.0,567.452756923077,1798.4156923076926,1.0559964935109043,2.791342441881573,20731.700769230763,51.56054340000264,51.55816329998197,,,,,,,,,,,146073.0,150.0,146073.0,434372.0,,,,,,0,95,3158.88,1263.0,4775.0,2366.75,3321.5,3961.0,,,,,,,,,,,,,,,,,,,,,,,,,,,,,,,,,,,,,,,,,,,,0.0,0.0,,,,,,,,,,,,
32_Phoenix_City,Quantum,15324,50,100,1005051,10,3.423517999995965,94.0,605.4282422258592,1770.6584615384618,1.440743230631646,3.97363055247952,25634.692769230765,66.72639359999448,66.6613746000221,0.0272976999985985,0.0063415000331588,0.0209561999654397,,66.6613746000221,0.0006893000099807,0.026145500014536,0.0017015999765135,0.0064620999619364,66.72639359999448,,,,,,,,0.0,,0,95,3158.88,1263.0,4775.0,2366.75,3321.5,3961.0,6680.0,13260.0,0.000594409324785,0.0011888186495701,0.001197784099416,0.000598892049708,7.940119760479042,8.0,4.0,50000.0,25000.0,2.0,,,,,,,,,,,,,,,,,,,,,5000.0,25000.0,1000.0,1000.0,1.0,1164.0,47.0,1117.0,0.9596219931271478,1.0,6680.0,,,,,,,,,,,,,,
32_Phoenix_City,ClassicalGreedy,15324,60,60,606042,1,1.9488724000402728,100.0,410.36517692307694,1780.5175384615386,1.0323480866143606,1.9376075783728928,13935.75723076923,0.0325224000262096,0.0311907000141218,,,,,,,,,,,,,,,,,,,,0,56,2968.133333333333,1211.0,4777.0,2132.0,2976.0,3835.25,,,,,,,,,,,,,,,,,,,,,,,,,,0.0131965999607928,65307.0,0.0077117999899201,0.008825400029309,0.029733799980022,1028641.0891790038,30.0,,,,,,,,,,,,,,,,,,,,,,,,,
32_Phoenix_City,Classical,15324,60,60,606042,1,1.9488724000402728,100.0,338.01455128205123,1780.5175384615386,0.9981548689964516,2.133825976590044,13109.107538461538,5.64029779995326,5.638906899956055,,,,,,,,,,,65367.0,120.0,65367.0,193343.0,,,,,,0,56,2968.133333333333,1211.0,4777.0,2132.0,2976.0,3835.25,,,,,,,,,,,,,,,,,,,,,,,,,,,,,,,,,,,,,,,,,,,,0.0,0.0,,,,,,,,,,,,
32_Phoenix_City,Quantum,15324,60,60,606042,1,1.9488724000402728,100.0,395.26068974358975,1780.5175384615386,1.4557939670530622,2.832642328902942,19040.08323076923,35.95451010001125,35.914167599985376,0.0134371999884024,0.0035001999931409,0.0099369999952614,,35.914167599985376,0.0003262000391259,0.0200133000034838,0.0010489000123925,0.0035250000073574,35.95451010001125,,,,,,,,0.0,,0,56,2968.133333333333,1211.0,4777.0,2132.0,2976.0,3835.25,3627.0,7194.0,0.0010940195271992,0.0021880390543985,0.0022062879205736,0.0011031439602868,7.933829611248966,8.0,4.0,50000.0,25000.0,2.0,,,,,,,,,,,,,,,,,,,,,5000.0,25000.0,1000.0,1000.0,1.0,632.0,30.0,602.0,0.9525316455696202,1.0,3627.0,,,,,,,,,,,,,,
32_Phoenix_City,ClassicalGreedy,15324,60,60,606043,2,1.944391300028656,100.0,495.3274153846154,1778.7486153846153,0.9139359859668654,1.5961016329964828,13998.508000000002,0.0300619000336155,0.0286520000081509,,,,,,,,,,,,,,,,,,,,0,57,2819.866666666667,1204.0,4713.0,1891.25,2746.0,3740.5,,,,,,,,,,,,,,,,,,,,,,,,,,0.0115178999840281,67875.0,0.0080809000646695,0.007002199999988,0.0266010000486858,1073130.7960893493,30.0,,,,,,,,,,,,,,,,,,,,,,,,,
32_Phoenix_City,Classical,15324,60,60,606043,2,1.944391300028656,100.0,499.5526384615385,1716.0144615384615,0.901098734485251,1.6578246102548642,13114.98153846154,7.267427400045562,7.266022700001486,,,,,,,,,,,67935.0,120.0,67935.0,201001.0,,,,,,0,57,2819.866666666667,1204.0,4713.0,1891.25,2746.0,3740.5,,,,,,,,,,,,,,,,,,,,,,,,,,,,,,,,,,,,,,,,,,,,0.0,0.0,,,,,,,,,,,,
32_Phoenix_City,Quantum,15324,60,60,606043,2,1.944391300028656,100.0,537.8810102564103,1687.4116923076922,1.2990591454824163,2.2986702082269903,19969.57584615385,35.893593100016005,35.8520753000048,0.0145865000085905,0.0035259000142104,0.01106059999438,,35.8520753000048,0.0003442000015638,0.0195888000307604,0.0009697999921627,0.0037566000246442,35.893593100016005,,,,,,,,0.0,,0,57,2819.866666666667,1204.0,4713.0,1891.25,2746.0,3740.5,3585.0,7110.0,0.0011067319187089,0.0022134638374178,0.0022321428571428,0.0011160714285714,7.933054393305439,8.0,4.0,50000.0,25000.0,2.0,,,,,,,,,,,,,,,,,,,,,5000.0,25000.0,1000.0,1000.0,1.0,622.0,30.0,592.0,0.9517684887459807,1.0,3585.0,,,,,,,,,,,,,,
32_Phoenix_City,ClassicalGreedy,15324,60,60,606044,3,1.8304405999952,100.0,479.2158897435898,1741.6443076923078,1.0589676676896098,4.034386405957055,12856.07846153846,0.0295081000076606,0.0280983999837189,,,,,,,,,,,,,,,,,,,,0,58,2860.4666666666667,1214.0,4773.0,1865.5,2861.5,3738.25,,,,,,,,,,,,,,,,,,,,,,,,,,0.0105519000208005,65953.0,0.0078235000255517,0.0079524000175297,0.026327800063882,1039693.7822193084,30.0,,,,,,,,,,,,,,,,,,,,,,,,,
32_Phoenix_City,Classical,15324,60,60,606044,3,1.8304405999952,100.0,450.3276871794872,1703.0836923076922,4899.5415123666335,166553.0,12109.123538461536,6.484415000013541,6.48308099998394,,,,,,,,,,,66013.0,120.0,66013.0,195242.0,,,,,,0,58,2860.4666666666667,1214.0,4773.0,1865.5,2861.5,3738.25,,,,,,,,,,,,,,,,,,,,,,,,,,,,,,,,,,,,,,,,,,,,0.0,0.0,,,,,,,,,,,,
32_Phoenix_City,Quantum,15324,60,60,606044,3,1.8304405999952,96.66666666666669,326.3941909814324,1605.7350769230766,1.4723244011663943,3.838791533329936,17195.426307692305,35.2420359000098,35.20268109999597,0.0137552000232972,0.0037508000386878,0.0100043999846093,,35.20268109999597,0.0003155000158585,0.019124999991618,0.0009300000383518,0.0032746999640949,35.2420359000098,,,,,,,,0.0,,0,58,2860.4666666666667,1214.0,4773.0,1865.5,2861.5,3738.25,3525.0,6990.0,0.0011254135774144,0.0022508271548288,0.0022701475595913,0.0011350737797956,7.931914893617021,8.0,4.0,50000.0,25000.0,2.0,,,,,,,,,,,,,,,,,,,,,5000.0,25000.0,1000.0,1000.0,1.0,609.0,29.0,580.0,0.9523809523809524,1.0,3525.0,,,,,,,,,,,,,,
32_Phoenix_City,ClassicalGreedy,15324,60,60,606045,4,1.6733722999924794,100.0,678.9839692307692,1795.3790769230773,1.1530685153757725,2.4136581927440623,15649.47,0.0228249999927356,0.0214973000111058,,,,,,,,,,,,,,,,,,,,0,56,2962.016666666667,1244.0,4738.0,2073.25,2845.0,4038.5,,,,,,,,,,,,,,,,,,,,,,,,,,0.0094291999703273,50820.0,0.0059078999911434,0.0044671000214293,0.0198041999829001,781186.7492451142,31.0,,,,,,,,,,,,,,,,,,,,,,,,,
32_Phoenix_City,Classical,15324,60,60,606045,4,1.6733722999924794,100.0,604.9315307692308,1795.3790769230773,1.1021878668514418,3.1443245159638376,13583.490000000002,4.670491700002458,4.669147799955681,,,,,,,,,,,50880.0,120.0,50880.0,150271.0,,,,,,0,56,2962.016666666667,1244.0,4738.0,2073.25,2845.0,4038.5,,,,,,,,,,,,,,,,,,,,,,,,,,,,,,,,,,,,,,,,,,,,0.0,0.0,,,,,,,,,,,,
32_Phoenix_City,Quantum,15324,60,60,606045,4,1.6733722999924794,93.33333333333331,682.3129368131868,1795.3790769230773,1.537302747574152,2.4595232736092014,18959.97215384616,36.38894550001714,36.35246050002752,0.0136820999905467,0.0030209000105969,0.0106611999799497,,36.35246050002752,0.0004036999889649,0.0159711999585852,0.0008556999964639,0.0037642000243067,36.38894550001714,,,,,,,,0.0,,0,56,2962.016666666667,1244.0,4738.0,2073.25,2845.0,4038.5,3630.0,7200.0,0.0010931226643043,0.0021862453286086,0.0022044640396803,0.0011022320198401,7.933884297520661,8.0,4.0,50000.0,25000.0,2.0,,,,,,,,,,,,,,,,,,,,,5000.0,25000.0,1000.0,1000.0,1.0,636.0,28.0,608.0,0.9559748427672956,1.0,3630.0,,,,,,,,,,,,,,
32_Phoenix_City,ClassicalGreedy,15324,60,60,606046,5,2.0687945999670774,100.0,506.9962025641025,1779.0,1.0265675029252532,2.218571161398915,12532.54876923077,0.0336706000380218,0.0322556000319309,,,,,,,,,,,,,,,,,,,,0,58,3066.5666666666666,1269.0,4762.0,2234.75,3129.5,4083.5,,,,,,,,,,,,,,,,,,,,,,,,,,0.0122430000337772,77083.0,0.0095327999442815,0.0086896000429987,0.0304654000210575,1233425.8949836756,30.0,,,,,,,,,,,,,,,,,,,,,,,,,
32_Phoenix_City,Classical,15324,60,60,606046,5,2.0687945999670774,100.0,521.9955769230769,1779.0,0.9966691859971218,2.370357459754088,11617.915230769231,8.037314699962735,8.035890200000722,,,,,,,,,,,77143.0,120.0,77143.0,228383.0,,,,,,0,58,3066.5666666666666,1269.0,4762.0,2234.75,3129.5,4083.5,,,,,,,,,,,,,,,,,,,,,,,,,,,,,,,,,,,,,,,,,,,,0.0,0.0,,,,,,,,,,,,
32_Phoenix_City,Quantum,15324,60,60,606046,5,2.0687945999670774,93.33333333333331,470.079,1779.0,1.441329110407463,3.981462651249117,15383.683384615384,36.24841960001504,36.206665999954566,0.0155392000451684,0.0046978000318631,0.0108414000133052,,36.206665999954566,0.0003407000331208,0.0200569000444374,0.0008796999463811,0.0031801000004634,36.24841960001504,,,,,,,,0.0,,0,58,3066.5666666666666,1269.0,4762.0,2234.75,3129.5,4083.5,3660.0,7260.0,0.0010842342483613,0.0021684684967226,0.0021863897239682,0.0010931948619841,7.934426229508197,8.0,4.0,50000.0,25000.0,2.0,,,,,,,,,,,,,,,,,,,,,5000.0,25000.0,1000.0,1000.0,1.0,638.0,28.0,610.0,0.9561128526645768,1.0,3660.0,,,,,,,,,,,,,,
32_Phoenix_City,ClassicalGreedy,15324,60,60,606047,6,1.724902399990242,100.0,466.0172384615384,1776.502307692308,0.9740083120580576,1.9348030972224792,14912.963846153849,0.0259087999584153,0.0244959999690763,,,,,,,,,,,,,,,,,,,,0,58,2838.616666666667,1255.0,4766.0,1820.5,2930.0,3652.5,,,,,,,,,,,,,,,,,,,,,,,,,,0.0092798999976366,56570.0,0.0083964999648742,0.005533900053706,0.0232103000162169,878698.2810139492,30.0,,,,,,,,,,,,,,,,,,,,,,,,,
32_Phoenix_City,Classical,15324,60,60,606047,6,1.724902399990242,100.0,366.7246,1755.380923076923,0.9241603356014833,1.541497633536173,12723.810923076924,5.847915899998043,5.846438700042199,,,,,,,,,,,56630.0,120.0,56630.0,167351.0,,,,,,0,58,2838.616666666667,1255.0,4766.0,1820.5,2930.0,3652.5,,,,,,,,,,,,,,,,,,,,,,,,,,,,,,,,,,,,,,,,,,,,0.0,0.0,,,,,,,,,,,,
32_Phoenix_City,Quantum,15324,60,60,606047,6,1.724902399990242,96.66666666666669,425.5388010610079,1776.502307692308,1.3953613043460484,4.588326187517487,17977.081384615383,35.98839519999456,35.950958400033414,0.0135114999720826,0.003155099984724,0.0103563999873586,,35.950958400033414,0.0003206999972462,0.0173665999900549,0.0009674000320956,0.0034905000356957,35.98839519999456,,,,,,,,0.0,,0,58,2838.616666666667,1255.0,4766.0,1820.5,2930.0,3652.5,3615.0,7170.0,0.0010976217430141,0.0021952434860282,0.002213613724405,0.0011068068622025,7.933609958506224,8.0,4.0,50000.0,25000.0,2.0,,,,,,,,,,,,,,,,,,,,,5000.0,25000.0,1000.0,1000.0,1.0,622.0,29.0,593.0,0.9533762057877814,1.0,3615.0,,,,,,,,,,,,,,
32_Phoenix_City,ClassicalGreedy,15324,60,60,606048,7,2.0408777999691665,100.0,402.0603435897436,1729.720923076923,0.9918953020643252,1.9879129084999336,12759.376307692304,0.0342224999913014,0.0328736999654211,,,,,,,,,,,,,,,,,,,,0,59,3136.0333333333333,1272.0,4794.0,2358.0,3084.0,4148.25,,,,,,,,,,,,,,,,,,,,,,,,,,0.0134289999841712,73825.0,0.0088641000329516,0.0081840000348165,0.0304771000519394,1176467.869052696,30.0,,,,,,,,,,,,,,,,,,,,,,,,,
32_Phoenix_City,Classical,15324,60,60,606048,7,2.0408777999691665,100.0,377.129917948718,1729.720923076923,0.9287894428547177,1.534392379836394,11729.957538461536,8.387207599997055,8.385820799972862,,,,,,,,,,,73885.0,120.0,73885.0,218684.0,,,,,,0,59,3136.0333333333333,1272.0,4794.0,2358.0,3084.0,4148.25,,,,,,,,,,,,,,,,,,,,,,,,,,,,,,,,,,,,,,,,,,,,0.0,0.0,,,,,,,,,,,,
32_Phoenix_City,Quantum,15324,60,60,606048,7,2.0408777999691665,93.33333333333331,503.52542582417584,1745.125076923077,1.2698847903359325,2.845029149050787,14861.506461538458,35.822409499960486,35.781355799990706,0.0143571999506093,0.0041457999614067,0.0102113999892026,,35.781355799990706,0.0003220000071451,0.0193461999879218,0.0008834000327624,0.0039158000145107,35.822409499960486,,,,,,,,0.0,,0,59,3136.0333333333333,1272.0,4794.0,2358.0,3084.0,4148.25,3564.0,7068.0,0.0011131995414903,0.0022263990829806,0.0022452989054167,0.0011226494527083,7.9326599326599325,8.0,4.0,50000.0,25000.0,2.0,,,,,,,,,,,,,,,,,,,,,5000.0,25000.0,1000.0,1000.0,1.0,621.0,28.0,593.0,0.9549114331723028,1.0,3564.0,,,,,,,,,,,,,,
32_Phoenix_City,ClassicalGreedy,15324,60,60,606049,8,2.1043999000103213,100.0,399.38073589743584,1741.0578461538462,1.001871804513518,2.1017201148119846,11372.281230769231,0.0337108000530861,0.0322746000019833,,,,,,,,,,,,,,,,,,,,0,59,3125.8166666666666,1259.0,4743.0,2323.75,3124.0,4059.0,,,,,,,,,,,,,,,,,,,,,,,,,,0.0129963000072166,74519.0,0.0090361999464221,0.0083131000283174,0.0303455999819561,1188611.299129774,30.0,,,,,,,,,,,,,,,,,,,,,,,,,
32_Phoenix_City,Classical,15324,60,60,606049,8,2.1043999000103213,100.0,441.1505794871794,1741.0578461538462,0.9750563354540236,2.1017201148119846,10409.15015384615,7.414617500035092,7.413206099998206,,,,,,,,,,,74579.0,120.0,74579.0,220756.0,,,,,,0,59,3125.8166666666666,1259.0,4743.0,2323.75,3124.0,4059.0,,,,,,,,,,,,,,,,,,,,,,,,,,,,,,,,,,,,,,,,,,,,0.0,0.0,,,,,,,,,,,,
32_Phoenix_City,Quantum,15324,60,60,606049,8,2.1043999000103213,96.66666666666669,507.753599469496,1760.6870769230773,1.3006820523716534,2.441771301447575,13526.946153846156,35.80159279995132,35.757400100003,0.0147565999650396,0.0038154999492689,0.0109411000157706,,35.757400100003,0.0003615000168792,0.0225112000480294,0.0010631999466568,0.0036731999716721,35.80159279995132,,,,,,,,0.0,,0,59,3125.8166666666666,1259.0,4743.0,2323.75,3124.0,4059.0,3570.0,7080.0,0.0011113439491795,0.0022226878983591,0.0022415242364808,0.0011207621182404,7.932773109243698,8.0,4.0,50000.0,25000.0,2.0,,,,,,,,,,,,,,,,,,,,,5000.0,25000.0,1000.0,1000.0,1.0,620.0,29.0,591.0,0.9532258064516128,1.0,3570.0,,,,,,,,,,,,,,
32_Phoenix_City,ClassicalGreedy,15324,60,60,606050,9,2.097837499983143,100.0,529.6557846153846,1791.940307692308,0.929596781460328,1.9313177678184184,12729.17246153846,0.0305455999914556,0.0290709999972023,,,,,,,,,,,,,,,,,,,,0,57,2937.866666666667,1241.0,4788.0,1843.25,2912.5,3950.75,,,,,,,,,,,,,,,,,,,,,,,,,,0.0110851000063121,71418.0,0.0085348000284284,0.0076926000183448,0.0273125000530853,1134727.51394477,30.0,,,,,,,,,,,,,,,,,,,,,,,,,
32_Phoenix_City,Classical,15324,60,60,606050,9,2.097837499983143,100.0,481.3365743589744,1677.5049230769232,0.9054901987050518,1.6790591755097135,11772.437846153844,7.743536800029688,7.742186800052877,,,,,,,,,,,71478.0,120.0,71478.0,211563.0,,,,,,0,57,2937.866666666667,1241.0,4788.0,1843.25,2912.5,3950.75,,,,,,,,,,,,,,,,,,,,,,,,,,,,,,,,,,,,,,,,,,,,0.0,0.0,,,,,,,,,,,,
32_Phoenix_City,Quantum,15324,60,60,606050,9,2.097837499983143,90.0,326.04107692307696,1762.594769230769,1.3085188192354058,2.3891372593815112,15283.251846153846,35.878907200007234,35.84093900001608,0.0144702999969013,0.0038441999931819,0.0106261000037193,,35.84093900001608,0.0003214000025764,0.0170420999638736,0.0008473999914713,0.0033133999677374,35.878907200007234,,,,,,,,0.0,,0,57,2937.866666666667,1241.0,4788.0,1843.25,2912.5,3950.75,3597.0,7134.0,0.0011030697624364,0.0022061395248728,0.0022246941045606,0.0011123470522803,7.933277731442869,8.0,4.0,50000.0,25000.0,2.0,,,,,,,,,,,,,,,,,,,,,5000.0,25000.0,1000.0,1000.0,1.0,631.0,27.0,604.0,0.9572107765451664,1.0,3597.0,,,,,,,,,,,,,,
32_Phoenix_City,ClassicalGreedy,15324,60,60,606051,10,1.967246700020041,100.0,597.5996717948717,1793.920923076923,0.9211637846257602,1.502214499592171,13022.234615384614,0.0321082000155001,0.0307071999995969,,,,,,,,,,,,,,,,,,,,0,58,3104.2833333333333,1263.0,4749.0,2428.75,3096.0,4063.0,,,,,,,,,,,,,,,,,,,,,,,,,,0.0114656999940052,71981.0,0.0086040999740362,0.008307300042361,0.0283771000104025,1144190.7851188711,30.0,,,,,,,,,,,,,,,,,,,,,,,,,
32_Phoenix_City,Classical,15324,60,60,606051,10,1.967246700020041,100.0,526.3691205128205,1646.6236923076922,0.8769990826943945,1.5122680886224935,11924.337384615385,6.996911099995486,6.99550590000581,,,,,,,,,,,72041.0,120.0,72041.0,213166.0,,,,,,0,58,3104.2833333333333,1263.0,4749.0,2428.75,3096.0,4063.0,,,,,,,,,,,,,,,,,,,,,,,,,,,,,,,,,,,,,,,,,,,,0.0,0.0,,,,,,,,,,,,
32_Phoenix_City,Quantum,15324,60,60,606051,10,1.967246700020041,93.33333333333331,472.075521978022,1646.6236923076922,1.2684461772323556,2.1184317276248854,15972.725230769229,35.107294899993576,35.06653449998703,0.014332499995362,0.0036469000042416,0.0106855999911203,,35.06653449998703,0.0003626000252552,0.0200373000116087,0.0009054000256583,0.0033975999685935,35.107294899993576,,,,,,,,0.0,,0,58,3104.2833333333333,1263.0,4749.0,2428.75,3096.0,4063.0,3519.0,6978.0,0.0011273164875609,0.0022546329751219,0.0022740193291642,0.0011370096645821,7.931798806479113,8.0,4.0,50000.0,25000.0,2.0,,,,,,,,,,,,,,,,,,,,,5000.0,25000.0,1000.0,1000.0,1.0,612.0,28.0,584.0,0.954248366013072,1.0,3519.0,,,,,,,,,,,,,,
32_Phoenix_City,ClassicalGreedy,15324,60,120,1206042,1,5.448011000000406,96.66666666666669,556.3845039787798,1775.5378461538455,1.0215478035961454,1.9573096836463773,23592.51569230769,0.2371793000493198,0.2345016000326722,,,,,,,,,,,,,,,,,,,,0,115,3101.075,1282.0,4782.0,2258.5,3097.0,4003.25,,,,,,,,,,,,,,,,,,,,,,,,,,0.1630581000354141,271698.0,0.0386656999471597,0.0204800000065006,0.2222037999890744,4865835.551180771,58.0,,,,,,,,,,,,,,,,,,,,,,,,,
32_Phoenix_City,Classical,15324,60,120,1206042,1,5.448011000000406,100.0,497.542541025641,1775.5378461538455,0.9585317037177132,2.405235250687966,23052.67938461537,130.30727229994957,130.30459909996716,,,,,,,,,,,271818.0,180.0,271818.0,809721.0,,,,,,0,115,3101.075,1282.0,4782.0,2258.5,3097.0,4003.25,,,,,,,,,,,,,,,,,,,,,,,,,,,,,,,,,,,,,,,,,,,,0.0,0.0,,,,,,,,,,,,
32_Phoenix_City,Quantum,15324,60,120,1206042,1,5.448011000000406,95.0,588.6750418353577,1737.8775384615385,1.3085849748292615,2.916170579773131,28889.41738461539,84.78839330002666,84.69673179998063,0.0373590000090189,0.0115339999902062,0.0258250000188127,,84.69673179998063,0.0009161999914795,0.0407262999797239,0.0019249999895691,0.0074575000326149,84.78839330002666,,,,,,,,0.0,,0,115,3101.075,1282.0,4782.0,2258.5,3097.0,4003.25,8319.0,16518.0,0.000477416491783,0.000954832983566,0.0009617696561673,0.0004808848280836,7.942300757302561,8.0,4.0,50000.0,25000.0,2.0,,,,,,,,,,,,,,,,,,,,,5000.0,25000.0,1000.0,1000.0,1.0,1443.0,57.0,1386.0,0.9604989604989606,1.0,8319.0,,,,,,,,,,,,,,
32_Phoenix_City,ClassicalGreedy,15324,60,120,1206043,2,5.772657499997877,93.33333333333331,372.37328296703294,1784.8852307692305,0.9947198298035014,1.7038361538748272,22995.71369230769,0.2363005999941378,0.2337700999923981,,,,,,,,,,,,,,,,,,,,0,112,2980.5583333333334,1282.0,4755.0,2061.25,2902.5,3864.75,,,,,,,,,,,,,,,,,,,,,,,,,,0.1550923000322654,290565.0,0.042796499968972,0.0227360999560914,0.220624899957329,5232650.783322509,56.0,,,,,,,,,,,,,,,,,,,,,,,,,
32_Phoenix_City,Classical,15324,60,120,1206043,2,5.772657499997877,100.0,421.0238641025641,1784.8852307692305,0.9396564581959612,1.6438706619429877,24418.087230769223,278.63319870003033,278.63042719999794,,,,,,,,,,,290685.0,180.0,290685.0,866080.0,,,,,,0,112,2980.5583333333334,1282.0,4755.0,2061.25,2902.5,3864.75,,,,,,,,,,,,,,,,,,,,,,,,,,,,,,,,,,,,,,,,,,,,0.0,0.0,,,,,,,,,,,,
32_Phoenix_City,Quantum,15324,60,120,1206043,2,5.772657499997877,91.66666666666669,376.041993006993,1747.359384615385,1.1997300224705874,2.858663098196649,29012.636,80.52612809999846,80.43580879998626,0.0373091999790631,0.0117385999765247,0.0255706000025384,,80.43580879998626,0.0008609000360593,0.0406369999982416,0.0018054000101983,0.0068505000090226,80.52612809999846,,,,,,,,0.0,,0,112,2980.5583333333334,1282.0,4755.0,2061.25,2902.5,3864.75,8013.0,15906.0,0.0004955128146417,0.0009910256292835,0.00099850224663,0.000499251123315,7.940097341819543,8.0,4.0,50000.0,25000.0,2.0,,,,,,,,,,,,,,,,,,,,,5000.0,25000.0,1000.0,1000.0,1.0,1395.0,55.0,1340.0,0.9605734767025088,1.0,8013.0,,,,,,,,,,,,,,
32_Phoenix_City,ClassicalGreedy,15324,60,120,1206044,3,5.4683484000270255,90.83333333333331,419.8812039520113,1768.4264615384618,1.0671331965265842,2.892181634574824,23189.349384615376,0.2349049000185914,0.2323754000244662,,,,,,,,,,,,,,,,,,,,0,118,2966.458333333333,1206.0,4780.0,2142.5,2926.5,3811.0,,,,,,,,,,,,,,,,,,,,,,,,,,0.161944699997548,264936.0,0.0388932000496424,0.0196392000652849,0.2204771001124754,4734874.207661323,55.0,,,,,,,,,,,,,,,,,,,,,,,,,
32_Phoenix_City,Classical,15324,60,120,1206044,3,5.4683484000270255,100.0,504.6639346153846,1750.2593846153843,0.9861807224283864,1.948604114694651,25208.78215384616,77.78283450001618,77.78007950005122,,,,,,,,,,,265056.0,180.0,265056.0,789531.0,,,,,,0,118,2966.458333333333,1206.0,4780.0,2142.5,2926.5,3811.0,,,,,,,,,,,,,,,,,,,,,,,,,,,,,,,,,,,,,,,,,,,,0.0,0.0,,,,,,,,,,,,
32_Phoenix_City,Quantum,15324,60,120,1206044,3,5.4683484000270255,93.33333333333331,593.5237719780218,1786.8593846153844,1.4000463556495504,5.144352213585489,30957.49184615385,82.93458369997097,82.8470066000009,0.0358051999937742,0.0105429000104777,0.0252622999832965,,82.8470066000009,0.0008984999731183,0.0386705999844707,0.0019153000321239,0.0073823999846354,82.93458369997097,,,,,,,,0.0,,0,118,2966.458333333333,1206.0,4780.0,2142.5,2926.5,3811.0,8166.0,16212.0,0.0004862963681202,0.0009725927362404,0.0009797917942437,0.0004898958971218,7.94121969140338,8.0,4.0,50000.0,25000.0,2.0,,,,,,,,,,,,,,,,,,,,,5000.0,25000.0,1000.0,1000.0,1.0,1410.0,56.0,1354.0,0.9602836879432624,1.0,8166.0,,,,,,,,,,,,,,
32_Phoenix_City,ClassicalGreedy,15324,60,120,1206045,4,5.787679800007027,92.5,461.93530145530144,1783.3003076923078,0.936785632463624,2.370256723385673,24503.600461538463,0.2435116999549791,0.2409475999884307,,,,,,,,,,,,,,,,,,,,0,111,3128.925,1273.0,4790.0,2292.0,3159.5,4037.5,,,,,,,,,,,,,,,,,,,,,,,,,,0.1644838000065647,290353.0,0.0417447999934665,0.0210899000521749,0.2273185000522062,5228650.207808851,56.0,,,,,,,,,,,,,,,,,,,,,,,,,
32_Phoenix_City,Classical,15324,60,120,1206045,4,5.787679800007027,100.0,505.4393461538462,1795.8867692307697,0.8976819108384327,2.1475323160900746,26629.646000000008,104.59493019996444,104.59217449999414,,,,,,,,,,,290473.0,180.0,290473.0,865470.0,,,,,,0,111,3128.925,1273.0,4790.0,2292.0,3159.5,4037.5,,,,,,,,,,,,,,,,,,,,,,,,,,,,,,,,,,,,,,,,,,,,0.0,0.0,,,,,,,,,,,,
32_Phoenix_City,Quantum,15324,60,120,1206045,4,5.787679800007027,93.33333333333331,476.016212912088,1773.0255384615384,1.223381119025287,2.595472291844548,33391.56046153846,80.62192000000505,80.52781790000154,0.0393903999938629,0.0119936999981291,0.0273966999957337,,80.52781790000154,0.0008321999921463,0.0415967000299133,0.0021097999997437,0.0070893000229261,80.62192000000505,,,,,,,,0.0,,0,111,3128.925,1273.0,4790.0,2292.0,3159.5,4037.5,7998.0,15876.0,0.0004964352254751,0.0009928704509502,0.0010003751406777,0.0005001875703388,7.939984996249062,8.0,4.0,50000.0,25000.0,2.0,,,,,,,,,,,,,,,,,,,,,5000.0,25000.0,1000.0,1000.0,1.0,1397.0,56.0,1341.0,0.9599141016463852,1.0,7998.0,,,,,,,,,,,,,,
32_Phoenix_City,ClassicalGreedy,15324,60,120,1206046,5,4.867538699996658,85.83333333333333,496.0082345033608,1762.0003076923076,1.0155219362233208,1.870400209199389,22131.269692307687,0.1106316999648697,0.1082471999689005,,,,,,,,,,,,,,,,,,,,0,114,2876.425,1238.0,4796.0,2042.25,2709.5,3748.0,,,,,,,,,,,,,,,,,,,,,,,,,,0.0474912999779917,236348.0,0.0338511000154539,0.0168834999785758,0.0982258999720215,4183621.712915288,52.0,,,,,,,,,,,,,,,,,,,,,,,,,
32_Phoenix_City,Classical,15324,60,120,1206046,5,4.867538699996658,100.0,669.8953756410257,1767.6723076923076,0.989444149530397,2.008458491353976,25930.08323076924,78.71230419998756,78.709517100011,,,,,,,,,,,236468.0,180.0,236468.0,704097.0,,,,,,0,114,2876.425,1238.0,4796.0,2042.25,2709.5,3748.0,,,,,,,,,,,,,,,,,,,,,,,,,,,,,,,,,,,,,,,,,,,,0.0,0.0,,,,,,,,,,,,
32_Phoenix_City,Quantum,15324,60,120,1206046,5,4.867538699996658,93.33333333333331,653.9238434065934,1776.612,1.2744679879984695,3.056639540900324,32062.777538461527,79.68932579999091,79.60315350000747,0.0357310999534092,0.0097745999810285,0.0259564999723806,,79.60315350000747,0.0008412000024691,0.0379977999837137,0.0019396999850869,0.0068914000294171,79.68932579999091,,,,,,,,0.0,,0,114,2876.425,1238.0,4796.0,2042.25,2709.5,3748.0,7908.0,15696.0,0.0005020426187356,0.0010040852374713,0.0010117617301125,0.0005058808650562,7.939301972685888,8.0,4.0,50000.0,25000.0,2.0,,,,,,,,,,,,,,,,,,,,,5000.0,25000.0,1000.0,1000.0,1.0,1371.0,56.0,1315.0,0.9591539022611232,1.0,7908.0,,,,,,,,,,,,,,
32_Phoenix_City,ClassicalGreedy,15324,60,120,1206047,6,5.775376400037203,97.5,483.41456015779096,1779.272,1.043500419046847,2.554924739482826,24631.89984615385,0.2371296999626793,0.2344611000153236,,,,,,,,,,,,,,,,,,,,0,113,2926.641666666667,1212.0,4792.0,2080.0,2798.0,3656.0,,,,,,,,,,,,,,,,,,,,,,,,,,0.1567327000084333,288221.0,0.041375299973879,0.0221094000153243,0.2202173999976366,5187204.573213127,59.0,,,,,,,,,,,,,,,,,,,,,,,,,
32_Phoenix_City,Classical,15324,60,120,1206047,6,5.775376400037203,100.0,505.9087333333334,1780.912307692308,0.9823051054745816,2.5503783265786883,24375.99707692308,114.69823769998038,114.6955600999645,,,,,,,,,,,288341.0,180.0,288341.0,859118.0,,,,,,0,113,2926.641666666667,1212.0,4792.0,2080.0,2798.0,3656.0,,,,,,,,,,,,,,,,,,,,,,,,,,,,,,,,,,,,,,,,,,,,0.0,0.0,,,,,,,,,,,,
32_Phoenix_City,Quantum,15324,60,120,1206047,6,5.775376400037203,93.33333333333331,452.2725604395605,1779.272,1.2939797008672251,3.2009619671906244,29821.57907692308,83.20225639996352,83.10981579998042,0.0381426000385545,0.0120769000495783,0.0260656999889761,,83.10981579998042,0.0009165999945253,0.040585100010503,0.0019453999702818,0.0076906000031158,83.20225639996352,,,,,,,,0.0,,0,113,2926.641666666667,1212.0,4792.0,2080.0,2798.0,3656.0,8250.0,16380.0,0.0004813806632208,0.0009627613264417,0.0009698145229724,0.0004849072614862,7.941818181818181,8.0,4.0,50000.0,25000.0,2.0,,,,,,,,,,,,,,,,,,,,,5000.0,25000.0,1000.0,1000.0,1.0,1419.0,56.0,1363.0,0.9605355884425651,1.0,8250.0,,,,,,,,,,,,,,
32_Phoenix_City,ClassicalGreedy,15324,60,120,1206048,7,5.898794800043106,98.33333333333331,494.4782685788787,1761.697846153846,1.015040796778617,2.2668976568928927,27733.59446153845,0.2465996999526396,0.2438883999711834,,,,,,,,,,,,,,,,,,,,0,118,2950.875,1255.0,4757.0,2001.5,2865.5,3935.25,,,,,,,,,,,,,,,,,,,,,,,,,,0.1620820999960415,287361.0,0.0417796999099664,0.0238380000228062,0.2276997999288141,5170437.808742622,59.0,,,,,,,,,,,,,,,,,,,,,,,,,
32_Phoenix_City,Classical,15324,60,120,1206048,7,5.898794800043106,100.0,512.4830576923076,1796.972615384616,0.969202038974286,2.038722431735792,25963.793230769228,133.12387619999936,133.12106779997703,,,,,,,,,,,287481.0,180.0,287481.0,856546.0,,,,,,0,118,2950.875,1255.0,4757.0,2001.5,2865.5,3935.25,,,,,,,,,,,,,,,,,,,,,,,,,,,,,,,,,,,,,,,,,,,,0.0,0.0,,,,,,,,,,,,
32_Phoenix_City,Quantum,15324,60,120,1206048,7,5.898794800043106,91.66666666666669,473.4547706293706,1735.028923076923,1.2684464886230349,2.342126378076025,30942.972615384613,82.94967080000788,82.85780779999914,0.0397674000123515,0.0112758000032044,0.028491600009147,,82.85780779999914,0.0009163999930024,0.038821000023745,0.0019208000157959,0.0076225000084377,82.94967080000788,,,,,,,,0.0,,0,118,2950.875,1255.0,4757.0,2001.5,2865.5,3935.25,8259.0,16398.0,0.0004808598682324,0.0009617197364648,0.0009687575684185,0.0004843787842092,7.941881583726843,8.0,4.0,50000.0,25000.0,2.0,,,,,,,,,,,,,,,,,,,,,5000.0,25000.0,1000.0,1000.0,1.0,1440.0,55.0,1385.0,0.9618055555555556,1.0,8259.0,,,,,,,,,,,,,,
32_Phoenix_City,ClassicalGreedy,15324,60,120,1206049,8,5.749268700019456,95.83333333333331,456.5737658862876,1734.752,0.9698136176354916,2.266723862022199,25094.706153846146,0.2374636000022292,0.2348580000107176,,,,,,,,,,,,,,,,,,,,0,116,3085.775,1204.0,4792.0,2222.75,3211.5,4030.5,,,,,,,,,,,,,,,,,,,,,,,,,,0.1601400999934412,286304.0,0.0404534000554122,0.0208021999569609,0.2213957000058144,5149667.406728853,58.0,,,,,,,,,,,,,,,,,,,,,,,,,
32_Phoenix_City,Classical,15324,60,120,1206049,8,5.749268700019456,100.0,447.3647769230769,1771.6744615384614,0.887503510627604,1.817379226106672,23749.628,57.81153309997171,57.80870460002916,,,,,,,,,,,286424.0,180.0,286424.0,853355.0,,,,,,0,116,3085.775,1204.0,4792.0,2222.75,3211.5,4030.5,,,,,,,,,,,,,,,,,,,,,,,,,,,,,,,,,,,,,,,,,,,,0.0,0.0,,,,,,,,,,,,
32_Phoenix_City,Quantum,15324,60,120,1206049,8,5.749268700019456,96.66666666666669,494.322801061008,1798.424,1.165201786836176,1.729087018164176,30438.462153846165,81.98540620005224,81.89291019999655,0.0365962000214494,0.0117012000409886,0.0248949999804608,,81.89291019999655,0.0008832999737933,0.0428677999880164,0.0020126000163145,0.0072444000397808,81.98540620005224,,,,,,,,0.0,,0,116,3085.775,1204.0,4792.0,2222.75,3211.5,4030.5,8133.0,16146.0,0.0004882551148397,0.0009765102296794,0.0009837678307919,0.0004918839153959,7.9409811877535965,8.0,4.0,50000.0,25000.0,2.0,,,,,,,,,,,,,,,,,,,,,5000.0,25000.0,1000.0,1000.0,1.0,1415.0,58.0,1357.0,0.9590106007067136,1.0,8133.0,,,,,,,,,,,,,,
32_Phoenix_City,ClassicalGreedy,15324,60,120,1206050,9,5.604017500008922,95.83333333333331,497.8999558528428,1746.4350769230768,0.940489684735551,1.552232451395227,23069.69615384616,0.2402970999828539,0.2376784000080078,,,,,,,,,,,,,,,,,,,,0,120,3028.608333333333,1243.0,4798.0,2038.25,3018.0,3919.5,,,,,,,,,,,,,,,,,,,,,,,,,,0.1616749999811872,275543.0,0.0391838999930769,0.0233048999216407,0.2241637998959049,4940465.251639768,58.0,,,,,,,,,,,,,,,,,,,,,,,,,
32_Phoenix_City,Classical,15324,60,120,1206050,9,5.604017500008922,100.0,489.97017820512815,1778.825230769231,0.94026121096785,2.0230222846196866,23799.902615384617,188.7155687999912,188.71269830001984,,,,,,,,,,,275663.0,180.0,275663.0,821211.0,,,,,,0,120,3028.608333333333,1243.0,4798.0,2038.25,3018.0,3919.5,,,,,,,,,,,,,,,,,,,,,,,,,,,,,,,,,,,,,,,,,,,,0.0,0.0,,,,,,,,,,,,
32_Phoenix_City,Quantum,15324,60,120,1206050,9,5.604017500008922,98.33333333333331,475.7938917861799,1759.779076923077,1.2689520078446062,2.670869286786425,31222.48092307692,78.98873360001016,78.89745350001613,0.035667399992235,0.0110653000301681,0.0246020999620668,,78.89745350001613,0.0008018999942578,0.0419296000036411,0.0020421000081114,0.0071275999653153,78.98873360001016,,,,,,,,0.0,,0,120,3028.608333333333,1243.0,4798.0,2038.25,3018.0,3919.5,7866.0,15612.0,0.0005047029802594,0.0010094059605189,0.0010171646535282,0.0005085823267641,7.938977879481312,8.0,4.0,50000.0,25000.0,2.0,,,,,,,,,,,,,,,,,,,,,5000.0,25000.0,1000.0,1000.0,1.0,1362.0,59.0,1303.0,0.9566813509544788,1.0,7866.0,,,,,,,,,,,,,,
32_Phoenix_City,ClassicalGreedy,15324,60,120,1206051,10,5.151131100021303,88.33333333333333,540.1142830188679,1768.807384615384,0.9381108225052583,1.6979202416088954,19619.86415384616,0.1156484999810345,0.1131749000051058,,,,,,,,,,,,,,,,,,,,0,114,2842.7833333333333,1243.0,4713.0,1957.25,2890.5,3581.75,,,,,,,,,,,,,,,,,,,,,,,,,,0.0487878999556414,245713.0,0.0347851000842638,0.0183377999346703,0.1019107999745756,4363613.818120251,53.0,,,,,,,,,,,,,,,,,,,,,,,,,
32_Phoenix_City,Classical,15324,60,120,1206051,10,5.151131100021303,100.0,668.9058038461538,1773.743692307692,0.924416167706514,1.60885643548842,23301.83507692307,114.01415379997344,114.01129719999152,,,,,,,,,,,245833.0,180.0,245833.0,732072.0,,,,,,0,114,2842.7833333333333,1243.0,4713.0,1957.25,2890.5,3581.75,,,,,,,,,,,,,,,,,,,,,,,,,,,,,,,,,,,,,,,,,,,,0.0,0.0,,,,,,,,,,,,
32_Phoenix_City,Quantum,15324,60,120,1206051,10,5.151131100021303,95.0,617.518721997301,1768.807384615384,1.2399554883952395,2.612569397138252,28939.022615384623,79.3800783000188,79.2925213999697,0.0349924000329338,0.0100607000058516,0.0249317000270821,,79.2925213999697,0.0008513000211678,0.0395970999961718,0.0019389999797567,0.0073229999979957,79.3800783000188,,,,,,,,0.0,,0,114,2842.7833333333333,1243.0,4713.0,1957.25,2890.5,3581.75,7941.0,15762.0,0.0004999719277276,0.0009999438554553,0.0010075566750629,0.0005037783375314,7.939554212315829,8.0,4.0,50000.0,25000.0,2.0,,,,,,,,,,,,,,,,,,,,,5000.0,25000.0,1000.0,1000.0,1.0,1378.0,57.0,1321.0,0.9586357039187228,1.0,7941.0,,,,,,,,,,,,,,
32_Phoenix_City,ClassicalGreedy,15324,70,70,707042,1,2.79503440001281,100.0,396.987178021978,1710.3467692307695,1.021305378095508,2.9524634760705286,16780.476615384618,0.1600261999992653,0.1584329000324942,,,,,,,,,,,,,,,,,,,,0,68,2997.728571428572,1272.0,4779.0,1940.0,2868.5,4087.0,,,,,,,,,,,,,,,,,,,,,,,,,,0.1229886999935843,123691.0,0.01676770002814,0.0150089999660849,0.1547653999878093,2066719.642379731,35.0,,,,,,,,,,,,,,,,,,,,,,,,,
32_Phoenix_City,Classical,15324,70,70,707042,1,2.79503440001281,100.0,339.53241538461543,1560.3849230769229,0.9316281966365572,1.6400233731086231,15157.86046153846,14.939018199977,14.937397699977735,,,,,,,,,,,123761.0,140.0,123761.0,367101.0,,,,,,0,68,2997.728571428572,1272.0,4779.0,1940.0,2868.5,4087.0,,,,,,,,,,,,,,,,,,,,,,,,,,,,,,,,,,,,,,,,,,,,0.0,0.0,,,,,,,,,,,,
32_Phoenix_City,Quantum,15324,70,70,707042,1,2.79503440001281,91.42857142857144,349.29,1710.9175384615382,1.3460513693941984,5.275106262119756,19161.04953846153,43.43353649997152,43.37860960001126,0.0202026999904774,0.0068117000046186,0.0133909999858587,,43.37860960001126,0.0004288000054657,0.0277508000144734,0.001020600029733,0.0036503999726846,43.43353649997152,,,,,,,,0.0,,0,68,2997.728571428572,1272.0,4779.0,1940.0,2868.5,4087.0,4337.0,8604.0,0.0009150644884359,0.0018301289768719,0.0018450184501845,0.0009225092250922,7.935439243716855,8.0,4.0,50000.0,25000.0,2.0,,,,,,,,,,,,,,,,,,,,,5000.0,25000.0,1000.0,1000.0,1.0,756.0,32.0,724.0,0.9576719576719576,1.0,4337.0,,,,,,,,,,,,,,
32_Phoenix_City,ClassicalGreedy,15324,70,70,707043,2,2.7485067999805324,100.0,493.8382637362637,1756.2476923076924,1.0632068583992182,3.749683217254549,15031.246615384618,0.0512837000424042,0.0496919000288471,,,,,,,,,,,,,,,,,,,,0,70,3110.742857142857,1391.0,4716.0,2233.25,3212.5,4117.25,,,,,,,,,,,,,,,,,,,,,,,,,,0.0186918000108562,113528.0,0.0149656999856233,0.0130480000516399,0.0467055000481195,1882243.3819540888,35.0,,,,,,,,,,,,,,,,,,,,,,,,,
32_Phoenix_City,Classical,15324,70,70,707043,2,2.7485067999805324,100.0,449.66790769230767,1700.4870769230763,0.9472847074619196,1.631314520901097,13369.087846153843,14.081409799982794,14.07978670002194,,,,,,,,,,,113598.0,140.0,113598.0,336816.0,,,,,,0,70,3110.742857142857,1391.0,4716.0,2233.25,3212.5,4117.25,,,,,,,,,,,,,,,,,,,,,,,,,,,,,,,,,,,,,,,,,,,,0.0,0.0,,,,,,,,,,,,
32_Phoenix_City,Quantum,15324,70,70,707043,2,2.7485067999805324,94.28571428571428,473.7739976689977,1719.472923076923,1.395013150918852,3.6630382207779393,18630.71692307692,43.92134370002896,43.86542609997559,0.0195260000182315,0.0051646000356413,0.0143613999825902,,43.86542609997559,0.0004354999982751,0.0289916000328958,0.0011562999570742,0.0038614000077359,43.92134370002896,,,,,,,,0.0,,0,70,3110.742857142857,1391.0,4716.0,2233.25,3212.5,4117.25,4406.0,8742.0,0.0009008456634565,0.001801691326913,0.001816118047673,0.0009080590238365,7.936450295052201,8.0,4.0,50000.0,25000.0,2.0,,,,,,,,,,,,,,,,,,,,,5000.0,25000.0,1000.0,1000.0,1.0,768.0,33.0,735.0,0.95703125,1.0,4406.0,,,,,,,,,,,,,,
32_Phoenix_City,ClassicalGreedy,15324,70,70,707044,3,2.563696399971377,100.0,433.1200681318681,1687.932615384615,1.0223546999293334,2.133383279747608,17236.871384615384,0.0438263000105507,0.0422116999980062,,,,,,,,,,,,,,,,,,,,0,67,2837.928571428572,1246.0,4711.0,1956.5,2587.5,3772.5,,,,,,,,,,,,,,,,,,,,,,,,,,0.0163712999783456,103050.0,0.012874899955932,0.0104010000359267,0.0396471999702043,1693605.3778045375,35.0,,,,,,,,,,,,,,,,,,,,,,,,,
32_Phoenix_City,Classical,15324,70,70,707044,3,2.563696399971377,100.0,520.6129318681319,1681.2775384615388,0.941979897036637,1.611930669190517,15254.108307692306,12.295140600006562,12.293532600044273,,,,,,,,,,,103120.0,140.0,103120.0,305628.0,,,,,,0,67,2837.928571428572,1246.0,4711.0,1956.5,2587.5,3772.5,,,,,,,,,,,,,,,,,,,,,,,,,,,,,,,,,,,,,,,,,,,,0.0,0.0,,,,,,,,,,,,
32_Phoenix_City,Quantum,15324,70,70,707044,3,2.563696399971377,100.0,549.4301956043956,1772.353846153846,1.220854857087697,2.0573698785917047,21797.63292307692,43.58722659997875,43.53592100000242,0.0176613999647088,0.0049621000071056,0.0126992999576032,,43.53592100000242,0.0003920000162906,0.0255879999604076,0.0012219999916851,0.0043620999786071,43.58722659997875,,,,,,,,0.0,,0,67,2837.928571428572,1246.0,4711.0,1956.5,2587.5,3772.5,4337.0,8604.0,0.0009150644884359,0.0018301289768719,0.0018450184501845,0.0009225092250922,7.935439243716855,8.0,4.0,50000.0,25000.0,2.0,,,,,,,,,,,,,,,,,,,,,5000.0,25000.0,1000.0,1000.0,1.0,756.0,35.0,721.0,0.9537037037037036,1.0,4337.0,,,,,,,,,,,,,,
32_Phoenix_City,ClassicalGreedy,15324,70,70,707045,4,2.673000700015109,100.0,456.8397868131868,1762.1046153846155,1.0159171886525478,1.8413440629317763,16736.530153846154,0.0539671000442467,0.0523228000383824,,,,,,,,,,,,,,,,,,,,0,64,3042.0285714285715,1259.0,4797.0,2234.0,3065.5,3909.75,,,,,,,,,,,,,,,,,,,,,,,,,,0.0215774999815039,106887.0,0.0135562000214122,0.0136064999387599,0.0487401999416761,1762474.6230943794,35.0,,,,,,,,,,,,,,,,,,,,,,,,,
32_Phoenix_City,Classical,15324,70,70,707045,4,2.673000700015109,100.0,554.2128747252748,1762.1046153846155,0.93599369504354,1.768998538687415,14909.302,12.810612400004176,12.809010200027842,,,,,,,,,,,106957.0,140.0,106957.0,317041.0,,,,,,0,64,3042.0285714285715,1259.0,4797.0,2234.0,3065.5,3909.75,,,,,,,,,,,,,,,,,,,,,,,,,,,,,,,,,,,,,,,,,,,,0.0,0.0,,,,,,,,,,,,
32_Phoenix_City,Quantum,15324,70,70,707045,4,2.673000700015109,91.42857142857144,424.4926778846154,1784.347076923077,1.3237377137679196,2.474808686343052,18082.659076923075,44.36963560001459,44.30326170002809,0.020116199972108,0.0050095000187866,0.0151066999533213,,44.30326170002809,0.0004576999926939,0.0242558000027202,0.0010942000080831,0.004540599999018,44.36963560001459,,,,,,,,0.0,,0,64,3042.0285714285715,1259.0,4797.0,2234.0,3065.5,3909.75,4433.0,8796.0,0.0008954013262852,0.0017908026525704,0.0018050541516245,0.0009025270758122,7.936837356192194,8.0,4.0,50000.0,25000.0,2.0,,,,,,,,,,,,,,,,,,,,,5000.0,25000.0,1000.0,1000.0,1.0,773.0,32.0,741.0,0.9586028460543338,1.0,4433.0,,,,,,,,,,,,,,
32_Phoenix_City,ClassicalGreedy,15324,70,70,707046,5,2.543039000011049,100.0,442.9865120879121,1704.9726153846154,0.9006827773182149,2.108932335046899,15383.996153846158,0.0451174000045284,0.0434888000017963,,,,,,,,,,,,,,,,,,,,0,64,3062.957142857143,1241.0,4628.0,2241.25,3076.0,3844.75,,,,,,,,,,,,,,,,,,,,,,,,,,0.0172128999838605,100404.0,0.0129347000038251,0.0107776999939233,0.0409252999816089,1646282.8374271751,35.0,,,,,,,,,,,,,,,,,,,,,,,,,
32_Phoenix_City,Classical,15324,70,70,707046,5,2.543039000011049,100.0,501.9420989010988,1780.4053846153845,0.874951573934535,1.4049578876934352,14444.124615384617,15.652074399986304,15.650484599987976,,,,,,,,,,,100474.0,140.0,100474.0,297768.0,,,,,,0,64,3062.957142857143,1241.0,4628.0,2241.25,3076.0,3844.75,,,,,,,,,,,,,,,,,,,,,,,,,,,,,,,,,,,,,,,,,,,,0.0,0.0,,,,,,,,,,,,
32_Phoenix_City,Quantum,15324,70,70,707046,5,2.543039000011049,97.14285714285714,550.0119819004525,1776.465846153846,1.259175550303661,2.772837274329688,21144.901846153847,42.94476879999274,42.87271959998179,0.0227100999909453,0.0063236000132746,0.0163864999776706,,42.87271959998179,0.0005259000463411,0.0256494000204838,0.0011950000189244,0.0041953999898396,42.94476879999274,,,,,,,,0.0,,0,64,3062.957142857143,1241.0,4628.0,2241.25,3076.0,3844.75,4286.0,8502.0,0.0009258659302137,0.0018517318604275,0.0018669778296382,0.0009334889148191,7.934671021931871,8.0,4.0,50000.0,25000.0,2.0,,,,,,,,,,,,,,,,,,,,,5000.0,25000.0,1000.0,1000.0,1.0,748.0,34.0,714.0,0.9545454545454546,1.0,4286.0,,,,,,,,,,,,,,
32_Phoenix_City,ClassicalGreedy,15324,70,70,707047,6,2.775136200012639,100.0,462.8406175824176,1794.3107692307694,1.0104352562292536,1.9367315847617688,16266.361692307695,0.0589643999701365,0.0572749999701045,,,,,,,,,,,,,,,,,,,,0,66,2868.8571428571427,1202.0,4711.0,2175.25,2839.0,3629.75,,,,,,,,,,,,,,,,,,,,,,,,,,0.0228993000346235,115160.0,0.0154024000512436,0.0155125999590381,0.0538143000449053,1911847.747147676,35.0,,,,,,,,,,,,,,,,,,,,,,,,,
32_Phoenix_City,Classical,15324,70,70,707047,6,2.775136200012639,100.0,455.18918901098897,1699.2012307692307,1.011150796534542,4.536957524573293,14206.863692307692,12.47600769996643,12.4743790999637,,,,,,,,,,,115230.0,140.0,115230.0,341693.0,,,,,,0,66,2868.8571428571427,1202.0,4711.0,2175.25,2839.0,3629.75,,,,,,,,,,,,,,,,,,,,,,,,,,,,,,,,,,,,,,,,,,,,0.0,0.0,,,,,,,,,,,,
32_Phoenix_City,Quantum,15324,70,70,707047,6,2.775136200012639,97.14285714285714,431.3600588235294,1787.3381538461535,1.309924199326778,2.22451040427447,20926.412153846148,43.54478240001481,43.488884999998845,0.0190972000127658,0.0051257999730296,0.0139714000397361,,43.488884999998845,0.0004449000116437,0.0288255999912507,0.0011487000156193,0.0044356000144034,43.54478240001481,,,,,,,,0.0,,0,66,2868.8571428571427,1202.0,4711.0,2175.25,2839.0,3629.75,4385.0,8700.0,0.0009051261350489,0.0018102522700979,0.0018248175182481,0.000912408759124,7.936145952109464,8.0,4.0,50000.0,25000.0,2.0,,,,,,,,,,,,,,,,,,,,,5000.0,25000.0,1000.0,1000.0,1.0,760.0,34.0,726.0,0.9552631578947368,1.0,4385.0,,,,,,,,,,,,,,
32_Phoenix_City,ClassicalGreedy,15324,70,70,707048,7,2.683101999980863,100.0,370.38054945054944,1689.6384615384611,1.0893388329126017,3.015759473592648,16703.852923076924,0.0466797999688424,0.0450698999920859,,,,,,,,,,,,,,,,,,,,0,69,3216.9142857142856,1513.0,4783.0,2228.0,3272.0,4209.75,,,,,,,,,,,,,,,,,,,,,,,,,,0.0169195000198669,106954.0,0.012938900035806,0.0124843000085093,0.0423427000641822,1763855.6816497229,35.0,,,,,,,,,,,,,,,,,,,,,,,,,
32_Phoenix_City,Classical,15324,70,70,707048,7,2.683101999980863,100.0,658.7116813186813,1794.2556923076922,0.97271854884199,2.1613509765670904,14099.75846153846,13.333143799973186,13.3315926999785,,,,,,,,,,,107024.0,140.0,107024.0,317277.0,,,,,,0,69,3216.9142857142856,1513.0,4783.0,2228.0,3272.0,4209.75,,,,,,,,,,,,,,,,,,,,,,,,,,,,,,,,,,,,,,,,,,,,0.0,0.0,,,,,,,,,,,,
32_Phoenix_City,Quantum,15324,70,70,707048,7,2.683101999980863,94.28571428571428,548.6073543123543,1790.0003076923076,1.4264781190903626,3.337371856884212,19108.940923076923,44.50414620002266,44.449434600013774,0.0199007000192068,0.0051573000382632,0.0147433999809436,,44.449434600013774,0.0004571999888867,0.0264831999666057,0.0010722000151872,0.0044935999903827,44.50414620002266,,,,,,,,0.0,,0,69,3216.9142857142856,1513.0,4783.0,2228.0,3272.0,4209.75,4439.0,8808.0,0.0008942003977404,0.0017884007954809,0.0018026137899954,0.0009013068949977,7.936922730344672,8.0,4.0,50000.0,25000.0,2.0,,,,,,,,,,,,,,,,,,,,,5000.0,25000.0,1000.0,1000.0,1.0,771.0,33.0,738.0,0.9571984435797666,1.0,4439.0,,,,,,,,,,,,,,
32_Phoenix_City,ClassicalGreedy,15324,70,70,707049,8,2.744380699994508,100.0,460.1314593406593,1775.501230769231,0.9726724089145086,1.660068297287543,15032.47846153846,0.0480414000339806,0.0463940000045113,,,,,,,,,,,,,,,,,,,,0,66,3079.785714285714,1242.0,4752.0,2442.75,2929.5,3933.5,,,,,,,,,,,,,,,,,,,,,,,,,,0.0180570000084117,106515.0,0.013666600047145,0.0114072000142186,0.0431308000697754,1756065.7765266034,35.0,,,,,,,,,,,,,,,,,,,,,,,,,
32_Phoenix_City,Classical,15324,70,70,707049,8,2.744380699994508,100.0,449.53387912087913,1774.7756923076922,0.9272894927167642,1.660068297287543,13384.814615384612,13.098256499972194,13.096542199957184,,,,,,,,,,,106585.0,140.0,106585.0,315992.0,,,,,,0,66,3079.785714285714,1242.0,4752.0,2442.75,2929.5,3933.5,,,,,,,,,,,,,,,,,,,,,,,,,,,,,,,,,,,,,,,,,,,,0.0,0.0,,,,,,,,,,,,
32_Phoenix_City,Quantum,15324,70,70,707049,8,2.744380699994508,94.28571428571428,405.8850116550117,1776.683692307692,1.439235682433338,4.777315137167525,18195.15969230769,44.09899560001213,44.04721590003464,0.0181757999816909,0.0051089000189676,0.0130668999627232,,44.04721590003464,0.0004413000424392,0.0239392000366933,0.0010835999855771,0.0056657000095583,44.09899560001213,,,,,,,,0.0,,0,66,3079.785714285714,1242.0,4752.0,2442.75,2929.5,3933.5,4391.0,8712.0,0.0009038989982097,0.0018077979964194,0.0018223234624145,0.0009111617312072,7.936233204281485,8.0,4.0,50000.0,25000.0,2.0,,,,,,,,,,,,,,,,,,,,,5000.0,25000.0,1000.0,1000.0,1.0,759.0,33.0,726.0,0.9565217391304348,1.0,4391.0,,,,,,,,,,,,,,
32_Phoenix_City,ClassicalGreedy,15324,70,70,707050,9,2.6276066999998875,100.0,458.7741406593407,1792.1169230769233,1.0411836221431716,3.9810985633916833,14953.539230769233,0.0564363999874331,0.0548091999953612,,,,,,,,,,,,,,,,,,,,0,68,2974.214285714286,1291.0,4784.0,2203.0,2882.5,3876.0,,,,,,,,,,,,,,,,,,,,,,,,,,0.0190893000108189,106428.0,0.016740099992603,0.0143663000199012,0.0501957000233233,1754284.5346847326,35.0,,,,,,,,,,,,,,,,,,,,,,,,,
32_Phoenix_City,Classical,15324,70,70,707050,9,2.6276066999998875,100.0,529.1867758241757,1792.1169230769233,4101.790854553086,155834.99999999997,13265.855076923071,13.06081070000073,13.059248599980492,,,,,,,,,,,106498.0,140.0,106498.0,315688.0,,,,,,0,68,2974.214285714286,1291.0,4784.0,2203.0,2882.5,3876.0,,,,,,,,,,,,,,,,,,,,,,,,,,,,,,,,,,,,,,,,,,,,0.0,0.0,,,,,,,,,,,,
32_Phoenix_City,Quantum,15324,70,70,707050,9,2.6276066999998875,94.28571428571428,423.2235128205128,1792.1169230769233,1.224904342013173,1.809284087522489,18209.290307692307,42.2323836000287,42.16754409996793,0.0175640000379644,0.0050761000020429,0.0124879000359214,,42.16754409996793,0.0004234000225551,0.0240692000370472,0.0010559000074863,0.0044402999919839,42.2323836000287,,,,,,,,0.0,,0,68,2974.214285714286,1291.0,4784.0,2203.0,2882.5,3876.0,4217.0,8364.0,0.0009408920880919,0.0018817841761839,0.0018975332068311,0.0009487666034155,7.933602086791557,8.0,4.0,50000.0,25000.0,2.0,,,,,,,,,,,,,,,,,,,,,5000.0,25000.0,1000.0,1000.0,1.0,736.0,33.0,703.0,0.9551630434782608,1.0,4217.0,,,,,,,,,,,,,,
32_Phoenix_City,ClassicalGreedy,15324,70,70,707051,10,2.5630304000223987,100.0,537.3803868131868,1799.8956923076926,1.0109958286568856,1.862240758604826,13785.997692307692,0.0444666999974288,0.0428548000054433,,,,,,,,,,,,,,,,,,,,0,66,3129.2714285714287,1245.0,4757.0,2357.25,3250.0,3870.5,,,,,,,,,,,,,,,,,,,,,,,,,,0.0170353000285103,99008.0,0.0130597000243142,0.0101948999799788,0.0402899000328034,1621341.3352443993,35.0,,,,,,,,,,,,,,,,,,,,,,,,,
32_Phoenix_City,Classical,15324,70,70,707051,10,2.5630304000223987,100.0,473.132654945055,1714.4692307692312,0.9807536132371882,2.0,12733.01846153846,10.067462300008629,10.065811100008432,,,,,,,,,,,99078.0,140.0,99078.0,293618.0,,,,,,0,66,3129.2714285714287,1245.0,4757.0,2357.25,3250.0,3870.5,,,,,,,,,,,,,,,,,,,,,,,,,,,,,,,,,,,,,,,,,,,,0.0,0.0,,,,,,,,,,,,
32_Phoenix_City,Quantum,15324,70,70,707051,10,2.5630304000223987,94.28571428571428,366.1559324009324,1760.1695384615382,1.3532283239450813,2.8501304998479795,17093.72476923077,42.75018829997862,42.69943320000312,0.0171126999775879,0.0048411000170744,0.0122715999605134,,42.69943320000312,0.0003913000109605,0.0258204999845474,0.0011078999959863,0.004436099960003,42.75018829997862,,,,,,,,0.0,,0,66,3129.2714285714287,1245.0,4757.0,2357.25,3250.0,3870.5,4277.0,8484.0,0.0009277985911546,0.0018555971823093,0.0018709073900841,0.000935453695042,7.9345335515548285,8.0,4.0,50000.0,25000.0,2.0,,,,,,,,,,,,,,,,,,,,,5000.0,25000.0,1000.0,1000.0,1.0,740.0,33.0,707.0,0.9554054054054054,1.0,4277.0,,,,,,,,,,,,,,
32_Phoenix_City,ClassicalGreedy,15324,70,140,1407042,1,8.241938999970444,95.0,509.69959745517633,1799.5655384615388,0.9803749617637592,1.8492726676733424,27693.97353846154,0.4674098999821581,0.4644251000136137,,,,,,,,,,,,,,,,,,,,0,134,3035.242857142857,1202.0,4785.0,2171.0,2984.0,3923.0,,,,,,,,,,,,,,,,,,,,,,,,,,0.3343953000148758,429439.0,0.0654411999857984,0.037919900030829,0.4377564000315033,7981490.407046673,67.0,,,,,,,,,,,,,,,,,,,,,,,,,
32_Phoenix_City,Classical,15324,70,140,1407042,1,8.241938999970444,100.0,534.0720373626373,1793.819692307692,0.9381845112138578,2.191491513593208,27589.091076923072,197.5837409999804,197.58059979998507,,,,,,,,,,,429579.0,210.0,429579.0,1281010.0,,,,,,0,134,3035.242857142857,1202.0,4785.0,2171.0,2984.0,3923.0,,,,,,,,,,,,,,,,,,,,,,,,,,,,,,,,,,,,,,,,,,,,0.0,0.0,,,,,,,,,,,,
32_Phoenix_City,Quantum,15324,70,140,1407042,1,8.241938999970444,94.28571428571428,570.2798508158508,1795.8553846153843,1.2304321577137032,2.5907784240009857,34419.34276923077,98.60491140000522,98.4824929999886,0.0528328000218607,0.0174505000468343,0.0353822999750264,,98.4824929999886,0.0011231999960727,0.0540523999952711,0.0023368999827653,0.0088994999532587,98.60491140000522,,,,,,,,0.0,,0,134,3035.242857142857,1202.0,4785.0,2171.0,2984.0,3923.0,9682.0,19224.0,0.000410193198564,0.000820386397128,0.0008263609131288,0.0004131804565644,7.942160710596984,8.0,4.0,50000.0,25000.0,2.0,,,,,,,,,,,,,,,,,,,,,5000.0,25000.0,1000.0,1000.0,1.0,1686.0,66.0,1620.0,0.9608540925266904,1.0,9682.0,,,,,,,,,,,,,,
32_Phoenix_City,ClassicalGreedy,15324,70,140,1407043,2,8.475567699992098,94.28571428571428,463.3014895104895,1791.7372307692308,0.9342863415269008,2.421634093571875,28666.78953846154,0.4779147000517696,0.4750309000373818,,,,,,,,,,,,,,,,,,,,0,135,3021.1428571428573,1242.0,4771.0,2182.5,3071.0,3856.0,,,,,,,,,,,,,,,,,,,,,,,,,,0.3387919000233523,448780.0,0.0684212999767623,0.0407640000339597,0.4479772000340745,8370336.398976067,66.0,,,,,,,,,,,,,,,,,,,,,,,,,
32_Phoenix_City,Classical,15324,70,140,1407043,2,8.475567699992098,100.0,590.1935395604396,1795.6716923076924,0.962771037785814,5.013796167402186,28749.38630769231,316.5956663999823,316.592375200009,,,,,,,,,,,448920.0,210.0,448920.0,1338844.0,,,,,,0,135,3021.1428571428573,1242.0,4771.0,2182.5,3071.0,3856.0,,,,,,,,,,,,,,,,,,,,,,,,,,,,,,,,,,,,,,,,,,,,0.0,0.0,,,,,,,,,,,,
32_Phoenix_City,Quantum,15324,70,140,1407043,2,8.475567699992098,94.28571428571428,499.8793403263403,1796.5421538461535,1.276811019739908,2.9585844821797047,37839.155230769225,95.59475320001366,95.47077160002664,0.0542025999748148,0.0173382000066339,0.0368643999681808,,95.47077160002664,0.0009976999717764,0.0552892999839969,0.002435200032778,0.0077352999942377,95.59475320001366,,,,,,,,0.0,,0,135,3021.1428571428573,1242.0,4771.0,2182.5,3071.0,3856.0,9469.0,18798.0,0.0004193525373505,0.0008387050747011,0.0008449514152936,0.0004224757076468,7.940859647270039,8.0,4.0,50000.0,25000.0,2.0,,,,,,,,,,,,,,,,,,,,,5000.0,25000.0,1000.0,1000.0,1.0,1642.0,66.0,1576.0,0.9598051157125456,1.0,9469.0,,,,,,,,,,,,,,
32_Phoenix_City,ClassicalGreedy,15324,70,140,1407044,3,8.884161000023596,94.28571428571428,476.0273962703963,1783.031384615385,0.9021329454157389,1.70068818182808,26077.53430769231,0.5033058999688365,0.5002998000127263,,,,,,,,,,,,,,,,,,,,0,137,2885.35,1230.0,4762.0,1943.0,2884.0,3717.25,,,,,,,,,,,,,,,,,,,,,,,,,,0.3482035999768413,472096.0,0.0753354000044055,0.0444197000470012,0.4679587000282481,8840538.605732689,66.0,,,,,,,,,,,,,,,,,,,,,,,,,
32_Phoenix_City,Classical,15324,70,140,1407044,3,8.884161000023596,100.0,544.6450197802197,1783.031384615385,0.8926689475979344,1.7821896754362172,26529.405692307704,265.9470498000155,265.9439269999857,,,,,,,,,,,472236.0,210.0,472236.0,1408537.0,,,,,,0,137,2885.35,1230.0,4762.0,1943.0,2884.0,3717.25,,,,,,,,,,,,,,,,,,,,,,,,,,,,,,,,,,,,,,,,,,,,0.0,0.0,,,,,,,,,,,,
32_Phoenix_City,Quantum,15324,70,140,1407044,3,8.884161000023596,95.71428571428572,486.93632491389207,1786.257846153846,1.2236509341065307,3.02907079327132,33285.649999999994,97.56989380001323,97.44375069998205,0.0551752999890595,0.0177252999856136,0.0374500000034458,,97.44375069998205,0.0010268000187352,0.0556767000234685,0.0023539999965578,0.0085759000503458,97.56989380001323,,,,,,,,0.0,,0,137,2885.35,1230.0,4762.0,1943.0,2884.0,3717.25,9673.0,19206.0,0.0004105721099815,0.000821144219963,0.0008271298593879,0.0004135649296939,7.9421068954822704,8.0,4.0,50000.0,25000.0,2.0,,,,,,,,,,,,,,,,,,,,,5000.0,25000.0,1000.0,1000.0,1.0,1686.0,67.0,1619.0,0.9602609727164888,1.0,9673.0,,,,,,,,,,,,,,
32_Phoenix_City,ClassicalGreedy,15324,70,140,1407045,4,8.825737300037872,94.28571428571428,461.51911655011656,1771.5104615384616,0.9759693449440896,2.2082920446172216,27144.012923076923,0.4815242000040598,0.4783997999620624,,,,,,,,,,,,,,,,,,,,0,134,2838.5214285714287,1214.0,4787.0,1918.25,2664.0,3787.25,,,,,,,,,,,,,,,,,,,,,,,,,,0.3356090000015683,464847.0,0.0714080000179819,0.044142099970486,0.4511590999900363,8694285.130139682,66.0,,,,,,,,,,,,,,,,,,,,,,,,,
32_Phoenix_City,Classical,15324,70,140,1407045,4,8.825737300037872,100.0,489.3831439560439,1791.1478461538463,0.965767427041522,2.634055525712895,27200.54446153845,227.7198262999882,227.7165190000087,,,,,,,,,,,464987.0,210.0,464987.0,1386889.0,,,,,,0,134,2838.5214285714287,1214.0,4787.0,1918.25,2664.0,3787.25,,,,,,,,,,,,,,,,,,,,,,,,,,,,,,,,,,,,,,,,,,,,0.0,0.0,,,,,,,,,,,,
32_Phoenix_City,Quantum,15324,70,140,1407045,4,8.825737300037872,91.42857142857144,495.9507932692308,1791.1478461538463,1.289702000512306,3.1710502198376616,32296.820000000003,98.6041187000228,98.4796439000056,0.0555456000147387,0.0183457999955862,0.0371998000191524,,98.4796439000056,0.0009890000219456,0.0537782000028528,0.0022707000025548,0.0086674999911338,98.6041187000228,,,,,,,,0.0,,0,134,2838.5214285714287,1214.0,4787.0,1918.25,2664.0,3787.25,9757.0,19374.0,0.0004070625927126,0.0008141251854252,0.000820008200082,0.000410004100041,7.942605309008917,8.0,4.0,50000.0,25000.0,2.0,,,,,,,,,,,,,,,,,,,,,5000.0,25000.0,1000.0,1000.0,1.0,1691.0,64.0,1627.0,0.9621525724423418,1.0,9757.0,,,,,,,,,,,,,,
32_Phoenix_City,ClassicalGreedy,15324,70,140,1407046,5,8.372499599994626,92.14285714285714,481.5016052474657,1798.8310769230766,0.9755414735353718,2.389966128899012,25433.991384615387,0.4761388999759219,0.4731997000053525,,,,,,,,,,,,,,,,,,,,0,134,3074.728571428572,1249.0,4800.0,2161.75,2919.5,4119.75,,,,,,,,,,,,,,,,,,,,,,,,,,0.3330263999523595,448447.0,0.0689532999531366,0.0429446999914944,0.4449243998969905,8363430.821534036,65.0,,,,,,,,,,,,,,,,,,,,,,,,,
32_Phoenix_City,Classical,15324,70,140,1407046,5,8.372499599994626,100.0,528.3748648351649,1798.5,0.932618272284715,1.8951104259526124,27060.541230769235,1041.4696802999824,1041.4664929999851,,,,,,,,,,,448587.0,210.0,448587.0,1337814.0,,,,,,0,134,3074.728571428572,1249.0,4800.0,2161.75,2919.5,4119.75,,,,,,,,,,,,,,,,,,,,,,,,,,,,,,,,,,,,,,,,,,,,0.0,0.0,,,,,,,,,,,,
32_Phoenix_City,Quantum,15324,70,140,1407046,5,8.372499599994626,90.0,447.9101172161172,1772.0003076923076,1.2491662470461178,5.091416567335042,29652.80492307692,97.66000869998244,97.53566470002988,0.0548522999742999,0.0172846000059507,0.0375676999683491,,97.53566470002988,0.0010316999978385,0.0543652999913319,0.0022147000418044,0.0086687000002712,97.66000869998244,,,,,,,,0.0,,0,134,3074.728571428572,1249.0,4800.0,2161.75,2919.5,4119.75,9577.0,19014.0,0.0004146578202842,0.0008293156405684,0.0008354218880534,0.0004177109440267,7.941526574083742,8.0,4.0,50000.0,25000.0,2.0,,,,,,,,,,,,,,,,,,,,,5000.0,25000.0,1000.0,1000.0,1.0,1679.0,63.0,1616.0,0.9624776652769506,1.0,9577.0,,,,,,,,,,,,,,
32_Phoenix_City,ClassicalGreedy,15324,70,140,1407047,6,8.292810399958398,94.28571428571428,488.94192773892775,1785.6086153846154,0.98818655032036,4.143430714776269,29005.504,0.4856528000091202,0.4826876000151969,,,,,,,,,,,,,,,,,,,,0,134,3178.792857142857,1225.0,4773.0,2224.25,3196.5,4119.75,,,,,,,,,,,,,,,,,,,,,,,,,,0.3458372000022791,444057.0,0.0678656000527553,0.0425240999902598,0.4562269000452943,8275390.198071352,66.0,,,,,,,,,,,,,,,,,,,,,,,,,
32_Phoenix_City,Classical,15324,70,140,1407047,6,8.292810399958398,100.0,525.8985604395605,1760.708615384615,0.8903540986357172,1.4316755270502295,29912.026307692304,159.98012870003004,159.97496469999896,,,,,,,,,,,444197.0,210.0,444197.0,1324742.0,,,,,,0,134,3178.792857142857,1225.0,4773.0,2224.25,3196.5,4119.75,,,,,,,,,,,,,,,,,,,,,,,,,,,,,,,,,,,,,,,,,,,,0.0,0.0,,,,,,,,,,,,
32_Phoenix_City,Quantum,15324,70,140,1407047,6,8.292810399958398,94.28571428571428,598.5610909090909,1762.2424615384616,1.239352019559271,2.531284670247424,38722.911692307694,98.9889228999964,98.86298869998429,0.0552462000050582,0.017285100009758,0.0379610999953001,,98.86298869998429,0.0011379999923519,0.0559121000114828,0.0022715000086463,0.0082554999971762,98.9889228999964,,,,,,,,0.0,,0,134,3178.792857142857,1225.0,4773.0,2224.25,3196.5,4119.75,9763.0,19386.0,0.0004068142072212,0.0008136284144425,0.000819504199959,0.0004097520999795,7.942640581788384,8.0,4.0,50000.0,25000.0,2.0,,,,,,,,,,,,,,,,,,,,,5000.0,25000.0,1000.0,1000.0,1.0,1702.0,66.0,1636.0,0.9612220916568742,1.0,9763.0,,,,,,,,,,,,,,
32_Phoenix_City,ClassicalGreedy,15324,70,140,1407048,7,8.727059400000144,94.28571428571428,452.7437913752914,1790.9676923076927,0.9675419081678964,1.7012991925982774,27598.98892307693,0.4723396999761462,0.4692784000071697,,,,,,,,,,,,,,,,,,,,0,135,2875.6642857142856,1200.0,4746.0,2016.25,2784.5,3822.0,,,,,,,,,,,,,,,,,,,,,,,,,,0.3233044000226073,461685.0,0.0709870999562554,0.0465299000497907,0.4408214000286534,8630357.578707222,66.0,,,,,,,,,,,,,,,,,,,,,,,,,
32_Phoenix_City,Classical,15324,70,140,1407048,7,8.727059400000144,100.0,508.2190208791209,1793.4661538461537,0.950488979145161,2.2669668466961546,28178.81184615385,278.96686950000003,278.96352130000014,,,,,,,,,,,461825.0,210.0,461825.0,1377415.0,,,,,,0,135,2875.6642857142856,1200.0,4746.0,2016.25,2784.5,3822.0,,,,,,,,,,,,,,,,,,,,,,,,,,,,,,,,,,,,,,,,,,,,0.0,0.0,,,,,,,,,,,,
32_Phoenix_City,Quantum,15324,70,140,1407048,7,8.727059400000144,95.71428571428572,507.1898725602755,1798.119076923077,1.291620414289275,3.185334576749199,35666.97999999999,97.4617473000544,97.33273080002982,0.0563314000028185,0.0176609000191092,0.0386704999837093,,97.33273080002982,0.001113099977374,0.0571905999677255,0.0024734000326134,0.0085607000510208,97.4617473000544,,,,,,,,0.0,,0,135,2875.6642857142856,1200.0,4746.0,2016.25,2784.5,3822.0,9610.0,19080.0,0.0004132442172611,0.0008264884345223,0.0008325528150692,0.0004162764075346,7.9417273673257025,8.0,4.0,50000.0,25000.0,2.0,,,,,,,,,,,,,,,,,,,,,5000.0,25000.0,1000.0,1000.0,1.0,1683.0,67.0,1616.0,0.960190136660725,1.0,9610.0,,,,,,,,,,,,,,
32_Phoenix_City,ClassicalGreedy,15324,70,140,1407049,8,7.152447300031781,88.57142857142857,636.3879999999999,1776.036,0.9526022624064454,2.362621279109158,25148.92676923077,0.3037997999927029,0.3009447999647818,,,,,,,,,,,,,,,,,,,,0,134,3108.385714285714,1207.0,4800.0,2105.0,3285.0,4046.0,,,,,,,,,,,,,,,,,,,,,,,,,,0.1907327999942936,368608.0,0.0554859999683685,0.0339451999752782,0.2801639999379404,6767291.566948093,62.0,,,,,,,,,,,,,,,,,,,,,,,,,
32_Phoenix_City,Classical,15324,70,140,1407049,8,7.152447300031781,100.0,712.5584439560439,1799.6056923076924,0.922681484018715,2.0254910699926945,29462.51953846153,115.0165718999924,115.01341940002747,,,,,,,,,,,368748.0,210.0,368748.0,1099161.0,,,,,,0,134,3108.385714285714,1207.0,4800.0,2105.0,3285.0,4046.0,,,,,,,,,,,,,,,,,,,,,,,,,,,,,,,,,,,,,,,,,,,,0.0,0.0,,,,,,,,,,,,
32_Phoenix_City,Quantum,15324,70,140,1407049,8,7.152447300031781,92.85714285714286,654.7620686390533,1787.4916923076923,1.3183988598789875,3.1548986748398,37251.39599999999,98.96080940001411,98.84677020000528,0.048339000029955,0.0146781000075861,0.0336609000223688,,98.84677020000528,0.0010483999503776,0.0500990999862551,0.0024099000147543,0.0089646999840624,98.96080940001411,,,,,,,,0.0,,0,134,3108.385714285714,1207.0,4800.0,2105.0,3285.0,4046.0,9805.0,19470.0,0.0004050839597362,0.0008101679194725,0.0008159934720522,0.0004079967360261,7.942886282508924,8.0,4.0,50000.0,25000.0,2.0,,,,,,,,,,,,,,,,,,,,,5000.0,25000.0,1000.0,1000.0,1.0,1707.0,65.0,1642.0,0.9619214997070884,1.0,9805.0,,,,,,,,,,,,,,
32_Phoenix_City,ClassicalGreedy,15324,70,140,1407050,9,8.575253599963617,92.85714285714286,444.38142603550295,1786.9993846153843,926.6581308770192,60173.0,26209.144000000008,0.4651160999783315,0.462093299953267,,,,,,,,,,,,,,,,,,,,0,132,3197.992857142857,1206.0,4781.0,2314.0,3314.5,4163.75,,,,,,,,,,,,,,,,,,,,,,,,,,0.3251318000257015,456735.0,0.0696280000265687,0.0404475999530404,0.4352074000053108,8530791.434426412,65.0,,,,,,,,,,,,,,,,,,,,,,,,,
32_Phoenix_City,Classical,15324,70,140,1407050,9,8.575253599963617,100.0,489.3462956043956,1793.2673846153848,0.900423251462709,1.913286606823944,27564.53261538461,156.58183300000383,156.57855120004388,,,,,,,,,,,456875.0,210.0,456875.0,1362660.0,,,,,,0,132,3197.992857142857,1206.0,4781.0,2314.0,3314.5,4163.75,,,,,,,,,,,,,,,,,,,,,,,,,,,,,,,,,,,,,,,,,,,,0.0,0.0,,,,,,,,,,,,
32_Phoenix_City,Quantum,15324,70,140,1407050,9,8.575253599963617,94.28571428571428,488.0083776223776,1786.8659999999998,1.1952063553231855,3.1524432279742243,34164.69538461538,100.37986829999136,100.25142459996276,0.0570662000100128,0.0178661000099964,0.0392001000000163,,100.25142459996276,0.0010938000050373,0.0566624999628402,0.0024213000433519,0.0080570999998599,100.37986829999136,,,,,,,,0.0,,0,132,3197.992857142857,1206.0,4781.0,2314.0,3314.5,4163.75,9901.0,19662.0,0.0004011838412404,0.0008023676824808,0.0008080808080808,0.0004040404040404,7.943440056559943,8.0,4.0,50000.0,25000.0,2.0,,,,,,,,,,,,,,,,,,,,,5000.0,25000.0,1000.0,1000.0,1.0,1723.0,66.0,1657.0,0.9616947185142194,1.0,9901.0,,,,,,,,,,,,,,
32_Phoenix_City,ClassicalGreedy,15324,70,140,1407051,10,8.116345099988393,95.0,483.6454378253325,1773.4953846153849,0.92900319297668,2.076503224571258,26738.36630769231,0.4534913999959826,0.4503381999675184,,,,,,,,,,,,,,,,,,,,0,139,2945.307142857143,1210.0,4794.0,2093.0,3037.5,3791.0,,,,,,,,,,,,,,,,,,,,,,,,,,0.3282910999841988,413848.0,0.0618666000664234,0.0351990000344812,0.4253567000851035,7668968.05700722,67.0,,,,,,,,,,,,,,,,,,,,,,,,,
32_Phoenix_City,Classical,15324,70,140,1407051,10,8.116345099988393,100.0,527.0353571428572,1773.4953846153849,0.8772428159099631,1.5875387448662213,27114.412769230767,165.8134024000028,165.8103105000337,,,,,,,,,,,413988.0,210.0,413988.0,1234392.0,,,,,,0,139,2945.307142857143,1210.0,4794.0,2093.0,3037.5,3791.0,,,,,,,,,,,,,,,,,,,,,,,,,,,,,,,,,,,,,,,,,,,,0.0,0.0,,,,,,,,,,,,
32_Phoenix_City,Quantum,15324,70,140,1407051,10,8.116345099988393,94.28571428571428,537.7130792540793,1788.3907692307694,1.2098270094993588,2.964427274353989,33293.16569230769,95.63531430001603,95.50851899996633,0.0536521000321954,0.0163555000326596,0.0372965999995358,,95.50851899996633,0.0014052999904379,0.0580118999932892,0.0024103000178001,0.0079943999880924,95.63531430001603,,,,,,,,0.0,,0,139,2945.307142857143,1210.0,4794.0,2093.0,3037.5,3791.0,9508.0,18876.0,0.0004176450105028,0.0008352900210057,0.0008414852214157,0.0004207426107078,7.941102229701304,8.0,4.0,50000.0,25000.0,2.0,,,,,,,,,,,,,,,,,,,,,5000.0,25000.0,1000.0,1000.0,1.0,1654.0,66.0,1588.0,0.9600967351874244,1.0,9508.0,,,,,,,,,,,,,,
32_Phoenix_City,ClassicalGreedy,15324,80,80,808042,1,3.7549221999943256,100.0,507.5135153846153,1781.5255384615384,0.987619234096904,1.605808586143753,15860.586769230767,0.1655788999632932,0.1637478999909944,,,,,,,,,,,,,,,,,,,,0,75,2932.0,1241.0,4778.0,2123.25,2778.5,3690.0,,,,,,,,,,,,,,,,,,,,,,,,,,0.1155737999943085,162751.0,0.0225540999672375,0.0202029999927617,0.1583308999543078,2786050.767536303,40.0,,,,,,,,,,,,,,,,,,,,,,,,,
32_Phoenix_City,Classical,15324,80,80,808042,1,3.7549221999943256,100.0,570.1707269230768,1781.5255384615384,0.9477499894863436,1.5752036979003448,13996.404153846152,22.24963419995038,22.247812899993733,,,,,,,,,,,162831.0,160.0,162831.0,483469.0,,,,,,0,75,2932.0,1241.0,4778.0,2123.25,2778.5,3690.0,,,,,,,,,,,,,,,,,,,,,,,,,,,,,,,,,,,,,,,,,,,,0.0,0.0,,,,,,,,,,,,
32_Phoenix_City,Quantum,15324,80,80,808042,1,3.7549221999943256,95.0,497.2155748987854,1787.8381538461535,1.2343728317573277,1.8986904491305487,18580.161384615378,50.270121600013226,50.20192040002439,0.0236312999622896,0.0072784000076353,0.0163528999546542,,50.20192040002439,0.0005400999798439,0.0356125999824143,0.0013632000191137,0.0047057000338099,50.270121600013226,,,,,,,,0.0,,0,75,2932.0,1241.0,4778.0,2123.25,2778.5,3690.0,5050.0,10020.0,0.000785960949036,0.0015719218980721,0.0015844721727074,0.0007922360863537,7.936633663366337,8.0,4.0,50000.0,25000.0,2.0,,,,,,,,,,,,,,,,,,,,,5000.0,25000.0,1000.0,1000.0,1.0,884.0,38.0,846.0,0.9570135746606336,1.0,5050.0,,,,,,,,,,,,,,
32_Phoenix_City,ClassicalGreedy,15324,80,80,808043,2,3.398787199985236,100.0,607.5615211538461,1764.3003076923078,0.901547410254848,1.4639652086328208,19565.68015384616,0.1605712000164203,0.1587402999866753,,,,,,,,,,,,,,,,,,,,0,75,3027.625,1252.0,4793.0,2026.5,3064.5,4061.25,,,,,,,,,,,,,,,,,,,,,,,,,,0.1140202999813482,147979.0,0.019663700077217,0.0195475999498739,0.1532316000084392,2511957.1605440765,40.0,,,,,,,,,,,,,,,,,,,,,,,,,
32_Phoenix_City,Classical,15324,80,80,808043,2,3.398787199985236,100.0,537.2523980769231,1760.1532307692305,0.865145082437377,1.5772528350103816,17630.880615384613,22.19193000002997,22.190081600041594,,,,,,,,,,,148059.0,160.0,148059.0,439413.0,,,,,,0,75,3027.625,1252.0,4793.0,2026.5,3064.5,4061.25,,,,,,,,,,,,,,,,,,,,,,,,,,,,,,,,,,,,,,,,,,,,0.0,0.0,,,,,,,,,,,,
32_Phoenix_City,Quantum,15324,80,80,808043,2,3.398787199985236,97.5,507.6382544378699,1799.7163076923075,1.1768358932230285,1.8311153669926803,24070.312615384617,50.850305500032846,50.78074499999639,0.024103500007186,0.0066301000188104,0.0174733999883756,,50.78074499999639,0.0005788999842479,0.0346067000064067,0.0013439999893307,0.006180900032632,50.850305500032846,,,,,,,,0.0,,0,75,3027.625,1252.0,4793.0,2026.5,3064.5,4061.25,5065.0,10050.0,0.0007836513944316,0.0015673027888632,0.0015797788309636,0.0007898894154818,7.936821322803554,8.0,4.0,50000.0,25000.0,2.0,,,,,,,,,,,,,,,,,,,,,5000.0,25000.0,1000.0,1000.0,1.0,874.0,39.0,835.0,0.9553775743707094,1.0,5065.0,,,,,,,,,,,,,,
32_Phoenix_City,ClassicalGreedy,15324,80,80,808044,3,3.673436400014907,100.0,530.7890403846154,1721.7510769230769,0.9586723557480294,1.9880040176966776,16397.248615384608,0.1668966999859549,0.165055800054688,,,,,,,,,,,,,,,,,,,,0,78,2866.7125,1253.0,4788.0,2162.75,2713.5,3606.5,,,,,,,,,,,,,,,,,,,,,,,,,,0.1175915999920107,163681.0,0.0226896000094711,0.0193455999251455,0.1596267999266274,2803149.945940242,40.0,,,,,,,,,,,,,,,,,,,,,,,,,
32_Phoenix_City,Classical,15324,80,80,808044,3,3.673436400014907,100.0,511.8570596153846,1751.5107692307693,0.912609154040846,1.9362258607717384,14709.983076923074,30.37424360000296,30.37240519997431,,,,,,,,,,,163761.0,160.0,163761.0,486198.0,,,,,,0,78,2866.7125,1253.0,4788.0,2162.75,2713.5,3606.5,,,,,,,,,,,,,,,,,,,,,,,,,,,,,,,,,,,,,,,,,,,,0.0,0.0,,,,,,,,,,,,
32_Phoenix_City,Quantum,15324,80,80,808044,3,3.673436400014907,92.5,475.7584428274428,1773.8738461538462,1.449322273487352,5.543615676359038,18820.886923076923,50.12029299995629,50.055068899993785,0.0230092999991029,0.0067457999684847,0.0162635000306181,,50.055068899993785,0.0005202000029385,0.0341310999938286,0.001197800040245,0.0042813999461941,50.12029299995629,,,,,,,,0.0,,0,78,2866.7125,1253.0,4788.0,2162.75,2713.5,3606.5,5026.0,9972.0,0.0007896846844171,0.0015793693688343,0.001592039800995,0.0007960199004975,7.936331078392359,8.0,4.0,50000.0,25000.0,2.0,,,,,,,,,,,,,,,,,,,,,5000.0,25000.0,1000.0,1000.0,1.0,878.0,37.0,841.0,0.9578587699316627,1.0,5026.0,,,,,,,,,,,,,,
32_Phoenix_City,ClassicalGreedy,15324,80,80,808045,4,4.154378100007307,100.0,425.0006346153847,1763.842461538461,1.0006689889699467,1.8781791215323267,16737.539538461537,0.1789402999565936,0.177077799977269,,,,,,,,,,,,,,,,,,,,0,78,3137.4,1306.0,4794.0,2220.75,3240.0,3901.75,,,,,,,,,,,,,,,,,,,,,,,,,,0.1192702000262215,192030.0,0.0266809000167995,0.0244294000440277,0.1703805000870488,3334800.959697732,40.0,,,,,,,,,,,,,,,,,,,,,,,,,
32_Phoenix_City,Classical,15324,80,80,808045,4,4.154378100007307,100.0,420.8856730769231,1763.842461538461,0.9305076318402068,1.9934332547997395,14595.06246153846,39.41378629999235,39.41193539998494,,,,,,,,,,,192110.0,160.0,192110.0,570768.0,,,,,,0,78,3137.4,1306.0,4794.0,2220.75,3240.0,3901.75,,,,,,,,,,,,,,,,,,,,,,,,,,,,,,,,,,,,,,,,,,,,0.0,0.0,,,,,,,,,,,,
32_Phoenix_City,Quantum,15324,80,80,808045,4,4.154378100007307,95.0,410.5793441295547,1735.2972307692307,1.22977776409327,2.739252814357509,18453.119692307693,51.60083370003849,51.5242882000166,0.0264106999966315,0.0080282000126317,0.0183824999839998,,51.5242882000166,0.0005904000136069,0.0393700000131502,0.0013712999643757,0.0057935999939218,51.60083370003849,,,,,,,,0.0,,0,78,3137.4,1306.0,4794.0,2220.75,3240.0,3901.75,5098.0,10116.0,0.0007786178424942,0.0015572356849885,0.0015695507161075,0.0007847753580537,7.937230286386819,8.0,4.0,50000.0,25000.0,2.0,,,,,,,,,,,,,,,,,,,,,5000.0,25000.0,1000.0,1000.0,1.0,889.0,38.0,851.0,0.9572553430821148,1.0,5098.0,,,,,,,,,,,,,,
32_Phoenix_City,ClassicalGreedy,15324,80,80,808046,5,3.810162500012666,100.0,450.81857884615386,1774.0966153846152,0.9882838329851924,2.0462276655139986,16630.398153846152,0.1691931000095792,0.1668969999882392,,,,,,,,,,,,,,,,,,,,0,77,3121.4,1234.0,4782.0,2278.75,3184.0,3873.75,,,,,,,,,,,,,,,,,,,,,,,,,,0.1161131000262685,170505.0,0.0241600000299513,0.020219299942255,0.1604923999984748,2931072.6705776304,40.0,,,,,,,,,,,,,,,,,,,,,,,,,
32_Phoenix_City,Classical,15324,80,80,808046,5,3.810162500012666,100.0,595.7810711538461,1747.893846153846,0.947197122776988,2.0462276655139986,14999.321076923075,28.43565030000173,28.433762500004377,,,,,,,,,,,170585.0,160.0,170585.0,506665.0,,,,,,0,77,3121.4,1234.0,4782.0,2278.75,3184.0,3873.75,,,,,,,,,,,,,,,,,,,,,,,,,,,,,,,,,,,,,,,,,,,,0.0,0.0,,,,,,,,,,,,
32_Phoenix_City,Quantum,15324,80,80,808046,5,3.810162500012666,95.0,465.2447611336033,1777.5440000000008,1.3646486745270625,3.2712666858734267,20630.47984615384,52.03860899998108,51.95374769996852,0.0247626000200398,0.0074225999996997,0.01734000002034,,51.95374769996852,0.0005536000244319,0.0363740000175312,0.001330200000666,0.0054919999674893,52.03860899998108,,,,,,,,0.0,,0,77,3121.4,1234.0,4782.0,2278.75,3184.0,3873.75,5152.0,10224.0,0.0007705191417936,0.0015410382835872,0.0015530964861192,0.0007765482430596,7.937888198757764,8.0,4.0,50000.0,25000.0,2.0,,,,,,,,,,,,,,,,,,,,,5000.0,25000.0,1000.0,1000.0,1.0,903.0,38.0,865.0,0.9579180509413068,1.0,5152.0,,,,,,,,,,,,,,
32_Phoenix_City,ClassicalGreedy,15324,80,80,808047,6,3.468740899988916,100.0,500.4304807692308,1779.9292307692308,0.9410347754543088,1.583095266081677,17282.507692307692,0.1569514999864623,0.1550875999964773,,,,,,,,,,,,,,,,,,,,0,76,2950.35,1224.0,4753.0,2004.5,2898.0,3942.0,,,,,,,,,,,,,,,,,,,,,,,,,,0.1166437999927438,143020.0,0.0188751000678166,0.0148877000319771,0.1504066000925377,2420688.621160586,40.0,,,,,,,,,,,,,,,,,,,,,,,,,
32_Phoenix_City,Classical,15324,80,80,808047,6,3.468740899988916,100.0,612.2359923076923,1779.9292307692308,0.9154844934562366,2.086281346929673,15982.638615384614,23.23310950002633,23.23126160004176,,,,,,,,,,,143100.0,160.0,143100.0,424679.0,,,,,,0,76,2950.35,1224.0,4753.0,2004.5,2898.0,3942.0,,,,,,,,,,,,,,,,,,,,,,,,,,,,,,,,,,,,,,,,,,,,0.0,0.0,,,,,,,,,,,,
32_Phoenix_City,Quantum,15324,80,80,808047,6,3.468740899988916,95.0,508.56941902834006,1779.9292307692308,1.3516688440556337,5.188423977396628,21664.53369230769,51.145720099972095,51.08162710000761,0.0223515999969095,0.0062616000068373,0.0160899999900721,,51.08162710000761,0.0005659000016748,0.0323919000220485,0.0013072000001557,0.0050423999782651,51.145720099972095,,,,,,,,0.0,,0,76,2950.35,1224.0,4753.0,2004.5,2898.0,3942.0,5083.0,10086.0,0.0007808977815952,0.0015617955631905,0.0015741833923652,0.0007870916961826,7.937045052134566,8.0,4.0,50000.0,25000.0,2.0,,,,,,,,,,,,,,,,,,,,,5000.0,25000.0,1000.0,1000.0,1.0,897.0,38.0,859.0,0.9576365663322184,1.0,5083.0,,,,,,,,,,,,,,
32_Phoenix_City,ClassicalGreedy,15324,80,80,808048,7,3.734171999967657,100.0,490.1449211538461,1742.6184615384614,0.9270248017112328,1.5122937347677443,18346.175692307697,0.172759200038854,0.1708633999805897,,,,,,,,,,,,,,,,,,,,0,77,3045.2625,1218.0,4787.0,2370.0,2969.5,3914.75,,,,,,,,,,,,,,,,,,,,,,,,,,0.1231857999810017,164612.0,0.0219510999741032,0.0196471000090241,0.1647839999641291,2820566.346545256,40.0,,,,,,,,,,,,,,,,,,,,,,,,,
32_Phoenix_City,Classical,15324,80,80,808048,7,3.734171999967657,100.0,482.08349807692304,1703.7424615384616,0.8764738443894048,1.3142788485036088,16797.496,25.40698290005093,25.405050400004257,,,,,,,,,,,164692.0,160.0,164692.0,488988.0,,,,,,0,77,3045.2625,1218.0,4787.0,2370.0,2969.5,3914.75,,,,,,,,,,,,,,,,,,,,,,,,,,,,,,,,,,,,,,,,,,,,0.0,0.0,,,,,,,,,,,,
32_Phoenix_City,Quantum,15324,80,80,808048,7,3.734171999967657,95.0,491.2020688259109,1784.248923076923,1.1881008673409963,2.067093504926603,22422.96969230769,50.42601609998383,50.3584511000081,0.0249877999885939,0.0075363999931141,0.0174513999954797,,50.3584511000081,0.0005047000013291,0.0341878999606706,0.001288800034672,0.0044396000448614,50.42601609998383,,,,,,,,0.0,,0,77,3045.2625,1218.0,4787.0,2370.0,2969.5,3914.75,5032.0,9984.0,0.0007887504467531,0.0015775008935063,0.0015901411250248,0.0007950705625124,7.9364069952305245,8.0,4.0,50000.0,25000.0,2.0,,,,,,,,,,,,,,,,,,,,,5000.0,25000.0,1000.0,1000.0,1.0,867.0,38.0,829.0,0.956170703575548,1.0,5032.0,,,,,,,,,,,,,,
32_Phoenix_City,ClassicalGreedy,15324,80,80,808049,8,3.5418370999977924,100.0,471.6080115384615,1780.922769230769,0.9730779550132622,3.2138005048965206,18411.49953846154,0.1590291999746114,0.1570843000081367,,,,,,,,,,,,,,,,,,,,0,76,2885.375,1271.0,4662.0,1878.0,2898.5,3759.5,,,,,,,,,,,,,,,,,,,,,,,,,,0.1118489999789744,154645.0,0.0210248000221326,0.0190577000030316,0.1519315000041388,2635348.3744285144,40.0,,,,,,,,,,,,,,,,,,,,,,,,,
32_Phoenix_City,Classical,15324,80,80,808049,8,3.5418370999977924,100.0,535.8804307692308,1780.922769230769,0.928319219230792,2.1581075149583016,16429.91753846154,20.99040240002796,20.98854659998324,,,,,,,,,,,154725.0,160.0,154725.0,459285.0,,,,,,0,76,2885.375,1271.0,4662.0,1878.0,2898.5,3759.5,,,,,,,,,,,,,,,,,,,,,,,,,,,,,,,,,,,,,,,,,,,,0.0,0.0,,,,,,,,,,,,
32_Phoenix_City,Quantum,15324,80,80,808049,8,3.5418370999977924,95.0,539.001951417004,1792.784,1.2464728763150514,2.783535118665811,22087.62615384615,52.63346270000329,52.5476398000028,0.0240201999549753,0.0065861999755725,0.0174339999794028,,52.5476398000028,0.0005516000092029,0.0336505000013858,0.0012831999920308,0.005728900025133,52.63346270000329,,,,,,,,0.0,,0,76,2885.375,1271.0,4662.0,1878.0,2898.5,3759.5,5251.0,10422.0,0.0007561008787441,0.0015122017574883,0.0015238095238095,0.0007619047619047,7.93905922681394,8.0,4.0,50000.0,25000.0,2.0,,,,,,,,,,,,,,,,,,,,,5000.0,25000.0,1000.0,1000.0,1.0,914.0,38.0,876.0,0.9584245076586432,1.0,5251.0,,,,,,,,,,,,,,
32_Phoenix_City,ClassicalGreedy,15324,80,80,808050,9,3.520714999991469,100.0,515.0178384615384,1723.827692307692,0.9601869813712804,1.8703340548683256,16721.64123076923,0.1612552000442519,0.1594307000050321,,,,,,,,,,,,,,,,,,,,0,75,2948.225,1246.0,4696.0,2249.25,2828.5,3700.0,,,,,,,,,,,,,,,,,,,,,,,,,,0.1185646000085398,147060.0,0.0197275999817065,0.0160661999834701,0.1543583999737166,2495201.2487599333,40.0,,,,,,,,,,,,,,,,,,,,,,,,,
32_Phoenix_City,Classical,15324,80,80,808050,9,3.520714999991469,100.0,524.4610596153846,1769.5378461538462,0.8997167898208738,1.4887663636459845,15004.377846153844,20.76334180001868,20.761493600031827,,,,,,,,,,,147140.0,160.0,147140.0,436718.0,,,,,,0,75,2948.225,1246.0,4696.0,2249.25,2828.5,3700.0,,,,,,,,,,,,,,,,,,,,,,,,,,,,,,,,,,,,,,,,,,,,0.0,0.0,,,,,,,,,,,,
32_Phoenix_City,Quantum,15324,80,80,808050,9,3.520714999991469,90.0,562.712905982906,1796.8083076923076,1.2646696962240849,2.433213375510675,18284.999076923075,49.563550500024576,49.50066489999881,0.0235898999962955,0.006318999978248,0.0172709000180475,,49.50066489999881,0.0005401999806053,0.0305794000159949,0.0011528999893926,0.0047463999944739,49.563550500024576,,,,,,,,0.0,,0,75,2948.225,1246.0,4696.0,2249.25,2828.5,3700.0,4936.0,9792.0,0.000803968609755,0.00160793721951,0.0016210739614994,0.0008105369807497,7.93517017828201,8.0,4.0,50000.0,25000.0,2.0,,,,,,,,,,,,,,,,,,,,,5000.0,25000.0,1000.0,1000.0,1.0,860.0,36.0,824.0,0.958139534883721,1.0,4936.0,,,,,,,,,,,,,,
32_Phoenix_City,ClassicalGreedy,15324,80,80,808051,10,3.3331161999958567,100.0,544.901375,1799.7624615384616,0.9531784442362764,1.3622113934331126,18134.286923076925,0.1642117999726906,0.1623924999730661,,,,,,,,,,,,,,,,,,,,0,75,3041.75,1212.0,4708.0,2117.25,3060.0,3887.0,,,,,,,,,,,,,,,,,,,,,,,,,,0.1198323999997228,145960.0,0.0201012000325135,0.0178425000049173,0.1577761000371538,2474549.83396858,40.0,,,,,,,,,,,,,,,,,,,,,,,,,
32_Phoenix_City,Classical,15324,80,80,808051,10,3.3331161999958567,100.0,509.73399423076927,1792.5606153846156,0.9324790318705596,1.7961695182392332,16347.547384615384,26.6848936000024,26.682994800037704,,,,,,,,,,,146040.0,160.0,146040.0,433370.0,,,,,,0,75,3041.75,1212.0,4708.0,2117.25,3060.0,3887.0,,,,,,,,,,,,,,,,,,,,,,,,,,,,,,,,,,,,,,,,,,,,0.0,0.0,,,,,,,,,,,,
32_Phoenix_City,Quantum,15324,80,80,808051,10,3.3331161999958567,95.0,543.2350283400809,1655.9106153846153,1.2864248503950908,2.365381705565283,22300.05369230769,50.30696529999841,50.239715999981854,0.0237361000035889,0.0067111999960616,0.0170249000075273,,50.239715999981854,0.000537300016731,0.0339566000038757,0.0014358999906107,0.0054393999744206,50.30696529999841,,,,,,,,0.0,,0,75,3041.75,1212.0,4708.0,2117.25,3060.0,3887.0,5056.0,10032.0,0.000785035495624,0.0015700709912481,0.0015825914935707,0.0007912957467853,7.936708860759493,8.0,4.0,50000.0,25000.0,2.0,,,,,,,,,,,,,,,,,,,,,5000.0,25000.0,1000.0,1000.0,1.0,874.0,38.0,836.0,0.9565217391304348,1.0,5056.0,,,,,,,,,,,,,,
32_Phoenix_City,ClassicalGreedy,15324,80,160,1608042,1,12.925268999999387,98.75,465.15918987341774,1746.9384615384615,0.9210103224317544,1.998093088857546,33507.31184615384,0.8580517999944277,0.8545239000231959,,,,,,,,,,,,,,,,,,,,0,153,3124.1875,1202.0,4792.0,2199.5,3179.0,3978.0,,,,,,,,,,,,,,,,,,,,,,,,,,0.6071764000225812,720231.0,0.114433100039605,0.079350899963174,0.8009604000253603,13935854.297563812,79.0,,,,,,,,,,,,,,,,,,,,,,,,,
32_Phoenix_City,Classical,15324,80,160,1608042,1,12.925268999999387,100.0,490.9775240384615,1759.0950769230767,0.861131619661714,1.4279408024112268,30721.070461538467,840.2903116000234,840.286586400005,,,,,,,,,,,720391.0,240.0,720391.0,2150454.0,,,,,,0,153,3124.1875,1202.0,4792.0,2199.5,3179.0,3978.0,,,,,,,,,,,,,,,,,,,,,,,,,,,,,,,,,,,,,,,,,,,,0.0,0.0,,,,,,,,,,,,
32_Phoenix_City,Quantum,15324,80,160,1608042,1,12.925268999999387,91.25,527.3509462592202,1738.962769230769,1.1187281018597868,2.258560171129913,35728.13123076923,112.13822190003702,111.97270419995766,0.0735137000447139,0.0270752000506036,0.0464384999941103,,111.97270419995766,0.001241400022991,0.0742526000249199,0.0044518000213429,0.0085530999931506,112.13822190003702,,,,,,,,0.0,,0,153,3124.1875,1202.0,4792.0,2199.5,3179.0,3978.0,11066.0,21972.0,0.0003588868138578,0.0007177736277156,0.0007230004518752,0.0003615002259376,7.942165190674137,8.0,4.0,50000.0,25000.0,2.0,,,,,,,,,,,,,,,,,,,,,5000.0,25000.0,1000.0,1000.0,1.0,1930.0,73.0,1857.0,0.9621761658031088,1.0,11066.0,,,,,,,,,,,,,,
32_Phoenix_City,ClassicalGreedy,15324,80,160,1608043,2,11.15319989999989,92.5,569.9075062370063,1794.8384615384616,0.8617915957031692,1.864701377932639,31642.883384615387,0.4817179999663494,0.4783360000001266,,,,,,,,,,,,,,,,,,,,0,154,3033.3625,1205.0,4763.0,2225.75,3087.0,3851.5,,,,,,,,,,,,,,,,,,,,,,,,,,0.2756198000279255,605001.0,0.0960954999900423,0.0630673000123351,0.434782600030303,11550558.35653532,74.0,,,,,,,,,,,,,,,,,,,,,,,,,
32_Phoenix_City,Classical,15324,80,160,1608043,2,11.15319989999989,100.0,628.2792605769231,1792.866769230769,0.8615643456184788,1.484970016767101,32974.50538461538,265.5051975999959,265.5016025999794,,,,,,,,,,,605161.0,240.0,605161.0,1805845.0,,,,,,0,154,3033.3625,1205.0,4763.0,2225.75,3087.0,3851.5,,,,,,,,,,,,,,,,,,,,,,,,,,,,,,,,,,,,,,,,,,,,0.0,0.0,,,,,,,,,,,,
32_Phoenix_City,Quantum,15324,80,160,1608043,2,11.15319989999989,95.0,582.2967307692307,1792.698153846154,1.1405051344350816,2.271093965375851,41259.45953846152,111.12488519999896,110.96762330003548,0.0688247999642044,0.0230284999706782,0.0457962999935261,,110.96762330003548,0.0012488999636843,0.0709257000125944,0.0028472999692894,0.0096252000075764,111.12488519999896,,,,,,,,0.0,,0,154,3033.3625,1205.0,4763.0,2225.75,3087.0,3851.5,11036.0,21912.0,0.0003598553680971,0.0007197107361942,0.0007249660172179,0.0003624830086089,7.942007973903588,8.0,4.0,50000.0,25000.0,2.0,,,,,,,,,,,,,,,,,,,,,5000.0,25000.0,1000.0,1000.0,1.0,1912.0,76.0,1836.0,0.9602510460251046,1.0,11036.0,,,,,,,,,,,,,,
32_Phoenix_City,ClassicalGreedy,15324,80,160,1608044,3,11.7502784000244,96.25,499.2656223776223,1797.9513846153843,0.9388470575808096,1.85052171750012,32502.275692307703,0.6729860000195913,0.6693795000319369,,,,,,,,,,,,,,,,,,,,0,158,2715.1375,1247.0,4783.0,1948.25,2658.5,3496.75,,,,,,,,,,,,,,,,,,,,,,,,,,0.4503410999896005,651620.0,0.1034549999167211,0.0682790000573732,0.6220750999636948,12511984.0060603,77.0,,,,,,,,,,,,,,,,,,,,,,,,,
32_Phoenix_City,Classical,15324,80,160,1608044,3,11.7502784000244,100.0,556.3471442307692,1797.9513846153843,0.8818161895470518,1.85052171750012,32191.40307692307,314.7304310000036,314.7266187000205,,,,,,,,,,,651780.0,240.0,651780.0,1945250.0,,,,,,0,158,2715.1375,1247.0,4783.0,1948.25,2658.5,3496.75,,,,,,,,,,,,,,,,,,,,,,,,,,,,,,,,,,,,,,,,,,,,0.0,0.0,,,,,,,,,,,,
32_Phoenix_City,Quantum,15324,80,160,1608044,3,11.7502784000244,90.0,528.5073279914529,1784.446769230769,1.2445928074805204,3.099513495329037,38863.58015384616,115.87171489995671,115.71496710000793,0.0704812000039964,0.0265925000421702,0.0438886999618262,,115.71496710000793,0.0013083000085316,0.0690235999645665,0.0027803999837487,0.0097719999612309,115.87171489995671,,,,,,,,0.0,,0,158,2715.1375,1247.0,4783.0,1948.25,2658.5,3496.75,11423.0,22686.0,0.0003477487605797,0.0006954975211595,0.0007004027315706,0.0003502013657853,7.943972686684758,8.0,4.0,50000.0,25000.0,2.0,,,,,,,,,,,,,,,,,,,,,5000.0,25000.0,1000.0,1000.0,1.0,1989.0,72.0,1917.0,0.9638009049773756,1.0,11423.0,,,,,,,,,,,,,,
32_Phoenix_City,ClassicalGreedy,15324,80,160,1608045,4,10.454262299987022,90.625,598.2151320954907,1799.236,0.9283842593375262,1.8319288203176167,29550.93415384615,0.4499438999919221,0.4465924000251107,,,,,,,,,,,,,,,,,,,,0,151,3090.11875,1229.0,4796.0,2218.75,3090.5,3899.25,,,,,,,,,,,,,,,,,,,,,,,,,,0.2614804999902844,564439.0,0.0875915000215172,0.0569842000259086,0.4060562000377103,10718754.967405831,73.0,,,,,,,,,,,,,,,,,,,,,,,,,
32_Phoenix_City,Classical,15324,80,160,1608045,4,10.454262299987022,100.0,674.5658009615385,1797.0812307692313,0.9320698965658804,4.035463624277275,31669.358769230763,608.3102121000411,608.3065839000046,,,,,,,,,,,564599.0,240.0,564599.0,1684635.0,,,,,,0,151,3090.11875,1229.0,4796.0,2218.75,3090.5,3899.25,,,,,,,,,,,,,,,,,,,,,,,,,,,,,,,,,,,,,,,,,,,,0.0,0.0,,,,,,,,,,,,
32_Phoenix_City,Quantum,15324,80,160,1608045,4,10.454262299987022,88.75,589.8479837486457,1788.4444615384614,1.3347206460497911,5.681746616216767,38044.83784615383,112.6800337000168,112.53811119997408,0.0654038999928161,0.0225918999640271,0.042812000028789,,112.53811119997408,0.0013167000142857,0.0595615000347606,0.0024404000141657,0.0098520000465214,112.6800337000168,,,,,,,,0.0,,0,151,3090.11875,1229.0,4796.0,2218.75,3090.5,3899.25,11159.0,22158.0,0.0003559171531909,0.0007118343063818,0.0007169743681663,0.0003584871840831,7.942647190608477,8.0,4.0,50000.0,25000.0,2.0,,,,,,,,,,,,,,,,,,,,,5000.0,25000.0,1000.0,1000.0,1.0,1928.0,73.0,1855.0,0.9621369294605808,1.0,11159.0,,,,,,,,,,,,,,
32_Phoenix_City,ClassicalGreedy,15324,80,160,1608046,5,11.954504299967084,98.125,441.280974032337,1776.0058461538465,1.0996149902989665,10.23888916538098,32040.98676923076,0.6656335999723524,0.6621670000022277,,,,,,,,,,,,,,,,,,,,0,156,2927.825,1216.0,4717.0,2072.25,2921.5,3697.75,,,,,,,,,,,,,,,,,,,,,,,,,,0.4264973000390455,673834.0,0.1076892000273801,0.075984800059814,0.6101713001262397,12972030.797918588,79.0,,,,,,,,,,,,,,,,,,,,,,,,,
32_Phoenix_City,Classical,15324,80,160,1608046,5,11.954504299967084,100.0,513.0719192307693,1788.574461538462,0.9261912700164376,2.127278015759692,30124.600461538463,427.0785289999913,427.0746156999958,,,,,,,,,,,673994.0,240.0,673994.0,2011711.0,,,,,,0,156,2927.825,1216.0,4717.0,2072.25,2921.5,3697.75,,,,,,,,,,,,,,,,,,,,,,,,,,,,,,,,,,,,,,,,,,,,0.0,0.0,,,,,,,,,,,,
32_Phoenix_City,Quantum,15324,80,160,1608046,5,11.954504299967084,91.25,516.2546606954689,1751.966307692308,1.1999984070522,2.34335354265197,35002.658,112.94217530003516,112.79033280001022,0.0692077000276185,0.0256046000286005,0.043603099999018,,112.79033280001022,0.0012769000022672,0.0653744000010192,0.002671799971722,0.0099597999942488,112.94217530003516,,,,,,,,0.0,,0,156,2927.825,1216.0,4717.0,2072.25,2921.5,3697.75,11180.0,22200.0,0.0003552533732667,0.0007105067465335,0.0007156275158779,0.0003578137579389,7.942754919499105,8.0,4.0,50000.0,25000.0,2.0,,,,,,,,,,,,,,,,,,,,,5000.0,25000.0,1000.0,1000.0,1.0,1946.0,73.0,1873.0,0.9624871531346352,1.0,11180.0,,,,,,,,,,,,,,
32_Phoenix_City,ClassicalGreedy,15324,80,160,1608047,6,12.967615200032014,96.25,498.5931278721279,1777.2904615384614,0.9057954009569128,2.672221241714712,33166.32015384614,0.7246432999963872,0.7211977000115439,,,,,,,,,,,,,,,,,,,,0,154,3010.525,1244.0,4782.0,2165.75,2908.5,3886.25,,,,,,,,,,,,,,,,,,,,,,,,,,0.4750643000006675,726808.0,0.1153580999816767,0.0760176999610848,0.6664400999434292,14072456.375280036,77.0,,,,,,,,,,,,,,,,,,,,,,,,,
32_Phoenix_City,Classical,15324,80,160,1608047,6,12.967615200032014,100.0,556.1907326923076,1790.8083076923076,0.8474311111795585,1.621212565335728,32772.167384615386,2663.2203045000206,2663.2167749000364,,,,,,,,,,,726968.0,240.0,726968.0,2170059.0,,,,,,0,154,3010.525,1244.0,4782.0,2165.75,2908.5,3886.25,,,,,,,,,,,,,,,,,,,,,,,,,,,,,,,,,,,,,,,,,,,,0.0,0.0,,,,,,,,,,,,
32_Phoenix_City,Quantum,15324,80,160,1608047,6,12.967615200032014,92.5,483.35260498960497,1786.3664615384614,1.1346115855386163,3.401961974416948,39575.58538461538,113.70010960003128,113.53357840003446,0.0738859999692067,0.0273744000005535,0.0465115999686531,,113.53357840003446,0.0012398000108078,0.0748935000156052,0.0028587999986484,0.0099733000388368,113.70010960003128,,,,,,,,0.0,,0,154,3010.525,1244.0,4782.0,2165.75,2908.5,3886.25,11228.0,22296.0,0.0003537454192459,0.0007074908384918,0.0007125679166295,0.0003562839583147,7.942999643747774,8.0,4.0,50000.0,25000.0,2.0,,,,,,,,,,,,,,,,,,,,,5000.0,25000.0,1000.0,1000.0,1.0,1963.0,74.0,1889.0,0.9623025980641876,1.0,11228.0,,,,,,,,,,,,,,
32_Phoenix_City,ClassicalGreedy,15324,80,160,1608048,7,12.571048900019376,94.375,424.71550789607744,1796.302461538461,1.0196328427356782,4.773552736948153,31535.169384615376,0.5366539999959059,0.5332978999940678,,,,,,,,,,,,,,,,,,,,0,153,3049.075,1211.0,4765.0,2235.75,2979.5,3974.5,,,,,,,,,,,,,,,,,,,,,,,,,,0.2933835999574512,692342.0,0.1104572000331245,0.0746366999810561,0.4784774999716319,13356307.098419884,76.0,,,,,,,,,,,,,,,,,,,,,,,,,
32_Phoenix_City,Classical,15324,80,160,1608048,7,12.571048900019376,100.0,474.1822615384616,1795.668615384615,0.9309178283704682,2.374442001915063,31396.332,1492.4562339000404,1492.4525071000098,,,,,,,,,,,692502.0,240.0,692502.0,2067112.0,,,,,,0,153,3049.075,1211.0,4765.0,2235.75,2979.5,3974.5,,,,,,,,,,,,,,,,,,,,,,,,,,,,,,,,,,,,,,,,,,,,0.0,0.0,,,,,,,,,,,,
32_Phoenix_City,Quantum,15324,80,160,1608048,7,12.571048900019376,93.75,484.7707230769231,1768.3335384615384,1.2005828448645357,2.353464565981416,38290.32430769232,112.00198360002832,111.84106239996618,0.0683592000277713,0.026102100033313,0.0422570999944582,,111.84106239996618,0.001302900025621,0.0748326000175438,0.0028930000262334,0.0098635000176727,112.00198360002832,,,,,,,,0.0,,0,153,3049.075,1211.0,4765.0,2235.75,2979.5,3974.5,11087.0,22014.0,0.0003582119220718,0.0007164238441437,0.0007216308858019,0.0003608154429009,7.942274736177505,8.0,4.0,50000.0,25000.0,2.0,,,,,,,,,,,,,,,,,,,,,5000.0,25000.0,1000.0,1000.0,1.0,1932.0,75.0,1857.0,0.9611801242236024,1.0,11087.0,,,,,,,,,,,,,,
32_Phoenix_City,ClassicalGreedy,15324,80,160,1608049,8,11.206468399963342,93.125,575.356071244192,1797.4993846153848,0.9605408392297128,1.949947079909805,30095.555230769227,0.4835059000179171,0.4801934999995865,,,,,,,,,,,,,,,,,,,,0,152,3022.39375,1205.0,4797.0,2076.0,2931.0,4002.25,,,,,,,,,,,,,,,,,,,,,,,,,,0.2797498999862,610198.0,0.0949607000220567,0.0617324999766424,0.4364430999848991,11657014.759898342,75.0,,,,,,,,,,,,,,,,,,,,,,,,,
32_Phoenix_City,Classical,15324,80,160,1608049,8,11.206468399963342,100.0,610.3774048076923,1776.686153846154,0.9517777435396416,1.892678863548884,32322.89076923076,298.2321879999945,298.2284898000071,,,,,,,,,,,610358.0,240.0,610358.0,1821307.0,,,,,,0,152,3022.39375,1205.0,4797.0,2076.0,2931.0,4002.25,,,,,,,,,,,,,,,,,,,,,,,,,,,,,,,,,,,,,,,,,,,,0.0,0.0,,,,,,,,,,,,
32_Phoenix_City,Quantum,15324,80,160,1608049,8,11.206468399963342,90.0,599.3416164529914,1788.7667692307691,1.2500514283022908,2.6944776095125014,37415.91876923076,113.64101530000336,113.48970969999208,0.0678583999979309,0.0231070999871008,0.0447513000108301,,113.48970969999208,0.0013262999709695,0.0670491000055335,0.0025405999622307,0.0088477000244893,113.64101530000336,,,,,,,,0.0,,0,152,3022.39375,1205.0,4797.0,2076.0,2931.0,4002.25,11276.0,22392.0,0.0003522502121728,0.0007045004243457,0.0007095343680709,0.0003547671840354,7.943242284498049,8.0,4.0,50000.0,25000.0,2.0,,,,,,,,,,,,,,,,,,,,,5000.0,25000.0,1000.0,1000.0,1.0,1958.0,72.0,1886.0,0.9632277834525026,1.0,11276.0,,,,,,,,,,,,,,
32_Phoenix_City,ClassicalGreedy,15324,80,160,1608050,9,12.402852099970914,95.0,508.5800091093118,1778.8458461538462,0.9078734562943278,2.18868176259126,28723.06876923077,0.6831744000082836,0.6798357000225224,,,,,,,,,,,,,,,,,,,,0,153,3039.75,1213.0,4763.0,2164.5,3119.0,3958.25,,,,,,,,,,,,,,,,,,,,,,,,,,0.4412408999633044,688906.0,0.1100463999900966,0.0759732999722473,0.6272605999256484,13284099.533371856,76.0,,,,,,,,,,,,,,,,,,,,,,,,,
32_Phoenix_City,Classical,15324,80,160,1608050,9,12.402852099970914,100.0,462.9541298076923,1753.659076923077,0.8968439656158773,3.044450209391098,29266.902615384624,397.7322166999802,397.7285521000158,,,,,,,,,,,689066.0,240.0,689066.0,2056693.0,,,,,,0,153,3039.75,1213.0,4763.0,2164.5,3119.0,3958.25,,,,,,,,,,,,,,,,,,,,,,,,,,,,,,,,,,,,,,,,,,,,0.0,0.0,,,,,,,,,,,,
32_Phoenix_City,Quantum,15324,80,160,1608050,9,12.402852099970914,92.5,457.93815696465697,1632.3686153846156,1.161403827450658,2.0615915068800086,34268.05199999998,111.7242927000043,111.5649896999821,0.0682550999918021,0.0260549000231549,0.0422001999686472,,111.5649896999821,0.0012732000323012,0.073484200052917,0.0026640999712981,0.0097196999704465,111.7242927000043,,,,,,,,0.0,,0,153,3039.75,1213.0,4763.0,2164.5,3119.0,3958.25,11084.0,22008.0,0.0003583081797452,0.0007166163594905,0.0007218262203374,0.0003609131101687,7.942259112233851,8.0,4.0,50000.0,25000.0,2.0,,,,,,,,,,,,,,,,,,,,,5000.0,25000.0,1000.0,1000.0,1.0,1916.0,74.0,1842.0,0.9613778705636744,1.0,11084.0,,,,,,,,,,,,,,
32_Phoenix_City,ClassicalGreedy,15324,80,160,1608051,10,11.74368139996659,90.625,413.3941909814323,1714.1353846153847,0.9335659524012492,1.9026881344819613,28421.276923076923,0.5029540000250563,0.4996502000140026,,,,,,,,,,,,,,,,,,,,0,156,2936.325,1293.0,4794.0,2132.0,2926.5,3648.25,,,,,,,,,,,,,,,,,,,,,,,,,,0.2872772999689914,632366.0,0.1006417000317014,0.0665574000449851,0.454476400045678,12114118.291058049,73.0,,,,,,,,,,,,,,,,,,,,,,,,,
32_Phoenix_City,Classical,15324,80,160,1608051,10,11.74368139996659,100.0,537.7806076923077,1763.0495384615388,0.9061955117833224,1.8081723450386216,31491.284461538457,320.2099385000183,320.20615740004,,,,,,,,,,,632526.0,240.0,632526.0,1887644.0,,,,,,0,156,2936.325,1293.0,4794.0,2132.0,2926.5,3648.25,,,,,,,,,,,,,,,,,,,,,,,,,,,,,,,,,,,,,,,,,,,,0.0,0.0,,,,,,,,,,,,
32_Phoenix_City,Quantum,15324,80,160,1608051,10,11.74368139996659,95.0,480.0998836032388,1759.262153846154,1.1728945435450626,2.0018483200301382,39724.09076923078,111.97409500001233,111.81828870001482,0.0671888999640941,0.0234539000084623,0.0437349999556317,,111.81828870001482,0.0013471000129356,0.0715625999728217,0.0027129999944008,0.0092527000233531,111.97409500001233,,,,,,,,0.0,,0,156,2936.325,1293.0,4794.0,2132.0,2926.5,3648.25,11135.0,22110.0,0.000356678802511,0.000713357605022,0.0007185198491108,0.0003592599245554,7.9425235743152225,8.0,4.0,50000.0,25000.0,2.0,,,,,,,,,,,,,,,,,,,,,5000.0,25000.0,1000.0,1000.0,1.0,1942.0,76.0,1866.0,0.96086508753862,1.0,11135.0,,,,,,,,,,,,,,
32_Phoenix_City,ClassicalGreedy,15324,90,90,909042,1,4.502580800035503,100.0,548.9388307692308,1793.601846153846,0.9890596930244772,3.4374501992031865,20959.01753846154,0.191940099990461,0.1899281999794766,,,,,,,,,,,,,,,,,,,,0,86,2918.5222222222224,1288.0,4772.0,2059.5,2746.5,3827.75,,,,,,,,,,,,,,,,,,,,,,,,,,0.1279318000306375,202734.0,0.0278117999550886,0.0250952000496909,0.180838800035417,3536547.764892813,45.0,,,,,,,,,,,,,,,,,,,,,,,,,
32_Phoenix_City,Classical,15324,90,90,909042,1,4.502580800035503,100.0,511.1376324786325,1793.601846153846,0.8983321305822599,3.300224928681149,19021.206307692308,34.29672640003264,34.294674000004306,,,,,,,,,,,202824.0,180.0,202824.0,602588.0,,,,,,0,86,2918.5222222222224,1288.0,4772.0,2059.5,2746.5,3827.75,,,,,,,,,,,,,,,,,,,,,,,,,,,,,,,,,,,,,,,,,,,,0.0,0.0,,,,,,,,,,,,
32_Phoenix_City,Quantum,15324,90,90,909042,1,4.502580800035503,97.77777777777776,479.9743688811188,1799.240923076923,1.2180112488026322,3.051439099445304,27251.36984615385,58.62920809997013,58.55022309999913,0.0281679999898187,0.0086038999725133,0.0195641000173054,,58.55022309999913,0.0006642999942414,0.0408900000038556,0.0015608999528922,0.0053710999782197,58.62920809997013,,,,,,,,0.0,,0,86,2918.5222222222224,1288.0,4772.0,2059.5,2746.5,3827.75,5835.0,11580.0,0.0006803482466491,0.0013606964932983,0.0013712718546451,0.0006856359273225,7.938303341902314,8.0,4.0,50000.0,25000.0,2.0,,,,,,,,,,,,,,,,,,,,,5000.0,25000.0,1000.0,1000.0,1.0,1030.0,44.0,986.0,0.9572815533980582,1.0,5835.0,,,,,,,,,,,,,,
32_Phoenix_City,ClassicalGreedy,15324,90,90,909043,2,4.882925599988084,100.0,464.9339076923077,1772.8775384615385,0.9217164971532372,1.483263375125361,19613.420615384617,0.2039279000018723,0.2019513999694027,,,,,,,,,,,,,,,,,,,,0,86,2990.7444444444445,1228.0,4788.0,2152.5,2843.5,3927.25,,,,,,,,,,,,,,,,,,,,,,,,,,0.129920499981381,230886.0,0.0320082000689581,0.0312640000483952,0.1931927000987343,4072744.3420874863,45.0,,,,,,,,,,,,,,,,,,,,,,,,,
32_Phoenix_City,Classical,15324,90,90,909043,2,4.882925599988084,100.0,517.6889128205128,1774.7784615384617,0.8819771647231827,1.654889504795075,17765.743076923078,44.58294829999795,44.58086779998848,,,,,,,,,,,230976.0,180.0,230976.0,686600.0,,,,,,0,86,2990.7444444444445,1228.0,4788.0,2152.5,2843.5,3927.25,,,,,,,,,,,,,,,,,,,,,,,,,,,,,,,,,,,,,,,,,,,,0.0,0.0,,,,,,,,,,,,
32_Phoenix_City,Quantum,15324,90,90,909043,2,4.882925599988084,93.33333333333331,486.947,1793.4264615384614,1.1680776559965609,2.200990005523242,22079.10292307692,59.19402990001254,59.1110385999782,0.0294845000025816,0.0094104000017978,0.0200741000007838,,59.1110385999782,0.0006637999904341,0.0435842999722808,0.0014113000361248,0.0054175000404939,59.19402990001254,,,,,,,,0.0,,0,86,2990.7444444444445,1228.0,4788.0,2152.5,2843.5,3927.25,5874.0,11658.0,0.0006758652283688,0.0013517304567377,0.0013621658436914,0.0006810829218457,7.938712972420838,8.0,4.0,50000.0,25000.0,2.0,,,,,,,,,,,,,,,,,,,,,5000.0,25000.0,1000.0,1000.0,1.0,1031.0,42.0,989.0,0.959262851600388,1.0,5874.0,,,,,,,,,,,,,,
32_Phoenix_City,ClassicalGreedy,15324,90,90,909044,3,4.9478120999992825,100.0,573.5714273504274,1796.2575384615384,0.9712701480708472,1.6404021533233948,16903.929230769234,0.2280423999764025,0.2259578999946825,,,,,,,,,,,,,,,,,,,,0,88,2949.3888888888887,1210.0,4777.0,2099.25,2992.0,3784.5,,,,,,,,,,,,,,,,,,,,,,,,,,0.1488543999730609,232651.0,0.0335553999757394,0.0332104999688454,0.2156202999176457,4106668.231971136,45.0,,,,,,,,,,,,,,,,,,,,,,,,,
32_Phoenix_City,Classical,15324,90,90,909044,3,4.9478120999992825,100.0,610.3555025641025,1796.2575384615384,0.9263949378527604,1.7831386490604366,15645.211230769231,39.02021589997457,39.01817389996722,,,,,,,,,,,232741.0,180.0,232741.0,691893.0,,,,,,0,88,2949.3888888888887,1210.0,4777.0,2099.25,2992.0,3784.5,,,,,,,,,,,,,,,,,,,,,,,,,,,,,,,,,,,,,,,,,,,,0.0,0.0,,,,,,,,,,,,
32_Phoenix_City,Quantum,15324,90,90,909044,3,4.9478120999992825,97.77777777777776,596.1180087412587,1799.420923076923,1.2945966295982492,2.9351480501749285,21272.883846153843,58.29103379999288,58.204862600017805,0.0299482999835163,0.0092085000360384,0.0207397999474778,,58.204862600017805,0.0006821000133641,0.0462755999760702,0.0014851000159978,0.0053764999611303,58.29103379999288,,,,,,,,0.0,,0,88,2949.3888888888887,1210.0,4777.0,2099.25,2992.0,3784.5,5805.0,11520.0,0.0006838373962891,0.0013676747925782,0.0013783597518952,0.0006891798759476,7.937984496124031,8.0,4.0,50000.0,25000.0,2.0,,,,,,,,,,,,,,,,,,,,,5000.0,25000.0,1000.0,1000.0,1.0,1004.0,44.0,960.0,0.9561752988047808,1.0,5805.0,,,,,,,,,,,,,,
32_Phoenix_City,ClassicalGreedy,15324,90,90,909045,4,4.636815400037449,100.0,460.3943333333333,1728.4893846153846,1.0011566798240126,2.374788186655296,19514.454769230768,0.2295642999815754,0.227430600032676,,,,,,,,,,,,,,,,,,,,0,87,2891.8444444444444,1281.0,4735.0,2040.25,2906.5,3642.25,,,,,,,,,,,,,,,,,,,,,,,,,,0.1595807000412605,215653.0,0.0308249999652616,0.0270067000528797,0.217412400059402,3781881.3674951526,45.0,,,,,,,,,,,,,,,,,,,,,,,,,
32_Phoenix_City,Classical,15324,90,90,909045,4,4.636815400037449,100.0,509.48625811965815,1750.9692307692308,0.9809172876916856,2.7390664603525696,17361.474000000002,40.73855030001141,40.73648459999822,,,,,,,,,,,215743.0,180.0,215743.0,641128.0,,,,,,0,87,2891.8444444444444,1281.0,4735.0,2040.25,2906.5,3642.25,,,,,,,,,,,,,,,,,,,,,,,,,,,,,,,,,,,,,,,,,,,,0.0,0.0,,,,,,,,,,,,
32_Phoenix_City,Quantum,15324,90,90,909045,4,4.636815400037449,95.55555555555556,534.9545706618962,1731.9593846153848,1.2959019364569395,3.3048222395451563,23574.923384615387,59.52483680000296,59.44426770001883,0.0277265000040642,0.0088346000411547,0.0188918999629095,,59.44426770001883,0.0006983000203035,0.0420079000177793,0.0017294000135734,0.006001700006891,59.52483680000296,,,,,,,,0.0,,0,87,2891.8444444444444,1281.0,4735.0,2040.25,2906.5,3642.25,5916.0,11742.0,0.0006711029647525,0.001342205929505,0.0013524936601859,0.0006762468300929,7.939148073022312,8.0,4.0,50000.0,25000.0,2.0,,,,,,,,,,,,,,,,,,,,,5000.0,25000.0,1000.0,1000.0,1.0,1030.0,43.0,987.0,0.958252427184466,1.0,5916.0,,,,,,,,,,,,,,
32_Phoenix_City,ClassicalGreedy,15324,90,90,909046,5,5.116439900011756,100.0,489.4000991452991,1783.0280000000002,0.8961621145805495,1.4081514507808306,19905.22553846154,0.1273218999849632,0.1251417000312358,,,,,,,,,,,,,,,,,,,,0,84,2971.4222222222224,1266.0,4746.0,2017.75,2794.0,4006.0,,,,,,,,,,,,,,,,,,,,,,,,,,0.0480475000222213,242774.0,0.0340823999722488,0.0325931000406853,0.1147230000351555,4300578.51360895,45.0,,,,,,,,,,,,,,,,,,,,,,,,,
32_Phoenix_City,Classical,15324,90,90,909046,5,5.116439900011756,100.0,386.8293452991453,1793.0455384615384,0.847521417121673,1.3639240506329111,17981.397538461537,40.10623140004464,40.10407629999099,,,,,,,,,,,242864.0,180.0,242864.0,722053.0,,,,,,0,84,2971.4222222222224,1266.0,4746.0,2017.75,2794.0,4006.0,,,,,,,,,,,,,,,,,,,,,,,,,,,,,,,,,,,,,,,,,,,,0.0,0.0,,,,,,,,,,,,
32_Phoenix_City,Quantum,15324,90,90,909046,5,5.116439900011756,93.33333333333331,404.6410054945055,1731.5636923076927,1.1693838388260638,1.9865512104208976,23763.751846153835,57.78004549996695,57.69415629998548,0.0281934000086039,0.0094711999990977,0.0187222000095061,,57.69415629998548,0.0006578000029549,0.047307200031355,0.001517699973192,0.0056043000076897,57.78004549996695,,,,,,,,0.0,,0,84,2971.4222222222224,1266.0,4746.0,2017.75,2794.0,4006.0,5760.0,11430.0,0.0006891387393644,0.0013782774787289,0.0013891300573016,0.0006945650286508,7.9375,8.0,4.0,50000.0,25000.0,2.0,,,,,,,,,,,,,,,,,,,,,5000.0,25000.0,1000.0,1000.0,1.0,989.0,42.0,947.0,0.9575328614762386,1.0,5760.0,,,,,,,,,,,,,,
32_Phoenix_City,ClassicalGreedy,15324,90,90,909047,6,4.846900900010951,100.0,579.6589111111111,1775.5183076923076,1.075961790850276,4.399446320054018,18422.695384615385,0.2076461000251583,0.2055367000284604,,,,,,,,,,,,,,,,,,,,0,85,3022.3555555555554,1216.0,4755.0,2070.0,3060.0,3888.5,,,,,,,,,,,,,,,,,,,,,,,,,,0.1314543000189587,226711.0,0.0316622999380342,0.0313358000130392,0.1944523999700322,3992652.896749104,45.0,,,,,,,,,,,,,,,,,,,,,,,,,
32_Phoenix_City,Classical,15324,90,90,909047,6,4.846900900010951,100.0,587.536841025641,1796.1329230769234,0.96223975072363,2.226875751757525,16367.469384615386,45.975680299976375,45.973624099977314,,,,,,,,,,,226801.0,180.0,226801.0,674094.0,,,,,,0,85,3022.3555555555554,1216.0,4755.0,2070.0,3060.0,3888.5,,,,,,,,,,,,,,,,,,,,,,,,,,,,,,,,,,,,,,,,,,,,0.0,0.0,,,,,,,,,,,,
32_Phoenix_City,Quantum,15324,90,90,909047,6,4.846900900010951,93.33333333333331,530.6245238095238,1796.1329230769234,1.2787110336869358,2.582127677843128,21104.01723076923,58.27668329997687,58.196098699991126,0.0286351999966427,0.008990200003609,0.0196449999930337,,58.196098699991126,0.0007439000182785,0.041486200003419,0.0014813000452704,0.0056615999783389,58.27668329997687,,,,,,,,0.0,,0,85,3022.3555555555554,1216.0,4755.0,2070.0,3060.0,3888.5,5823.0,11556.0,0.0006817396253723,0.0013634792507447,0.0013740982480247,0.0006870491240123,7.938176197836167,8.0,4.0,50000.0,25000.0,2.0,,,,,,,,,,,,,,,,,,,,,5000.0,25000.0,1000.0,1000.0,1.0,1024.0,42.0,982.0,0.958984375,1.0,5823.0,,,,,,,,,,,,,,
32_Phoenix_City,ClassicalGreedy,15324,90,90,909048,7,4.7177407999988645,100.0,465.7440051282051,1776.4378461538463,0.9568236567746184,2.2083945969758174,20159.14692307692,0.1951189000392332,0.1930189999984577,,,,,,,,,,,,,,,,,,,,0,85,2964.655555555556,1219.0,4760.0,2234.25,2953.0,3607.5,,,,,,,,,,,,,,,,,,,,,,,,,,0.1276907999999821,219077.0,0.0306680000503547,0.0257918999996036,0.1841507000499405,3847401.7144085593,45.0,,,,,,,,,,,,,,,,,,,,,,,,,
32_Phoenix_City,Classical,15324,90,90,909048,7,4.7177407999988645,100.0,484.7002820512821,1776.4378461538463,0.9311425339566676,2.941455293764017,18158.312769230768,37.688935599988326,37.68682430003537,,,,,,,,,,,219167.0,180.0,219167.0,651402.0,,,,,,0,85,2964.655555555556,1219.0,4760.0,2234.25,2953.0,3607.5,,,,,,,,,,,,,,,,,,,,,,,,,,,,,,,,,,,,,,,,,,,,0.0,0.0,,,,,,,,,,,,
32_Phoenix_City,Quantum,15324,90,90,909048,7,4.7177407999988645,95.55555555555556,477.41103577817535,1784.2673846153848,1.2701455592469375,3.2984335153514786,24723.472923076915,58.9687297999626,58.88724979996914,0.0277649000054225,0.0089000999578274,0.018864800047595,,58.88724979996914,0.0006583000067621,0.0433351999963633,0.0017704999772831,0.0056615999783389,58.9687297999626,,,,,,,,0.0,,0,85,2964.655555555556,1219.0,4760.0,2234.25,2953.0,3607.5,5865.0,11640.0,0.0006768945195967,0.0013537890391935,0.0013642564802182,0.0006821282401091,7.938618925831202,8.0,4.0,50000.0,25000.0,2.0,,,,,,,,,,,,,,,,,,,,,5000.0,25000.0,1000.0,1000.0,1.0,1017.0,43.0,974.0,0.9577187807276304,1.0,5865.0,,,,,,,,,,,,,,
32_Phoenix_City,ClassicalGreedy,15324,90,90,909049,8,5.1163915999932215,100.0,416.1151384615384,1771.1393846153846,0.9389305317759108,1.5609823895070094,18281.063999999995,0.2111574999871663,0.2090396999847144,,,,,,,,,,,,,,,,,,,,0,89,2960.1444444444446,1213.0,4755.0,1977.0,2830.5,3958.25,,,,,,,,,,,,,,,,,,,,,,,,,,0.131932999996934,239815.0,0.0345322000212036,0.032918399956543,0.1993835999746807,4244036.401658722,45.0,,,,,,,,,,,,,,,,,,,,,,,,,
32_Phoenix_City,Classical,15324,90,90,909049,8,5.1163915999932215,100.0,388.8358205128205,1749.2399999999998,160.64195633469672,7828.0,16337.411538461538,48.526338000025135,48.5241979000275,,,,,,,,,,,239905.0,180.0,239905.0,713276.0,,,,,,0,89,2960.1444444444446,1213.0,4755.0,1977.0,2830.5,3958.25,,,,,,,,,,,,,,,,,,,,,,,,,,,,,,,,,,,,,,,,,,,,0.0,0.0,,,,,,,,,,,,
32_Phoenix_City,Quantum,15324,90,90,909049,8,5.1163915999932215,95.55555555555556,409.277336314848,1784.8024615384616,1.3284461098635647,4.478971710556083,22641.623384615385,58.72537919995375,58.63919610000448,0.0296875999774783,0.009591799986083,0.0200957999913953,,58.63919610000448,0.0006869999924674,0.0457423999905586,0.0016153999604284,0.0059300999855622,58.72537919995375,,,,,,,,0.0,,0,89,2960.1444444444446,1213.0,4755.0,1977.0,2830.5,3958.25,5874.0,11658.0,0.0006758652283688,0.0013517304567377,0.0013621658436914,0.0006810829218457,7.938712972420838,8.0,4.0,50000.0,25000.0,2.0,,,,,,,,,,,,,,,,,,,,,5000.0,25000.0,1000.0,1000.0,1.0,1021.0,43.0,978.0,0.9578844270323212,1.0,5874.0,,,,,,,,,,,,,,
32_Phoenix_City,ClassicalGreedy,15324,90,90,909050,9,4.961192899965681,100.0,438.67582051282056,1794.114923076923,0.9520290775862814,1.6435728585098237,19724.796461538463,0.2094304999918677,0.2073310000123456,,,,,,,,,,,,,,,,,,,,0,88,3141.788888888889,1236.0,4769.0,2320.25,3115.0,3962.0,,,,,,,,,,,,,,,,,,,,,,,,,,0.1336624999530613,230274.0,0.0324262000503949,0.0312175999279133,0.1973062999313697,4060842.561080144,45.0,,,,,,,,,,,,,,,,,,,,,,,,,
32_Phoenix_City,Classical,15324,90,90,909050,9,4.961192899965681,100.0,463.9522666666666,1794.114923076923,0.8855731931275903,1.7185758821968695,17453.476153846153,45.58756349998293,45.58541260001948,,,,,,,,,,,230364.0,180.0,230364.0,684737.0,,,,,,0,88,3141.788888888889,1236.0,4769.0,2320.25,3115.0,3962.0,,,,,,,,,,,,,,,,,,,,,,,,,,,,,,,,,,,,,,,,,,,,0.0,0.0,,,,,,,,,,,,
32_Phoenix_City,Quantum,15324,90,90,909050,9,4.961192899965681,95.55555555555556,363.1647924865832,1623.3735384615384,1.2769159039004647,6.525959767329133,23726.421230769225,58.8312348999898,58.747680700034834,0.028084400051739,0.0090646000462584,0.0190198000054806,,58.747680700034834,0.0007012999849393,0.044747499981895,0.0016686000162735,0.005963499948848,58.8312348999898,,,,,,,,0.0,,0,88,3141.788888888889,1236.0,4769.0,2320.25,3115.0,3962.0,5868.0,11646.0,0.0006765510743777,0.0013531021487554,0.0013635588886995,0.0006817794443497,7.938650306748467,8.0,4.0,50000.0,25000.0,2.0,,,,,,,,,,,,,,,,,,,,,5000.0,25000.0,1000.0,1000.0,1.0,1019.0,43.0,976.0,0.957801766437684,1.0,5868.0,,,,,,,,,,,,,,
32_Phoenix_City,ClassicalGreedy,15324,90,90,909051,10,4.979110300017055,100.0,452.8964068376069,1759.5796923076923,0.8869629317282194,1.819814372797538,20367.31584615384,0.2046479000127874,0.2026080999639816,,,,,,,,,,,,,,,,,,,,0,87,2951.5444444444443,1284.0,4738.0,1965.75,3090.0,3825.5,,,,,,,,,,,,,,,,,,,,,,,,,,0.1293813000083901,238734.0,0.0338746000197716,0.0298246000311337,0.1930805000592954,4222936.889985743,45.0,,,,,,,,,,,,,,,,,,,,,,,,,
32_Phoenix_City,Classical,15324,90,90,909051,10,4.979110300017055,100.0,428.8072,1759.5796923076923,0.852864617028858,1.735119645649686,18454.19969230769,43.25375440000789,43.25159500003792,,,,,,,,,,,238824.0,180.0,238824.0,709982.0,,,,,,0,87,2951.5444444444443,1284.0,4738.0,1965.75,3090.0,3825.5,,,,,,,,,,,,,,,,,,,,,,,,,,,,,,,,,,,,,,,,,,,,0.0,0.0,,,,,,,,,,,,
32_Phoenix_City,Quantum,15324,90,90,909051,10,4.979110300017055,95.55555555555556,450.0595491949911,1743.8633846153843,1.1689976008199414,1.8498719704335704,24327.301230769222,59.18178659997648,59.09851839998737,0.0284881999832578,0.0095997999887913,0.0188883999944664,,59.09851839998737,0.0008219000301323,0.044022699992638,0.0015779000241309,0.0058549999957904,59.18178659997648,,,,,,,,0.0,,0,87,2951.5444444444443,1284.0,4738.0,1965.75,3090.0,3825.5,5892.0,11694.0,0.0006738160077801,0.0013476320155603,0.0013580037345102,0.0006790018672551,7.9389002036659875,8.0,4.0,50000.0,25000.0,2.0,,,,,,,,,,,,,,,,,,,,,5000.0,25000.0,1000.0,1000.0,1.0,1028.0,43.0,985.0,0.958171206225681,1.0,5892.0,,,,,,,,,,,,,,
32_Phoenix_City,ClassicalGreedy,15324,90,180,1809042,1,17.760695299948566,97.77777777777776,402.76307517482513,1756.922769230769,0.9005071088237006,1.832784516034612,34654.363999999994,1.1389503999962471,1.1349207000457682,,,,,,,,,,,,,,,,,,,,0,172,3020.9,1220.0,4795.0,2013.75,3028.5,4004.0,,,,,,,,,,,,,,,,,,,,,,,,,,0.7557546999887563,1020939.0,0.1687266000080853,0.1242124999989755,1.0486937999958172,20277862.12997246,88.0,,,,,,,,,,,,,,,,,,,,,,,,,
32_Phoenix_City,Classical,15324,90,180,1809042,1,17.760695299948566,100.0,491.5587213675213,1782.9556923076923,0.848429854547247,1.9377844555044288,33447.53753846154,3059.740324500017,3059.736173400015,,,,,,,,,,,1021119.0,270.0,1021119.0,3049821.0,,,,,,0,172,3020.9,1220.0,4795.0,2013.75,3028.5,4004.0,,,,,,,,,,,,,,,,,,,,,,,,,,,,,,,,,,,,,,,,,,,,0.0,0.0,,,,,,,,,,,,
32_Phoenix_City,Quantum,15324,90,180,1809042,1,17.760695299948566,94.44444444444444,449.1653828054298,1791.325230769231,1.1511333448740262,2.1845351189016915,42031.95692307693,127.18459160003113,126.97863879997747,0.0854280000203289,0.0352949000080116,0.0501331000123173,,126.97863879997747,0.0015047999913804,0.1006423999788239,0.0032219000277109,0.0111428000382147,127.18459160003113,,,,,,,,0.0,,0,172,3020.9,1220.0,4795.0,2013.75,3028.5,4004.0,12639.0,25098.0,0.0003142519966702,0.0006285039933405,0.0006330115524608,0.0003165057762304,7.943033467837646,8.0,4.0,50000.0,25000.0,2.0,,,,,,,,,,,,,,,,,,,,,5000.0,25000.0,1000.0,1000.0,1.0,2198.0,85.0,2113.0,0.9613284804367608,1.0,12639.0,,,,,,,,,,,,,,
32_Phoenix_City,ClassicalGreedy,15324,90,180,1809043,2,15.752837800013369,93.33333333333331,555.9623122710623,1790.9919999999995,0.9859408714679416,2.582705530697978,34028.14861538462,0.9205294999992476,0.9168969999882391,,,,,,,,,,,,,,,,,,,,0,171,3013.905555555556,1210.0,4786.0,2050.5,3017.5,3913.25,,,,,,,,,,,,,,,,,,,,,,,,,,0.5873695000191219,889571.0,0.1475227000191807,0.1098685999750159,0.8447608000133187,17487308.000287153,84.0,,,,,,,,,,,,,,,,,,,,,,,,,
32_Phoenix_City,Classical,15324,90,180,1809043,2,16.69423599995207,100.0,568.9681119658119,1788.3984615384616,0.9118427375142152,2.3137110451772727,35130.349999999984,7033.481533000013,7033.476999900013,,,,,,,,,,,889751.0,270.0,889751.0,2656679.0,,,,,,0,171,3013.905555555556,1210.0,4786.0,2050.5,3017.5,3913.25,,,,,,,,,,,,,,,,,,,,,,,,,,,,,,,,,,,,,,,,,,,,0.0,0.0,Optimal,Solution Found,1.0,1.0,7200.0,1.0,35050.36846153845,34902.736,0.0,0.0,7200.0,7018.705357399944
32_Phoenix_City,Quantum,15324,90,180,1809043,2,16.69423599995207,93.33333333333331,557.8312683150183,1774.836923076923,1.1838507939714693,2.5446795836909657,42912.70384615383,130.2818632000126,130.07459999999264,0.0854039000114426,0.0363823000225238,0.0490215999889187,,130.07459999999264,0.0012244000099599,0.0881628000061027,0.0030009999754838,0.0110462000011466,130.2818632000126,,,,,,,,0.0,,0,171,3013.905555555556,1210.0,4786.0,2050.5,3017.5,3913.25,12870.0,25560.0,0.0003086508642495,0.0006173017284991,0.0006216489237703,0.0003108244618851,7.944055944055944,8.0,4.0,50000.0,25000.0,2.0,,,,,,,,,,,,,,,,,,,,,5000.0,25000.0,1000.0,1000.0,1.0,2238.0,84.0,2154.0,0.9624664879356568,1.0,12870.0,,,,,,,,,,,,,,
32_Phoenix_City,ClassicalGreedy,15324,90,180,1809044,3,16.589956799987704,89.44444444444444,449.3569632107023,1670.2941538461537,0.8974428504844691,1.669086146539695,29849.42784615385,0.810806900030002,0.8072176999994554,,,,,,,,,,,,,,,,,,,,0,171,3055.811111111111,1316.0,4796.0,2223.0,2990.5,3998.0,,,,,,,,,,,,,,,,,,,,,,,,,,0.4861031000036746,896193.0,0.146306500013452,0.1008048999938182,0.7332145000109449,17628568.500007056,81.0,,,,,,,,,,,,,,,,,,,,,,,,,
32_Phoenix_City,Classical,15324,90,180,1809044,3,16.589956799987704,100.0,508.3329598290599,1793.647384615385,0.8849862253183753,2.171043389837616,33459.388461538445,568.59702440002,568.5928158999886,,,,,,,,,,,896373.0,270.0,896373.0,2676696.0,,,,,,0,171,3055.811111111111,1316.0,4796.0,2223.0,2990.5,3998.0,,,,,,,,,,,,,,,,,,,,,,,,,,,,,,,,,,,,,,,,,,,,0.0,0.0,Optimal,Optimal Solution Found,1.0,1.0,7200.0,0.0,33459.388461538445,33403.584,0.0,0.0,7200.0,553.6215241999598
32_Phoenix_City,Quantum,15324,90,180,1809044,3,16.589956799987704,92.22222222222224,521.515516218721,1794.2498461538462,1.1446442429100605,3.0075189787727865,38160.9506153846,126.96788309997646,126.78480319998926,0.0760505000362172,0.0283783000195398,0.0476722000166773,,126.78480319998926,0.0013226000010035,0.0878869000007398,0.002908699971158,0.0108562999521382,126.96788309997646,,,,,,,,0.0,,0,171,3055.811111111111,1316.0,4796.0,2223.0,2990.5,3998.0,12537.0,24894.0,0.0003167904432363,0.0006335808864726,0.0006381620931716,0.0003190810465858,7.942569992821249,8.0,4.0,50000.0,25000.0,2.0,,,,,,,,,,,,,,,,,,,,,5000.0,25000.0,1000.0,1000.0,1.0,2173.0,83.0,2090.0,0.9618039576622182,1.0,12537.0,,,,,,,,,,,,,,
32_Phoenix_City,ClassicalGreedy,15324,90,180,1809045,4,16.411235900013708,91.66666666666669,466.425834965035,1791.0003076923076,1.0342351815407058,10.776006843217008,30035.18446153845,0.8444572999724187,0.8407036999706179,,,,,,,,,,,,,,,,,,,,0,172,2831.055555555556,1234.0,4779.0,1972.25,2709.0,3766.5,,,,,,,,,,,,,,,,,,,,,,,,,,0.5164732999983244,890049.0,0.1470160000026226,0.1038033999502658,0.7672926999512129,17498485.043568548,83.0,,,,,,,,,,,,,,,,,,,,,,,,,
32_Phoenix_City,Classical,15324,90,180,1809045,4,16.411235900013708,100.0,553.9694991452991,1791.0003076923076,1.0028162602577473,10.776006843217008,32864.95415384616,378.698028600018,378.69389350002166,,,,,,,,,,,890229.0,270.0,890229.0,2658283.0,,,,,,0,172,2831.055555555556,1234.0,4779.0,1972.25,2709.0,3766.5,,,,,,,,,,,,,,,,,,,,,,,,,,,,,,,,,,,,,,,,,,,,0.0,0.0,Optimal,Optimal Solution Found,1.0,1.0,7200.0,0.0,32864.95415384616,32829.777,0.0,0.0,7200.0,363.906523200043
32_Phoenix_City,Quantum,15324,90,180,1809045,4,16.411235900013708,92.22222222222224,620.60609360519,1786.0003076923076,1.206676861639396,3.630622997055538,39082.54446153845,128.74146679998375,128.55924999999115,0.0752600000123493,0.0296972999931313,0.045562700019218,,128.55924999999115,0.0013040999765507,0.0877935999887995,0.0030925999744795,0.0108174000051803,128.74146679998375,,,,,,,,0.0,,0,172,2831.055555555556,1234.0,4779.0,1972.25,2709.0,3766.5,12741.0,25302.0,0.0003117539058875,0.0006235078117751,0.0006279434850863,0.0003139717425431,7.943489522015541,8.0,4.0,50000.0,25000.0,2.0,,,,,,,,,,,,,,,,,,,,,5000.0,25000.0,1000.0,1000.0,1.0,2199.0,83.0,2116.0,0.9622555707139608,1.0,12741.0,,,,,,,,,,,,,,
32_Phoenix_City,ClassicalGreedy,15324,90,180,1809046,5,15.595689999987371,91.66666666666669,587.4593631701631,1774.4104615384613,0.9649094301231166,2.0685249640121985,32951.519230769234,0.7990822999854572,0.7954594999901019,,,,,,,,,,,,,,,,,,,,0,175,3068.4,1227.0,4752.0,2179.5,3060.0,4110.0,,,,,,,,,,,,,,,,,,,,,,,,,,0.4977475999621674,845976.0,0.1370644999551586,0.0932854000129737,0.7280974999302998,16568555.495097078,83.0,,,,,,,,,,,,,,,,,,,,,,,,,
32_Phoenix_City,Classical,15324,90,180,1809046,5,15.595689999987371,100.0,605.3930076923077,1795.4913846153845,0.9154667203169572,2.285684602655149,35844.554000000004,7046.412400499976,7046.407803599956,,,,,,,,,,,846156.0,270.0,846156.0,2526423.0,,,,,,0,175,3068.4,1227.0,4752.0,2179.5,3060.0,4110.0,,,,,,,,,,,,,,,,,,,,,,,,,,,,,,,,,,,,,,,,,,,,0.0,0.0,Optimal,Solution Found,1.0,1.0,7200.0,1.0,35785.39861538462,35778.649,0.0,0.0,7200.0,7032.203961299965
32_Phoenix_City,Quantum,15324,90,180,1809046,5,15.595689999987371,91.11111111111111,596.7658789868668,1797.9618461538462,1.2670910669042008,5.329857411789847,42012.68830769229,129.60903769999277,129.42234140000073,0.0845236000022851,0.0351948000025004,0.0493287999997846,,129.42234140000073,0.0013743999879807,0.0832884999690577,0.0028840000159107,0.0104970000102184,129.60903769999277,,,,,,,,0.0,,0,175,3068.4,1227.0,4752.0,2179.5,3060.0,4110.0,12852.0,25524.0,0.0003090801334929,0.0006181602669859,0.0006225196482763,0.0003112598241381,7.943977591036415,8.0,4.0,50000.0,25000.0,2.0,,,,,,,,,,,,,,,,,,,,,5000.0,25000.0,1000.0,1000.0,1.0,2232.0,82.0,2150.0,0.9632616487455196,1.0,12852.0,,,,,,,,,,,,,,
32_Phoenix_City,ClassicalGreedy,15324,90,180,1809047,6,17.364631499978714,91.66666666666669,409.1191468531469,1681.1132307692303,0.9256239332183914,2.111124764021849,30483.12292307692,0.9637815000023692,0.9598983000032604,,,,,,,,,,,,,,,,,,,,0,175,3134.9166666666665,1215.0,4787.0,2307.25,3158.0,4011.0,,,,,,,,,,,,,,,,,,,,,,,,,,0.5909020000253804,947179.0,0.161094399925787,0.1209263000055216,0.872922699956689,18708660.41558113,83.0,,,,,,,,,,,,,,,,,,,,,,,,,
32_Phoenix_City,Classical,15324,90,180,1809047,6,17.364631499978714,100.0,541.2928170940171,1786.246153846154,0.8917287186565783,2.673068881845555,34284.93261538461,435.669196599978,435.66499790002126,,,,,,,,,,,947359.0,270.0,947359.0,2829219.0,,,,,,0,175,3134.9166666666665,1215.0,4787.0,2307.25,3158.0,4011.0,,,,,,,,,,,,,,,,,,,,,,,,,,,,,,,,,,,,,,,,,,,,0.0,0.0,Optimal,Optimal Solution Found,1.0,1.0,7200.0,0.0,34284.93261538461,34267.572,0.0,0.0,7200.0,419.4552750000148
32_Phoenix_City,Quantum,15324,90,180,1809047,6,17.364631499978714,93.33333333333331,529.3137353479854,1710.0809230769232,1.1461892458663674,2.483252366333496,39853.89446153847,129.3086786000058,129.11952839995502,0.0781878000125289,0.0325577000039629,0.0456301000085659,,129.11952839995502,0.0012122000334784,0.0913804000010714,0.0029731999966315,0.0108881000196561,129.3086786000058,,,,,,,,0.0,,0,175,3134.9166666666665,1215.0,4787.0,2307.25,3158.0,4011.0,12780.0,25380.0,0.0003108092171465,0.000621618434293,0.000626027075671,0.0003130135378355,7.943661971830986,8.0,4.0,50000.0,25000.0,2.0,,,,,,,,,,,,,,,,,,,,,5000.0,25000.0,1000.0,1000.0,1.0,2211.0,84.0,2127.0,0.9620081411126188,1.0,12780.0,,,,,,,,,,,,,,
32_Phoenix_City,ClassicalGreedy,15324,90,180,1809048,7,15.5226220000186,92.77777777777776,608.3998931368034,1799.2276923076925,0.9476524186734038,3.0456292026897214,33207.89184615384,0.9112298000254668,0.9074477999820374,,,,,,,,,,,,,,,,,,,,0,172,3055.8888888888887,1206.0,4796.0,2136.5,3046.0,4006.5,,,,,,,,,,,,,,,,,,,,,,,,,,0.5783279000315815,845592.0,0.1463088999735191,0.1089362000348046,0.8335730000399053,16559839.32760145,84.0,,,,,,,,,,,,,,,,,,,,,,,,,
32_Phoenix_City,Classical,15324,90,180,1809048,7,15.5226220000186,100.0,651.8880854700856,1786.9547692307692,0.9138946532095604,2.4766202714043675,35758.06461538461,426.9338189000264,426.92970040004,,,,,,,,,,,845772.0,270.0,845772.0,2525172.0,,,,,,0,172,3055.8888888888887,1206.0,4796.0,2136.5,3046.0,4006.5,,,,,,,,,,,,,,,,,,,,,,,,,,,,,,,,,,,,,,,,,,,,0.0,0.0,Optimal,Optimal Solution Found,1.0,1.0,7200.0,0.0,35705.72369230769,35680.51,0.0,0.0,7200.0,412.5813643999864
32_Phoenix_City,Quantum,15324,90,180,1809048,7,15.5226220000186,93.33333333333331,591.1387930402931,1786.9550769230768,1.1886621693514083,3.223255736524604,42675.88923076922,126.73655739997048,126.5556108999881,0.0758285999763757,0.0290599999716505,0.0467686000047251,,126.5556108999881,0.0013987999991513,0.0861421999870799,0.0030973000102676,0.0102789999800734,126.73655739997048,,,,,,,,0.0,,0,172,3055.8888888888887,1206.0,4796.0,2136.5,3046.0,4006.5,12606.0,25032.0,0.0003150687957473,0.0006301375914946,0.0006346687822292,0.0003173343911146,7.9428843407900995,8.0,4.0,50000.0,25000.0,2.0,,,,,,,,,,,,,,,,,,,,,5000.0,25000.0,1000.0,1000.0,1.0,2195.0,84.0,2111.0,0.9617312072892938,1.0,12606.0,,,,,,,,,,,,,,
32_Phoenix_City,ClassicalGreedy,15324,90,180,1809049,8,16.90805139997974,91.66666666666669,516.0325407925408,1794.104307692308,0.8302086989629316,1.542587067095292,30506.829692307685,0.8945655000279658,0.8908268000232056,,,,,,,,,,,,,,,,,,,,0,175,2999.1833333333334,1215.0,4784.0,2021.75,2891.5,4054.5,,,,,,,,,,,,,,,,,,,,,,,,,,0.5538507999735884,932743.0,0.1536143000121228,0.1039871999528259,0.8114522999385372,18402813.26386018,83.0,,,,,,,,,,,,,,,,,,,,,,,,,
32_Phoenix_City,Classical,15324,90,180,1809049,8,16.90805139997974,100.0,611.5792273504273,1774.9489230769232,0.7981329093840317,1.5071326132205858,33755.782,836.0171653000289,836.012964900001,,,,,,,,,,,932923.0,270.0,932923.0,2786095.0,,,,,,0,175,2999.1833333333334,1215.0,4784.0,2021.75,2891.5,4054.5,,,,,,,,,,,,,,,,,,,,,,,,,,,,,,,,,,,,,,,,,,,,0.0,0.0,Optimal,Optimal Solution Found,1.0,1.0,7200.0,0.0,33755.782,33724.935,0.0,0.0,7200.0,820.1299988999963
32_Phoenix_City,Quantum,15324,90,180,1809049,8,16.90805139997974,93.33333333333331,557.751293956044,1786.5898461538463,1.0359660230283283,1.9056138609755369,40040.365384615376,124.71278569998684,124.51832150004338,0.0811550000216811,0.0347296000109054,0.0464254000107757,,124.51832150004338,0.0013082000077702,0.0935887999949045,0.0033880000119097,0.0105189000023528,124.71278569998684,,,,,,,,0.0,,0,175,2999.1833333333334,1215.0,4784.0,2021.75,2891.5,4054.5,12351.0,24522.0,0.000321526523283,0.000643053046566,0.0006477732793522,0.0003238866396761,7.941705125091086,8.0,4.0,50000.0,25000.0,2.0,,,,,,,,,,,,,,,,,,,,,5000.0,25000.0,1000.0,1000.0,1.0,2162.0,84.0,2078.0,0.9611470860314524,1.0,12351.0,,,,,,,,,,,,,,
32_Phoenix_City,ClassicalGreedy,15324,90,180,1809050,9,16.017607400019187,92.22222222222224,504.4422780352178,1780.7655384615382,0.9265903120524094,1.834632209035331,33103.768615384615,0.8485497999936342,0.844885999977123,,,,,,,,,,,,,,,,,,,,0,176,3044.705555555556,1210.0,4797.0,2123.0,3045.0,4011.5,,,,,,,,,,,,,,,,,,,,,,,,,,0.5288872999954037,893692.0,0.1447979999938979,0.1010681000188924,0.7747534000081941,17575103.085963566,83.0,,,,,,,,,,,,,,,,,,,,,,,,,
32_Phoenix_City,Classical,15324,90,180,1809050,9,16.017607400019187,100.0,602.6441034188034,1781.1929230769229,0.908838871581918,2.668724154087474,35162.63892307693,396.3340417,396.3297588999849,,,,,,,,,,,893872.0,270.0,893872.0,2669119.0,,,,,,0,176,3044.705555555556,1210.0,4797.0,2123.0,3045.0,4011.5,,,,,,,,,,,,,,,,,,,,,,,,,,,,,,,,,,,,,,,,,,,,0.0,0.0,Optimal,Optimal Solution Found,1.0,1.0,7200.0,0.0,35162.63892307693,35135.44,0.0,0.0,7200.0,381.2093397999997
32_Phoenix_City,Quantum,15324,90,180,1809050,9,16.017607400019187,91.11111111111111,517.8408977485929,1796.4406153846153,1.203894944359419,2.074385388212417,41467.34015384617,128.5516026999685,128.36970559996553,0.0779482999932952,0.0317213999805972,0.046226900012698,,128.36970559996553,0.0015828000032342,0.084440300008282,0.0030196000006981,0.0107497999561019,128.5516026999685,,,,,,,,0.0,,0,176,3044.705555555556,1210.0,4797.0,2123.0,3045.0,4011.5,12750.0,25320.0,0.0003115353914724,0.0006230707829449,0.0006275001960938,0.0003137500980469,7.943529411764706,8.0,4.0,50000.0,25000.0,2.0,,,,,,,,,,,,,,,,,,,,,5000.0,25000.0,1000.0,1000.0,1.0,2230.0,82.0,2148.0,0.9632286995515696,1.0,12750.0,,,,,,,,,,,,,,
32_Phoenix_City,ClassicalGreedy,15324,90,180,1809051,10,16.897810200054664,96.11111111111111,553.0733401511783,1795.664923076923,0.9202326065262602,1.7927404444973398,40316.80446153847,0.9146248999750242,0.9108388999593444,,,,,,,,,,,,,,,,,,,,0,176,3009.5055555555555,1209.0,4790.0,2206.0,2938.5,3972.5,,,,,,,,,,,,,,,,,,,,,,,,,,0.5642305000219494,956311.0,0.1564430999569594,0.1149431000230833,0.8356167000019923,18902121.00042805,87.0,,,,,,,,,,,,,,,,,,,,,,,,,
32_Phoenix_City,Classical,15324,90,180,1809051,10,16.897810200054664,100.0,552.8754675213676,1775.730461538462,0.905635924475057,1.7991368100705492,39606.866,7033.871868499962,7033.867488199961,,,,,,,,,,,956491.0,270.0,956491.0,2856470.0,,,,,,0,176,3009.5055555555555,1209.0,4790.0,2206.0,2938.5,3972.5,,,,,,,,,,,,,,,,,,,,,,,,,,,,,,,,,,,,,,,,,,,,0.0,0.0,Optimal,Solution Found,1.0,1.0,7200.0,1.0,39606.866,39551.119,0.0,0.0,7200.0,7017.577443499991
32_Phoenix_City,Quantum,15324,90,180,1809051,10,16.897810200054664,92.22222222222223,556.3965032437442,1768.2904615384614,1.1568831714196828,2.285583310145052,46535.23015384616,130.91020680003567,130.72021920001134,0.08247080002911389,0.034863000037148595,0.047607799991965294,,130.72021920001134,0.001395600032992661,0.0881773000000976,0.0029185000457800925,0.01075210003182292,130.91020680003567,,,,,,,,0.0,,0,176,3009.5055555555555,1209.0,4790.0,2206.0,2938.5,3972.5,12921.0,25662.0,0.0003074410510357895,0.0006148821020715791,0.0006191950464396285,0.00030959752321981426,7.9442767587648015,8.0,4.0,50000.0,25000.0,2.0,,,,,,,,,,,,,,,,,,,,,5000.0,25000.0,1000.0,1000.0,1.0,2245.0,83.0,2162.0,0.9630289532293986,1.0,12921.0,,,,,,,,,,,,,,
