seed,trial,num_vehicles,num_requests,real_quantum_hardware,request_id,served,slack,detour_factor
50542,1,5,5,0,1,1,4561.0,1.5115935168028318
50542,1,5,5,0,2,1,1316.0,1.1916385882417806
50542,1,5,5,0,3,1,1850.0,1.9461438941877318
50542,1,5,5,0,4,1,4585.0,1.5115935168028318
50542,1,5,5,0,5,1,1897.0,1.9461438941877318
50543,2,5,5,0,1,0,4471.0,
50543,2,5,5,0,2,1,4275.0,1.0813980916779655
50543,2,5,5,0,3,1,1405.0,1.6352320597824093
50543,2,5,5,0,4,1,3150.0,1.6352320597824093
50543,2,5,5,0,5,1,3342.0,1.0813980916779655
50544,3,5,5,0,1,1,4482.0,3.0703540545548953
50544,3,5,5,0,2,1,3680.0,1.7643414565391227
50544,3,5,5,0,3,1,1368.0,4.483146382370393
50544,3,5,5,0,4,1,3070.0,1.7776796409784554
50544,3,5,5,0,5,1,3357.0,3.0703540545548953
50545,4,5,5,0,1,1,2187.0,1.2644833006696063
50545,4,5,5,0,2,1,3262.0,8.189263088665182
50545,4,5,5,0,3,1,1890.0,3.1937620735666052
50545,4,5,5,0,4,1,2271.0,8.189263088665182
50545,4,5,5,0,5,1,1341.0,3.799968854261538
50546,5,5,5,0,1,0,4647.0,
50546,5,5,5,0,2,0,3596.0,
50546,5,5,5,0,3,1,1826.0,1.3673706536283212
50546,5,5,5,0,4,0,2038.0,
50546,5,5,5,0,5,1,3226.0,2.50502148245655
50547,6,5,5,0,1,1,3043.0,1.824540720187044
50547,6,5,5,0,2,1,4486.0,1.7596012036061626
50547,6,5,5,0,3,1,3905.0,1.1174091658032956
50547,6,5,5,0,4,1,3014.0,1.824540720187044
50547,6,5,5,0,5,1,4256.0,1.7596012036061626
50548,7,5,5,0,1,1,4291.0,1.6366461822058198
50548,7,5,5,0,2,1,2720.0,1.4820383131563075
50548,7,5,5,0,3,0,4555.0,
50548,7,5,5,0,4,1,3628.0,1.6366461822058198
50548,7,5,5,0,5,1,2528.0,1.4820383131563075
50549,8,5,5,0,1,0,1261.0,
50549,8,5,5,0,2,0,2571.0,
50549,8,5,5,0,3,0,1442.0,
50549,8,5,5,0,4,1,3224.0,4.6659798338246095
50549,8,5,5,0,5,0,3606.0,
50550,9,5,5,0,1,1,1502.0,2.024160779103831
50550,9,5,5,0,2,1,3704.0,1.7425997264600888
50550,9,5,5,0,3,1,1819.0,1.8798733570440576
50550,9,5,5,0,4,1,1659.0,1.8798733570440576
50550,9,5,5,0,5,1,3702.0,1.7425997264600888
50551,10,5,5,0,1,1,3779.0,1.939447427571128
50551,10,5,5,0,2,1,3810.0,2.4421158828789578
50551,10,5,5,0,3,1,2386.0,1.1527345715463349
50551,10,5,5,0,4,1,4426.0,1.939447427571128
50551,10,5,5,0,5,1,3313.0,1.1527345715463349
100542,1,5,10,0,1,0,2313.0,
100542,1,5,10,0,2,1,2554.0,1.2869107186478297
100542,1,5,10,0,3,1,3111.0,2.128253434114971
100542,1,5,10,0,4,1,2021.0,1.2331535557853692
100542,1,5,10,0,5,1,1494.0,1.3835790769525929
100542,1,5,10,0,6,1,3382.0,2.128253434114971
100542,1,5,10,0,7,1,3557.0,1.2869107186478297
100542,1,5,10,0,8,1,2299.0,2.8507510386705017
100542,1,5,10,0,9,1,1568.0,1.3835790769525929
100542,1,5,10,0,10,1,1923.0,1.2331535557853692
100543,2,5,10,0,1,0,2202.0,
100543,2,5,10,0,2,1,1219.0,1.3807113152481099
100543,2,5,10,0,3,1,1294.0,2.43678297435994
100543,2,5,10,0,4,1,1273.0,1.5793630102761302
100543,2,5,10,0,5,1,2253.0,2.43678297435994
100543,2,5,10,0,6,1,2777.0,1.5793630102761302
100543,2,5,10,0,7,1,1618.0,1.3807113152481099
100543,2,5,10,0,8,1,3707.0,1.9456594204521378
100543,2,5,10,0,9,1,4280.0,1.2349285163351882
100543,2,5,10,0,10,0,4783.0,
100544,3,5,10,0,1,1,2258.0,1.4134848675147467
100544,3,5,10,0,2,1,3726.0,1.6046814850005031
100544,3,5,10,0,3,1,1351.0,4.090426035594811
100544,3,5,10,0,4,0,1562.0,
100544,3,5,10,0,5,1,3105.0,2.086016947248431
100544,3,5,10,0,6,1,3896.0,1.4134848675147467
100544,3,5,10,0,7,1,1924.0,2.086016947248431
100544,3,5,10,0,8,0,2735.0,
100544,3,5,10,0,9,1,4494.0,1.4422658757519575
100544,3,5,10,0,10,0,2706.0,
100545,4,5,10,0,1,1,2442.0,1.1883179681317257
100545,4,5,10,0,2,0,2411.0,
100545,4,5,10,0,3,1,3093.0,1.4036479003224946
100545,4,5,10,0,4,1,1248.0,2.9010888805449766
100545,4,5,10,0,5,1,3133.0,1.4036479003224946
100545,4,5,10,0,6,1,2479.0,1.1883179681317257
100545,4,5,10,0,7,0,3760.0,
100545,4,5,10,0,8,0,4459.0,
100545,4,5,10,0,9,1,2685.0,3.091281421184661
100545,4,5,10,0,10,0,1662.0,
100546,5,5,10,0,1,1,4508.0,1.2670977410474
100546,5,5,10,0,2,1,2688.0,1.17658888214224
100546,5,5,10,0,3,1,4163.0,1.2505621996332363
100546,5,5,10,0,4,1,2485.0,2.0813586131510142
100546,5,5,10,0,5,1,2164.0,1.2505621996332363
100546,5,5,10,0,6,0,3160.0,
100546,5,5,10,0,7,1,2006.0,1.17658888214224
100546,5,5,10,0,8,0,2886.0,
100546,5,5,10,0,9,1,3241.0,2.0813586131510142
100546,5,5,10,0,10,1,4326.0,1.2670977410474
100547,6,5,10,0,1,1,4123.0,1.5293000764943716
100547,6,5,10,0,2,1,2114.0,1.2369368507760605
100547,6,5,10,0,3,0,1283.0,
100547,6,5,10,0,4,1,2875.0,1.5457000524577835
100547,6,5,10,0,5,1,4072.0,1.2620939259647976
100547,6,5,10,0,6,0,1303.0,
100547,6,5,10,0,7,0,2511.0,
100547,6,5,10,0,8,1,2824.0,1.1212681101463549
100547,6,5,10,0,9,1,3221.0,1.5457000524577835
100547,6,5,10,0,10,0,1362.0,
100548,7,5,10,0,1,1,3767.0,2.690787673705161
100548,7,5,10,0,2,1,3832.0,1.5582506941490348
100548,7,5,10,0,3,1,1475.0,2.2498945907769468
100548,7,5,10,0,4,1,3550.0,1.748405346072796
100548,7,5,10,0,5,0,2885.0,
100548,7,5,10,0,6,1,3826.0,2.2498945907769468
100548,7,5,10,0,7,1,1768.0,1.5582506941490348
100548,7,5,10,0,8,1,1710.0,2.4664237930225736
100548,7,5,10,0,9,1,3188.0,1.748405346072796
100548,7,5,10,0,10,1,3575.0,2.690787673705161
100549,8,5,10,0,1,1,4058.0,1.0139273371086974
100549,8,5,10,0,2,1,4773.0,1.4141731864860319
100549,8,5,10,0,3,1,4501.0,2.346216167556864
100549,8,5,10,0,4,1,2454.0,2.5437924072419156
100549,8,5,10,0,5,1,4107.0,1.0139273371086974
100549,8,5,10,0,6,1,4400.0,2.346216167556864
100549,8,5,10,0,7,1,4106.0,1.4141731864860319
100549,8,5,10,0,8,0,4364.0,
100549,8,5,10,0,9,0,3335.0,
100549,8,5,10,0,10,1,1673.0,2.5437924072419156
100550,9,5,10,0,1,0,4174.0,
100550,9,5,10,0,2,1,2420.0,1.6994602997145913
100550,9,5,10,0,3,1,3123.0,17.695296883576887
100550,9,5,10,0,4,1,3660.0,1.6100127837830274
100550,9,5,10,0,5,1,2392.0,1.4091433656855066
100550,9,5,10,0,6,0,2736.0,
100550,9,5,10,0,7,1,3593.0,1.6994602997145913
100550,9,5,10,0,8,1,2195.0,1.4091433656855066
100550,9,5,10,0,9,1,3115.0,3.81428698071232
100550,9,5,10,0,10,1,2194.0,1.6100127837830274
100551,10,5,10,0,1,1,2589.0,2.8163086619347553
100551,10,5,10,0,2,1,3555.0,1.5015567977178916
100551,10,5,10,0,3,0,1991.0,
100551,10,5,10,0,4,1,3423.0,3.1882658088576425
100551,10,5,10,0,5,1,2081.0,3.1882658088576425
100551,10,5,10,0,6,0,3571.0,
100551,10,5,10,0,7,1,3435.0,1.1069113866145566
100551,10,5,10,0,8,1,3956.0,5.866924260781296
100551,10,5,10,0,9,1,4774.0,1.5015567977178916
100551,10,5,10,0,10,1,3821.0,2.8163086619347553
101042,1,10,10,0,1,1,3537.0,2.1676185094197007
101042,1,10,10,0,2,1,3954.0,0.9196900101909905
101042,1,10,10,0,3,1,1443.0,2.1676185094197007
101042,1,10,10,0,4,1,4403.0,1.2889725355535062
101042,1,10,10,0,5,1,1805.0,1.6244910422842094
101042,1,10,10,0,6,1,2116.0,1.6244910422842094
101042,1,10,10,0,7,1,2797.0,0.9196900101909905
101042,1,10,10,0,8,0,1234.0,
101042,1,10,10,0,9,1,1513.0,1.008830458118468
101042,1,10,10,0,10,1,2071.0,1.2889725355535062
101043,2,10,10,0,1,1,2554.0,2.448772499233121
101043,2,10,10,0,2,1,4741.0,1.955198622112294
101043,2,10,10,0,3,1,4274.0,1.8628920656345656
101043,2,10,10,0,4,1,2962.0,1.4247026520521642
101043,2,10,10,0,5,1,4021.0,1.4247026520521642
101043,2,10,10,0,6,1,3702.0,1.8628920656345656
101043,2,10,10,0,7,1,4090.0,1.131300968599927
101043,2,10,10,0,8,1,1437.0,1.955198622112294
101043,2,10,10,0,9,1,2679.0,1.935705351138186
101043,2,10,10,0,10,1,1842.0,4.82536597469192
101044,3,10,10,0,1,1,1705.0,1.438031721715244
101044,3,10,10,0,2,1,4009.0,2.156105652788291
101044,3,10,10,0,3,1,1409.0,2.0063283549547584
101044,3,10,10,0,4,1,4540.0,2.2307705688576096
101044,3,10,10,0,5,1,2324.0,1.4503304128872079
101044,3,10,10,0,6,1,4579.0,2.0063283549547584
101044,3,10,10,0,7,1,4415.0,1.4503304128872079
101044,3,10,10,0,8,1,1300.0,2.156105652788291
101044,3,10,10,0,9,1,2631.0,1.808027928335281
101044,3,10,10,0,10,1,4047.0,2.2307705688576096
101045,4,10,10,0,1,1,3663.0,1.5870263782144975
101045,4,10,10,0,2,1,4319.0,1.0926415240640117
101045,4,10,10,0,3,1,1555.0,2.086285730113575
101045,4,10,10,0,4,1,1509.0,1.634093160155888
101045,4,10,10,0,5,1,3228.0,1.634093160155888
101045,4,10,10,0,6,1,3462.0,2.086285730113575
101045,4,10,10,0,7,1,1676.0,1.5870263782144975
101045,4,10,10,0,8,1,1231.0,1.4624828744129879
101045,4,10,10,0,9,0,4312.0,
101045,4,10,10,0,10,1,3496.0,1.4624828744129879
101046,5,10,10,0,1,1,3657.0,1.2625075026111456
101046,5,10,10,0,2,1,1298.0,1.11769839694965
101046,5,10,10,0,3,1,2237.0,1.0042559334973595
101046,5,10,10,0,4,1,2339.0,1.608229650138277
101046,5,10,10,0,5,1,1355.0,1.608229650138277
101046,5,10,10,0,6,1,1326.0,1.0042559334973595
101046,5,10,10,0,7,1,3913.0,1.11769839694965
101046,5,10,10,0,8,1,1985.0,1.1384615263662303
101046,5,10,10,0,9,1,2384.0,1.2625075026111456
101046,5,10,10,0,10,1,2089.0,1.1384615263662303
101047,6,10,10,0,1,1,1225.0,1.0885401848324894
101047,6,10,10,0,2,1,4566.0,1.859039172234151
101047,6,10,10,0,3,1,1209.0,1.5007537962462019
101047,6,10,10,0,4,1,2583.0,0.9767451859773042
101047,6,10,10,0,5,1,3254.0,1.4027598704872781
101047,6,10,10,0,6,1,4230.0,1.5007537962462019
101047,6,10,10,0,7,1,2361.0,1.3625096543970283
101047,6,10,10,0,8,1,4424.0,1.859039172234151
101047,6,10,10,0,9,1,2280.0,1.4027598704872781
101047,6,10,10,0,10,1,4268.0,0.9767451859773042
101048,7,10,10,0,1,1,3477.0,1.4701568917535814
101048,7,10,10,0,2,1,1737.0,1.3501192372792021
101048,7,10,10,0,3,1,2300.0,1.4503254113538333
101048,7,10,10,0,4,1,1556.0,1.3145312549780934
101048,7,10,10,0,5,1,4125.0,1.4503254113538333
101048,7,10,10,0,6,1,2372.0,1.2805364400106052
101048,7,10,10,0,7,1,1789.0,1.3501192372792021
101048,7,10,10,0,8,1,1598.0,1.000000703882829
101048,7,10,10,0,9,1,4004.0,1.2805364400106052
101048,7,10,10,0,10,0,4073.0,
101049,8,10,10,0,1,1,3367.0,1.2569917399393409
101049,8,10,10,0,2,1,4047.0,1.6188261861318827
101049,8,10,10,0,3,1,2542.0,2.155827085842999
101049,8,10,10,0,4,1,3265.0,3.187421310301003
101049,8,10,10,0,5,1,3302.0,3.187421310301003
101049,8,10,10,0,6,1,3402.0,2.155827085842999
101049,8,10,10,0,7,1,2269.0,1.6188261861318827
101049,8,10,10,0,8,1,3236.0,1.2569917399393409
101049,8,10,10,0,9,1,2565.0,2.0638031683398133
101049,8,10,10,0,10,1,3429.0,1.1233452016676195
101050,9,10,10,0,1,1,1890.0,1.3670623161534823
101050,9,10,10,0,2,1,3322.0,1.0234424334791226
101050,9,10,10,0,3,1,4518.0,1.6882840830833108
101050,9,10,10,0,4,1,1365.0,1.3204133297405327
101050,9,10,10,0,5,0,4417.0,
101050,9,10,10,0,6,1,4694.0,1.6882840830833108
101050,9,10,10,0,7,1,4161.0,1.0234424334791226
101050,9,10,10,0,8,1,3514.0,1.1663221404041924
101050,9,10,10,0,9,1,3362.0,1.0000018765176337
101050,9,10,10,0,10,1,3567.0,1.3204133297405327
101051,10,10,10,0,1,0,4669.0,
101051,10,10,10,0,2,1,4644.0,0.8491259318957555
101051,10,10,10,0,3,1,2867.0,1.266194825889326
101051,10,10,10,0,4,1,4518.0,1.3525263151451228
101051,10,10,10,0,5,1,2224.0,1.5829248112880618
101051,10,10,10,0,6,1,2216.0,1.266194825889326
101051,10,10,10,0,7,1,3010.0,0.8491259318957555
101051,10,10,10,0,8,1,2517.0,1.5829248112880618
101051,10,10,10,0,9,1,3591.0,1.6803163308631752
101051,10,10,10,0,10,1,2722.0,1.3525263151451228
201042,1,10,20,0,1,1,1442.0,1.084146938417665
201042,1,10,20,0,2,1,4056.0,2.194221789160659
201042,1,10,20,0,3,0,3720.0,
201042,1,10,20,0,4,1,2987.0,2.045822830558511
201042,1,10,20,0,5,1,4639.0,1.9434232837795473
201042,1,10,20,0,6,1,1385.0,1.2000592067156788
201042,1,10,20,0,7,1,1263.0,1.3430467496732326
201042,1,10,20,0,8,1,2638.0,2.194221789160659
201042,1,10,20,0,9,1,3560.0,1.98127843096438
201042,1,10,20,0,10,1,2738.0,2.045822830558511
201042,1,10,20,0,11,1,2482.0,1.9434232837795473
201042,1,10,20,0,12,1,3435.0,1.4432755667188635
201042,1,10,20,0,13,1,1830.0,1.98127843096438
201042,1,10,20,0,14,1,3025.0,2.212629789404898
201042,1,10,20,0,15,1,4676.0,2.7425762022508264
201042,1,10,20,0,16,1,1602.0,2.7425762022508264
201042,1,10,20,0,17,0,2946.0,
201042,1,10,20,0,18,1,2935.0,2.212629789404898
201042,1,10,20,0,19,1,2832.0,1.3430467496732326
201042,1,10,20,0,20,1,2267.0,1.084146938417665
201043,2,10,20,0,1,1,1821.0,1.5174980672872147
201043,2,10,20,0,2,1,2122.0,1.0097079011462533
201043,2,10,20,0,3,1,2202.0,1.2777063316837465
201043,2,10,20,0,4,0,2537.0,
201043,2,10,20,0,5,1,4138.0,1.2322015093051653
201043,2,10,20,0,6,1,3462.0,1.2322015093051653
201043,2,10,20,0,7,0,2038.0,
201043,2,10,20,0,8,0,4234.0,
201043,2,10,20,0,9,1,4380.0,1.4512959833204342
201043,2,10,20,0,10,1,4700.0,1.2343931676665443
201043,2,10,20,0,11,1,3882.0,1.2777063316837465
201043,2,10,20,0,12,1,2292.0,1.0097079011462533
201043,2,10,20,0,13,1,3534.0,1.4512959833204342
201043,2,10,20,0,14,0,3709.0,
201043,2,10,20,0,15,1,2610.0,1.6912493465270957
201043,2,10,20,0,16,1,3534.0,1.6105535102756914
201043,2,10,20,0,17,1,3756.0,1.6105535102756914
201043,2,10,20,0,18,1,3210.0,1.6912493465270957
201043,2,10,20,0,19,1,3151.0,1.2343931676665443
201043,2,10,20,0,20,1,3182.0,1.5174980672872147
201044,3,10,20,0,1,1,3241.0,0.8232871649729603
201044,3,10,20,0,2,1,3434.0,0.7123358354117452
201044,3,10,20,0,3,1,2576.0,1.2676662759585482
201044,3,10,20,0,4,1,4687.0,2.5953459225883835
201044,3,10,20,0,5,0,3132.0,
201044,3,10,20,0,6,1,4107.0,2.0163795389632555
201044,3,10,20,0,7,0,1451.0,
201044,3,10,20,0,8,1,4089.0,2.0163795389632555
201044,3,10,20,0,9,0,1510.0,
201044,3,10,20,0,10,1,4329.0,2.5953459225883835
201044,3,10,20,0,11,1,3645.0,1.2676662759585482
201044,3,10,20,0,12,1,2834.0,0.7123358354117452
201044,3,10,20,0,13,0,2724.0,
201044,3,10,20,0,14,1,3382.0,2.1175431794675927
201044,3,10,20,0,15,0,3821.0,
201044,3,10,20,0,16,1,3061.0,1.2069200124681176
201044,3,10,20,0,17,0,2892.0,
201044,3,10,20,0,18,1,1519.0,2.1175431794675927
201044,3,10,20,0,19,1,3989.0,2.795878749879425
201044,3,10,20,0,20,1,1660.0,0.8232871649729603
201045,4,10,20,0,1,1,4370.0,1.6286446632891882
201045,4,10,20,0,2,0,2222.0,
201045,4,10,20,0,3,1,4136.0,2.2086388603963774
201045,4,10,20,0,4,1,2739.0,0.7677742553007033
201045,4,10,20,0,5,1,1965.0,1.9953989077337375
201045,4,10,20,0,6,0,4777.0,
201045,4,10,20,0,7,1,2124.0,0.7677742553007033
201045,4,10,20,0,8,1,3769.0,2.4727012613582446
201045,4,10,20,0,9,1,2756.0,1.4652586397608525
201045,4,10,20,0,10,1,2818.0,1.4575559623727434
201045,4,10,20,0,11,1,4431.0,1.9953989077337375
201045,4,10,20,0,12,1,3738.0,1.3523762713464806
201045,4,10,20,0,13,1,2988.0,1.4652586397608525
201045,4,10,20,0,14,0,2994.0,
201045,4,10,20,0,15,1,2412.0,1.1744717034002299
201045,4,10,20,0,16,1,2618.0,1.3091737147816291
201045,4,10,20,0,17,1,3277.0,1.3523762713464806
201045,4,10,20,0,18,1,1759.0,2.2086388603963774
201045,4,10,20,0,19,1,2063.0,1.4575559623727434
201045,4,10,20,0,20,1,1419.0,1.6286446632891882
201046,5,10,20,0,1,1,2598.0,1.623627652652667
201046,5,10,20,0,2,1,1288.0,2.326250642594715
201046,5,10,20,0,3,0,4581.0,
201046,5,10,20,0,4,1,3497.0,1.7558475274447174
201046,5,10,20,0,5,1,3422.0,1.5376356149682318
201046,5,10,20,0,6,0,3208.0,
201046,5,10,20,0,7,1,1968.0,1.7030461997019368
201046,5,10,20,0,8,0,1581.0,
201046,5,10,20,0,9,1,4387.0,1.9989706357534625
201046,5,10,20,0,10,1,4411.0,1.7558475274447174
201046,5,10,20,0,11,1,3978.0,1.5376356149682318
201046,5,10,20,0,12,1,4441.0,2.326250642594715
201046,5,10,20,0,13,1,2572.0,1.9989706357534625
201046,5,10,20,0,14,1,1434.0,1.203565444977834
201046,5,10,20,0,15,1,2619.0,1.350950989849821
201046,5,10,20,0,16,0,4777.0,
201046,5,10,20,0,17,0,3454.0,
201046,5,10,20,0,18,1,3322.0,1.6217001544826697
201046,5,10,20,0,19,1,1514.0,1.7030461997019368
201046,5,10,20,0,20,1,4693.0,1.623627652652667
201047,6,10,20,0,1,0,4336.0,
201047,6,10,20,0,2,1,4530.0,1.1839939867589588
201047,6,10,20,0,3,0,3922.0,
201047,6,10,20,0,4,1,1352.0,1.6437698294992504
201047,6,10,20,0,5,1,2472.0,1.3591801902119343
201047,6,10,20,0,6,1,1897.0,1.3591801902119343
201047,6,10,20,0,7,0,2483.0,
201047,6,10,20,0,8,1,2455.0,1.148754497083445
201047,6,10,20,0,9,1,2515.0,1.3353871542835118
201047,6,10,20,0,10,1,2354.0,1.6437698294992504
201047,6,10,20,0,11,0,4094.0,
201047,6,10,20,0,12,1,1215.0,1.1839939867589588
201047,6,10,20,0,13,1,1997.0,1.3353871542835118
201047,6,10,20,0,14,1,2894.0,1.6900795335902503
201047,6,10,20,0,15,1,1402.0,1.6900795335902503
201047,6,10,20,0,16,0,2915.0,
201047,6,10,20,0,17,1,1526.0,1.4657772707612327
201047,6,10,20,0,18,1,3740.0,1.4657772707612327
201047,6,10,20,0,19,1,3687.0,1.0836519533396554
201047,6,10,20,0,20,0,4493.0,
201048,7,10,20,0,1,0,3750.0,
201048,7,10,20,0,2,1,4482.0,1.464043671465962
201048,7,10,20,0,3,1,4073.0,1.464043671465962
201048,7,10,20,0,4,1,2541.0,1.7512118782571156
201048,7,10,20,0,5,1,4435.0,2.3862544819285207
201048,7,10,20,0,6,0,1622.0,
201048,7,10,20,0,7,1,1934.0,1.7512118782571156
201048,7,10,20,0,8,1,2985.0,1.8959387669294772
201048,7,10,20,0,9,0,3747.0,
201048,7,10,20,0,10,1,2921.0,2.2024678335316263
201048,7,10,20,0,11,1,3732.0,2.2024678335316263
201048,7,10,20,0,12,0,3786.0,
201048,7,10,20,0,13,0,2224.0,
201048,7,10,20,0,14,1,1575.0,2.062680917771909
201048,7,10,20,0,15,1,4098.0,2.3862544819285207
201048,7,10,20,0,16,1,4004.0,2.065779467680609
201048,7,10,20,0,17,1,1792.0,2.065779467680609
201048,7,10,20,0,18,1,1738.0,2.062680917771909
201048,7,10,20,0,19,1,3188.0,1.5128630783669197
201048,7,10,20,0,20,1,1621.0,1.8959387669294772
201049,8,10,20,0,1,1,1977.0,1.094504361709961
201049,8,10,20,0,2,1,3419.0,2.795662968477567
201049,8,10,20,0,3,1,2888.0,1.6616303556160736
201049,8,10,20,0,4,1,2227.0,1.876094223366392
201049,8,10,20,0,5,1,1803.0,1.3594444037682432
201049,8,10,20,0,6,1,2192.0,1.0845660477950347
201049,8,10,20,0,7,1,4121.0,1.876094223366392
201049,8,10,20,0,8,1,3904.0,1.0845660477950347
201049,8,10,20,0,9,1,3798.0,1.491835286772427
201049,8,10,20,0,10,0,3839.0,
201049,8,10,20,0,11,1,2758.0,1.3594444037682432
201049,8,10,20,0,12,1,1530.0,1.094504361709961
201049,8,10,20,0,13,1,3927.0,2.795662968477567
201049,8,10,20,0,14,1,2054.0,2.460813948971778
201049,8,10,20,0,15,1,3086.0,1.1007895043418259
201049,8,10,20,0,16,1,2725.0,2.765269192784504
201049,8,10,20,0,17,1,2018.0,2.765269192784504
201049,8,10,20,0,18,1,4190.0,2.460813948971778
201049,8,10,20,0,19,0,2084.0,
201049,8,10,20,0,20,1,3081.0,1.1007895043418259
201050,9,10,20,0,1,1,4610.0,2.110662834000983
201050,9,10,20,0,2,1,3500.0,2.298028470128696
201050,9,10,20,0,3,1,2586.0,2.210120654412191
201050,9,10,20,0,4,1,3380.0,3.102468497833607
201050,9,10,20,0,5,0,4036.0,
201050,9,10,20,0,6,1,1939.0,3.102468497833607
201050,9,10,20,0,7,0,3994.0,
201050,9,10,20,0,8,1,2601.0,5.329432963317241
201050,9,10,20,0,9,1,1219.0,1.5641239947977488
201050,9,10,20,0,10,1,1844.0,3.017336117141158
201050,9,10,20,0,11,1,2781.0,3.017336117141158
201050,9,10,20,0,12,1,4726.0,2.110662834000983
201050,9,10,20,0,13,0,2936.0,
201050,9,10,20,0,14,1,4171.0,2.277836437319395
201050,9,10,20,0,15,1,1857.0,5.6418897044984
201050,9,10,20,0,16,0,3810.0,
201050,9,10,20,0,17,0,3907.0,
201050,9,10,20,0,18,1,2087.0,2.277836437319395
201050,9,10,20,0,19,1,3092.0,5.6418897044984
201050,9,10,20,0,20,0,2444.0,
201051,10,10,20,0,1,0,1729.0,
201051,10,10,20,0,2,1,2195.0,1.3066586074642927
201051,10,10,20,0,3,1,2326.0,1.2850664807686123
201051,10,10,20,0,4,0,4252.0,
201051,10,10,20,0,5,1,3036.0,1.538225001801744
201051,10,10,20,0,6,1,2966.0,1.5328343458377507
201051,10,10,20,0,7,1,4645.0,1.2464137711189036
201051,10,10,20,0,8,1,4345.0,1.4508793079375562
201051,10,10,20,0,9,1,3365.0,3.019170052317894
201051,10,10,20,0,10,1,3643.0,1.2068281691289675
201051,10,10,20,0,11,1,2498.0,1.538225001801744
201051,10,10,20,0,12,1,4779.0,1.3066586074642927
201051,10,10,20,0,13,1,1839.0,3.019170052317894
201051,10,10,20,0,14,0,4526.0,
201051,10,10,20,0,15,1,3289.0,2.072047656454569
201051,10,10,20,0,16,1,3395.0,1.3495775727902768
201051,10,10,20,0,17,1,3276.0,1.3495775727902768
201051,10,10,20,0,18,1,1839.0,1.2850664807686123
201051,10,10,20,0,19,1,1979.0,1.5328343458377507
201051,10,10,20,0,20,0,3120.0,
202042,1,20,20,0,1,1,2055.0,1.9164530285802552
202042,1,20,20,0,2,1,2383.0,0.9551361037674979
202042,1,20,20,0,3,1,3146.0,1.2852111891938314
202042,1,20,20,0,4,1,4245.0,1.1447225016348137
202042,1,20,20,0,5,1,4613.0,1.3801310641680082
202042,1,20,20,0,6,1,3617.0,1.3801310641680082
202042,1,20,20,0,7,1,3888.0,0.9551361037674979
202042,1,20,20,0,8,0,4456.0,
202042,1,20,20,0,9,1,1567.0,1.0562439169908426
202042,1,20,20,0,10,1,1383.0,2.6874438158127787
202042,1,20,20,0,11,1,1871.0,1.9341154658704276
202042,1,20,20,0,12,1,4601.0,1.045327302848831
202042,1,20,20,0,13,1,3407.0,1.1062476595751016
202042,1,20,20,0,14,1,3934.0,2.8653411762704586
202042,1,20,20,0,15,1,3181.0,1.0927078677643838
202042,1,20,20,0,16,1,4116.0,1.9341154658704276
202042,1,20,20,0,17,1,1337.0,1.2852111891938314
202042,1,20,20,0,18,1,4690.0,2.8653411762704586
202042,1,20,20,0,19,1,4733.0,2.6874438158127787
202042,1,20,20,0,20,1,3634.0,1.9164530285802552
202043,2,20,20,0,1,1,3641.0,1.8055564282840666
202043,2,20,20,0,2,1,4529.0,1.3256111678784692
202043,2,20,20,0,3,1,2344.0,1.213732882080285
202043,2,20,20,0,4,1,2721.0,2.4939772406279
202043,2,20,20,0,5,1,2340.0,2.3218131573635166
202043,2,20,20,0,6,1,2652.0,1.1112525678147194
202043,2,20,20,0,7,1,3734.0,2.072067333867969
202043,2,20,20,0,8,1,2775.0,2.1007017046851506
202043,2,20,20,0,9,1,4329.0,1.213732882080285
202043,2,20,20,0,10,1,1706.0,2.4939772406279
202043,2,20,20,0,11,1,2951.0,2.3218131573635166
202043,2,20,20,0,12,1,1663.0,1.8055564282840666
202043,2,20,20,0,13,1,1340.0,1.3256111678784692
202043,2,20,20,0,14,1,3106.0,2.592762139600819
202043,2,20,20,0,15,1,2050.0,2.072067333867969
202043,2,20,20,0,16,1,1731.0,1.38442862525127
202043,2,20,20,0,17,1,3621.0,1.38442862525127
202043,2,20,20,0,18,1,2451.0,2.592762139600819
202043,2,20,20,0,19,1,3170.0,1.606164048401051
202043,2,20,20,0,20,1,4436.0,2.1007017046851506
202044,3,20,20,0,1,1,1428.0,1.62826252638624
202044,3,20,20,0,2,1,2755.0,1.7874936629580598
202044,3,20,20,0,3,1,1272.0,1.3756570139969952
202044,3,20,20,0,4,1,3337.0,1.562133717830579
202044,3,20,20,0,5,1,3634.0,1.443643742860507
202044,3,20,20,0,6,1,3665.0,1.443643742860507
202044,3,20,20,0,7,1,4195.0,2.2421939350450506
202044,3,20,20,0,8,1,2900.0,1.3747119464540052
202044,3,20,20,0,9,1,2856.0,1.5527385399853633
202044,3,20,20,0,10,1,3798.0,1.562133717830579
202044,3,20,20,0,11,1,2587.0,2.2421939350450506
202044,3,20,20,0,12,1,3375.0,1.7874936629580598
202044,3,20,20,0,13,1,2352.0,1.5527385399853633
202044,3,20,20,0,14,1,2068.0,1.9456020862872188
202044,3,20,20,0,15,1,1315.0,1.62826252638624
202044,3,20,20,0,16,1,2058.0,1.4442943482396955
202044,3,20,20,0,17,1,2172.0,1.4442943482396955
202044,3,20,20,0,18,1,1484.0,1.9456020862872188
202044,3,20,20,0,19,1,2242.0,1.3756570139969952
202044,3,20,20,0,20,1,3784.0,1.3747119464540052
202045,4,20,20,0,1,1,1636.0,1.3641187998926467
202045,4,20,20,0,2,1,4090.0,2.0041471946795895
202045,4,20,20,0,3,1,1515.0,1.4220088067078505
202045,4,20,20,0,4,1,2373.0,1.2636420097259924
202045,4,20,20,0,5,1,3498.0,1.9144360958917492
202045,4,20,20,0,6,1,3236.0,1.8303304191961034
202045,4,20,20,0,7,1,3971.0,1.2636420097259924
202045,4,20,20,0,8,1,3519.0,1.0038435494050901
202045,4,20,20,0,9,1,2102.0,2.292277425790176
202045,4,20,20,0,10,1,3445.0,2.2358623086403164
202045,4,20,20,0,11,1,4506.0,1.9144360958917492
202045,4,20,20,0,12,1,1526.0,2.0041471946795895
202045,4,20,20,0,13,1,1960.0,2.292277425790176
202045,4,20,20,0,14,1,4242.0,1.8303304191961034
202045,4,20,20,0,15,1,1794.0,1.102027027027027
202045,4,20,20,0,16,1,2074.0,1.1902269998785129
202045,4,20,20,0,17,1,3032.0,1.1902269998785129
202045,4,20,20,0,18,1,1470.0,1.4220088067078505
202045,4,20,20,0,19,1,4564.0,1.079677428654978
202045,4,20,20,0,20,1,3178.0,1.0038435494050901
202046,5,20,20,0,1,1,4326.0,0.7328620508873496
202046,5,20,20,0,2,1,3227.0,1.5122825551182364
202046,5,20,20,0,3,1,1301.0,1.786005535631291
202046,5,20,20,0,4,1,4232.0,3.5493936187220694
202046,5,20,20,0,5,1,2282.0,2.458083403125165
202046,5,20,20,0,6,1,3286.0,1.1529724744395078
202046,5,20,20,0,7,1,1432.0,3.5493936187220694
202046,5,20,20,0,8,1,1568.0,1.5122825551182364
202046,5,20,20,0,9,1,2158.0,0.8029859660596191
202046,5,20,20,0,10,1,1708.0,1.2692284438013473
202046,5,20,20,0,11,1,2579.0,2.458083403125165
202046,5,20,20,0,12,0,2749.0,
202046,5,20,20,0,13,1,1529.0,0.8029859660596191
202046,5,20,20,0,14,1,3524.0,2.111827599259258
202046,5,20,20,0,15,1,3095.0,1.3968413256594943
202046,5,20,20,0,16,1,3925.0,1.3829187356280177
202046,5,20,20,0,17,1,3050.0,1.786005535631291
202046,5,20,20,0,18,1,4423.0,1.2009322657626516
202046,5,20,20,0,19,1,2131.0,1.2692284438013473
202046,5,20,20,0,20,1,4225.0,0.7328620508873496
202047,6,20,20,0,1,1,1914.0,1.0817429953011013
202047,6,20,20,0,2,0,4566.0,
202047,6,20,20,0,3,1,3340.0,1.1217788948525353
202047,6,20,20,0,4,1,2100.0,1.7148739985890613
202047,6,20,20,0,5,1,3609.0,1.1593890925372872
202047,6,20,20,0,6,1,3094.0,1.1217788948525353
202047,6,20,20,0,7,1,2645.0,1.7148739985890613
202047,6,20,20,0,8,1,1309.0,1.2137557192502249
202047,6,20,20,0,9,1,1694.0,2.4028447773105377
202047,6,20,20,0,10,1,3822.0,1.1971890326977872
202047,6,20,20,0,11,1,4743.0,1.1593890925372872
202047,6,20,20,0,12,1,1635.0,1.0817429953011013
202047,6,20,20,0,13,1,2632.0,2.4028447773105377
202047,6,20,20,0,14,1,2987.0,1.7019246535361285
202047,6,20,20,0,15,1,3660.0,1.569888382411564
202047,6,20,20,0,16,1,1441.0,1.3739244206581671
202047,6,20,20,0,17,1,4764.0,1.3739244206581671
202047,6,20,20,0,18,1,2085.0,1.7019246535361285
202047,6,20,20,0,19,1,3980.0,1.1971890326977872
202047,6,20,20,0,20,1,4164.0,1.569888382411564
202048,7,20,20,0,1,1,1893.0,1.2869592945817443
202048,7,20,20,0,2,1,4417.0,2.1958729250654767
202048,7,20,20,0,3,1,3569.0,0.9438590448773959
202048,7,20,20,0,4,1,3297.0,1.709351473864222
202048,7,20,20,0,5,1,1599.0,2.316911233528805
202048,7,20,20,0,6,1,3890.0,1.0531010456783336
202048,7,20,20,0,7,1,1821.0,1.1925296756706232
202048,7,20,20,0,8,1,1201.0,1.5435496106916697
202048,7,20,20,0,9,1,3579.0,1.6077401862162992
202048,7,20,20,0,10,1,1287.0,2.00542469468969
202048,7,20,20,0,11,1,3277.0,1.1925296756706232
202048,7,20,20,0,12,1,4483.0,1.6059007802198728
202048,7,20,20,0,13,1,2000.0,1.6077401862162992
202048,7,20,20,0,14,1,4779.0,2.316911233528805
202048,7,20,20,0,15,1,3774.0,1.6059007802198728
202048,7,20,20,0,16,1,2815.0,1.9230056518540888
202048,7,20,20,0,17,1,2048.0,1.9230056518540888
202048,7,20,20,0,18,1,3241.0,0.9438590448773959
202048,7,20,20,0,19,1,4750.0,2.00542469468969
202048,7,20,20,0,20,1,1831.0,1.2869592945817443
202049,8,20,20,0,1,1,4152.0,0.8188176469802101
202049,8,20,20,0,2,1,3170.0,1.3296513877391283
202049,8,20,20,0,3,1,4450.0,1.3296513877391283
202049,8,20,20,0,4,1,2198.0,1.5397133102936857
202049,8,20,20,0,5,1,4003.0,1.7370027473257168
202049,8,20,20,0,6,1,3362.0,1.4950916720924
202049,8,20,20,0,7,1,4194.0,1.5397133102936857
202049,8,20,20,0,8,1,3760.0,1.0000007493089498
202049,8,20,20,0,9,1,3190.0,1.3504256323714336
202049,8,20,20,0,10,1,2749.0,2.4919580809556714
202049,8,20,20,0,11,1,4176.0,1.7370027473257168
202049,8,20,20,0,12,1,4800.0,0.8188176469802101
202049,8,20,20,0,13,1,1674.0,1.1201217019918648
202049,8,20,20,0,14,1,1530.0,1.3957556443057457
202049,8,20,20,0,15,1,1970.0,1.1544912731032835
202049,8,20,20,0,16,1,1313.0,1.234354861016296
202049,8,20,20,0,17,1,3602.0,1.234354861016296
202049,8,20,20,0,18,1,1299.0,2.4919580809556714
202049,8,20,20,0,19,1,3797.0,1.8205877250877869
202049,8,20,20,0,20,1,3519.0,1.8205877250877869
202050,9,20,20,0,1,1,3555.0,1.6645235069885644
202050,9,20,20,0,2,1,4265.0,1.6645235069885644
202050,9,20,20,0,3,1,2748.0,0.7935746247082021
202050,9,20,20,0,4,1,1203.0,1.472249607280212
202050,9,20,20,0,5,1,2954.0,1.887542400566913
202050,9,20,20,0,6,1,3385.0,1.472249607280212
202050,9,20,20,0,7,1,3327.0,0.9957182618747052
202050,9,20,20,0,8,1,4263.0,1.125480228530298
202050,9,20,20,0,9,1,1804.0,1.125480228530298
202050,9,20,20,0,10,1,3401.0,2.0635918526292794
202050,9,20,20,0,11,1,4412.0,1.887542400566913
202050,9,20,20,0,12,1,4555.0,1.5794559471601817
202050,9,20,20,0,13,1,4018.0,2.251262371238133
202050,9,20,20,0,14,1,3425.0,1.4875242510634035
202050,9,20,20,0,15,1,3801.0,1.5794559471601817
202050,9,20,20,0,16,1,2218.0,1.2731604854527476
202050,9,20,20,0,17,1,1989.0,0.7935746247082021
202050,9,20,20,0,18,1,3274.0,1.4875242510634035
202050,9,20,20,0,19,1,2176.0,2.0635918526292794
202050,9,20,20,0,20,1,2035.0,0.9957182618747052
202051,10,20,20,0,1,1,2483.0,1.1973756656043038
202051,10,20,20,0,2,1,1772.0,1.501836078865634
202051,10,20,20,0,3,1,3989.0,1.044899241995491
202051,10,20,20,0,4,1,2670.0,1.2030027358580182
202051,10,20,20,0,5,1,4349.0,2.6428446969419657
202051,10,20,20,0,6,1,3758.0,1.4905824966770607
202051,10,20,20,0,7,1,3006.0,2.8356035665057977
202051,10,20,20,0,8,1,2233.0,1.4454357613325823
202051,10,20,20,0,9,1,4397.0,2.368099770744688
202051,10,20,20,0,10,1,1553.0,1.2030027358580182
202051,10,20,20,0,11,1,3856.0,2.6428446969419657
202051,10,20,20,0,12,1,2999.0,1.1973756656043038
202051,10,20,20,0,13,1,3183.0,1.501836078865634
202051,10,20,20,0,14,1,1549.0,1.5589121900144662
202051,10,20,20,0,15,1,4765.0,1.450419174161859
202051,10,20,20,0,16,1,3311.0,1.450419174161859
202051,10,20,20,0,17,1,3569.0,1.044899241995491
202051,10,20,20,0,18,1,2649.0,1.5589121900144662
202051,10,20,20,0,19,1,2307.0,1.4905824966770607
202051,10,20,20,0,20,1,1711.0,2.8356035665057977
302042,1,20,30,0,1,1,4510.0,1.5959942106109564
302042,1,20,30,0,2,1,1307.0,1.62353850153315
302042,1,20,30,0,3,1,2622.0,1.2705877191786892
302042,1,20,30,0,4,1,2297.0,1.2705877191786892
302042,1,20,30,0,5,1,3862.0,1.646489121956816
302042,1,20,30,0,6,1,2951.0,1.2999385354127813
302042,1,20,30,0,7,1,3605.0,2.2873304984459772
302042,1,20,30,0,8,1,4271.0,1.8521214062956193
302042,1,20,30,0,9,1,1286.0,1.475579667500735
302042,1,20,30,0,10,1,2920.0,1.611448543839719
302042,1,20,30,0,11,1,3996.0,1.611448543839719
302042,1,20,30,0,12,1,1861.0,2.227200703758856
302042,1,20,30,0,13,1,3189.0,1.2999385354127813
302042,1,20,30,0,14,1,3814.0,1.646489121956816
302042,1,20,30,0,15,1,3114.0,1.5027163612505414
302042,1,20,30,0,16,1,3122.0,1.371804215261911
302042,1,20,30,0,17,1,1806.0,2.5723992797917368
302042,1,20,30,0,18,1,4036.0,1.7632255538559765
302042,1,20,30,0,19,1,2021.0,1.7632255538559765
302042,1,20,30,0,20,1,1958.0,1.5959942106109564
302042,1,20,30,0,21,1,4420.0,1.62353850153315
302042,1,20,30,0,22,1,3126.0,1.8596006384987336
302042,1,20,30,0,23,1,1886.0,1.8596006384987336
302042,1,20,30,0,24,1,2533.0,1.5027163612505414
302042,1,20,30,0,25,1,2162.0,1.371804215261911
302042,1,20,30,0,26,1,4680.0,1.8521214062956193
302042,1,20,30,0,27,1,1724.0,1.2171018998416454
302042,1,20,30,0,28,1,1428.0,2.227200703758856
302042,1,20,30,0,29,1,2126.0,1.475579667500735
302042,1,20,30,0,30,1,4296.0,2.2873304984459772
302043,2,20,30,0,1,1,3701.0,1.0984336115939484
302043,2,20,30,0,2,1,1468.0,1.289811164474442
302043,2,20,30,0,3,1,1480.0,1.4254248503179596
302043,2,20,30,0,4,1,2494.0,1.180531997780115
302043,2,20,30,0,5,1,2659.0,1.8558236169748485
302043,2,20,30,0,6,0,2566.0,
302043,2,20,30,0,7,1,3791.0,2.3332065219950193
302043,2,20,30,0,8,1,2874.0,3.1822405455358727
302043,2,20,30,0,9,1,1969.0,1.180531997780115
302043,2,20,30,0,10,1,1262.0,2.3332065219950193
302043,2,20,30,0,11,1,4000.0,1.4254248503179596
302043,2,20,30,0,12,1,1705.0,1.289811164474442
302043,2,20,30,0,13,1,3370.0,1.692440243773471
302043,2,20,30,0,14,1,2225.0,1.8558236169748485
302043,2,20,30,0,15,0,1641.0,
302043,2,20,30,0,16,0,1210.0,
302043,2,20,30,0,17,0,4453.0,
302043,2,20,30,0,18,0,4608.0,
302043,2,20,30,0,19,1,2909.0,0.8656161555622142
302043,2,20,30,0,20,1,3352.0,1.2390081627891354
302043,2,20,30,0,21,1,3859.0,1.8886255563312155
302043,2,20,30,0,22,1,4276.0,0.8656161555622142
302043,2,20,30,0,23,0,1544.0,
302043,2,20,30,0,24,1,4624.0,1.8886255563312155
302043,2,20,30,0,25,0,2678.0,
302043,2,20,30,0,26,1,2380.0,3.1822405455358727
302043,2,20,30,0,27,1,4739.0,5.230865162519869
302043,2,20,30,0,28,1,3633.0,1.3255472253972262
302043,2,20,30,0,29,1,2060.0,1.299363049906653
302043,2,20,30,0,30,1,2001.0,1.3255472253972262
302044,3,20,30,0,1,1,1887.0,8.913198005867901
302044,3,20,30,0,2,1,2938.0,1.8570620700737328
302044,3,20,30,0,3,1,4018.0,1.480891198441051
302044,3,20,30,0,4,1,3594.0,3.8878465496004755
302044,3,20,30,0,5,1,1322.0,2.5906583168223425
302044,3,20,30,0,6,1,4633.0,1.7133197019662203
302044,3,20,30,0,7,0,1762.0,
302044,3,20,30,0,8,1,4783.0,1.5010986073735806
302044,3,20,30,0,9,1,2241.0,1.2932749752609032
302044,3,20,30,0,10,1,1466.0,1.960152138807493
302044,3,20,30,0,11,1,4762.0,1.960152138807493
302044,3,20,30,0,12,1,4542.0,1.8570620700737328
302044,3,20,30,0,13,1,3083.0,1.2932749752609032
302044,3,20,30,0,14,1,4160.0,2.5906583168223425
302044,3,20,30,0,15,1,1987.0,1.3820477986757764
302044,3,20,30,0,16,1,1571.0,1.3070627602211795
302044,3,20,30,0,17,1,4226.0,1.2903509307060557
302044,3,20,30,0,18,1,3231.0,1.480891198441051
302044,3,20,30,0,19,1,3501.0,1.3230693147973096
302044,3,20,30,0,20,1,4362.0,1.620186626737505
302044,3,20,30,0,21,1,1550.0,1.6720741479235357
302044,3,20,30,0,22,1,4272.0,2.294551712449317
302044,3,20,30,0,23,1,2434.0,1.3070627602211795
302044,3,20,30,0,24,1,2652.0,1.3820477986757764
302044,3,20,30,0,25,1,3651.0,1.2903509307060557
302044,3,20,30,0,26,1,3948.0,1.5010986073735806
302044,3,20,30,0,27,1,3064.0,1.571168234726436
302044,3,20,30,0,28,1,4038.0,1.6720741479235357
302044,3,20,30,0,29,1,2381.0,1.7133197019662203
302044,3,20,30,0,30,1,4796.0,3.8878465496004755
302045,4,20,30,0,1,1,3057.0,1.6694085630772335
302045,4,20,30,0,2,1,4076.0,1.3153255631875316
302045,4,20,30,0,3,1,4495.0,1.6044038402572283
302045,4,20,30,0,4,1,2736.0,1.4098793179963636
302045,4,20,30,0,5,1,2201.0,1.088118093129165
302045,4,20,30,0,6,1,4398.0,1.0607502575398449
302045,4,20,30,0,7,1,4566.0,1.2517405888930304
302045,4,20,30,0,8,1,2998.0,1.413580487180261
302045,4,20,30,0,9,1,4207.0,2.2510286141761733
302045,4,20,30,0,10,1,2202.0,1.388525710513491
302045,4,20,30,0,11,1,3292.0,1.388525710513491
302045,4,20,30,0,12,1,4534.0,1.6044038402572283
302045,4,20,30,0,13,1,1955.0,1.0607502575398449
302045,4,20,30,0,14,1,4269.0,1.088118093129165
302045,4,20,30,0,15,1,1697.0,1.73582528349433
302045,4,20,30,0,16,1,2386.0,1.73582528349433
302045,4,20,30,0,17,1,3958.0,1.8887627666830644
302045,4,20,30,0,18,0,1376.0,
302045,4,20,30,0,19,1,3396.0,1.599136778309297
302045,4,20,30,0,20,1,2715.0,1.2517405888930304
302045,4,20,30,0,21,1,2153.0,1.3153255631875316
302045,4,20,30,0,22,1,4023.0,3.8521960009552543
302045,4,20,30,0,23,1,4399.0,3.8521960009552543
302045,4,20,30,0,24,1,2837.0,1.407289783374834
302045,4,20,30,0,25,1,4043.0,1.8887627666830644
302045,4,20,30,0,26,1,2688.0,1.413580487180261
302045,4,20,30,0,27,1,2679.0,1.4098793179963636
302045,4,20,30,0,28,1,4262.0,1.6694085630772335
302045,4,20,30,0,29,1,3938.0,2.2510286141761733
302045,4,20,30,0,30,1,4060.0,1.599136778309297
302046,5,20,30,0,1,1,4710.0,2.323509187305383
302046,5,20,30,0,2,1,2858.0,1.6232163228314074
302046,5,20,30,0,3,1,3128.0,1.3561192722583724
302046,5,20,30,0,4,1,1384.0,0.9761985420509154
302046,5,20,30,0,5,1,3181.0,2.0819715250234645
302046,5,20,30,0,6,1,4739.0,1.384575067336223
302046,5,20,30,0,7,1,2373.0,1.6473862108101218
302046,5,20,30,0,8,1,3959.0,1.79143207251455
302046,5,20,30,0,9,1,1222.0,1.9705551441558289
302046,5,20,30,0,10,1,1862.0,1.6473862108101218
302046,5,20,30,0,11,1,1904.0,2.5153691078577225
302046,5,20,30,0,12,1,2858.0,1.6232163228314074
302046,5,20,30,0,13,1,1753.0,1.9705551441558289
302046,5,20,30,0,14,1,3957.0,1.1662257385839503
302046,5,20,30,0,15,1,2380.0,1.3561192722583724
302046,5,20,30,0,16,1,4501.0,1.968770468700999
302046,5,20,30,0,17,1,2910.0,1.512478040267215
302046,5,20,30,0,18,1,2410.0,2.5153691078577225
302046,5,20,30,0,19,1,3991.0,1.79143207251455
302046,5,20,30,0,20,1,4235.0,1.8509205687739072
302046,5,20,30,0,21,1,2586.0,1.8509205687739072
302046,5,20,30,0,22,1,1629.0,1.4693508910905164
302046,5,20,30,0,23,1,1259.0,1.4693508910905164
302046,5,20,30,0,24,1,3668.0,2.0819715250234645
302046,5,20,30,0,25,1,2108.0,2.323509187305383
302046,5,20,30,0,26,1,2689.0,1.512478040267215
302046,5,20,30,0,27,1,1220.0,2.0468711851812538
302046,5,20,30,0,28,1,3596.0,1.1662257385839503
302046,5,20,30,0,29,1,4756.0,1.384575067336223
302046,5,20,30,0,30,1,4153.0,0.9761985420509154
302047,6,20,30,0,1,1,3702.0,1.7449005977959302
302047,6,20,30,0,2,1,4613.0,1.2368654769981118
302047,6,20,30,0,3,1,2583.0,2.548573694234595
302047,6,20,30,0,4,1,3863.0,1.479335520256252
302047,6,20,30,0,5,1,2837.0,1.4070161697659864
302047,6,20,30,0,6,1,1399.0,1.2474159913609264
302047,6,20,30,0,7,1,4287.0,1.4070161697659864
302047,6,20,30,0,8,1,2534.0,1.4329423992825372
302047,6,20,30,0,9,1,4613.0,2.548573694234595
302047,6,20,30,0,10,1,2852.0,1.7449005977959302
302047,6,20,30,0,11,1,1431.0,1.66683251036823
302047,6,20,30,0,12,1,2466.0,1.2368654769981118
302047,6,20,30,0,13,1,2223.0,1.1283446720150339
302047,6,20,30,0,14,1,1393.0,1.0836957978451847
302047,6,20,30,0,15,1,2400.0,1.8440492351232638
302047,6,20,30,0,16,1,2862.0,1.66683251036823
302047,6,20,30,0,17,1,4392.0,1.8440894101169105
302047,6,20,30,0,18,1,4187.0,1.8582445341824845
302047,6,20,30,0,19,1,4500.0,4.101662455307406
302047,6,20,30,0,20,1,2689.0,1.8440492351232638
302047,6,20,30,0,21,1,3254.0,2.173040720418586
302047,6,20,30,0,22,1,2847.0,1.1582536279683375
302047,6,20,30,0,23,1,2721.0,1.1582536279683375
302047,6,20,30,0,24,1,4306.0,1.0836957978451847
302047,6,20,30,0,25,1,2466.0,1.8440894101169105
302047,6,20,30,0,26,1,2859.0,1.4329423992825372
302047,6,20,30,0,27,1,2429.0,1.479335520256252
302047,6,20,30,0,28,1,2370.0,2.173040720418586
302047,6,20,30,0,29,1,2795.0,1.3142260485294315
302047,6,20,30,0,30,1,2769.0,4.101662455307406
302048,7,20,30,0,1,1,3519.0,1.5228864668041602
302048,7,20,30,0,2,1,4786.0,1.2044321899261399
302048,7,20,30,0,3,1,1338.0,0.90455299848206
302048,7,20,30,0,4,1,2138.0,2.6261205039227677
302048,7,20,30,0,5,1,4219.0,1.4185390522741677
302048,7,20,30,0,6,1,2537.0,2.663252039006331
302048,7,20,30,0,7,1,1634.0,1.4185390522741677
302048,7,20,30,0,8,1,3239.0,1.5228864668041602
302048,7,20,30,0,9,1,3690.0,1.241301896233672
302048,7,20,30,0,10,1,2228.0,1.2982899126839675
302048,7,20,30,0,11,1,3452.0,0.90455299848206
302048,7,20,30,0,12,1,4083.0,1.2044321899261399
302048,7,20,30,0,13,1,1656.0,1.241301896233672
302048,7,20,30,0,14,1,1576.0,2.6261205039227677
302048,7,20,30,0,15,1,2625.0,2.580958492118694
302048,7,20,30,0,16,1,2772.0,2.2386836110868966
302048,7,20,30,0,17,1,3647.0,1.316128940083583
302048,7,20,30,0,18,1,3868.0,1.0457100688930023
302048,7,20,30,0,19,0,1574.0,
302048,7,20,30,0,20,1,3272.0,2.580958492118694
302048,7,20,30,0,21,1,2996.0,1.2878841203733087
302048,7,20,30,0,22,1,3678.0,1.2982899126839675
302048,7,20,30,0,23,1,4787.0,2.2386836110868966
302048,7,20,30,0,24,1,1568.0,1.3347291572441802
302048,7,20,30,0,25,1,3572.0,1.316128940083583
302048,7,20,30,0,26,1,2640.0,1.2878841203733087
302048,7,20,30,0,27,1,3358.0,3.7767512337819493
302048,7,20,30,0,28,1,1406.0,2.663252039006331
302048,7,20,30,0,29,0,3192.0,
302048,7,20,30,0,30,1,1276.0,1.3347291572441802
302049,8,20,30,0,1,1,2753.0,1.450250455612707
302049,8,20,30,0,2,1,3677.0,0.9360141988174447
302049,8,20,30,0,3,1,4192.0,1.6174090478205216
302049,8,20,30,0,4,1,2087.0,1.5800705037934948
302049,8,20,30,0,5,1,2010.0,1.450250455612707
302049,8,20,30,0,6,1,1255.0,1.6486149329780961
302049,8,20,30,0,7,1,3021.0,1.5104962030377675
302049,8,20,30,0,8,1,4649.0,0.901572530870084
302049,8,20,30,0,9,1,2706.0,1.1327107060431052
302049,8,20,30,0,10,1,2209.0,1.7285961748188634
302049,8,20,30,0,11,1,3191.0,1.1545799129435654
302049,8,20,30,0,12,1,2130.0,0.9360141988174447
302049,8,20,30,0,13,1,1601.0,1.1545799129435654
302049,8,20,30,0,14,1,1830.0,1.5800705037934948
302049,8,20,30,0,15,1,4402.0,1.5407161236283438
302049,8,20,30,0,16,1,1651.0,1.5104962030377675
302049,8,20,30,0,17,1,1226.0,1.4812909209104608
302049,8,20,30,0,18,0,3618.0,
302049,8,20,30,0,19,1,4654.0,1.7182792929254096
302049,8,20,30,0,20,1,2464.0,1.6174090478205216
302049,8,20,30,0,21,1,1564.0,1.4850695574732065
302049,8,20,30,0,22,1,1671.0,1.4812909209104608
302049,8,20,30,0,23,1,1422.0,2.392910090013283
302049,8,20,30,0,24,1,1650.0,1.5407161236283438
302049,8,20,30,0,25,1,2980.0,0.901572530870084
302049,8,20,30,0,26,1,2084.0,1.4850695574732065
302049,8,20,30,0,27,1,2513.0,1.6486149329780961
302049,8,20,30,0,28,1,2498.0,2.392910090013283
302049,8,20,30,0,29,1,4288.0,1.1327107060431052
302049,8,20,30,0,30,1,2912.0,1.7285961748188634
302050,9,20,30,0,1,1,4448.0,2.0073236943637878
302050,9,20,30,0,2,1,2057.0,1.7646416403959724
302050,9,20,30,0,3,1,1672.0,1.3115097534455866
302050,9,20,30,0,4,1,4749.0,1.6473041205942331
302050,9,20,30,0,5,1,1213.0,1.0032396755245476
302050,9,20,30,0,6,1,3473.0,2.835658171901336
302050,9,20,30,0,7,1,4236.0,2.0073236943637878
302050,9,20,30,0,8,1,2291.0,1.2524944394344746
302050,9,20,30,0,9,1,2085.0,1.3115097534455866
302050,9,20,30,0,10,1,4737.0,2.0551689470844985
302050,9,20,30,0,11,1,1259.0,2.0551689470844985
302050,9,20,30,0,12,1,4346.0,1.3095132035771513
302050,9,20,30,0,13,1,1920.0,1.0495670400172445
302050,9,20,30,0,14,1,1445.0,1.0032396755245476
302050,9,20,30,0,15,1,1247.0,1.3635355390851713
302050,9,20,30,0,16,1,3705.0,1.1531596019257435
302050,9,20,30,0,17,1,2726.0,1.3290047670444325
302050,9,20,30,0,18,1,1883.0,1.3635355390851713
302050,9,20,30,0,19,1,1888.0,1.0000048769782244
302050,9,20,30,0,20,1,2082.0,1.8275627583727756
302050,9,20,30,0,21,1,2733.0,1.7646416403959724
302050,9,20,30,0,22,1,2849.0,1.3606366720619092
302050,9,20,30,0,23,0,2037.0,
302050,9,20,30,0,24,1,2881.0,2.001421995988999
302050,9,20,30,0,25,1,1635.0,2.001421995988999
302050,9,20,30,0,26,1,2554.0,1.2524944394344746
302050,9,20,30,0,27,1,3860.0,1.4531774199883003
302050,9,20,30,0,28,1,3144.0,1.3095132035771513
302050,9,20,30,0,29,1,4240.0,2.835658171901336
302050,9,20,30,0,30,1,1404.0,1.6473041205942331
302051,10,20,30,0,1,1,3016.0,1.795361069879722
302051,10,20,30,0,2,1,2916.0,1.1556166257961384
302051,10,20,30,0,3,1,3052.0,1.173001690813248
302051,10,20,30,0,4,1,3130.0,1.795361069879722
302051,10,20,30,0,5,1,1635.0,1.5516468939467751
302051,10,20,30,0,6,1,4496.0,1.5181520050351875
302051,10,20,30,0,7,1,3352.0,1.2738939354332777
302051,10,20,30,0,8,1,2938.0,1.3006608269998712
302051,10,20,30,0,9,1,2255.0,1.0996633586947866
302051,10,20,30,0,10,1,3200.0,1.3524553447278767
302051,10,20,30,0,11,1,1368.0,1.3524553447278767
302051,10,20,30,0,12,1,3088.0,1.1556166257961384
302051,10,20,30,0,13,1,3643.0,1.0996633586947866
302051,10,20,30,0,14,1,3414.0,1.5516468939467751
302051,10,20,30,0,15,1,4751.0,1.173001690813248
302051,10,20,30,0,16,1,1850.0,1.2738939354332777
302051,10,20,30,0,17,1,3270.0,1.712206432933657
302051,10,20,30,0,18,1,4770.0,1.4959431083808445
302051,10,20,30,0,19,1,3074.0,1.4576915627342166
302051,10,20,30,0,20,1,1517.0,1.1761674784103466
302051,10,20,30,0,21,1,3134.0,1.5961290818581941
302051,10,20,30,0,22,1,2459.0,1.712206432933657
302051,10,20,30,0,23,1,3088.0,1.4959431083808445
302051,10,20,30,0,24,1,4055.0,1.2921823953734406
302051,10,20,30,0,25,1,3720.0,1.2921823953734406
302051,10,20,30,0,26,1,1571.0,1.5961290818581941
302051,10,20,30,0,27,1,3743.0,2.2104104128872186
302051,10,20,30,0,28,1,4378.0,1.3006608269998712
302051,10,20,30,0,29,1,3918.0,1.5181520050351875
302051,10,20,30,0,30,1,1560.0,1.4576915627342166
402042,1,20,40,0,1,1,4564.0,1.0523455696980872
402042,1,20,40,0,2,1,3691.0,1.354806113426803
402042,1,20,40,0,3,1,3718.0,3.323063512425454
402042,1,20,40,0,4,1,1625.0,2.652389058869539
402042,1,20,40,0,5,1,3584.0,1.401998819559272
402042,1,20,40,0,6,1,4680.0,1.6132624224531815
402042,1,20,40,0,7,1,1896.0,2.422152874524008
402042,1,20,40,0,8,1,4235.0,2.559985496665703
402042,1,20,40,0,9,1,2558.0,1.3857619208460583
402042,1,20,40,0,10,1,2846.0,1.6614144353642721
402042,1,20,40,0,11,1,1415.0,1.6614144353642721
402042,1,20,40,0,12,1,4182.0,1.354806113426803
402042,1,20,40,0,13,1,3524.0,1.0523455696980872
402042,1,20,40,0,14,1,2982.0,2.422152874524008
402042,1,20,40,0,15,1,1743.0,2.6461229921640883
402042,1,20,40,0,16,1,3275.0,1.516462625347954
402042,1,20,40,0,17,1,3221.0,1.7182209287055767
402042,1,20,40,0,18,1,3537.0,1.516462625347954
402042,1,20,40,0,19,1,4510.0,3.323063512425454
402042,1,20,40,0,20,1,2451.0,2.6461229921640883
402042,1,20,40,0,21,1,1263.0,1.3061579312311096
402042,1,20,40,0,22,1,4408.0,4.299607904590115
402042,1,20,40,0,23,1,3228.0,4.299607904590115
402042,1,20,40,0,24,1,2085.0,2.3200907316218617
402042,1,20,40,0,25,1,2189.0,1.54702192019029
402042,1,20,40,0,26,1,1899.0,1.5208934075247726
402042,1,20,40,0,27,1,3729.0,1.401998819559272
402042,1,20,40,0,28,1,2114.0,1.3061579312311096
402042,1,20,40,0,29,1,1625.0,1.3857619208460583
402042,1,20,40,0,30,1,3604.0,1.3639568511494466
402042,1,20,40,0,31,1,4480.0,1.7182209287055767
402042,1,20,40,0,32,0,3825.0,
402042,1,20,40,0,33,1,3484.0,2.559985496665703
402042,1,20,40,0,34,1,4212.0,2.3200907316218617
402042,1,20,40,0,35,0,3711.0,
402042,1,20,40,0,36,1,2101.0,1.3639568511494466
402042,1,20,40,0,37,1,4315.0,2.652389058869539
402042,1,20,40,0,38,1,2880.0,1.5208934075247726
402042,1,20,40,0,39,1,3396.0,1.6132624224531815
402042,1,20,40,0,40,1,3324.0,1.54702192019029
402043,2,20,40,0,1,1,2629.0,2.4382974090251497
402043,2,20,40,0,2,1,2077.0,1.9101844549791034
402043,2,20,40,0,3,1,1207.0,2.4502508964103487
402043,2,20,40,0,4,1,2429.0,1.6830728249791527
402043,2,20,40,0,5,1,4148.0,1.185489756628283
402043,2,20,40,0,6,1,4002.0,5.0934209793326275
402043,2,20,40,0,7,1,3040.0,2.1922942785386734
402043,2,20,40,0,8,1,3406.0,2.1197656551399047
402043,2,20,40,0,9,1,4470.0,2.4382974090251497
402043,2,20,40,0,10,1,4374.0,2.149032700193863
402043,2,20,40,0,11,1,4286.0,2.149032700193863
402043,2,20,40,0,12,1,2714.0,1.9101844549791034
402043,2,20,40,0,13,1,2547.0,4.002683655205123
402043,2,20,40,0,14,1,1321.0,1.185489756628283
402043,2,20,40,0,15,0,4554.0,
402043,2,20,40,0,16,1,3697.0,1.297104600619499
402043,2,20,40,0,17,0,3325.0,
402043,2,20,40,0,18,1,1879.0,2.1922942785386734
402043,2,20,40,0,19,1,3799.0,1.5623996402590206
402043,2,20,40,0,20,0,3880.0,
402043,2,20,40,0,21,1,3219.0,1.778753721470683
402043,2,20,40,0,22,0,2307.0,
402043,2,20,40,0,23,1,3411.0,1.6383185005475325
402043,2,20,40,0,24,1,3749.0,1.778753721470683
402043,2,20,40,0,25,1,3749.0,1.5092180781592994
402043,2,20,40,0,26,1,2792.0,2.4502508964103487
402043,2,20,40,0,27,1,2594.0,1.297104600619499
402043,2,20,40,0,28,1,2333.0,1.6383185005475325
402043,2,20,40,0,29,1,3573.0,4.002683655205123
402043,2,20,40,0,30,1,1827.0,1.252680811247728
402043,2,20,40,0,31,1,2831.0,5.0934209793326275
402043,2,20,40,0,32,1,3988.0,1.5623996402590206
402043,2,20,40,0,33,1,1280.0,2.1197656551399047
402043,2,20,40,0,34,1,1483.0,1.2661301052030403
402043,2,20,40,0,35,1,1453.0,1.252680811247728
402043,2,20,40,0,36,1,3939.0,1.705978764255253
402043,2,20,40,0,37,1,4330.0,1.6830728249791527
402043,2,20,40,0,38,1,2648.0,1.2661301052030403
402043,2,20,40,0,39,1,1395.0,1.705978764255253
402043,2,20,40,0,40,1,1854.0,1.5092180781592994
402044,3,20,40,0,1,1,3008.0,2.322514915900529
402044,3,20,40,0,2,0,3119.0,
402044,3,20,40,0,3,1,1994.0,1.3554515840385524
402044,3,20,40,0,4,0,2759.0,
402044,3,20,40,0,5,1,4709.0,2.0188335504487815
402044,3,20,40,0,6,1,3157.0,1.3329497233456786
402044,3,20,40,0,7,1,2329.0,1.4992009818098222
402044,3,20,40,0,8,1,2444.0,1.69898029045933
402044,3,20,40,0,9,0,1462.0,
402044,3,20,40,0,10,0,1280.0,
402044,3,20,40,0,11,0,4641.0,
402044,3,20,40,0,12,1,1234.0,1.3554515840385524
402044,3,20,40,0,13,0,4548.0,
402044,3,20,40,0,14,1,2738.0,1.4992009818098222
402044,3,20,40,0,15,1,4699.0,1.0458529788636899
402044,3,20,40,0,16,1,2636.0,2.2444732232698534
402044,3,20,40,0,17,1,4158.0,2.322514915900529
402044,3,20,40,0,18,1,2856.0,1.775298273838989
402044,3,20,40,0,19,1,4558.0,1.558746198451396
402044,3,20,40,0,20,1,2740.0,1.775298273838989
402044,3,20,40,0,21,1,1283.0,3.0699933477629204
402044,3,20,40,0,22,1,4697.0,2.0414708574734806
402044,3,20,40,0,23,1,1756.0,2.2444732232698534
402044,3,20,40,0,24,1,2852.0,1.2819841582904086
402044,3,20,40,0,25,1,3267.0,1.558746198451396
402044,3,20,40,0,26,1,3714.0,3.918439759266281
402044,3,20,40,0,27,1,3049.0,2.0188335504487815
402044,3,20,40,0,28,1,1398.0,3.0699933477629204
402044,3,20,40,0,29,1,4550.0,1.0458529788636899
402044,3,20,40,0,30,1,3740.0,1.190025668235785
402044,3,20,40,0,31,1,3215.0,1.3329497233456786
402044,3,20,40,0,32,1,1591.0,2.0414708574734806
402044,3,20,40,0,33,1,4195.0,1.69898029045933
402044,3,20,40,0,34,1,1757.0,1.2819841582904086
402044,3,20,40,0,35,0,4395.0,
402044,3,20,40,0,36,1,3243.0,2.0465496827808063
402044,3,20,40,0,37,0,2127.0,
402044,3,20,40,0,38,1,2365.0,3.918439759266281
402044,3,20,40,0,39,1,4273.0,2.0465496827808063
402044,3,20,40,0,40,1,2423.0,1.190025668235785
402045,4,20,40,0,1,0,3664.0,
402045,4,20,40,0,2,1,3164.0,1.3385360010814933
402045,4,20,40,0,3,1,3607.0,1.434953740357862
402045,4,20,40,0,4,1,2552.0,1.3385360010814933
402045,4,20,40,0,5,1,2112.0,1.7832768641153687
402045,4,20,40,0,6,1,1320.0,1.4601642000558153
402045,4,20,40,0,7,0,2695.0,
402045,4,20,40,0,8,1,3864.0,2.0734108067893757
402045,4,20,40,0,9,1,4473.0,2.2082697320169937
402045,4,20,40,0,10,1,4258.0,1.028456360064809
402045,4,20,40,0,11,1,2985.0,1.028456360064809
402045,4,20,40,0,12,1,2323.0,1.2697795815172552
402045,4,20,40,0,13,1,3602.0,2.2082697320169937
402045,4,20,40,0,14,1,4501.0,1.7832768641153687
402045,4,20,40,0,15,1,4329.0,1.7523379654072178
402045,4,20,40,0,16,1,4699.0,1.3309647470374537
402045,4,20,40,0,17,1,4553.0,2.4149415878246607
402045,4,20,40,0,18,1,3094.0,1.6310340300855781
402045,4,20,40,0,19,1,1433.0,2.0093165552609658
402045,4,20,40,0,20,1,1800.0,1.7523379654072178
402045,4,20,40,0,21,0,3110.0,
402045,4,20,40,0,22,1,2212.0,2.4149415878246607
402045,4,20,40,0,23,1,2374.0,1.434953740357862
402045,4,20,40,0,24,1,2641.0,3.124191832945882
402045,4,20,40,0,25,1,1322.0,1.57368474469702
402045,4,20,40,0,26,1,1759.0,2.3495511894485928
402045,4,20,40,0,27,1,3754.0,1.3111922748371294
402045,4,20,40,0,28,1,2068.0,1.3354068233340561
402045,4,20,40,0,29,1,3374.0,1.3111922748371294
402045,4,20,40,0,30,1,4731.0,2.0093165552609658
402045,4,20,40,0,31,1,3285.0,1.4601642000558153
402045,4,20,40,0,32,1,2453.0,2.3495511894485928
402045,4,20,40,0,33,1,2899.0,2.0734108067893757
402045,4,20,40,0,34,1,4346.0,3.124191832945882
402045,4,20,40,0,35,1,3552.0,1.3309647470374537
402045,4,20,40,0,36,1,2841.0,1.6310340300855781
402045,4,20,40,0,37,1,3990.0,1.3354068233340561
402045,4,20,40,0,38,1,4215.0,1.2697795815172552
402045,4,20,40,0,39,0,2048.0,
402045,4,20,40,0,40,1,1337.0,1.57368474469702
402046,5,20,40,0,1,1,2504.0,1.738373488469904
402046,5,20,40,0,2,1,4676.0,1.4378493395871992
402046,5,20,40,0,3,1,1461.0,1.55332929273973
402046,5,20,40,0,4,1,4245.0,1.4042274937150794
402046,5,20,40,0,5,1,2035.0,1.5594072622719466
402046,5,20,40,0,6,1,1914.0,1.6149744749611714
402046,5,20,40,0,7,1,1262.0,1.6302627242315226
402046,5,20,40,0,8,1,2591.0,1.4123362001223743
402046,5,20,40,0,9,1,3974.0,1.3874642639193018
402046,5,20,40,0,10,1,3776.0,1.1842834638478568
402046,5,20,40,0,11,1,2952.0,1.1842834638478568
402046,5,20,40,0,12,1,1666.0,1.4378493395871992
402046,5,20,40,0,13,1,4147.0,1.630981710897956
402046,5,20,40,0,14,1,1250.0,1.4042274937150794
402046,5,20,40,0,15,1,1837.0,1.4377365385824925
402046,5,20,40,0,16,1,3513.0,1.9870470336838046
402046,5,20,40,0,17,1,2783.0,1.2585657499669256
402046,5,20,40,0,18,1,2367.0,1.4377365385824925
402046,5,20,40,0,19,1,3643.0,1.3874642639193018
402046,5,20,40,0,20,1,4118.0,1.4538793494330544
402046,5,20,40,0,21,1,1563.0,1.8155541108786697
402046,5,20,40,0,22,1,2630.0,1.2585657499669256
402046,5,20,40,0,23,1,2456.0,1.2127542518370824
402046,5,20,40,0,24,1,1666.0,1.5594072622719466
402046,5,20,40,0,25,1,1919.0,1.4417075291321337
402046,5,20,40,0,26,1,4383.0,1.8155541108786697
402046,5,20,40,0,27,1,2400.0,1.9870470336838046
402046,5,20,40,0,28,1,2694.0,1.2127542518370824
402046,5,20,40,0,29,1,3413.0,1.630981710897956
402046,5,20,40,0,30,1,1257.0,1.5907276052819417
402046,5,20,40,0,31,1,3089.0,1.6149744749611714
402046,5,20,40,0,32,1,1738.0,1.55332929273973
402046,5,20,40,0,33,1,3756.0,1.4123362001223743
402046,5,20,40,0,34,1,2592.0,1.5907276052819417
402046,5,20,40,0,35,1,4676.0,1.6050597975029135
402046,5,20,40,0,36,1,2083.0,1.6302627242315226
402046,5,20,40,0,37,1,3552.0,1.6050597975029135
402046,5,20,40,0,38,1,1242.0,1.4538793494330544
402046,5,20,40,0,39,1,2354.0,1.738373488469904
402046,5,20,40,0,40,1,3651.0,1.4417075291321337
402047,6,20,40,0,1,1,2773.0,1.127108682045097
402047,6,20,40,0,2,1,3360.0,1.2250112483551934
402047,6,20,40,0,3,1,4060.0,1.350014568072043
402047,6,20,40,0,4,1,3086.0,1.7022925589770614
402047,6,20,40,0,5,1,2649.0,1.3655375224322448
402047,6,20,40,0,6,1,2347.0,1.396286446310075
402047,6,20,40,0,7,1,3849.0,1.3655375224322448
402047,6,20,40,0,8,1,3600.0,1.4941801830493573
402047,6,20,40,0,9,1,3923.0,1.6173553781832006
402047,6,20,40,0,10,1,2101.0,1.5316032382814393
402047,6,20,40,0,11,1,1642.0,1.5316032382814393
402047,6,20,40,0,12,1,3072.0,1.2250112483551934
402047,6,20,40,0,13,1,3916.0,1.6173553781832006
402047,6,20,40,0,14,1,4711.0,1.7022925589770614
402047,6,20,40,0,15,1,2901.0,1.5779255691317378
402047,6,20,40,0,16,1,4280.0,1.5301895293267203
402047,6,20,40,0,17,1,2745.0,1.3783881262441695
402047,6,20,40,0,18,1,2591.0,1.5779255691317378
402047,6,20,40,0,19,1,4750.0,2.464774166256924
402047,6,20,40,0,20,1,4032.0,2.464774166256924
402047,6,20,40,0,21,0,3598.0,
402047,6,20,40,0,22,1,2149.0,1.3783881262441695
402047,6,20,40,0,23,1,4299.0,1.5301895293267203
402047,6,20,40,0,24,1,3888.0,1.9493965660348673
402047,6,20,40,0,25,1,2562.0,1.4138985501898922
402047,6,20,40,0,26,0,2481.0,
402047,6,20,40,0,27,1,2495.0,1.6741244595214593
402047,6,20,40,0,28,1,2771.0,2.0591354586978046
402047,6,20,40,0,29,1,4713.0,1.127108682045097
402047,6,20,40,0,30,1,3523.0,1.838071511912787
402047,6,20,40,0,31,1,3069.0,1.396286446310075
402047,6,20,40,0,32,1,1870.0,1.9493965660348673
402047,6,20,40,0,33,1,1724.0,1.4941801830493573
402047,6,20,40,0,34,0,2964.0,
402047,6,20,40,0,35,1,3114.0,1.838071511912787
402047,6,20,40,0,36,1,2924.0,1.350014568072043
402047,6,20,40,0,37,1,4012.0,2.0591354586978046
402047,6,20,40,0,38,0,3311.0,
402047,6,20,40,0,39,1,1920.0,1.6741244595214593
402047,6,20,40,0,40,1,4787.0,1.4138985501898922
402048,7,20,40,0,1,1,2908.0,1.8106932989011566
402048,7,20,40,0,2,1,1351.0,1.061603579991329
402048,7,20,40,0,3,1,3100.0,1.7062000261832246
402048,7,20,40,0,4,1,4008.0,1.3078784229644467
402048,7,20,40,0,5,1,2494.0,2.0378448550735637
402048,7,20,40,0,6,1,3140.0,1.727515330705213
402048,7,20,40,0,7,1,3846.0,1.061603579991329
402048,7,20,40,0,8,1,3546.0,1.5109517535090655
402048,7,20,40,0,9,1,4587.0,1.40902298112933
402048,7,20,40,0,10,1,1529.0,1.1562620020391845
402048,7,20,40,0,11,1,1547.0,1.1562620020391845
402048,7,20,40,0,12,1,3375.0,1.2610040092728754
402048,7,20,40,0,13,1,3671.0,1.40902298112933
402048,7,20,40,0,14,1,2271.0,2.0378448550735637
402048,7,20,40,0,15,1,4614.0,1.4623578946052305
402048,7,20,40,0,16,1,1340.0,1.7105483823380978
402048,7,20,40,0,17,1,4654.0,1.1472161894968378
402048,7,20,40,0,18,1,4193.0,1.4623578946052305
402048,7,20,40,0,19,1,3458.0,1.4754614719801236
402048,7,20,40,0,20,1,1768.0,1.8106932989011566
402048,7,20,40,0,21,1,1449.0,3.3932846694474597
402048,7,20,40,0,22,1,4083.0,1.1472161894968378
402048,7,20,40,0,23,1,2609.0,1.4754614719801236
402048,7,20,40,0,24,1,4380.0,3.3932846694474597
402048,7,20,40,0,25,1,3478.0,1.3165901617728257
402048,7,20,40,0,26,1,3978.0,1.1905310687979318
402048,7,20,40,0,27,1,1507.0,1.3078784229644467
402048,7,20,40,0,28,1,3960.0,1.1620562140623152
402048,7,20,40,0,29,1,3146.0,1.1905310687979318
402048,7,20,40,0,30,1,3339.0,2.240855759542325
402048,7,20,40,0,31,1,2237.0,1.727515330705213
402048,7,20,40,0,32,1,1602.0,1.3165901617728257
402048,7,20,40,0,33,1,2736.0,1.5109517535090655
402048,7,20,40,0,34,0,4182.0,
402048,7,20,40,0,35,1,2860.0,1.7105483823380978
402048,7,20,40,0,36,1,2993.0,1.7062000261832246
402048,7,20,40,0,37,1,4264.0,1.1620562140623152
402048,7,20,40,0,38,1,1848.0,1.2610040092728754
402048,7,20,40,0,39,0,2237.0,
402048,7,20,40,0,40,1,1268.0,2.240855759542325
402049,8,20,40,0,1,1,3723.0,1.0125524962644044
402049,8,20,40,0,2,1,3205.0,2.291299108106916
402049,8,20,40,0,3,1,3290.0,1.342205626433164
402049,8,20,40,0,4,1,4746.0,1.672080040557416
402049,8,20,40,0,5,1,1622.0,1.2700405773991423
402049,8,20,40,0,6,1,1877.0,1.6371081086375252
402049,8,20,40,0,7,1,4005.0,1.3990175433428238
402049,8,20,40,0,8,1,4286.0,1.4552057795306759
402049,8,20,40,0,9,1,1818.0,1.8524019741460571
402049,8,20,40,0,10,1,1345.0,2.0802044509939983
402049,8,20,40,0,11,1,3983.0,1.6452539201135703
402049,8,20,40,0,12,1,2661.0,2.291299108106916
402049,8,20,40,0,13,1,2350.0,1.4552057795306759
402049,8,20,40,0,14,1,4530.0,1.2700405773991423
402049,8,20,40,0,15,1,2765.0,1.2162752602220215
402049,8,20,40,0,16,1,2553.0,1.790331762853142
402049,8,20,40,0,17,1,2929.0,1.0125524962644044
402049,8,20,40,0,18,1,1241.0,1.158074087769192
402049,8,20,40,0,19,1,2862.0,1.5786693965933571
402049,8,20,40,0,20,1,1738.0,1.2162752602220215
402049,8,20,40,0,21,1,1853.0,2.9561645545537187
402049,8,20,40,0,22,1,3648.0,1.5788313652211872
402049,8,20,40,0,23,1,4255.0,1.790331762853142
402049,8,20,40,0,24,1,1964.0,1.175126738701769
402049,8,20,40,0,25,1,3258.0,1.3990175433428238
402049,8,20,40,0,26,1,1419.0,1.6517391878328158
402049,8,20,40,0,27,1,3504.0,1.158074087769192
402049,8,20,40,0,28,1,3187.0,1.5000908338964576
402049,8,20,40,0,29,1,3330.0,2.0802044509939983
402049,8,20,40,0,30,1,3183.0,1.5786693965933571
402049,8,20,40,0,31,1,3976.0,1.6371081086375252
402049,8,20,40,0,32,1,1378.0,1.5788313652211872
402049,8,20,40,0,33,1,1705.0,1.672080040557416
402049,8,20,40,0,34,1,2022.0,1.175126738701769
402049,8,20,40,0,35,1,2381.0,1.8524019741460571
402049,8,20,40,0,36,1,2003.0,1.6452539201135703
402049,8,20,40,0,37,1,1353.0,1.5000908338964576
402049,8,20,40,0,38,1,1773.0,1.6517391878328158
402049,8,20,40,0,39,1,3662.0,2.9561645545537187
402049,8,20,40,0,40,1,2554.0,1.342205626433164
402050,9,20,40,0,1,1,4689.0,1.4415239404335507
402050,9,20,40,0,2,1,3427.0,1.4981192976976037
402050,9,20,40,0,3,1,2873.0,2.050182254651127
402050,9,20,40,0,4,1,3311.0,1.3333424526697784
402050,9,20,40,0,5,1,3863.0,1.302003896957602
402050,9,20,40,0,6,1,1456.0,1.5978990490077374
402050,9,20,40,0,7,1,2125.0,1.4415239404335507
402050,9,20,40,0,8,1,1361.0,1.5797509787110324
402050,9,20,40,0,9,1,1497.0,1.2857706436404404
402050,9,20,40,0,10,1,2767.0,1.8897778565149101
402050,9,20,40,0,11,1,4039.0,1.8897778565149101
402050,9,20,40,0,12,1,2510.0,1.4981192976976037
402050,9,20,40,0,13,1,3973.0,0.8125753947410143
402050,9,20,40,0,14,1,2863.0,1.3333424526697784
402050,9,20,40,0,15,1,2650.0,0.9426344010268006
402050,9,20,40,0,16,1,1565.0,2.7359940430906096
402050,9,20,40,0,17,1,3986.0,2.1210522640281733
402050,9,20,40,0,18,1,1409.0,1.4156358447513102
402050,9,20,40,0,19,1,3225.0,1.735634987364695
402050,9,20,40,0,20,1,1702.0,1.4156358447513102
402050,9,20,40,0,21,1,1818.0,1.1073894280227778
402050,9,20,40,0,22,1,2527.0,1.714651316203029
402050,9,20,40,0,23,1,3728.0,1.7341682654106834
402050,9,20,40,0,24,1,3455.0,0.9426344010268006
402050,9,20,40,0,25,1,2638.0,2.1210522640281733
402050,9,20,40,0,26,1,3545.0,1.1073894280227778
402050,9,20,40,0,27,1,4023.0,1.471615372104228
402050,9,20,40,0,28,1,4534.0,1.7341682654106834
402050,9,20,40,0,29,1,3072.0,1.471615372104228
402050,9,20,40,0,30,1,2447.0,1.735634987364695
402050,9,20,40,0,31,1,3020.0,2.7359940430906096
402050,9,20,40,0,32,1,2626.0,0.8125753947410143
402050,9,20,40,0,33,1,3826.0,1.714651316203029
402050,9,20,40,0,34,1,1717.0,1.1621512400768128
402050,9,20,40,0,35,1,1961.0,1.2857706436404404
402050,9,20,40,0,36,1,4040.0,2.050182254651127
402050,9,20,40,0,37,1,3349.0,1.5978990490077374
402050,9,20,40,0,38,1,1568.0,1.1621512400768128
402050,9,20,40,0,39,1,4392.0,1.5797509787110324
402050,9,20,40,0,40,1,2469.0,1.302003896957602
402051,10,20,40,0,1,1,2127.0,3.167131004034407
402051,10,20,40,0,2,1,3065.0,1.5653347630746943
402051,10,20,40,0,3,1,4302.0,2.9308856538190216
402051,10,20,40,0,4,1,2405.0,1.4026886164203454
402051,10,20,40,0,5,1,4704.0,1.8126579054199272
402051,10,20,40,0,6,1,4569.0,1.0670220741860406
402051,10,20,40,0,7,1,3193.0,1.5483674919590094
402051,10,20,40,0,8,1,1275.0,1.526631126990541
402051,10,20,40,0,9,1,2631.0,2.2491901314761136
402051,10,20,40,0,10,1,1816.0,0.9216690378140207
402051,10,20,40,0,11,1,2442.0,1.6228752253370697
402051,10,20,40,0,12,1,2023.0,1.5653347630746943
402051,10,20,40,0,13,1,3585.0,2.2491901314761136
402051,10,20,40,0,14,1,1829.0,1.8126579054199272
402051,10,20,40,0,15,1,1455.0,1.1882930801880744
402051,10,20,40,0,16,1,3450.0,1.7598526009507425
402051,10,20,40,0,17,1,4665.0,2.9308856538190216
402051,10,20,40,0,18,1,1266.0,1.1882930801880744
402051,10,20,40,0,19,1,1654.0,3.167131004034407
402051,10,20,40,0,20,0,3938.0,
402051,10,20,40,0,21,1,1595.0,1.828134074034204
402051,10,20,40,0,22,1,2121.0,1.5404306960887038
402051,10,20,40,0,23,1,1930.0,1.5404306960887038
402051,10,20,40,0,24,0,4476.0,
402051,10,20,40,0,25,1,3291.0,1.1774103367364932
402051,10,20,40,0,26,1,1819.0,0.9216690378140207
402051,10,20,40,0,27,1,4515.0,1.7598526009507425
402051,10,20,40,0,28,1,4263.0,2.1483587843466694
402051,10,20,40,0,29,1,3697.0,2.1483587843466694
402051,10,20,40,0,30,1,2737.0,1.0497325324689712
402051,10,20,40,0,31,1,1498.0,1.0670220741860406
402051,10,20,40,0,32,1,3412.0,1.1774103367364932
402051,10,20,40,0,33,1,3260.0,1.526631126990541
402051,10,20,40,0,34,1,3354.0,1.3533453672004332
402051,10,20,40,0,35,1,3796.0,1.5483674919590094
402051,10,20,40,0,36,1,2444.0,1.6228752253370697
402051,10,20,40,0,37,1,4613.0,1.4026886164203454
402051,10,20,40,0,38,1,3053.0,1.3533453672004332
402051,10,20,40,0,39,1,2703.0,1.828134074034204
402051,10,20,40,0,40,1,2171.0,1.0497325324689712
303042,1,30,30,0,1,1,2296.0,1.386471301799169
303042,1,30,30,0,2,1,3689.0,1.455352305813535
303042,1,30,30,0,3,1,1281.0,1.1849752061948915
303042,1,30,30,0,4,1,3609.0,1.440198798183169
303042,1,30,30,0,5,1,3961.0,1.386471301799169
303042,1,30,30,0,6,1,3222.0,2.1545068650610473
303042,1,30,30,0,7,1,3850.0,1.0467999081731134
303042,1,30,30,0,8,1,4312.0,1.587059690931848
303042,1,30,30,0,9,1,2355.0,2.2654908943443144
303042,1,30,30,0,10,1,2590.0,0.8928390171832387
303042,1,30,30,0,11,1,1552.0,1.1849752061948915
303042,1,30,30,0,12,1,2995.0,1.4046926623617024
303042,1,30,30,0,13,1,2302.0,2.2654908943443144
303042,1,30,30,0,14,1,2173.0,1.440198798183169
303042,1,30,30,0,15,1,1655.0,1.2463218532498201
303042,1,30,30,0,16,1,4622.0,1.9833538083375757
303042,1,30,30,0,17,1,2844.0,1.5882905038902386
303042,1,30,30,0,18,1,2263.0,1.1237010695706926
303042,1,30,30,0,19,1,4376.0,1.0680675063025469
303042,1,30,30,0,20,1,4120.0,1.0931788372742426
303042,1,30,30,0,21,1,4370.0,1.455352305813535
303042,1,30,30,0,22,1,1564.0,1.5882905038902386
303042,1,30,30,0,23,1,4451.0,1.9833538083375757
303042,1,30,30,0,24,1,4168.0,1.2463218532498201
303042,1,30,30,0,25,1,3800.0,1.587059690931848
303042,1,30,30,0,26,1,1215.0,0.8928390171832387
303042,1,30,30,0,27,1,4565.0,1.0577541954249314
303042,1,30,30,0,28,1,1599.0,1.4046926623617024
303042,1,30,30,0,29,1,4706.0,1.3713313311694872
303042,1,30,30,0,30,1,2626.0,1.0000017352826343
303043,2,30,30,0,1,1,2548.0,1.2214951668366472
303043,2,30,30,0,2,1,3596.0,1.2960095620960324
303043,2,30,30,0,3,0,3177.0,
303043,2,30,30,0,4,1,3717.0,1.867732202560548
303043,2,30,30,0,5,1,1849.0,1.6134273270349218
303043,2,30,30,0,6,1,4082.0,1.107674955962675
303043,2,30,30,0,7,1,1485.0,1.4956952787853586
303043,2,30,30,0,8,1,3657.0,1.3345041347444215
303043,2,30,30,0,9,1,2598.0,0.9343614700263394
303043,2,30,30,0,10,1,2842.0,7.46454857574835
303043,2,30,30,0,11,1,1762.0,7.46454857574835
303043,2,30,30,0,12,1,3414.0,1.2960095620960324
303043,2,30,30,0,13,1,1772.0,1.4956952787853586
303043,2,30,30,0,14,1,3738.0,1.6134273270349218
303043,2,30,30,0,15,1,4526.0,1.1601497436520474
303043,2,30,30,0,16,0,3684.0,
303043,2,30,30,0,17,1,1908.0,1.4806124746519478
303043,2,30,30,0,18,1,4198.0,2.7795658599585473
303043,2,30,30,0,19,1,1743.0,1.2422419758343535
303043,2,30,30,0,20,1,3303.0,1.9710285907629848
303043,2,30,30,0,21,1,4800.0,1.190868445475807
303043,2,30,30,0,22,1,4740.0,1.190868445475807
303043,2,30,30,0,23,1,3254.0,1.7812952649094163
303043,2,30,30,0,24,1,3377.0,1.1601497436520474
303043,2,30,30,0,25,1,4516.0,1.4806124746519478
303043,2,30,30,0,26,1,3396.0,1.3345041347444215
303043,2,30,30,0,27,1,2920.0,1.107674955962675
303043,2,30,30,0,28,1,2417.0,1.7812952649094163
303043,2,30,30,0,29,1,1379.0,0.9343614700263394
303043,2,30,30,0,30,1,2940.0,1.867732202560548
303044,3,30,30,0,1,1,1910.0,1.2929304716078187
303044,3,30,30,0,2,1,1924.0,1.0380537241927468
303044,3,30,30,0,3,1,3256.0,1.5528835209681127
303044,3,30,30,0,4,1,2540.0,1.554894960098325
303044,3,30,30,0,5,1,3840.0,2.6057365037692235
303044,3,30,30,0,6,1,1832.0,1.5528835209681127
303044,3,30,30,0,7,1,3332.0,1.4493636331930213
303044,3,30,30,0,8,1,3959.0,1.2929304716078187
303044,3,30,30,0,9,1,4211.0,1.387536461546145
303044,3,30,30,0,10,1,3990.0,1.4493636331930213
303044,3,30,30,0,11,1,2707.0,2.167344296281645
303044,3,30,30,0,12,1,3108.0,1.6929013127949033
303044,3,30,30,0,13,1,2267.0,1.4724336212352607
303044,3,30,30,0,14,1,2965.0,2.6057365037692235
303044,3,30,30,0,15,1,4137.0,1.8513601349978912
303044,3,30,30,0,16,1,1972.0,1.3919671084651306
303044,3,30,30,0,17,1,2350.0,0.9518146789683956
303044,3,30,30,0,18,1,1548.0,1.8513601349978912
303044,3,30,30,0,19,1,1893.0,2.167344296281645
303044,3,30,30,0,20,1,2437.0,1.3919671084651306
303044,3,30,30,0,21,1,1560.0,1.6832133170549828
303044,3,30,30,0,22,1,1802.0,0.9518146789683956
303044,3,30,30,0,23,1,2037.0,1.4724336212352607
303044,3,30,30,0,24,1,4414.0,1.456367118885066
303044,3,30,30,0,25,1,4661.0,1.456367118885066
303044,3,30,30,0,26,1,4604.0,1.6832133170549828
303044,3,30,30,0,27,1,4641.0,1.0528004960841122
303044,3,30,30,0,28,1,3208.0,1.6929013127949033
303044,3,30,30,0,29,1,2109.0,1.387536461546145
303044,3,30,30,0,30,1,2522.0,1.554894960098325
303045,4,30,30,0,1,1,4057.0,1.192240494527449
303045,4,30,30,0,2,1,3098.0,1.8924933625415157
303045,4,30,30,0,3,1,1356.0,1.9482913077908535
303045,4,30,30,0,4,1,1602.0,1.299259307277925
303045,4,30,30,0,5,1,1772.0,1.3831914478734455
303045,4,30,30,0,6,1,3962.0,1.2489962095229654
303045,4,30,30,0,7,1,4245.0,1.3831914478734455
303045,4,30,30,0,8,1,2580.0,0.7566644657557043
303045,4,30,30,0,9,1,1980.0,1.5653294565626699
303045,4,30,30,0,10,1,1269.0,0.7566644657557043
303045,4,30,30,0,11,1,4552.0,1.9482913077908535
303045,4,30,30,0,12,1,3208.0,1.8924933625415157
303045,4,30,30,0,13,1,2021.0,1.5653294565626699
303045,4,30,30,0,14,1,3809.0,1.299259307277925
303045,4,30,30,0,15,1,1253.0,1.4463252304882992
303045,4,30,30,0,16,1,1421.0,1.2489962095229654
303045,4,30,30,0,17,1,3828.0,1.1705877974216965
303045,4,30,30,0,18,1,1323.0,1.4463252304882992
303045,4,30,30,0,19,1,1981.0,1.185616799271869
303045,4,30,30,0,20,1,3222.0,1.2907735997114882
303045,4,30,30,0,21,1,2118.0,1.1970523270242515
303045,4,30,30,0,22,0,1762.0,
303045,4,30,30,0,23,1,2742.0,1.000000795980616
303045,4,30,30,0,24,1,4488.0,0.936961539602372
303045,4,30,30,0,25,1,3113.0,0.936961539602372
303045,4,30,30,0,26,1,4583.0,1.1705877974216965
303045,4,30,30,0,27,1,2393.0,1.3820359461333744
303045,4,30,30,0,28,1,4279.0,1.1970523270242515
303045,4,30,30,0,29,0,3196.0,
303045,4,30,30,0,30,1,4433.0,1.000000795980616
303046,5,30,30,0,1,1,3893.0,3.0477318156306312
303046,5,30,30,0,2,1,1911.0,1.1989092122494687
303046,5,30,30,0,3,1,1644.0,1.1885722282355697
303046,5,30,30,0,4,1,4031.0,3.0477318156306312
303046,5,30,30,0,5,1,3608.0,0.9480606397645643
303046,5,30,30,0,6,1,1512.0,1.2253265632920467
303046,5,30,30,0,7,1,2320.0,1.0638722681707642
303046,5,30,30,0,8,1,3635.0,1.4003011804053571
303046,5,30,30,0,9,1,4518.0,0.9405544249299398
303046,5,30,30,0,10,1,1888.0,1.250214062206783
303046,5,30,30,0,11,1,3520.0,1.250214062206783
303046,5,30,30,0,12,1,4450.0,1.1989092122494687
303046,5,30,30,0,13,1,1697.0,0.9405544249299398
303046,5,30,30,0,14,1,1433.0,0.9480606397645643
303046,5,30,30,0,15,1,1483.0,1.0638722681707642
303046,5,30,30,0,16,1,3227.0,1.1405440384427825
303046,5,30,30,0,17,1,2246.0,1.6509491850636082
303046,5,30,30,0,18,1,2062.0,2.4982767807631427
303046,5,30,30,0,19,1,1339.0,1.8696259831381203
303046,5,30,30,0,20,1,3422.0,2.4982767807631427
303046,5,30,30,0,21,1,2366.0,1.1153938706610846
303046,5,30,30,0,22,1,4286.0,1.185140948677134
303046,5,30,30,0,23,1,3043.0,1.185140948677134
303046,5,30,30,0,24,1,2884.0,1.4003011804053571
303046,5,30,30,0,25,1,2265.0,1.6509491850636082
303046,5,30,30,0,26,1,3795.0,1.1153938706610846
303046,5,30,30,0,27,1,4047.0,1.1840345604808413
303046,5,30,30,0,28,0,4228.0,
303046,5,30,30,0,29,1,4086.0,1.282331297871027
303046,5,30,30,0,30,1,2725.0,1.1885722282355697
303047,6,30,30,0,1,1,4182.0,1.9898404416967794
303047,6,30,30,0,2,1,3219.0,1.8523227546111967
303047,6,30,30,0,3,1,3329.0,1.1875575363056274
303047,6,30,30,0,4,1,2958.0,1.9898404416967794
303047,6,30,30,0,5,1,4446.0,1.5317855022089786
303047,6,30,30,0,6,1,1353.0,1.1875575363056274
303047,6,30,30,0,7,1,4387.0,2.2693620847837477
303047,6,30,30,0,8,1,4670.0,1.4791529115474937
303047,6,30,30,0,9,1,1983.0,2.4689631980394866
303047,6,30,30,0,10,1,2416.0,1.324134121174363
303047,6,30,30,0,11,1,3037.0,1.324134121174363
303047,6,30,30,0,12,1,1471.0,1.8523227546111967
303047,6,30,30,0,13,1,3172.0,1.641016023982737
303047,6,30,30,0,14,1,3845.0,1.5317855022089786
303047,6,30,30,0,15,1,4521.0,1.539012911415921
303047,6,30,30,0,16,1,4149.0,2.2693620847837477
303047,6,30,30,0,17,1,1888.0,1.4752458603009164
303047,6,30,30,0,18,1,4676.0,1.1541554495239141
303047,6,30,30,0,19,1,4662.0,1.115658063806335
303047,6,30,30,0,20,1,4273.0,1.539012911415921
303047,6,30,30,0,21,1,4682.0,1.5677240035256281
303047,6,30,30,0,22,1,3089.0,1.0972954809415738
303047,6,30,30,0,23,1,1322.0,1.0972954809415738
303047,6,30,30,0,24,1,1295.0,1.4791529115474937
303047,6,30,30,0,25,1,3075.0,1.4752458603009164
303047,6,30,30,0,26,1,3479.0,1.3361958107673668
303047,6,30,30,0,27,1,2899.0,1.641016023982737
303047,6,30,30,0,28,1,2940.0,1.5677240035256281
303047,6,30,30,0,29,1,2982.0,2.4689631980394866
303047,6,30,30,0,30,0,1210.0,
303048,7,30,30,0,1,1,1767.0,1.541591110056048
303048,7,30,30,0,2,1,3863.0,1.3782024283547496
303048,7,30,30,0,3,1,1916.0,3.3170880569587102
303048,7,30,30,0,4,1,4798.0,0.9462698900672931
303048,7,30,30,0,5,1,3510.0,1.1982305687604535
303048,7,30,30,0,6,1,4666.0,3.3170880569587102
303048,7,30,30,0,7,1,3464.0,1.1982305687604535
303048,7,30,30,0,8,1,3082.0,1.4748579424744919
303048,7,30,30,0,9,1,1406.0,1.629466762560362
303048,7,30,30,0,10,1,3606.0,1.172197723047666
303048,7,30,30,0,11,1,4035.0,1.172197723047666
303048,7,30,30,0,12,1,2810.0,1.3782024283547496
303048,7,30,30,0,13,1,1540.0,1.629466762560362
303048,7,30,30,0,14,1,3618.0,0.9462698900672931
303048,7,30,30,0,15,1,3556.0,1.5468327379166673
303048,7,30,30,0,16,1,3596.0,1.403001801869902
303048,7,30,30,0,17,1,4637.0,1.9035752000990473
303048,7,30,30,0,18,1,1671.0,1.195659330610254
303048,7,30,30,0,19,1,4608.0,0.7745130663488432
303048,7,30,30,0,20,1,1649.0,1.195659330610254
303048,7,30,30,0,21,1,3622.0,1.1210233696925396
303048,7,30,30,0,22,1,3276.0,1.9035752000990473
303048,7,30,30,0,23,0,2346.0,
303048,7,30,30,0,24,1,2373.0,1.1210233696925396
303048,7,30,30,0,25,1,4253.0,2.1600790621592143
303048,7,30,30,0,26,1,3801.0,1.3287205492897347
303048,7,30,30,0,27,1,3481.0,1.4696168159682055
303048,7,30,30,0,28,1,1447.0,1.4748579424744919
303048,7,30,30,0,29,1,3957.0,1.5468327379166673
303048,7,30,30,0,30,1,4655.0,0.7745130663488432
303049,8,30,30,0,1,1,3746.0,1.2434733368221305
303049,8,30,30,0,2,1,1233.0,1.70542120731164
303049,8,30,30,0,3,1,1761.0,1.2656930520800316
303049,8,30,30,0,4,1,4115.0,1.2434733368221305
303049,8,30,30,0,5,1,2058.0,1.2774371716444963
303049,8,30,30,0,6,1,3372.0,1.219117860148171
303049,8,30,30,0,7,1,3208.0,1.2774371716444963
303049,8,30,30,0,8,1,3905.0,1.65394612541896
303049,8,30,30,0,9,1,3574.0,1.5710797265454934
303049,8,30,30,0,10,1,4091.0,2.0986492778391326
303049,8,30,30,0,11,1,2969.0,1.2656930520800316
303049,8,30,30,0,12,1,3375.0,1.70542120731164
303049,8,30,30,0,13,1,2832.0,1.5710797265454934
303049,8,30,30,0,14,1,1929.0,1.5807734153091249
303049,8,30,30,0,15,1,4483.0,1.897251704776495
303049,8,30,30,0,16,0,2248.0,
303049,8,30,30,0,17,1,3150.0,1.6081986817587668
303049,8,30,30,0,18,1,3319.0,1.897251704776495
303049,8,30,30,0,19,1,3262.0,2.0314290083079904
303049,8,30,30,0,20,1,2775.0,1.1816513526102574
303049,8,30,30,0,21,1,3002.0,1.6540193823269527
303049,8,30,30,0,22,1,3323.0,1.6081986817587668
303049,8,30,30,0,23,1,2102.0,1.9477940829949578
303049,8,30,30,0,24,1,4798.0,1.65394612541896
303049,8,30,30,0,25,1,2181.0,2.0314290083079904
303049,8,30,30,0,26,1,1266.0,1.6540193823269527
303049,8,30,30,0,27,1,3534.0,1.0
303049,8,30,30,0,28,1,3289.0,1.9477940829949578
303049,8,30,30,0,29,1,1233.0,2.0986492778391326
303049,8,30,30,0,30,1,3265.0,1.4110161898939644
303050,9,30,30,0,1,1,3556.0,1.5399296226986097
303050,9,30,30,0,2,1,4769.0,1.2114865193066022
303050,9,30,30,0,3,1,2356.0,1.1361963565270494
303050,9,30,30,0,4,1,1905.0,1.173377702486117
303050,9,30,30,0,5,1,4148.0,0.846651185679231
303050,9,30,30,0,6,1,4178.0,0.7912226550172871
303050,9,30,30,0,7,1,3658.0,0.846651185679231
303050,9,30,30,0,8,1,2703.0,1.5399296226986097
303050,9,30,30,0,9,1,4407.0,1.4703931776409338
303050,9,30,30,0,10,1,2738.0,1.3755090855148073
303050,9,30,30,0,11,1,3871.0,1.3755090855148073
303050,9,30,30,0,12,1,3178.0,1.2114865193066022
303050,9,30,30,0,13,1,4134.0,2.28517061034548
303050,9,30,30,0,14,1,1940.0,1.4703931776409338
303050,9,30,30,0,15,1,2016.0,2.0513944894392337
303050,9,30,30,0,16,0,3739.0,
303050,9,30,30,0,17,1,4377.0,1.692405756468934
303050,9,30,30,0,18,1,1598.0,2.0513944894392337
303050,9,30,30,0,19,1,4413.0,1.104472556909405
303050,9,30,30,0,20,1,1384.0,1.1456738303002039
303050,9,30,30,0,21,1,3070.0,1.7311436123749553
303050,9,30,30,0,22,1,3255.0,1.692405756468934
303050,9,30,30,0,23,1,4246.0,1.1456738303002039
303050,9,30,30,0,24,1,4037.0,2.3857218312021713
303050,9,30,30,0,25,1,4691.0,2.3857218312021713
303050,9,30,30,0,26,1,3983.0,0.7912226550172871
303050,9,30,30,0,27,1,3749.0,1.173377702486117
303050,9,30,30,0,28,1,2293.0,1.7311436123749553
303050,9,30,30,0,29,1,1836.0,1.7145949686458943
303050,9,30,30,0,30,1,1726.0,2.28517061034548
303051,10,30,30,0,1,1,2829.0,1.6477619641248187
303051,10,30,30,0,2,0,4538.0,
303051,10,30,30,0,3,1,2242.0,1.4996872461461508
303051,10,30,30,0,4,1,4614.0,1.2296696174609063
303051,10,30,30,0,5,1,4650.0,1.159065980674023
303051,10,30,30,0,6,1,1820.0,1.4996872461461508
303051,10,30,30,0,7,1,2034.0,1.159065980674023
303051,10,30,30,0,8,1,4302.0,1.6477619641248187
303051,10,30,30,0,9,1,3455.0,1.9492242819198244
303051,10,30,30,0,10,1,1789.0,1.3730793836678485
303051,10,30,30,0,11,1,3905.0,1.3730793836678485
303051,10,30,30,0,12,1,3194.0,1.6226697939185524
303051,10,30,30,0,13,1,3228.0,1.9492242819198244
303051,10,30,30,0,14,1,3470.0,3.060248190431898
303051,10,30,30,0,15,1,3162.0,1.7318620551585229
303051,10,30,30,0,16,1,1598.0,1.1878052613906702
303051,10,30,30,0,17,1,2621.0,2.2694702071998116
303051,10,30,30,0,18,1,1374.0,1.6226697939185524
303051,10,30,30,0,19,1,3405.0,1.1643610425520832
303051,10,30,30,0,20,1,4077.0,1.8975404870562578
303051,10,30,30,0,21,1,3998.0,2.1195443541884105
303051,10,30,30,0,22,1,2565.0,1.4223978779406528
303051,10,30,30,0,23,1,3275.0,1.7318620551585229
303051,10,30,30,0,24,1,1253.0,1.1866190399671874
303051,10,30,30,0,25,1,4645.0,2.2694702071998116
303051,10,30,30,0,26,1,2719.0,1.1866190399671874
303051,10,30,30,0,27,1,4717.0,1.1878052613906702
303051,10,30,30,0,28,1,2377.0,2.1195443541884105
303051,10,30,30,0,29,1,2587.0,3.060248190431898
303051,10,30,30,0,30,1,4558.0,1.2296696174609063
603042,1,30,60,0,1,1,1379.0,1.0577211769110415
603042,1,30,60,0,2,1,2932.0,1.4008973540763576
603042,1,30,60,0,3,1,4098.0,1.3131530120199748
603042,1,30,60,0,4,1,2508.0,1.2041999357278819
603042,1,30,60,0,5,1,2961.0,1.2658794967694313
603042,1,30,60,0,6,1,1347.0,1.7073158980137322
603042,1,30,60,0,7,1,3314.0,2.6528645410495906
603042,1,30,60,0,8,1,1438.0,1.0343229570477512
603042,1,30,60,0,9,1,2169.0,1.7073158980137322
603042,1,30,60,0,10,1,2562.0,1.6085304486237313
603042,1,30,60,0,11,1,2211.0,1.0577211769110415
603042,1,30,60,0,12,1,2321.0,1.5501375911529904
603042,1,30,60,0,13,1,2422.0,1.127731321537272
603042,1,30,60,0,14,1,2136.0,2.379502848519914
603042,1,30,60,0,15,1,2873.0,3.4657638694989146
603042,1,30,60,0,16,1,3438.0,1.4139709300619487
603042,1,30,60,0,17,1,3752.0,1.250756964069439
603042,1,30,60,0,18,1,3147.0,1.1779496293095653
603042,1,30,60,0,19,1,2783.0,2.379502848519914
603042,1,30,60,0,20,1,4643.0,1.7854952740116383
603042,1,30,60,0,21,1,4731.0,1.3131530120199748
603042,1,30,60,0,22,1,1340.0,1.4106447987964004
603042,1,30,60,0,23,1,2439.0,0.912361160587418
603042,1,30,60,0,24,1,3174.0,1.7572529728812336
603042,1,30,60,0,25,1,4550.0,0.912361160587418
603042,1,30,60,0,26,1,4635.0,2.367926455762862
603042,1,30,60,0,27,1,1941.0,1.286755106578266
603042,1,30,60,0,28,1,1971.0,1.2687928833529492
603042,1,30,60,0,29,1,2249.0,1.6085304486237313
603042,1,30,60,0,30,1,2856.0,1.127731321537272
603042,1,30,60,0,31,1,4391.0,1.4667373595046376
603042,1,30,60,0,32,1,3236.0,1.4106447987964004
603042,1,30,60,0,33,1,1420.0,1.7854952740116383
603042,1,30,60,0,34,1,4603.0,1.3277546066281662
603042,1,30,60,0,35,1,4385.0,2.8004206640482465
603042,1,30,60,0,36,0,2527.0,
603042,1,30,60,0,37,1,1888.0,1.2041999357278819
603042,1,30,60,0,38,1,4246.0,2.367926455762862
603042,1,30,60,0,39,0,1849.0,
603042,1,30,60,0,40,1,3710.0,1.3277546066281662
603042,1,30,60,0,41,1,4016.0,1.4667373595046376
603042,1,30,60,0,42,1,2422.0,1.0343229570477512
603042,1,30,60,0,43,1,4235.0,1.2658794967694313
603042,1,30,60,0,44,1,3056.0,1.7572529728812336
603042,1,30,60,0,45,1,4265.0,0.9817333077725167
603042,1,30,60,0,46,1,2222.0,3.4657638694989146
603042,1,30,60,0,47,1,4437.0,1.2687928833529492
603042,1,30,60,0,48,1,2776.0,1.1779496293095653
603042,1,30,60,0,49,1,1688.0,1.286755106578266
603042,1,30,60,0,50,1,2033.0,1.250756964069439
603042,1,30,60,0,51,1,2454.0,1.4139709300619487
603042,1,30,60,0,52,1,2420.0,0.9817333077725167
603042,1,30,60,0,53,1,2067.0,1.4008973540763576
603042,1,30,60,0,54,1,4058.0,2.8994878803241715
603042,1,30,60,0,55,1,4701.0,2.8004206640482465
603042,1,30,60,0,56,1,4764.0,1.5501375911529904
603042,1,30,60,0,57,1,2830.0,1.892535019058526
603042,1,30,60,0,58,1,2601.0,2.8994878803241715
603042,1,30,60,0,59,1,1413.0,2.6528645410495906
603042,1,30,60,0,60,1,3523.0,1.892535019058526
603043,2,30,60,0,1,1,2530.0,0.7574696248945174
603043,2,30,60,0,2,1,2014.0,1.326146813886312
603043,2,30,60,0,3,1,1689.0,1.4510877682402048
603043,2,30,60,0,4,1,2164.0,1.1909813681323487
603043,2,30,60,0,5,1,1608.0,0.9383717600497485
603043,2,30,60,0,6,1,3941.0,1.464757658483618
603043,2,30,60,0,7,1,4588.0,1.3410509259481198
603043,2,30,60,0,8,1,3509.0,0.9136113925037014
603043,2,30,60,0,9,1,3244.0,0.6604849212613153
603043,2,30,60,0,10,1,2551.0,0.7574696248945174
603043,2,30,60,0,11,1,1470.0,1.2208828050823892
603043,2,30,60,0,12,1,4784.0,1.326146813886312
603043,2,30,60,0,13,1,4010.0,1.33526018670869
603043,2,30,60,0,14,1,2269.0,1.1909813681323487
603043,2,30,60,0,15,1,3113.0,1.8236561866125764
603043,2,30,60,0,16,1,1463.0,1.4510877682402048
603043,2,30,60,0,17,1,4024.0,0.6604849212613153
603043,2,30,60,0,18,0,3012.0,
603043,2,30,60,0,19,1,2174.0,3.466807139818059
603043,2,30,60,0,20,1,4468.0,0.9136113925037014
603043,2,30,60,0,21,1,2532.0,1.0922775017164317
603043,2,30,60,0,22,1,2777.0,1.0408492407692593
603043,2,30,60,0,23,1,2014.0,1.0408492407692593
603043,2,30,60,0,24,1,2482.0,1.2583893278913765
603043,2,30,60,0,25,1,1835.0,1.8723846812675884
603043,2,30,60,0,26,1,3787.0,1.140269692478959
603043,2,30,60,0,27,1,4674.0,1.464757658483618
603043,2,30,60,0,28,1,3203.0,1.0922775017164317
603043,2,30,60,0,29,1,2170.0,1.3377256225205307
603043,2,30,60,0,30,1,4111.0,1.2615320783683797
603043,2,30,60,0,31,1,2162.0,1.5321116677777202
603043,2,30,60,0,32,1,4260.0,1.5353223401321636
603043,2,30,60,0,33,1,3152.0,2.0631747970495846
603043,2,30,60,0,34,1,2836.0,1.2583893278913765
603043,2,30,60,0,35,1,2746.0,1.2738835545145963
603043,2,30,60,0,36,1,3984.0,0.9383717600497485
603043,2,30,60,0,37,0,3940.0,
603043,2,30,60,0,38,1,4342.0,1.3410509259481198
603043,2,30,60,0,39,1,2992.0,0.6211623573052798
603043,2,30,60,0,40,1,1374.0,1.21045796572924
603043,2,30,60,0,41,1,2695.0,1.8723846812675884
603043,2,30,60,0,42,1,1568.0,3.466807139818059
603043,2,30,60,0,43,1,2952.0,1.2208828050823892
603043,2,30,60,0,44,1,1418.0,2.1005525047547335
603043,2,30,60,0,45,1,3036.0,1.3377256225205307
603043,2,30,60,0,46,1,4491.0,1.8236561866125764
603043,2,30,60,0,47,1,1620.0,0.6211623573052798
603043,2,30,60,0,48,1,1665.0,1.21045796572924
603043,2,30,60,0,49,1,3059.0,2.0631747970495846
603043,2,30,60,0,50,1,1573.0,1.5353223401321636
603043,2,30,60,0,51,1,2305.0,2.1005525047547335
603043,2,30,60,0,52,1,2309.0,1.2615320783683797
603043,2,30,60,0,53,1,1969.0,1.33526018670869
603043,2,30,60,0,54,1,2749.0,1.2647251178408214
603043,2,30,60,0,55,1,1674.0,1.2738835545145963
603043,2,30,60,0,56,1,4077.0,1.2647251178408214
603043,2,30,60,0,57,1,2667.0,1.5321116677777202
603043,2,30,60,0,58,1,4162.0,1.140269692478959
603043,2,30,60,0,59,1,2461.0,0.8089170140204622
603043,2,30,60,0,60,1,3410.0,0.8089170140204622
603044,3,30,60,0,1,1,1764.0,1.4213066516382085
603044,3,30,60,0,2,1,1313.0,1.1348271365962652
603044,3,30,60,0,3,1,3779.0,2.8780086854895073
603044,3,30,60,0,4,1,1507.0,2.8780086854895073
603044,3,30,60,0,5,1,4388.0,1.3293510085077453
603044,3,30,60,0,6,1,1353.0,1.3483324747250154
603044,3,30,60,0,7,1,1700.0,1.9620540406355809
603044,3,30,60,0,8,1,2855.0,1.0469731365988908
603044,3,30,60,0,9,1,1355.0,1.5312653442919852
603044,3,30,60,0,10,1,2739.0,1.3906597730541577
603044,3,30,60,0,11,1,4629.0,1.7058851672132516
603044,3,30,60,0,12,1,2293.0,2.63891344752717
603044,3,30,60,0,13,1,4103.0,1.0469731365988908
603044,3,30,60,0,14,1,2901.0,1.9620540406355809
603044,3,30,60,0,15,1,2743.0,1.328011396838734
603044,3,30,60,0,16,0,2202.0,
603044,3,30,60,0,17,1,4469.0,1.031018374062262
603044,3,30,60,0,18,1,3217.0,1.2665586925614138
603044,3,30,60,0,19,1,2731.0,1.2276626055663447
603044,3,30,60,0,20,1,4271.0,1.3483324747250154
603044,3,30,60,0,21,1,1396.0,1.225793417656962
603044,3,30,60,0,22,1,1947.0,1.3658796942057416
603044,3,30,60,0,23,1,2676.0,1.221844113586916
603044,3,30,60,0,24,1,3401.0,1.400873993909726
603044,3,30,60,0,25,1,4158.0,1.7407491991957702
603044,3,30,60,0,26,1,3512.0,0.8271635837454667
603044,3,30,60,0,27,1,3906.0,1.3313008563166033
603044,3,30,60,0,28,1,2048.0,1.166800294505275
603044,3,30,60,0,29,1,1904.0,1.3906597730541577
603044,3,30,60,0,30,1,3947.0,1.3293510085077453
603044,3,30,60,0,31,1,1480.0,1.400873993909726
603044,3,30,60,0,32,1,4650.0,1.3658796942057416
603044,3,30,60,0,33,1,1534.0,1.328011396838734
603044,3,30,60,0,34,1,1395.0,1.225793417656962
603044,3,30,60,0,35,1,3770.0,2.2411631014003555
603044,3,30,60,0,36,1,3438.0,1.0816809007201331
603044,3,30,60,0,37,1,3618.0,0.8332299354913695
603044,3,30,60,0,38,1,2386.0,1.221844113586916
603044,3,30,60,0,39,1,2570.0,1.7058851672132516
603044,3,30,60,0,40,1,3118.0,1.364990855333636
603044,3,30,60,0,41,1,3769.0,2.2411631014003555
603044,3,30,60,0,42,1,4333.0,1.1348271365962652
603044,3,30,60,0,43,0,3020.0,
603044,3,30,60,0,44,1,3037.0,0.8332299354913695
603044,3,30,60,0,45,1,3485.0,1.046700035480256
603044,3,30,60,0,46,1,3354.0,1.0816809007201331
603044,3,30,60,0,47,1,2715.0,1.166800294505275
603044,3,30,60,0,48,1,4344.0,0.8271635837454667
603044,3,30,60,0,49,1,2073.0,1.3313008563166033
603044,3,30,60,0,50,1,1200.0,1.2276626055663447
603044,3,30,60,0,51,1,3759.0,1.229250146072415
603044,3,30,60,0,52,1,4669.0,1.046700035480256
603044,3,30,60,0,53,1,2675.0,1.2665586925614138
603044,3,30,60,0,54,1,3367.0,1.364990855333636
603044,3,30,60,0,55,1,2524.0,1.7407491991957702
603044,3,30,60,0,56,1,2244.0,2.63891344752717
603044,3,30,60,0,57,1,3688.0,1.5312653442919852
603044,3,30,60,0,58,1,1788.0,1.4213066516382085
603044,3,30,60,0,59,1,2744.0,1.229250146072415
603044,3,30,60,0,60,1,4708.0,1.031018374062262
603045,4,30,60,0,1,1,2474.0,1.312490891083421
603045,4,30,60,0,2,1,2136.0,2.2666160191836813
603045,4,30,60,0,3,1,1213.0,1.500611935001715
603045,4,30,60,0,4,1,2976.0,1.4963188462486925
603045,4,30,60,0,5,1,3151.0,3.2198068516611684
603045,4,30,60,0,6,1,1944.0,1.4681487810555414
603045,4,30,60,0,7,1,4248.0,1.4397922329982804
603045,4,30,60,0,8,1,2972.0,1.7909073479757356
603045,4,30,60,0,9,1,3294.0,1.1384778468850694
603045,4,30,60,0,10,1,1737.0,1.8477384790650413
603045,4,30,60,0,11,1,1233.0,1.500611935001715
603045,4,30,60,0,12,1,2233.0,2.2666160191836813
603045,4,30,60,0,13,1,4201.0,1.1360301562682067
603045,4,30,60,0,14,1,3527.0,3.2198068516611684
603045,4,30,60,0,15,1,3722.0,1.5690911656645783
603045,4,30,60,0,16,0,1359.0,
603045,4,30,60,0,17,1,3247.0,1.8096123562828192
603045,4,30,60,0,18,1,2392.0,1.4076541977110375
603045,4,30,60,0,19,1,2691.0,2.014323090340122
603045,4,30,60,0,20,1,3470.0,1.3904628381674369
603045,4,30,60,0,21,1,2947.0,1.3904628381674369
603045,4,30,60,0,22,1,1660.0,1.8201058328845132
603045,4,30,60,0,23,1,2314.0,1.7455979546121778
603045,4,30,60,0,24,1,4023.0,1.3081746291500596
603045,4,30,60,0,25,1,3640.0,0.8658218955742542
603045,4,30,60,0,26,1,4589.0,1.213935089472539
603045,4,30,60,0,27,1,4398.0,1.7455979546121778
603045,4,30,60,0,28,1,3512.0,1.7909073479757356
603045,4,30,60,0,29,1,3724.0,1.1384778468850694
603045,4,30,60,0,30,1,3681.0,1.4963188462486925
603045,4,30,60,0,31,1,4475.0,1.3101243186882985
603045,4,30,60,0,32,1,4012.0,1.8201058328845132
603045,4,30,60,0,33,1,1979.0,2.03218684335831
603045,4,30,60,0,34,1,4778.0,1.5690911656645783
603045,4,30,60,0,35,1,2809.0,1.5478757561618763
603045,4,30,60,0,36,1,4048.0,1.0120249366322378
603045,4,30,60,0,37,1,3463.0,1.4681487810555414
603045,4,30,60,0,38,1,2180.0,2.1317803448267716
603045,4,30,60,0,39,1,4155.0,1.5229137473790937
603045,4,30,60,0,40,1,2010.0,1.4061228544183082
603045,4,30,60,0,41,1,3176.0,1.0120249366322378
603045,4,30,60,0,42,1,3380.0,1.4397922329982804
603045,4,30,60,0,43,1,3542.0,1.312490891083421
603045,4,30,60,0,44,1,4800.0,0.8658218955742542
603045,4,30,60,0,45,1,2529.0,1.1360301562682067
603045,4,30,60,0,46,1,3010.0,1.3081746291500596
603045,4,30,60,0,47,1,2500.0,1.5229137473790937
603045,4,30,60,0,48,1,2510.0,1.4061228544183082
603045,4,30,60,0,49,1,2813.0,2.03218684335831
603045,4,30,60,0,50,1,1352.0,1.4076541977110375
603045,4,30,60,0,51,1,4666.0,1.4407241607981305
603045,4,30,60,0,52,1,1368.0,1.4407241607981305
603045,4,30,60,0,53,1,3316.0,2.014323090340122
603045,4,30,60,0,54,0,4279.0,
603045,4,30,60,0,55,1,1413.0,1.5478757561618763
603045,4,30,60,0,56,1,4231.0,1.3101243186882985
603045,4,30,60,0,57,1,2304.0,1.8477384790650413
603045,4,30,60,0,58,1,1466.0,1.213935089472539
603045,4,30,60,0,59,1,4045.0,2.1317803448267716
603045,4,30,60,0,60,1,4704.0,1.8096123562828192
603046,5,30,60,0,1,0,2278.0,
603046,5,30,60,0,2,1,4279.0,1.4781216150850875
603046,5,30,60,0,3,1,2467.0,1.2531423879401693
603046,5,30,60,0,4,0,2697.0,
603046,5,30,60,0,5,1,3137.0,1.9739422737626993
603046,5,30,60,0,6,1,1676.0,6.444924197517561
603046,5,30,60,0,7,1,3188.0,1.9739422737626993
603046,5,30,60,0,8,1,3764.0,2.5972060869261724
603046,5,30,60,0,9,1,1745.0,1.4797298243907988
603046,5,30,60,0,10,1,4146.0,1.3320747944405027
603046,5,30,60,0,11,1,1463.0,1.3320747944405027
603046,5,30,60,0,12,1,2707.0,0.8424557682248801
603046,5,30,60,0,13,1,4098.0,1.4797298243907988
603046,5,30,60,0,14,1,1568.0,1.7713893962664549
603046,5,30,60,0,15,1,1259.0,1.8704929965890549
603046,5,30,60,0,16,1,1375.0,6.849692550134413
603046,5,30,60,0,17,1,4726.0,1.9385579608626986
603046,5,30,60,0,18,1,3992.0,1.6835136484942073
603046,5,30,60,0,19,1,4148.0,1.7713893962664549
603046,5,30,60,0,20,1,2916.0,1.6835136484942073
603046,5,30,60,0,21,1,2928.0,1.4940860270009888
603046,5,30,60,0,22,1,1207.0,1.9385579608626986
603046,5,30,60,0,23,1,3695.0,1.5515217831713766
603046,5,30,60,0,24,0,1599.0,
603046,5,30,60,0,25,1,3146.0,0.9698952503576899
603046,5,30,60,0,26,1,2130.0,2.0734411125647996
603046,5,30,60,0,27,1,1818.0,0.955878816201152
603046,5,30,60,0,28,1,2461.0,1.6859209603439667
603046,5,30,60,0,29,1,1209.0,6.444924197517561
603046,5,30,60,0,30,1,2444.0,0.9211340746957617
603046,5,30,60,0,31,1,4269.0,1.489649148397322
603046,5,30,60,0,32,1,3906.0,1.0705867287598356
603046,5,30,60,0,33,1,4090.0,6.849692550134413
603046,5,30,60,0,34,0,4581.0,
603046,5,30,60,0,35,1,1699.0,0.9211340746957617
603046,5,30,60,0,36,1,2845.0,1.3964721923666965
603046,5,30,60,0,37,0,2323.0,
603046,5,30,60,0,38,1,3135.0,0.8424557682248801
603046,5,30,60,0,39,1,3571.0,1.702142870292528
603046,5,30,60,0,40,1,4341.0,1.3964721923666965
603046,5,30,60,0,41,1,4693.0,1.33447037940955
603046,5,30,60,0,42,1,4430.0,1.6859209603439667
603046,5,30,60,0,43,1,3898.0,1.4940860270009888
603046,5,30,60,0,44,1,4224.0,0.955878816201152
603046,5,30,60,0,45,1,1401.0,1.2531423879401693
603046,5,30,60,0,46,0,2986.0,
603046,5,30,60,0,47,1,3338.0,1.702142870292528
603046,5,30,60,0,48,1,4230.0,2.0734411125647996
603046,5,30,60,0,49,1,1696.0,1.0705867287598356
603046,5,30,60,0,50,1,4321.0,2.8867098644409213
603046,5,30,60,0,51,1,2694.0,1.4781216150850875
603046,5,30,60,0,52,1,1904.0,1.33447037940955
603046,5,30,60,0,53,1,2295.0,2.8867098644409213
603046,5,30,60,0,54,1,3578.0,1.8704929965890549
603046,5,30,60,0,55,1,2213.0,0.9698952503576899
603046,5,30,60,0,56,1,2033.0,1.489649148397322
603046,5,30,60,0,57,1,2630.0,2.5972060869261724
603046,5,30,60,0,58,1,3158.0,1.44675528342018
603046,5,30,60,0,59,1,2754.0,1.5515217831713766
603046,5,30,60,0,60,1,3206.0,1.44675528342018
603047,6,30,60,0,1,1,4074.0,2.5136574150873616
603047,6,30,60,0,2,1,2189.0,1.5395310469984123
603047,6,30,60,0,3,1,3253.0,1.356755034756803
603047,6,30,60,0,4,1,1629.0,1.277493621405391
603047,6,30,60,0,5,1,2613.0,1.735814956409862
603047,6,30,60,0,6,1,4757.0,2.246244152273686
603047,6,30,60,0,7,1,4502.0,1.4480990333687167
603047,6,30,60,0,8,1,3825.0,1.295807404035095
603047,6,30,60,0,9,1,1963.0,1.5395310469984123
603047,6,30,60,0,10,1,2856.0,2.390290810605421
603047,6,30,60,0,11,1,2232.0,1.356755034756803
603047,6,30,60,0,12,1,1846.0,1.2402504537085524
603047,6,30,60,0,13,1,2481.0,1.6664303577860184
603047,6,30,60,0,14,1,2411.0,1.6664303577860184
603047,6,30,60,0,15,1,4194.0,1.892123026652648
603047,6,30,60,0,16,1,3121.0,1.295807404035095
603047,6,30,60,0,17,1,4084.0,1.3258658149791163
603047,6,30,60,0,18,1,1834.0,1.3670411322130156
603047,6,30,60,0,19,1,1840.0,1.585118911724037
603047,6,30,60,0,20,1,4390.0,1.3062239474206563
603047,6,30,60,0,21,1,4382.0,1.735814956409862
603047,6,30,60,0,22,1,4567.0,1.0254344630247028
603047,6,30,60,0,23,1,1571.0,1.3670411322130156
603047,6,30,60,0,24,1,4052.0,1.4975552483727925
603047,6,30,60,0,25,1,4638.0,1.585118911724037
603047,6,30,60,0,26,1,3983.0,1.0062077621643717
603047,6,30,60,0,27,1,3220.0,1.2134932288487843
603047,6,30,60,0,28,1,2691.0,1.3577630168361632
603047,6,30,60,0,29,1,3892.0,2.390290810605421
603047,6,30,60,0,30,0,4168.0,
603047,6,30,60,0,31,1,2392.0,2.5136574150873616
603047,6,30,60,0,32,1,4756.0,1.0254344630247028
603047,6,30,60,0,33,1,3660.0,1.6429381342639549
603047,6,30,60,0,34,1,1643.0,1.147734143695895
603047,6,30,60,0,35,1,1799.0,1.8884110202765818
603047,6,30,60,0,36,1,3423.0,1.0258612601060253
603047,6,30,60,0,37,1,3486.0,1.277493621405391
603047,6,30,60,0,38,1,3205.0,2.246244152273686
603047,6,30,60,0,39,0,3697.0,
603047,6,30,60,0,40,0,4054.0,
603047,6,30,60,0,41,1,2916.0,1.4480990333687167
603047,6,30,60,0,42,1,3191.0,1.0420038311308486
603047,6,30,60,0,43,1,2163.0,1.0420038311308486
603047,6,30,60,0,44,1,3085.0,1.4975552483727925
603047,6,30,60,0,45,1,4382.0,1.1387475076755906
603047,6,30,60,0,46,1,2294.0,1.6429381342639549
603047,6,30,60,0,47,1,2729.0,1.3577630168361632
603047,6,30,60,0,48,1,3632.0,1.0062077621643717
603047,6,30,60,0,49,1,3714.0,0.787526867290355
603047,6,30,60,0,50,1,3021.0,1.147734143695895
603047,6,30,60,0,51,1,1580.0,1.2134932288487843
603047,6,30,60,0,52,1,1915.0,1.1387475076755906
603047,6,30,60,0,53,1,2775.0,0.787526867290355
603047,6,30,60,0,54,1,4435.0,1.0258612601060253
603047,6,30,60,0,55,1,2781.0,1.8884110202765818
603047,6,30,60,0,56,1,2784.0,1.2402504537085524
603047,6,30,60,0,57,1,3193.0,1.892123026652648
603047,6,30,60,0,58,1,1819.0,1.3062239474206563
603047,6,30,60,0,59,0,2707.0,
603047,6,30,60,0,60,1,4280.0,1.3258658149791163
603048,7,30,60,0,1,1,2285.0,2.692062386774279
603048,7,30,60,0,2,1,4327.0,1.2416634262527557
603048,7,30,60,0,3,1,2559.0,0.9956146144119682
603048,7,30,60,0,4,1,1652.0,1.6591789585192498
603048,7,30,60,0,5,1,4016.0,1.669783412365099
603048,7,30,60,0,6,1,2483.0,2.057828970894128
603048,7,30,60,0,7,1,4027.0,1.390358857458177
603048,7,30,60,0,8,1,2937.0,1.0984040204839163
603048,7,30,60,0,9,1,3468.0,1.2875030784832486
603048,7,30,60,0,10,1,3342.0,1.364446087107277
603048,7,30,60,0,11,1,4541.0,1.364446087107277
603048,7,30,60,0,12,1,4157.0,1.2416634262527557
603048,7,30,60,0,13,1,4166.0,1.2875030784832486
603048,7,30,60,0,14,1,1374.0,1.669783412365099
603048,7,30,60,0,15,1,2743.0,0.8467892006118807
603048,7,30,60,0,16,1,4028.0,0.942276406495016
603048,7,30,60,0,17,1,2329.0,1.162302802635432
603048,7,30,60,0,18,1,2601.0,1.7688021798986366
603048,7,30,60,0,19,1,3761.0,1.7688021798986366
603048,7,30,60,0,20,1,1814.0,1.1549083732604264
603048,7,30,60,0,21,1,2891.0,1.5268936261306316
603048,7,30,60,0,22,1,4636.0,0.8846363334166092
603048,7,30,60,0,23,1,1941.0,1.138259501842338
603048,7,30,60,0,24,1,1781.0,0.9834881190039378
603048,7,30,60,0,25,1,2708.0,1.6334713338739664
603048,7,30,60,0,26,1,1272.0,1.575947253647124
603048,7,30,60,0,27,1,2928.0,1.7337713472734813
603048,7,30,60,0,28,1,2478.0,1.7545094809771529
603048,7,30,60,0,29,1,1734.0,1.0237787974005381
603048,7,30,60,0,30,1,2967.0,1.3205828713644465
603048,7,30,60,0,31,1,4081.0,2.057828970894128
603048,7,30,60,0,32,1,4003.0,0.8846363334166092
603048,7,30,60,0,33,1,3524.0,1.6591789585192498
603048,7,30,60,0,34,1,3143.0,2.1435315492536735
603048,7,30,60,0,35,1,1605.0,1.0033163914279541
603048,7,30,60,0,36,1,3597.0,1.138259501842338
603048,7,30,60,0,37,1,3357.0,0.9956146144119682
603048,7,30,60,0,38,1,1204.0,0.942276406495016
603048,7,30,60,0,39,1,1319.0,1.6334713338739664
603048,7,30,60,0,40,1,4624.0,1.3205828713644465
603048,7,30,60,0,41,0,1789.0,
603048,7,30,60,0,42,1,1913.0,1.7545094809771529
603048,7,30,60,0,43,1,3817.0,1.5268936261306316
603048,7,30,60,0,44,1,1955.0,0.9834881190039378
603048,7,30,60,0,45,1,2693.0,2.692062386774279
603048,7,30,60,0,46,1,4497.0,0.8467892006118807
603048,7,30,60,0,47,1,1782.0,1.5938919410334376
603048,7,30,60,0,48,1,2693.0,1.0984040204839163
603048,7,30,60,0,49,1,2144.0,1.5938919410334376
603048,7,30,60,0,50,1,4505.0,1.162302802635432
603048,7,30,60,0,51,1,4410.0,1.5407564982937527
603048,7,30,60,0,52,1,2830.0,1.1549083732604264
603048,7,30,60,0,53,1,4129.0,1.7337713472734813
603048,7,30,60,0,54,1,3388.0,1.390358857458177
603048,7,30,60,0,55,1,1661.0,1.0033163914279541
603048,7,30,60,0,56,0,3828.0,
603048,7,30,60,0,57,1,2818.0,2.1435315492536735
603048,7,30,60,0,58,1,4691.0,1.575947253647124
603048,7,30,60,0,59,1,4576.0,1.5407564982937527
603048,7,30,60,0,60,1,4692.0,1.0237787974005381
603049,8,30,60,0,1,1,2301.0,1.043470012005846
603049,8,30,60,0,2,1,1456.0,1.1151255276915772
603049,8,30,60,0,3,1,2504.0,1.2372198349823817
603049,8,30,60,0,4,1,4308.0,0.8412144894608297
603049,8,30,60,0,5,1,3570.0,1.043470012005846
603049,8,30,60,0,6,1,4407.0,1.242791805339721
603049,8,30,60,0,7,1,4413.0,2.0577924010348974
603049,8,30,60,0,8,1,4682.0,1.981247699688499
603049,8,30,60,0,9,1,2192.0,1.626713197969543
603049,8,30,60,0,10,1,3014.0,1.1839497892351811
603049,8,30,60,0,11,1,2680.0,1.1290640754753563
603049,8,30,60,0,12,1,2628.0,1.2927526720920528
603049,8,30,60,0,13,1,4797.0,1.626713197969543
603049,8,30,60,0,14,1,3034.0,1.07560458518403
603049,8,30,60,0,15,1,3497.0,1.3203233383781057
603049,8,30,60,0,16,1,4063.0,1.2372198349823817
603049,8,30,60,0,17,1,2990.0,1.1798392972116172
603049,8,30,60,0,18,1,3111.0,1.109674384259382
603049,8,30,60,0,19,1,2593.0,1.07560458518403
603049,8,30,60,0,20,0,3189.0,
603049,8,30,60,0,21,1,3676.0,2.647437346976024
603049,8,30,60,0,22,1,2860.0,1.1839497892351811
603049,8,30,60,0,23,1,3501.0,1.1151255276915772
603049,8,30,60,0,24,1,4094.0,1.9632549270147406
603049,8,30,60,0,25,1,4137.0,1.1457230226801527
603049,8,30,60,0,26,1,3896.0,0.6393502392825163
603049,8,30,60,0,27,1,2506.0,1.242791805339721
603049,8,30,60,0,28,1,3606.0,2.647437346976024
603049,8,30,60,0,29,1,3138.0,1.3203233383781057
603049,8,30,60,0,30,1,3406.0,0.8412144894608297
603049,8,30,60,0,31,1,1577.0,1.1864567996531203
603049,8,30,60,0,32,1,3069.0,1.7206343754223163
603049,8,30,60,0,33,1,2818.0,1.498874530884242
603049,8,30,60,0,34,1,4598.0,1.8936552497532684
603049,8,30,60,0,35,1,1832.0,1.1198880957800514
603049,8,30,60,0,36,1,4687.0,1.1290640754753563
603049,8,30,60,0,37,1,1312.0,2.5577488001795965
603049,8,30,60,0,38,1,3000.0,1.2927526720920528
603049,8,30,60,0,39,1,2278.0,1.4429128469216372
603049,8,30,60,0,40,1,4285.0,1.1457230226801527
603049,8,30,60,0,41,1,3412.0,1.8457110682494096
603049,8,30,60,0,42,1,2969.0,2.0577924010348974
603049,8,30,60,0,43,0,4518.0,
603049,8,30,60,0,44,1,2298.0,1.9632549270147406
603049,8,30,60,0,45,1,3095.0,1.5640616471817352
603049,8,30,60,0,46,1,1801.0,1.8936552497532684
603049,8,30,60,0,47,1,2793.0,1.4429128469216372
603049,8,30,60,0,48,1,4353.0,1.109674384259382
603049,8,30,60,0,49,1,4083.0,1.498874530884242
603049,8,30,60,0,50,1,4219.0,1.3108869586622542
603049,8,30,60,0,51,1,1415.0,1.8457110682494096
603049,8,30,60,0,52,1,3232.0,1.5640616471817352
603049,8,30,60,0,53,1,2020.0,1.3108869586622542
603049,8,30,60,0,54,1,4172.0,1.1864567996531203
603049,8,30,60,0,55,1,3155.0,1.1198880957800514
603049,8,30,60,0,56,1,1394.0,1.981247699688499
603049,8,30,60,0,57,1,2897.0,2.5577488001795965
603049,8,30,60,0,58,1,4481.0,0.6393502392825163
603049,8,30,60,0,59,1,3220.0,1.1798392972116172
603049,8,30,60,0,60,1,1817.0,1.7206343754223163
603050,9,30,60,0,1,1,3129.0,1.458118428883158
603050,9,30,60,0,2,0,3698.0,
603050,9,30,60,0,3,1,3053.0,1.1169012647612417
603050,9,30,60,0,4,1,1809.0,1.190882675516686
603050,9,30,60,0,5,1,2941.0,1.458118428883158
603050,9,30,60,0,6,1,3912.0,1.0601228214158558
603050,9,30,60,0,7,1,3425.0,1.7597135892457625
603050,9,30,60,0,8,1,1736.0,1.3761768050152257
603050,9,30,60,0,9,1,4462.0,1.1169012647612417
603050,9,30,60,0,10,1,3245.0,1.3482260018030416
603050,9,30,60,0,11,1,4413.0,1.3482260018030416
603050,9,30,60,0,12,1,4113.0,1.40385165097723
603050,9,30,60,0,13,1,4100.0,1.5737088804697341
603050,9,30,60,0,14,1,4384.0,1.190882675516686
603050,9,30,60,0,15,1,3004.0,1.805615771773107
603050,9,30,60,0,16,1,4676.0,0.9511594738870655
603050,9,30,60,0,17,1,2500.0,1.3721590830361121
603050,9,30,60,0,18,1,4598.0,1.7281000207811448
603050,9,30,60,0,19,1,1889.0,1.9898274766422306
603050,9,30,60,0,20,1,2281.0,1.2311292210130431
603050,9,30,60,0,21,1,2260.0,1.2311292210130431
603050,9,30,60,0,22,1,3686.0,1.3721590830361121
603050,9,30,60,0,23,1,2526.0,1.3479925962992565
603050,9,30,60,0,24,1,1908.0,1.805615771773107
603050,9,30,60,0,25,1,1689.0,1.2828614227809438
603050,9,30,60,0,26,0,2905.0,
603050,9,30,60,0,27,1,4677.0,1.3321735037615046
603050,9,30,60,0,28,1,3126.0,1.3479925962992565
603050,9,30,60,0,29,1,3341.0,1.0053750264436498
603050,9,30,60,0,30,1,4305.0,1.9898274766422306
603050,9,30,60,0,31,1,1455.0,2.050169543449706
603050,9,30,60,0,32,1,4038.0,2.050169543449706
603050,9,30,60,0,33,1,1735.0,0.9511594738870655
603050,9,30,60,0,34,1,4036.0,1.4617226005150494
603050,9,30,60,0,35,1,1547.0,0.8215837911892175
603050,9,30,60,0,36,1,2174.0,1.40385165097723
603050,9,30,60,0,37,1,3338.0,2.1826276599059096
603050,9,30,60,0,38,1,3597.0,2.1036074945241223
603050,9,30,60,0,39,1,1549.0,1.0601228214158558
603050,9,30,60,0,40,1,3391.0,1.2828614227809438
603050,9,30,60,0,41,1,1215.0,1.1722028687254369
603050,9,30,60,0,42,1,1875.0,0.8857108059293943
603050,9,30,60,0,43,1,2754.0,1.5737088804697341
603050,9,30,60,0,44,1,2849.0,2.1036074945241223
603050,9,30,60,0,45,1,1744.0,0.8215837911892175
603050,9,30,60,0,46,1,2209.0,1.4617226005150494
603050,9,30,60,0,47,1,3885.0,0.8857108059293943
603050,9,30,60,0,48,1,2117.0,1.0912114995217779
603050,9,30,60,0,49,1,3813.0,1.3321735037615046
603050,9,30,60,0,50,1,2930.0,1.3209038213499318
603050,9,30,60,0,51,1,2074.0,1.0053750264436498
603050,9,30,60,0,52,1,3930.0,1.1722028687254369
603050,9,30,60,0,53,1,2033.0,1.3209038213499318
603050,9,30,60,0,54,1,2782.0,1.7597135892457625
603050,9,30,60,0,55,1,4628.0,1.3178603335318644
603050,9,30,60,0,56,1,1647.0,2.1826276599059096
603050,9,30,60,0,57,1,1276.0,1.3761768050152257
603050,9,30,60,0,58,1,3717.0,1.0912114995217779
603050,9,30,60,0,59,1,1453.0,1.3178603335318644
603050,9,30,60,0,60,1,4396.0,1.7281000207811448
603051,10,30,60,0,1,1,3586.0,1.4841835404217183
603051,10,30,60,0,2,1,2440.0,1.3397486579646944
603051,10,30,60,0,3,1,4433.0,1.3688487506977385
603051,10,30,60,0,4,1,2441.0,1.208233356158311
603051,10,30,60,0,5,1,3094.0,1.5207215556897127
603051,10,30,60,0,6,1,1471.0,1.1391592152460022
603051,10,30,60,0,7,1,3798.0,2.3187442404342806
603051,10,30,60,0,8,1,2151.0,1.3927904674266003
603051,10,30,60,0,9,0,1339.0,
603051,10,30,60,0,10,1,4584.0,1.207841874687286
603051,10,30,60,0,11,0,4144.0,
603051,10,30,60,0,12,1,2254.0,1.526429218755819
603051,10,30,60,0,13,1,1870.0,1.1196515234577646
603051,10,30,60,0,14,1,4794.0,1.208233356158311
603051,10,30,60,0,15,1,2042.0,1.4313454233659046
603051,10,30,60,0,16,1,4227.0,1.4313454233659046
603051,10,30,60,0,17,1,4701.0,1.1428104538523631
603051,10,30,60,0,18,1,4047.0,1.3052399648445012
603051,10,30,60,0,19,1,3370.0,1.3052399648445012
603051,10,30,60,0,20,1,3634.0,1.207841874687286
603051,10,30,60,0,21,1,3988.0,1.647824173430117
603051,10,30,60,0,22,1,2544.0,1.528919892932097
603051,10,30,60,0,23,1,4221.0,1.528919892932097
603051,10,30,60,0,24,0,4280.0,
603051,10,30,60,0,25,1,1344.0,1.896723261424762
603051,10,30,60,0,26,1,2399.0,1.1428104538523631
603051,10,30,60,0,27,1,1651.0,1.989769915944473
603051,10,30,60,0,28,1,4516.0,2.0043237322575265
603051,10,30,60,0,29,1,4427.0,2.056128204395494
603051,10,30,60,0,30,1,3470.0,1.4962124357139719
603051,10,30,60,0,31,1,2167.0,1.1391592152460022
603051,10,30,60,0,32,1,2477.0,1.4838826938928085
603051,10,30,60,0,33,1,3072.0,1.3927904674266003
603051,10,30,60,0,34,1,2359.0,2.24330717186379
603051,10,30,60,0,35,0,4784.0,
603051,10,30,60,0,36,1,3188.0,1.3166440669503978
603051,10,30,60,0,37,1,2971.0,0.9521651046546431
603051,10,30,60,0,38,1,4400.0,1.3477197098549856
603051,10,30,60,0,39,1,1884.0,1.647824173430117
603051,10,30,60,0,40,1,4432.0,1.5207215556897127
603051,10,30,60,0,41,1,3523.0,1.4962124357139719
603051,10,30,60,0,42,1,2124.0,2.0043237322575265
603051,10,30,60,0,43,1,2468.0,1.4841835404217183
603051,10,30,60,0,44,0,4188.0,
603051,10,30,60,0,45,1,2515.0,2.3187442404342806
603051,10,30,60,0,46,1,1656.0,2.24330717186379
603051,10,30,60,0,47,1,4370.0,1.3397486579646944
603051,10,30,60,0,48,1,4326.0,1.526429218755819
603051,10,30,60,0,49,1,1710.0,1.989769915944473
603051,10,30,60,0,50,1,4762.0,2.056128204395494
603051,10,30,60,0,51,1,1876.0,1.1196515234577646
603051,10,30,60,0,52,1,1556.0,1.3477197098549856
603051,10,30,60,0,53,1,3429.0,1.4838826938928085
603051,10,30,60,0,54,1,2659.0,1.3688487506977385
603051,10,30,60,0,55,1,1932.0,1.896723261424762
603051,10,30,60,0,56,0,3650.0,
603051,10,30,60,0,57,1,3578.0,0.9521651046546431
603051,10,30,60,0,58,0,1216.0,
603051,10,30,60,0,59,1,3374.0,1.3166440669503978
603051,10,30,60,0,60,0,4277.0,
404042,1,40,40,0,1,1,4479.0,2.009588828161649
404042,1,40,40,0,2,1,3080.0,1.1463943482055838
404042,1,40,40,0,3,1,1836.0,1.2087018084260734
404042,1,40,40,0,4,1,1944.0,1.1245602057377062
404042,1,40,40,0,5,1,2639.0,2.009588828161649
404042,1,40,40,0,6,1,2306.0,1.1566623759861996
404042,1,40,40,0,7,1,3509.0,1.2925570550305485
404042,1,40,40,0,8,1,1578.0,0.8698239353979783
404042,1,40,40,0,9,1,3996.0,2.776376961911694
404042,1,40,40,0,10,1,2825.0,1.2925570550305485
404042,1,40,40,0,11,1,4373.0,1.3603869083581663
404042,1,40,40,0,12,1,4448.0,1.1463943482055838
404042,1,40,40,0,13,1,2477.0,2.776376961911694
404042,1,40,40,0,14,1,1747.0,1.1245602057377062
404042,1,40,40,0,15,1,4476.0,1.2182459499376719
404042,1,40,40,0,16,1,4173.0,0.7478613767204828
404042,1,40,40,0,17,1,1625.0,0.9395386858089793
404042,1,40,40,0,18,1,1907.0,1.2087018084260734
404042,1,40,40,0,19,1,1700.0,1.3603869083581663
404042,1,40,40,0,20,1,2650.0,1.2182459499376719
404042,1,40,40,0,21,1,4570.0,0.8698239353979783
404042,1,40,40,0,22,1,2081.0,0.858361944279055
404042,1,40,40,0,23,1,2545.0,0.7478613767204828
404042,1,40,40,0,24,1,4306.0,1.5175034419458466
404042,1,40,40,0,25,1,2182.0,0.9395386858089793
404042,1,40,40,0,26,0,2554.0,
404042,1,40,40,0,27,1,4662.0,1.1566623759861996
404042,1,40,40,0,28,1,1629.0,1.1706857412609675
404042,1,40,40,0,29,1,3849.0,1.448344623899424
404042,1,40,40,0,30,1,4246.0,1.2822223910071393
404042,1,40,40,0,31,0,3095.0,
404042,1,40,40,0,32,1,4595.0,0.858361944279055
404042,1,40,40,0,33,1,3699.0,1.448344623899424
404042,1,40,40,0,34,1,3865.0,1.5175034419458466
404042,1,40,40,0,35,1,3699.0,1.6125249746570316
404042,1,40,40,0,36,1,2720.0,2.120050834795868
404042,1,40,40,0,37,1,4657.0,1.1706857412609675
404042,1,40,40,0,38,1,1544.0,1.6125249746570316
404042,1,40,40,0,39,1,3097.0,2.120050834795868
404042,1,40,40,0,40,1,3147.0,1.2822223910071393
404043,2,40,40,0,1,1,4177.0,0.9967742622680625
404043,2,40,40,0,2,1,4214.0,2.0160686653981355
404043,2,40,40,0,3,1,2041.0,1.363473538982751
404043,2,40,40,0,4,1,1247.0,1.1479008238750248
404043,2,40,40,0,5,1,1844.0,0.9967742622680625
404043,2,40,40,0,6,1,2243.0,3.883037902501759
404043,2,40,40,0,7,1,4545.0,1.0928852651498928
404043,2,40,40,0,8,1,4742.0,1.192668278597143
404043,2,40,40,0,9,1,4668.0,1.9336472418467485
404043,2,40,40,0,10,1,3389.0,1.714500669631223
404043,2,40,40,0,11,1,1901.0,1.714500669631223
404043,2,40,40,0,12,1,3989.0,2.0160686653981355
404043,2,40,40,0,13,1,3269.0,0.9532107502859561
404043,2,40,40,0,14,1,4581.0,0.9532107502859561
404043,2,40,40,0,15,1,3640.0,1.363473538982751
404043,2,40,40,0,16,1,4786.0,1.0928852651498928
404043,2,40,40,0,17,1,3388.0,1.6646254831213554
404043,2,40,40,0,18,1,1799.0,1.2156125848053296
404043,2,40,40,0,19,1,2724.0,1.2453677823585585
404043,2,40,40,0,20,1,2929.0,1.4274268118779188
404043,2,40,40,0,21,0,1620.0,
404043,2,40,40,0,22,1,4534.0,1.5191572709269499
404043,2,40,40,0,23,1,2920.0,1.5191572709269499
404043,2,40,40,0,24,0,1464.0,
404043,2,40,40,0,25,1,4721.0,1.3979366592658213
404043,2,40,40,0,26,1,1511.0,1.6646254831213554
404043,2,40,40,0,27,1,4363.0,1.1479008238750248
404043,2,40,40,0,28,1,4344.0,1.2657628241680177
404043,2,40,40,0,29,1,4472.0,1.058242718983025
404043,2,40,40,0,30,1,2973.0,1.3857713215372003
404043,2,40,40,0,31,1,2915.0,3.883037902501759
404043,2,40,40,0,32,1,2998.0,1.4274268118779188
404043,2,40,40,0,33,1,3840.0,1.2156125848053296
404043,2,40,40,0,34,1,3346.0,1.058242718983025
404043,2,40,40,0,35,1,2384.0,1.9336472418467485
404043,2,40,40,0,36,1,4113.0,1.3857713215372003
404043,2,40,40,0,37,1,2707.0,1.2657628241680177
404043,2,40,40,0,38,1,4575.0,1.2453677823585585
404043,2,40,40,0,39,1,1497.0,1.192668278597143
404043,2,40,40,0,40,1,4348.0,1.3979366592658213
404044,3,40,40,0,1,1,3247.0,1.7176233407757016
404044,3,40,40,0,2,1,4173.0,1.3715469173005406
404044,3,40,40,0,3,1,3338.0,1.8709847098993198
404044,3,40,40,0,4,1,2273.0,1.7176233407757016
404044,3,40,40,0,5,1,1923.0,2.0356797599866665
404044,3,40,40,0,6,1,1849.0,1.5781387670589166
404044,3,40,40,0,7,1,4224.0,0.9307898100825246
404044,3,40,40,0,8,1,1575.0,1.203318887424463
404044,3,40,40,0,9,1,4093.0,1.4580237108316185
404044,3,40,40,0,10,1,2084.0,1.1637412346600264
404044,3,40,40,0,11,1,4792.0,1.1637412346600264
404044,3,40,40,0,12,1,2659.0,1.3715469173005406
404044,3,40,40,0,13,0,3694.0,
404044,3,40,40,0,14,1,4110.0,2.0356797599866665
404044,3,40,40,0,15,1,1213.0,1.3437039695749824
404044,3,40,40,0,16,1,2262.0,1.8540571362806486
404044,3,40,40,0,17,1,1286.0,1.1274922549548412
404044,3,40,40,0,18,1,4680.0,3.2208710142485373
404044,3,40,40,0,19,1,3381.0,1.1274922549548412
404044,3,40,40,0,20,0,3310.0,
404044,3,40,40,0,21,1,2754.0,1.2204625126545845
404044,3,40,40,0,22,1,1892.0,1.5606730944509863
404044,3,40,40,0,23,1,3735.0,1.3437039695749824
404044,3,40,40,0,24,1,1635.0,1.0243471199937142
404044,3,40,40,0,25,1,2146.0,1.1860571230040953
404044,3,40,40,0,26,1,3979.0,1.5606730944509863
404044,3,40,40,0,27,1,4681.0,1.8540571362806486
404044,3,40,40,0,28,1,3172.0,1.2204625126545845
404044,3,40,40,0,29,1,3955.0,1.4580237108316185
404044,3,40,40,0,30,1,3746.0,2.348791699334834
404044,3,40,40,0,31,1,2700.0,0.9307898100825246
404044,3,40,40,0,32,1,1364.0,1.1860571230040953
404044,3,40,40,0,33,1,1492.0,3.2208710142485373
404044,3,40,40,0,34,1,2023.0,1.0243471199937142
404044,3,40,40,0,35,1,4362.0,1.0175551347312077
404044,3,40,40,0,36,1,1998.0,1.8709847098993198
404044,3,40,40,0,37,1,4521.0,1.5781387670589166
404044,3,40,40,0,38,1,4240.0,1.0175551347312077
404044,3,40,40,0,39,1,4430.0,1.203318887424463
404044,3,40,40,0,40,1,2726.0,2.348791699334834
404045,4,40,40,0,1,0,3238.0,
404045,4,40,40,0,2,1,4166.0,1.073175508924957
404045,4,40,40,0,3,1,4122.0,2.1298665294827743
404045,4,40,40,0,4,1,4147.0,1.2859652449699193
404045,4,40,40,0,5,1,4465.0,2.26074793057198
404045,4,40,40,0,6,1,3129.0,0.9946177456907997
404045,4,40,40,0,7,1,1364.0,2.26074793057198
404045,4,40,40,0,8,1,1722.0,1.5173346844930293
404045,4,40,40,0,9,1,3618.0,2.0580871335210853
404045,4,40,40,0,10,1,4794.0,1.5173346844930293
404045,4,40,40,0,11,1,2229.0,2.1298665294827743
404045,4,40,40,0,12,1,3281.0,2.106759952458554
404045,4,40,40,0,13,1,3493.0,2.6712125013940007
404045,4,40,40,0,14,1,4749.0,2.6712125013940007
404045,4,40,40,0,15,1,4268.0,0.8713459847922086
404045,4,40,40,0,16,1,3710.0,1.3070537563054279
404045,4,40,40,0,17,1,4030.0,3.3947316658974107
404045,4,40,40,0,18,1,2492.0,1.4416598830891858
404045,4,40,40,0,19,0,1442.0,
404045,4,40,40,0,20,1,2492.0,1.450348030512895
404045,4,40,40,0,21,1,3833.0,0.9797971509477484
404045,4,40,40,0,22,1,1311.0,3.3947316658974107
404045,4,40,40,0,23,1,3626.0,1.4416598830891858
404045,4,40,40,0,24,1,1336.0,1.594738662342473
404045,4,40,40,0,25,1,3283.0,1.7861285536259712
404045,4,40,40,0,26,1,2010.0,1.594738662342473
404045,4,40,40,0,27,0,2703.0,
404045,4,40,40,0,28,1,4443.0,2.106759952458554
404045,4,40,40,0,29,1,2362.0,2.0580871335210853
404045,4,40,40,0,30,1,1898.0,2.1427521511880037
404045,4,40,40,0,31,1,3224.0,0.9946177456907997
404045,4,40,40,0,32,1,4719.0,0.9797971509477484
404045,4,40,40,0,33,1,4337.0,1.3070537563054279
404045,4,40,40,0,34,1,4431.0,0.8713459847922086
404045,4,40,40,0,35,1,4478.0,2.1427521511880037
404045,4,40,40,0,36,1,1260.0,1.073175508924957
404045,4,40,40,0,37,1,1532.0,1.2859652449699193
404045,4,40,40,0,38,1,2237.0,1.450348030512895
404045,4,40,40,0,39,0,1477.0,
404045,4,40,40,0,40,1,4062.0,1.7861285536259712
404046,5,40,40,0,1,0,2764.0,
404046,5,40,40,0,2,1,4000.0,1.5741452200209838
404046,5,40,40,0,3,1,1992.0,1.3918463938889494
404046,5,40,40,0,4,1,1613.0,2.0617834957920413
404046,5,40,40,0,5,1,4524.0,1.341021075766416
404046,5,40,40,0,6,1,1825.0,1.8707503974097663
404046,5,40,40,0,7,1,3210.0,0.7625348369653131
404046,5,40,40,0,8,1,4674.0,2.2194799059655694
404046,5,40,40,0,9,1,4033.0,1.5571088933066617
404046,5,40,40,0,10,1,4566.0,0.7625348369653131
404046,5,40,40,0,11,1,4636.0,1.6327178809041696
404046,5,40,40,0,12,1,4599.0,1.5741452200209838
404046,5,40,40,0,13,1,3893.0,1.5571088933066617
404046,5,40,40,0,14,1,3477.0,1.5517845655851605
404046,5,40,40,0,15,1,1369.0,1.3918463938889494
404046,5,40,40,0,16,1,4473.0,1.6327178809041696
404046,5,40,40,0,17,1,3282.0,1.9823800818151942
404046,5,40,40,0,18,1,1397.0,1.1513845258557978
404046,5,40,40,0,19,1,2808.0,1.1513845258557978
404046,5,40,40,0,20,1,1636.0,1.1689340053905646
404046,5,40,40,0,21,1,4267.0,1.1689340053905646
404046,5,40,40,0,22,1,2784.0,1.9823800818151942
404046,5,40,40,0,23,1,1568.0,1.3208091802767117
404046,5,40,40,0,24,1,1205.0,1.2361564723095813
404046,5,40,40,0,25,1,3446.0,2.390854613141717
404046,5,40,40,0,26,1,3664.0,2.0284323366469668
404046,5,40,40,0,27,1,2324.0,2.0617834957920413
404046,5,40,40,0,28,1,4335.0,1.3208091802767117
404046,5,40,40,0,29,1,1808.0,1.5517845655851605
404046,5,40,40,0,30,1,2860.0,2.0284323366469668
404046,5,40,40,0,31,1,2535.0,1.8707503974097663
404046,5,40,40,0,32,1,2722.0,2.390854613141717
404046,5,40,40,0,33,1,3330.0,2.2194799059655694
404046,5,40,40,0,34,1,1482.0,1.2361564723095813
404046,5,40,40,0,35,1,1954.0,1.143017961126643
404046,5,40,40,0,36,1,3889.0,1.5977006877941111
404046,5,40,40,0,37,0,3085.0,
404046,5,40,40,0,38,1,3330.0,1.143017961126643
404046,5,40,40,0,39,1,2684.0,1.5977006877941111
404046,5,40,40,0,40,1,3699.0,1.341021075766416
404047,6,40,40,0,1,1,2192.0,1.3865022964259623
404047,6,40,40,0,2,1,3324.0,2.169634435772914
404047,6,40,40,0,3,1,4787.0,0.8884777360190698
404047,6,40,40,0,4,1,1745.0,1.3556668746124338
404047,6,40,40,0,5,1,4568.0,0.9734154592804329
404047,6,40,40,0,6,1,2766.0,1.1240617211316961
404047,6,40,40,0,7,1,3458.0,1.3865022964259623
404047,6,40,40,0,8,1,2405.0,0.8708469304712867
404047,6,40,40,0,9,1,3800.0,2.0198293299620738
404047,6,40,40,0,10,1,1761.0,1.0861291017971009
404047,6,40,40,0,11,1,4651.0,1.0861291017971009
404047,6,40,40,0,12,1,3624.0,2.169634435772914
404047,6,40,40,0,13,1,4174.0,0.7456510656509814
404047,6,40,40,0,14,1,4739.0,0.9734154592804329
404047,6,40,40,0,15,1,2016.0,2.1080082769088837
404047,6,40,40,0,16,0,4255.0,
404047,6,40,40,0,17,1,2672.0,0.7456510656509814
404047,6,40,40,0,18,1,1969.0,2.1080082769088837
404047,6,40,40,0,19,1,1554.0,0.8884777360190698
404047,6,40,40,0,20,1,4135.0,2.7287291765538044
404047,6,40,40,0,21,1,4462.0,1.362901926746854
404047,6,40,40,0,22,1,3022.0,1.522167370659136
404047,6,40,40,0,23,1,3170.0,1.9861519770686615
404047,6,40,40,0,24,1,1846.0,1.522167370659136
404047,6,40,40,0,25,1,2032.0,1.1764904234637659
404047,6,40,40,0,26,1,4081.0,1.362901926746854
404047,6,40,40,0,27,1,4233.0,1.254675192392074
404047,6,40,40,0,28,1,3846.0,1.9861519770686615
404047,6,40,40,0,29,1,2076.0,1.254675192392074
404047,6,40,40,0,30,0,2907.0,
404047,6,40,40,0,31,1,2989.0,1.1240617211316961
404047,6,40,40,0,32,1,2087.0,2.7287291765538044
404047,6,40,40,0,33,1,1582.0,0.8708469304712867
404047,6,40,40,0,34,1,4060.0,2.3706083076827413
404047,6,40,40,0,35,1,3653.0,2.0198293299620738
404047,6,40,40,0,36,1,3609.0,1.1372831736413183
404047,6,40,40,0,37,1,1802.0,1.3556668746124338
404047,6,40,40,0,38,1,2979.0,2.3706083076827413
404047,6,40,40,0,39,1,3350.0,1.1372831736413183
404047,6,40,40,0,40,1,1876.0,1.1764904234637659
404048,7,40,40,0,1,1,3327.0,1.771304858845337
404048,7,40,40,0,2,1,1725.0,1.7400453136050589
404048,7,40,40,0,3,1,2244.0,1.1902171350839676
404048,7,40,40,0,4,1,2708.0,1.7034596150659191
404048,7,40,40,0,5,1,1705.0,1.2317069951100803
404048,7,40,40,0,6,1,4039.0,1.3390712654119596
404048,7,40,40,0,7,1,2366.0,1.7034596150659191
404048,7,40,40,0,8,1,3534.0,2.5412386215864773
404048,7,40,40,0,9,1,2006.0,1.4620773423879687
404048,7,40,40,0,10,1,4200.0,1.5687601270335083
404048,7,40,40,0,11,1,4492.0,1.5687601270335083
404048,7,40,40,0,12,1,3975.0,1.1902171350839676
404048,7,40,40,0,13,1,1825.0,1.771304858845337
404048,7,40,40,0,14,1,4682.0,1.307787458762159
404048,7,40,40,0,15,1,3859.0,1.5106519685291542
404048,7,40,40,0,16,0,3103.0,
404048,7,40,40,0,17,1,1391.0,1.6474367776195156
404048,7,40,40,0,18,1,2495.0,1.4358828427819146
404048,7,40,40,0,19,1,2740.0,1.307787458762159
404048,7,40,40,0,20,0,2927.0,
404048,7,40,40,0,21,1,1498.0,1.7400453136050589
404048,7,40,40,0,22,1,3820.0,1.6474367776195156
404048,7,40,40,0,23,0,2026.0,
404048,7,40,40,0,24,1,3184.0,1.5106519685291542
404048,7,40,40,0,25,0,4417.0,
404048,7,40,40,0,26,1,1781.0,2.5412386215864773
404048,7,40,40,0,27,1,1978.0,1.3390712654119596
404048,7,40,40,0,28,1,2082.0,1.8076188512281979
404048,7,40,40,0,29,1,3101.0,1.4620773423879687
404048,7,40,40,0,30,1,2438.0,1.2685254155243137
404048,7,40,40,0,31,1,1769.0,1.1823176473185448
404048,7,40,40,0,32,1,2624.0,1.1823176473185448
404048,7,40,40,0,33,1,1784.0,1.4358828427819146
404048,7,40,40,0,34,1,4798.0,1.1648142142000988
404048,7,40,40,0,35,1,3242.0,1.2685254155243137
404048,7,40,40,0,36,1,4414.0,1.2317069951100803
404048,7,40,40,0,37,1,2035.0,1.8076188512281979
404048,7,40,40,0,38,1,1893.0,1.1648142142000988
404048,7,40,40,0,39,1,2454.0,0.7804705435788621
404048,7,40,40,0,40,1,3087.0,0.7804705435788621
404049,8,40,40,0,1,1,1304.0,1.3500616806585752
404049,8,40,40,0,2,1,4471.0,1.565470666908839
404049,8,40,40,0,3,1,2986.0,1.1435151896892357
404049,8,40,40,0,4,1,4000.0,1.0686055645505261
404049,8,40,40,0,5,1,1276.0,1.3500616806585752
404049,8,40,40,0,6,1,4207.0,1.9922953759446658
404049,8,40,40,0,7,1,3435.0,1.8881552399321995
404049,8,40,40,0,8,1,3323.0,1.679046339764556
404049,8,40,40,0,9,1,4366.0,1.5923002314149404
404049,8,40,40,0,10,1,1453.0,1.744622669774312
404049,8,40,40,0,11,1,3082.0,1.1435151896892357
404049,8,40,40,0,12,1,1368.0,1.4050761848746256
404049,8,40,40,0,13,0,3475.0,
404049,8,40,40,0,14,1,2277.0,1.8881552399321995
404049,8,40,40,0,15,1,2447.0,1.3435943784602282
404049,8,40,40,0,16,1,3931.0,1.1478662118233491
404049,8,40,40,0,17,1,2437.0,1.082499293992805
404049,8,40,40,0,18,1,1811.0,1.9342815732261676
404049,8,40,40,0,19,0,2885.0,
404049,8,40,40,0,20,1,4582.0,1.744622669774312
404049,8,40,40,0,21,1,1552.0,1.565470666908839
404049,8,40,40,0,22,1,2026.0,1.082499293992805
404049,8,40,40,0,23,1,3404.0,1.1478662118233491
404049,8,40,40,0,24,1,4594.0,1.1571155945469236
404049,8,40,40,0,25,1,4592.0,1.3688086934030685
404049,8,40,40,0,26,1,4054.0,1.3867345451010888
404049,8,40,40,0,27,1,1768.0,1.9922953759446658
404049,8,40,40,0,28,1,3673.0,1.4050761848746256
404049,8,40,40,0,29,1,1948.0,1.5923002314149404
404049,8,40,40,0,30,1,4319.0,2.931816901469487
404049,8,40,40,0,31,1,1323.0,1.4900975779943093
404049,8,40,40,0,32,1,4738.0,1.3688086934030685
404049,8,40,40,0,33,1,4136.0,1.9342815732261676
404049,8,40,40,0,34,1,3561.0,1.3435943784602282
404049,8,40,40,0,35,1,4286.0,1.1571155945469236
404049,8,40,40,0,36,1,1833.0,1.4900975779943093
404049,8,40,40,0,37,1,4643.0,1.0686055645505261
404049,8,40,40,0,38,1,4602.0,1.3867345451010888
404049,8,40,40,0,39,1,1380.0,1.679046339764556
404049,8,40,40,0,40,1,1325.0,2.931816901469487
404050,9,40,40,0,1,1,4075.0,1.2237847207753787
404050,9,40,40,0,2,1,4018.0,1.0995865362975752
404050,9,40,40,0,3,1,2336.0,1.4759111661225932
404050,9,40,40,0,4,1,1995.0,1.313829887193619
404050,9,40,40,0,5,1,4291.0,2.3366515212358525
404050,9,40,40,0,6,1,4045.0,1.1560346429246078
404050,9,40,40,0,7,1,4255.0,2.3366515212358525
404050,9,40,40,0,8,1,4243.0,1.096266740366864
404050,9,40,40,0,9,1,4141.0,1.082346078560584
404050,9,40,40,0,10,1,3645.0,1.2601034924669714
404050,9,40,40,0,11,1,4527.0,1.2601034924669714
404050,9,40,40,0,12,1,2425.0,0.7417049179782683
404050,9,40,40,0,13,1,2976.0,1.082346078560584
404050,9,40,40,0,14,1,3480.0,1.313829887193619
404050,9,40,40,0,15,1,2151.0,1.8019657710757928
404050,9,40,40,0,16,1,1821.0,1.0186109594168775
404050,9,40,40,0,17,1,4791.0,1.9308146061188665
404050,9,40,40,0,18,1,2601.0,1.8019657710757928
404050,9,40,40,0,19,1,4800.0,1.4759111661225932
404050,9,40,40,0,20,1,2270.0,1.2237847207753787
404050,9,40,40,0,21,1,2826.0,1.0995865362975752
404050,9,40,40,0,22,1,3159.0,1.9308146061188665
404050,9,40,40,0,23,1,3926.0,1.1394647120931412
404050,9,40,40,0,24,1,2258.0,2.1746354325451467
404050,9,40,40,0,25,1,2908.0,1.2320908904506895
404050,9,40,40,0,26,1,2851.0,2.1746354325451467
404050,9,40,40,0,27,0,3922.0,
404050,9,40,40,0,28,1,4372.0,1.1394647120931412
404050,9,40,40,0,29,0,1311.0,
404050,9,40,40,0,30,1,4545.0,1.300813919521222
404050,9,40,40,0,31,1,2635.0,1.1560346429246078
404050,9,40,40,0,32,1,2607.0,1.6481616050696748
404050,9,40,40,0,33,1,3176.0,1.096266740366864
404050,9,40,40,0,34,1,2201.0,1.6481616050696748
404050,9,40,40,0,35,1,3006.0,1.300813919521222
404050,9,40,40,0,36,1,4567.0,2.1864308812943847
404050,9,40,40,0,37,1,4409.0,1.0186109594168775
404050,9,40,40,0,38,1,4162.0,0.7417049179782683
404050,9,40,40,0,39,1,2829.0,2.1864308812943847
404050,9,40,40,0,40,1,3806.0,1.2320908904506895
404051,10,40,40,0,1,1,3122.0,2.3044238695936263
404051,10,40,40,0,2,1,1649.0,2.0355345702022016
404051,10,40,40,0,3,1,3958.0,1.4536414053725049
404051,10,40,40,0,4,1,3105.0,1.2313427549694327
404051,10,40,40,0,5,1,2923.0,0.9595537523242064
404051,10,40,40,0,6,1,3506.0,1.6377689201296006
404051,10,40,40,0,7,1,2931.0,0.9595537523242064
404051,10,40,40,0,8,1,2128.0,1.2391297839628352
404051,10,40,40,0,9,1,1962.0,1.6791211071722612
404051,10,40,40,0,10,1,4144.0,1.4765612667985026
404051,10,40,40,0,11,1,3995.0,1.4765612667985026
404051,10,40,40,0,12,1,3690.0,1.8335018657696958
404051,10,40,40,0,13,1,1936.0,1.0172293276330822
404051,10,40,40,0,14,1,1362.0,1.0172293276330822
404051,10,40,40,0,15,1,1561.0,1.1674542312469627
404051,10,40,40,0,16,1,1355.0,1.6726042471598146
404051,10,40,40,0,17,1,1201.0,0.9147331130330216
404051,10,40,40,0,18,1,4246.0,1.1674542312469627
404051,10,40,40,0,19,1,4382.0,2.0355345702022016
404051,10,40,40,0,20,1,2179.0,1.4644248058875533
404051,10,40,40,0,21,1,4234.0,1.14839542766585
404051,10,40,40,0,22,1,4491.0,1.0839172869194265
404051,10,40,40,0,23,1,4118.0,1.0839172869194265
404051,10,40,40,0,24,1,3185.0,1.2788062217519054
404051,10,40,40,0,25,1,3142.0,1.7889297996489772
404051,10,40,40,0,26,1,4208.0,1.2391297839628352
404051,10,40,40,0,27,1,2769.0,1.2313427549694327
404051,10,40,40,0,28,1,1207.0,1.8335018657696958
404051,10,40,40,0,29,1,2681.0,1.6726042471598146
404051,10,40,40,0,30,1,1869.0,1.6551816225330283
404051,10,40,40,0,31,1,2508.0,1.6377689201296006
404051,10,40,40,0,32,1,3280.0,0.9147331130330216
404051,10,40,40,0,33,1,3195.0,2.3044238695936263
404051,10,40,40,0,34,1,4318.0,1.2788062217519054
404051,10,40,40,0,35,1,2770.0,1.6791211071722612
404051,10,40,40,0,36,1,4687.0,1.6551816225330283
404051,10,40,40,0,37,1,2251.0,1.4536414053725049
404051,10,40,40,0,38,1,2418.0,1.4644248058875533
404051,10,40,40,0,39,1,4637.0,1.14839542766585
404051,10,40,40,0,40,1,2161.0,1.7889297996489772
505042,1,50,50,0,1,0,1263.0,
505042,1,50,50,0,2,1,2905.0,1.5880186581160765
505042,1,50,50,0,3,1,1762.0,1.8814872981324446
505042,1,50,50,0,4,1,2761.0,1.6339642867777704
505042,1,50,50,0,5,1,1384.0,1.4871113873741517
505042,1,50,50,0,6,1,4191.0,1.303636842241481
505042,1,50,50,0,7,1,3830.0,1.1071391669105115
505042,1,50,50,0,8,1,4377.0,1.7105279333961367
505042,1,50,50,0,9,1,4022.0,1.8814872981324446
505042,1,50,50,0,10,1,2363.0,1.1071391669105115
505042,1,50,50,0,11,1,2097.0,1.296429586957324
505042,1,50,50,0,12,1,1967.0,1.363755982931126
505042,1,50,50,0,13,1,4681.0,1.296429586957324
505042,1,50,50,0,14,1,2747.0,1.1016959708788587
505042,1,50,50,0,15,1,3309.0,1.5264823944857882
505042,1,50,50,0,16,1,4478.0,0.9638410407502339
505042,1,50,50,0,17,1,3083.0,0.8555176224277059
505042,1,50,50,0,18,1,4013.0,1.2381592730494615
505042,1,50,50,0,19,1,3169.0,1.1016959708788587
505042,1,50,50,0,20,1,2329.0,1.1182742482861423
505042,1,50,50,0,21,1,3131.0,1.5880186581160765
505042,1,50,50,0,22,1,2218.0,0.8555176224277059
505042,1,50,50,0,23,1,4445.0,1.486977799839371
505042,1,50,50,0,24,1,3815.0,1.5264823944857882
505042,1,50,50,0,25,1,4162.0,1.1736631207161177
505042,1,50,50,0,26,1,1709.0,1.486977799839371
505042,1,50,50,0,27,1,1689.0,1.6339642867777704
505042,1,50,50,0,28,1,1723.0,1.7652249920513474
505042,1,50,50,0,29,1,1235.0,1.3861746758692342
505042,1,50,50,0,30,0,1912.0,
505042,1,50,50,0,31,1,4509.0,1.2146271323064854
505042,1,50,50,0,32,1,2348.0,1.1182742482861423
505042,1,50,50,0,33,1,2376.0,1.7105279333961367
505042,1,50,50,0,34,1,2557.0,1.162443285534579
505042,1,50,50,0,35,1,4202.0,1.0907099523681607
505042,1,50,50,0,36,1,3610.0,1.4871113873741517
505042,1,50,50,0,37,1,4592.0,1.303636842241481
505042,1,50,50,0,38,1,2656.0,1.882790905930056
505042,1,50,50,0,39,1,2277.0,0.9638410407502339
505042,1,50,50,0,40,1,3815.0,1.1736631207161177
505042,1,50,50,0,41,1,1980.0,1.0907099523681607
505042,1,50,50,0,42,1,2419.0,1.7652249920513474
505042,1,50,50,0,43,1,2126.0,1.2146271323064854
505042,1,50,50,0,44,1,2682.0,1.882790905930056
505042,1,50,50,0,45,1,4515.0,1.3861746758692342
505042,1,50,50,0,46,1,3278.0,1.162443285534579
505042,1,50,50,0,47,1,1698.0,1.2946598046450772
505042,1,50,50,0,48,1,2953.0,1.363755982931126
505042,1,50,50,0,49,1,2086.0,1.2946598046450772
505042,1,50,50,0,50,1,2999.0,1.2381592730494615
505043,2,50,50,0,1,1,3500.0,1.6917687162319608
505043,2,50,50,0,2,1,3711.0,1.120009677737093
505043,2,50,50,0,3,1,2249.0,0.8143721721453904
505043,2,50,50,0,4,1,2873.0,1.0936166378495034
505043,2,50,50,0,5,1,3041.0,0.9615780522963694
505043,2,50,50,0,6,1,1937.0,1.2970110724231687
505043,2,50,50,0,7,1,2230.0,1.1473166885584858
505043,2,50,50,0,8,1,2430.0,1.2392210462258548
505043,2,50,50,0,9,1,4328.0,4.171207858046214
505043,2,50,50,0,10,1,4262.0,1.55982352120773
505043,2,50,50,0,11,1,3926.0,1.55982352120773
505043,2,50,50,0,12,1,2591.0,1.947332575237006
505043,2,50,50,0,13,1,4395.0,4.171207858046214
505043,2,50,50,0,14,1,1562.0,1.4511452115787615
505043,2,50,50,0,15,1,2837.0,1.4206916116702006
505043,2,50,50,0,16,0,1878.0,
505043,2,50,50,0,17,1,1585.0,1.2757744477583417
505043,2,50,50,0,18,1,3894.0,1.6153616255934347
505043,2,50,50,0,19,1,4330.0,1.7684193580778995
505043,2,50,50,0,20,1,4104.0,1.1473166885584858
505043,2,50,50,0,21,1,2607.0,1.4946268922122379
505043,2,50,50,0,22,1,2052.0,1.2757744477583417
505043,2,50,50,0,23,1,2597.0,1.369807885516413
505043,2,50,50,0,24,1,2378.0,1.175224851129998
505043,2,50,50,0,25,1,3846.0,1.7684193580778995
505043,2,50,50,0,26,1,3402.0,1.175224851129998
505043,2,50,50,0,27,1,1492.0,0.9878002916922739
505043,2,50,50,0,28,1,2152.0,1.438683311599893
505043,2,50,50,0,29,1,2433.0,1.4511452115787615
505043,2,50,50,0,30,1,3969.0,1.0936166378495034
505043,2,50,50,0,31,1,2712.0,1.0588099680144754
505043,2,50,50,0,32,1,3465.0,1.4946268922122379
505043,2,50,50,0,33,1,4038.0,1.0092228983334985
505043,2,50,50,0,34,1,4461.0,1.0092228983334985
505043,2,50,50,0,35,1,2603.0,1.090251522617502
505043,2,50,50,0,36,1,3198.0,0.8143721721453904
505043,2,50,50,0,37,1,1390.0,1.2970110724231687
505043,2,50,50,0,38,1,2253.0,1.947332575237006
505043,2,50,50,0,39,1,1877.0,1.2392210462258548
505043,2,50,50,0,40,1,4761.0,0.9615780522963694
505043,2,50,50,0,41,1,3788.0,1.0588099680144754
505043,2,50,50,0,42,1,2841.0,1.438683311599893
505043,2,50,50,0,43,1,2977.0,1.6917687162319608
505043,2,50,50,0,44,1,3955.0,1.369807885516413
505043,2,50,50,0,45,1,3170.0,1.090251522617502
505043,2,50,50,0,46,1,3703.0,1.4206916116702006
505043,2,50,50,0,47,1,2790.0,1.120009677737093
505043,2,50,50,0,48,0,2155.0,
505043,2,50,50,0,49,1,4326.0,0.9878002916922739
505043,2,50,50,0,50,1,4459.0,1.6153616255934347
505044,3,50,50,0,1,1,2864.0,1.7309493903454947
505044,3,50,50,0,2,1,3484.0,1.1300133515131465
505044,3,50,50,0,3,1,3459.0,1.1356262491152915
505044,3,50,50,0,4,1,1890.0,1.7202151075719172
505044,3,50,50,0,5,1,1445.0,1.4092535655893634
505044,3,50,50,0,6,1,1768.0,2.505227543186926
505044,3,50,50,0,7,1,1846.0,1.0637678713162155
505044,3,50,50,0,8,1,2075.0,1.7202151075719172
505044,3,50,50,0,9,1,1257.0,1.0965039120664002
505044,3,50,50,0,10,1,2843.0,1.4617118567397953
505044,3,50,50,0,11,1,4278.0,1.1356262491152915
505044,3,50,50,0,12,1,1699.0,1.0070794016271367
505044,3,50,50,0,13,1,2655.0,1.342351032375355
505044,3,50,50,0,14,1,3117.0,1.4092535655893634
505044,3,50,50,0,15,1,3208.0,1.342351032375355
505044,3,50,50,0,16,1,3434.0,1.451697447143413
505044,3,50,50,0,17,1,4689.0,1.4617118567397953
505044,3,50,50,0,18,1,1516.0,1.3553714101667842
505044,3,50,50,0,19,1,2161.0,0.7775511565413794
505044,3,50,50,0,20,1,3620.0,1.7309493903454947
505044,3,50,50,0,21,1,2204.0,1.476307212907344
505044,3,50,50,0,22,1,1389.0,1.15057113552086
505044,3,50,50,0,23,1,2831.0,1.15057113552086
505044,3,50,50,0,24,1,4574.0,2.1266184224955094
505044,3,50,50,0,25,1,4345.0,0.7775511565413794
505044,3,50,50,0,26,1,4739.0,1.476307212907344
505044,3,50,50,0,27,1,2247.0,2.505227543186926
505044,3,50,50,0,28,1,2935.0,1.0070794016271367
505044,3,50,50,0,29,1,2030.0,1.0965039120664002
505044,3,50,50,0,30,1,1481.0,1.6181392038465288
505044,3,50,50,0,31,0,4653.0,
505044,3,50,50,0,32,1,2260.0,1.4956156711742643
505044,3,50,50,0,33,1,1299.0,1.2826710683363127
505044,3,50,50,0,34,1,2402.0,1.8332387376978938
505044,3,50,50,0,35,1,2370.0,1.4839052340423915
505044,3,50,50,0,36,0,4461.0,
505044,3,50,50,0,37,1,4095.0,1.4839052340423915
505044,3,50,50,0,38,1,3475.0,1.8332387376978938
505044,3,50,50,0,39,1,2111.0,1.4864673238248696
505044,3,50,50,0,40,1,2000.0,1.3807636980419102
505044,3,50,50,0,41,1,1715.0,1.451697447143413
505044,3,50,50,0,42,1,3099.0,1.4956156711742643
505044,3,50,50,0,43,1,1260.0,1.6181392038465288
505044,3,50,50,0,44,1,2513.0,2.1266184224955094
505044,3,50,50,0,45,1,4780.0,1.0637678713162155
505044,3,50,50,0,46,1,2806.0,1.1300133515131465
505044,3,50,50,0,47,1,2342.0,1.4864673238248696
505044,3,50,50,0,48,1,2721.0,1.3807636980419102
505044,3,50,50,0,49,1,3186.0,1.2826710683363127
505044,3,50,50,0,50,1,2738.0,1.3553714101667842
505045,4,50,50,0,1,1,2994.0,1.1538324417562174
505045,4,50,50,0,2,1,4580.0,1.07807318564489
505045,4,50,50,0,3,1,3535.0,1.1853455018688819
505045,4,50,50,0,4,1,4184.0,1.118282213472978
505045,4,50,50,0,5,1,3454.0,1.5229798758920328
505045,4,50,50,0,6,1,2651.0,1.394223923540141
505045,4,50,50,0,7,1,2819.0,1.2755876238554464
505045,4,50,50,0,8,1,4428.0,1.1538324417562174
505045,4,50,50,0,9,1,4793.0,1.643314494238684
505045,4,50,50,0,10,1,3503.0,1.557310575358076
505045,4,50,50,0,11,1,3171.0,1.1893931357907523
505045,4,50,50,0,12,1,2054.0,1.07807318564489
505045,4,50,50,0,13,1,3718.0,1.643314494238684
505045,4,50,50,0,14,1,2389.0,1.118282213472978
505045,4,50,50,0,15,1,1338.0,1.76942875392263
505045,4,50,50,0,16,1,2657.0,1.280978566117395
505045,4,50,50,0,17,1,4186.0,1.483297063384862
505045,4,50,50,0,18,1,1744.0,1.76942875392263
505045,4,50,50,0,19,0,3182.0,
505045,4,50,50,0,20,1,4784.0,1.557310575358076
505045,4,50,50,0,21,1,3084.0,1.509119957299266
505045,4,50,50,0,22,1,2478.0,2.096849122192966
505045,4,50,50,0,23,1,3799.0,1.1386822305014233
505045,4,50,50,0,24,1,4575.0,1.3734573974037532
505045,4,50,50,0,25,1,4620.0,1.483297063384862
505045,4,50,50,0,26,1,3343.0,1.509119957299266
505045,4,50,50,0,27,1,4328.0,1.394223923540141
505045,4,50,50,0,28,1,2195.0,1.1386822305014233
505045,4,50,50,0,29,1,3491.0,1.2862400088522046
505045,4,50,50,0,30,1,1978.0,1.5229798758920328
505045,4,50,50,0,31,1,2126.0,1.1007002012515992
505045,4,50,50,0,32,1,3767.0,2.096849122192966
505045,4,50,50,0,33,1,1432.0,1.280978566117395
505045,4,50,50,0,34,1,3710.0,0.7478189743922805
505045,4,50,50,0,35,1,3619.0,1.1102397472063052
505045,4,50,50,0,36,1,3377.0,1.1853455018688819
505045,4,50,50,0,37,1,1304.0,1.1232235661477399
505045,4,50,50,0,38,1,1627.0,1.1007002012515992
505045,4,50,50,0,39,1,4772.0,1.9722279995595626
505045,4,50,50,0,40,1,1471.0,1.3286632185082439
505045,4,50,50,0,41,1,1794.0,1.1102397472063052
505045,4,50,50,0,42,1,3618.0,1.2755876238554464
505045,4,50,50,0,43,1,2975.0,1.1893931357907523
505045,4,50,50,0,44,1,4573.0,1.3734573974037532
505045,4,50,50,0,45,1,4615.0,1.2862400088522046
505045,4,50,50,0,46,1,1381.0,0.7478189743922805
505045,4,50,50,0,47,1,2623.0,1.9722279995595626
505045,4,50,50,0,48,1,1788.0,1.3286632185082439
505045,4,50,50,0,49,1,3306.0,1.1232235661477399
505045,4,50,50,0,50,0,1874.0,
505046,5,50,50,0,1,1,4603.0,1.2064542501166142
505046,5,50,50,0,2,1,3429.0,1.1020189953691417
505046,5,50,50,0,3,1,1352.0,1.676394241061871
505046,5,50,50,0,4,1,3490.0,1.2632710907042204
505046,5,50,50,0,5,0,3030.0,
505046,5,50,50,0,6,1,2117.0,1.2632710907042204
505046,5,50,50,0,7,1,2761.0,1.4044257586920368
505046,5,50,50,0,8,1,2634.0,1.1810879942313033
505046,5,50,50,0,9,1,1680.0,1.2731744216698686
505046,5,50,50,0,10,1,3924.0,1.1810879942313033
505046,5,50,50,0,11,1,2048.0,1.9096341993453907
505046,5,50,50,0,12,1,1720.0,1.1020189953691417
505046,5,50,50,0,13,1,3493.0,1.9096341993453907
505046,5,50,50,0,14,0,2432.0,
505046,5,50,50,0,15,1,2625.0,1.6464007551112476
505046,5,50,50,0,16,1,2347.0,1.4821747696560879
505046,5,50,50,0,17,1,3627.0,1.2611281692226153
505046,5,50,50,0,18,1,2130.0,1.3797782558331955
505046,5,50,50,0,19,0,3264.0,
505046,5,50,50,0,20,1,2979.0,1.6464007551112476
505046,5,50,50,0,21,1,3216.0,1.499034345467813
505046,5,50,50,0,22,1,4172.0,0.9744059932254799
505046,5,50,50,0,23,1,2679.0,0.9744059932254799
505046,5,50,50,0,24,1,1975.0,1.4727571093700011
505046,5,50,50,0,25,1,3716.0,1.1541608746349243
505046,5,50,50,0,26,1,1277.0,1.2611281692226153
505046,5,50,50,0,27,1,4610.0,1.9818709085014423
505046,5,50,50,0,28,1,1348.0,1.499034345467813
505046,5,50,50,0,29,1,3379.0,1.2731744216698686
505046,5,50,50,0,30,1,3042.0,1.1489423697586925
505046,5,50,50,0,31,1,4800.0,1.4727571093700011
505046,5,50,50,0,32,1,3604.0,1.1541608746349243
505046,5,50,50,0,33,1,3250.0,0.9622167615369552
505046,5,50,50,0,34,1,3813.0,1.9961862868123619
505046,5,50,50,0,35,1,3777.0,1.1489423697586925
505046,5,50,50,0,36,1,4455.0,1.3352026616743136
505046,5,50,50,0,37,0,4248.0,
505046,5,50,50,0,38,1,1597.0,1.9961862868123619
505046,5,50,50,0,39,1,4020.0,1.7777744100090083
505046,5,50,50,0,40,1,1587.0,1.676394241061871
505046,5,50,50,0,41,1,2689.0,1.1360786557164053
505046,5,50,50,0,42,1,2395.0,1.4044257586920368
505046,5,50,50,0,43,1,4051.0,1.3797782558331955
505046,5,50,50,0,44,1,2207.0,1.3352026616743136
505046,5,50,50,0,45,1,3193.0,1.2064542501166142
505046,5,50,50,0,46,1,1261.0,1.1360786557164053
505046,5,50,50,0,47,1,2689.0,1.7777744100090083
505046,5,50,50,0,48,1,4231.0,1.9818709085014423
505046,5,50,50,0,49,1,1676.0,0.9622167615369552
505046,5,50,50,0,50,1,3178.0,1.4821747696560879
505047,6,50,50,0,1,1,3668.0,1.1655330796994798
505047,6,50,50,0,2,1,1736.0,1.3234623188007675
505047,6,50,50,0,3,1,2309.0,1.3690170421218566
505047,6,50,50,0,4,1,4439.0,1.7533368841259973
505047,6,50,50,0,5,1,2845.0,0.9630148749616929
505047,6,50,50,0,6,1,3078.0,1.552390708125434
505047,6,50,50,0,7,1,4037.0,0.9630148749616929
505047,6,50,50,0,8,1,3763.0,1.609043989711565
505047,6,50,50,0,9,1,3835.0,1.3129030090847336
505047,6,50,50,0,10,1,1794.0,0.8916744163660365
505047,6,50,50,0,11,1,2732.0,1.7533368841259973
505047,6,50,50,0,12,1,2693.0,1.3234623188007675
505047,6,50,50,0,13,1,2600.0,1.499303517653405
505047,6,50,50,0,14,1,2183.0,1.9238659299724912
505047,6,50,50,0,15,1,4647.0,1.8430555593058935
505047,6,50,50,0,16,1,3465.0,0.8383238149008705
505047,6,50,50,0,17,1,4708.0,1.3690170421218566
505047,6,50,50,0,18,1,3620.0,1.84199994237685
505047,6,50,50,0,19,1,2904.0,1.9890705800139756
505047,6,50,50,0,20,1,1559.0,1.3953034122281514
505047,6,50,50,0,21,1,2635.0,2.1241179192748065
505047,6,50,50,0,22,1,3892.0,0.8916744163660365
505047,6,50,50,0,23,1,2718.0,1.2888168575032712
505047,6,50,50,0,24,1,2185.0,1.5593276125642246
505047,6,50,50,0,25,1,3210.0,1.135927233664653
505047,6,50,50,0,26,1,4597.0,2.1241179192748065
505047,6,50,50,0,27,1,2610.0,1.499303517653405
505047,6,50,50,0,28,1,4518.0,1.9238659299724912
505047,6,50,50,0,29,1,1988.0,1.8430555593058935
505047,6,50,50,0,30,1,2044.0,0.9769545614558085
505047,6,50,50,0,31,1,2870.0,1.552390708125434
505047,6,50,50,0,32,1,2436.0,1.135927233664653
505047,6,50,50,0,33,1,2181.0,0.8383238149008705
505047,6,50,50,0,34,1,4338.0,1.4334249990876586
505047,6,50,50,0,35,1,4313.0,1.3129030090847336
505047,6,50,50,0,36,1,1646.0,1.062689603230144
505047,6,50,50,0,37,1,3341.0,1.062689603230144
505047,6,50,50,0,38,1,3559.0,1.8589623195745297
505047,6,50,50,0,39,1,2135.0,1.609043989711565
505047,6,50,50,0,40,1,3622.0,1.5593276125642246
505047,6,50,50,0,41,1,2300.0,0.9769545614558085
505047,6,50,50,0,42,1,3322.0,1.9890705800139756
505047,6,50,50,0,43,1,3997.0,1.3953034122281514
505047,6,50,50,0,44,1,4461.0,1.8589623195745297
505047,6,50,50,0,45,1,2004.0,1.1655330796994798
505047,6,50,50,0,46,1,3481.0,1.4334249990876586
505047,6,50,50,0,47,1,2274.0,1.3687495353410022
505047,6,50,50,0,48,1,4029.0,1.2888168575032712
505047,6,50,50,0,49,1,3298.0,1.3687495353410022
505047,6,50,50,0,50,1,2426.0,1.84199994237685
505048,7,50,50,0,1,1,3573.0,1.0420893569407934
505048,7,50,50,0,2,1,4128.0,1.6810610285949974
505048,7,50,50,0,3,1,2273.0,2.0030204981163675
505048,7,50,50,0,4,1,3084.0,1.639211819560506
505048,7,50,50,0,5,1,1837.0,1.0420893569407934
505048,7,50,50,0,6,1,3054.0,1.2634797439374568
505048,7,50,50,0,7,1,3273.0,1.3961116489890542
505048,7,50,50,0,8,1,3242.0,1.3769046614534788
505048,7,50,50,0,9,1,2596.0,1.7036469214192893
505048,7,50,50,0,10,1,3035.0,1.3244620527256004
505048,7,50,50,0,11,1,1424.0,1.3244620527256004
505048,7,50,50,0,12,1,2704.0,1.6810610285949974
505048,7,50,50,0,13,1,3637.0,1.7036469214192893
505048,7,50,50,0,14,1,4170.0,1.639211819560506
505048,7,50,50,0,15,1,1684.0,1.3961116489890542
505048,7,50,50,0,16,1,3883.0,1.221024587749055
505048,7,50,50,0,17,1,4380.0,1.7210222830871993
505048,7,50,50,0,18,1,1556.0,2.7882470710005958
505048,7,50,50,0,19,1,1539.0,1.1754392498676487
505048,7,50,50,0,20,1,3966.0,1.1963712482701765
505048,7,50,50,0,21,1,4169.0,1.217193526116999
505048,7,50,50,0,22,1,4544.0,1.7210222830871993
505048,7,50,50,0,23,1,4191.0,0.8733889006389911
505048,7,50,50,0,24,1,3378.0,1.2651353430170962
505048,7,50,50,0,25,1,3478.0,1.3862558640462688
505048,7,50,50,0,26,1,3891.0,1.2651353430170962
505048,7,50,50,0,27,1,1850.0,1.1754392498676487
505048,7,50,50,0,28,1,4372.0,1.788687506411392
505048,7,50,50,0,29,1,3601.0,1.2433817512775307
505048,7,50,50,0,30,1,2652.0,1.3717555667252594
505048,7,50,50,0,31,1,1709.0,1.2634797439374568
505048,7,50,50,0,32,1,3525.0,1.3862558640462688
505048,7,50,50,0,33,1,1799.0,1.221024587749055
505048,7,50,50,0,34,1,1389.0,1.2050112224670144
505048,7,50,50,0,35,0,4275.0,
505048,7,50,50,0,36,1,3440.0,1.1368574792868757
505048,7,50,50,0,37,1,2575.0,1.2433817512775307
505048,7,50,50,0,38,1,2556.0,1.8569307012298835
505048,7,50,50,0,39,1,1258.0,1.3769046614534788
505048,7,50,50,0,40,1,4341.0,1.3717555667252594
505048,7,50,50,0,41,1,2959.0,1.2050112224670144
505048,7,50,50,0,42,1,3138.0,1.788687506411392
505048,7,50,50,0,43,1,4144.0,1.217193526116999
505048,7,50,50,0,44,1,3118.0,1.8569307012298835
505048,7,50,50,0,45,1,1324.0,2.0030204981163675
505048,7,50,50,0,46,1,1429.0,1.1368574792868757
505048,7,50,50,0,47,1,3167.0,1.1963712482701765
505048,7,50,50,0,48,1,2569.0,0.8733889006389911
505048,7,50,50,0,49,0,4442.0,
505048,7,50,50,0,50,1,3906.0,2.7882470710005958
505049,8,50,50,0,1,1,2879.0,1.79581549682597
505049,8,50,50,0,2,1,1210.0,1.0647012284343405
505049,8,50,50,0,3,0,4093.0,
505049,8,50,50,0,4,1,3148.0,1.5052566163901697
505049,8,50,50,0,5,1,4235.0,0.5844151387538493
505049,8,50,50,0,6,1,3558.0,1.345305314844337
505049,8,50,50,0,7,1,3822.0,1.4705937122504855
505049,8,50,50,0,8,1,3076.0,1.7171159097028952
505049,8,50,50,0,9,1,2935.0,1.8892197363582763
505049,8,50,50,0,10,1,3055.0,1.4705937122504855
505049,8,50,50,0,11,1,2159.0,1.0647012284343405
505049,8,50,50,0,12,1,2678.0,0.797339455715076
505049,8,50,50,0,13,1,4067.0,1.8892197363582763
505049,8,50,50,0,14,1,2883.0,0.5844151387538493
505049,8,50,50,0,15,1,2475.0,1.3534388604694874
505049,8,50,50,0,16,1,4186.0,0.9048017328363058
505049,8,50,50,0,17,1,2011.0,1.229105991462799
505049,8,50,50,0,18,1,3274.0,1.3534388604694874
505049,8,50,50,0,19,1,3979.0,1.1465876018130388
505049,8,50,50,0,20,0,3642.0,
505049,8,50,50,0,21,1,3789.0,0.8842088741089039
505049,8,50,50,0,22,1,3144.0,1.229105991462799
505049,8,50,50,0,23,1,2596.0,1.2557445421330935
505049,8,50,50,0,24,1,1205.0,1.4791770751272897
505049,8,50,50,0,25,1,1777.0,1.0119616492492658
505049,8,50,50,0,26,1,2145.0,2.4018139480980625
505049,8,50,50,0,27,1,1622.0,0.9048017328363058
505049,8,50,50,0,28,1,3502.0,0.797339455715076
505049,8,50,50,0,29,1,2383.0,1.4791770751272897
505049,8,50,50,0,30,1,1930.0,0.9582171770625086
505049,8,50,50,0,31,1,4109.0,1.5540749068039728
505049,8,50,50,0,32,1,1768.0,2.4018139480980625
505049,8,50,50,0,33,1,2498.0,1.7171159097028952
505049,8,50,50,0,34,1,1293.0,2.0031748118365913
505049,8,50,50,0,35,1,4274.0,1.283686372975736
505049,8,50,50,0,36,1,4024.0,1.219294629890746
505049,8,50,50,0,37,1,2130.0,1.5052566163901697
505049,8,50,50,0,38,1,3003.0,1.2557445421330935
505049,8,50,50,0,39,1,4481.0,0.8842088741089039
505049,8,50,50,0,40,1,4781.0,1.0119616492492658
505049,8,50,50,0,41,1,4459.0,1.283686372975736
505049,8,50,50,0,42,1,3292.0,1.1465876018130388
505049,8,50,50,0,43,1,1428.0,0.9582171770625086
505049,8,50,50,0,44,1,4769.0,1.345305314844337
505049,8,50,50,0,45,1,2626.0,1.79581549682597
505049,8,50,50,0,46,1,2751.0,2.0031748118365913
505049,8,50,50,0,47,1,1260.0,1.237359277801514
505049,8,50,50,0,48,1,2530.0,1.5540749068039728
505049,8,50,50,0,49,1,4613.0,1.237359277801514
505049,8,50,50,0,50,1,4106.0,1.219294629890746
505050,9,50,50,0,1,1,3286.0,1.449818730642092
505050,9,50,50,0,2,1,1584.0,1.4851228768044953
505050,9,50,50,0,3,1,4127.0,1.1805247661871643
505050,9,50,50,0,4,1,4505.0,1.1876564283467728
505050,9,50,50,0,5,1,1370.0,1.449818730642092
505050,9,50,50,0,6,1,2941.0,1.3144742716397328
505050,9,50,50,0,7,1,2128.0,1.1034620817572527
505050,9,50,50,0,8,1,4361.0,1.8001158567134268
505050,9,50,50,0,9,1,1506.0,1.3544467810386138
505050,9,50,50,0,10,1,4355.0,0.9457713166915732
505050,9,50,50,0,11,1,4431.0,1.1124017363682115
505050,9,50,50,0,12,1,2097.0,1.2540628618367482
505050,9,50,50,0,13,1,3660.0,1.3544467810386138
505050,9,50,50,0,14,1,3218.0,0.9303876424675875
505050,9,50,50,0,15,0,1845.0,
505050,9,50,50,0,16,1,2798.0,1.3431402537633303
505050,9,50,50,0,17,1,1229.0,1.5741359607509795
505050,9,50,50,0,18,1,2852.0,2.268476759718354
505050,9,50,50,0,19,0,2259.0,
505050,9,50,50,0,20,1,2057.0,1.915913385649544
505050,9,50,50,0,21,1,1756.0,1.2714600950363255
505050,9,50,50,0,22,1,1662.0,1.5741359607509795
505050,9,50,50,0,23,1,1481.0,1.311609236059128
505050,9,50,50,0,24,1,2539.0,0.9272627962308106
505050,9,50,50,0,25,1,1537.0,0.8404119076082524
505050,9,50,50,0,26,1,3403.0,1.1978717297357087
505050,9,50,50,0,27,1,4565.0,1.4851228768044953
505050,9,50,50,0,28,1,2395.0,1.2714600950363255
505050,9,50,50,0,29,1,2126.0,0.9457713166915732
505050,9,50,50,0,30,1,2631.0,2.0438224874269597
505050,9,50,50,0,31,1,1946.0,1.3144742716397328
505050,9,50,50,0,32,1,1960.0,1.1978717297357087
505050,9,50,50,0,33,1,3818.0,1.3431402537633303
505050,9,50,50,0,34,1,3378.0,1.1606145828008825
505050,9,50,50,0,35,1,3419.0,1.4839592189569042
505050,9,50,50,0,36,1,3795.0,1.1124017363682115
505050,9,50,50,0,37,1,3457.0,0.9303876424675875
505050,9,50,50,0,38,1,2064.0,1.915913385649544
505050,9,50,50,0,39,1,1434.0,1.8001158567134268
505050,9,50,50,0,40,1,2662.0,2.0438224874269597
505050,9,50,50,0,41,1,2618.0,1.4839592189569042
505050,9,50,50,0,42,1,1754.0,1.1034620817572527
505050,9,50,50,0,43,1,2973.0,2.268476759718354
505050,9,50,50,0,44,1,3722.0,0.9272627962308106
505050,9,50,50,0,45,1,1335.0,0.8404119076082524
505050,9,50,50,0,46,1,3164.0,1.1606145828008825
505050,9,50,50,0,47,1,3023.0,1.1805247661871643
505050,9,50,50,0,48,1,2368.0,1.2540628618367482
505050,9,50,50,0,49,1,3734.0,1.1876564283467728
505050,9,50,50,0,50,1,1379.0,1.311609236059128
505051,10,50,50,0,1,1,1793.0,1.4783941521192767
505051,10,50,50,0,2,1,3546.0,2.649160625113402
505051,10,50,50,0,3,1,2092.0,2.969577701796541
505051,10,50,50,0,4,1,3447.0,1.0303718589570388
505051,10,50,50,0,5,1,4316.0,0.7507293986690956
505051,10,50,50,0,6,1,2126.0,0.5282410974840251
505051,10,50,50,0,7,1,3090.0,1.6222672121163777
505051,10,50,50,0,8,1,4624.0,1.2905510358896741
505051,10,50,50,0,9,1,2682.0,1.5321616095558253
505051,10,50,50,0,10,1,1910.0,1.2905510358896741
505051,10,50,50,0,11,1,2736.0,2.649160625113402
505051,10,50,50,0,12,1,3194.0,1.2539719033943044
505051,10,50,50,0,13,1,3514.0,1.5321616095558253
505051,10,50,50,0,14,1,4124.0,2.220111804023297
505051,10,50,50,0,15,1,2108.0,1.139749120680631
505051,10,50,50,0,16,1,4463.0,1.276507831991636
505051,10,50,50,0,17,1,3794.0,1.578591850967974
505051,10,50,50,0,18,1,3617.0,1.4769670534634423
505051,10,50,50,0,19,1,1227.0,1.276507831991636
505051,10,50,50,0,20,1,3662.0,1.5090362664598471
505051,10,50,50,0,21,1,4065.0,1.1886907946773368
505051,10,50,50,0,22,1,1679.0,2.0842046388342026
505051,10,50,50,0,23,1,4424.0,1.5090362664598471
505051,10,50,50,0,24,1,4437.0,3.726850315639227
505051,10,50,50,0,25,1,2591.0,1.0313594188855708
505051,10,50,50,0,26,1,3380.0,1.1886907946773368
505051,10,50,50,0,27,1,3060.0,0.8377346515655277
505051,10,50,50,0,28,1,3993.0,1.2539719033943044
505051,10,50,50,0,29,1,2287.0,1.0303718589570388
505051,10,50,50,0,30,1,1979.0,1.1039063374986
505051,10,50,50,0,31,1,2711.0,3.726850315639227
505051,10,50,50,0,32,1,3353.0,2.0842046388342026
505051,10,50,50,0,33,1,2772.0,3.293875717613562
505051,10,50,50,0,34,1,2269.0,2.220111804023297
505051,10,50,50,0,35,1,4449.0,1.1039063374986
505051,10,50,50,0,36,1,2530.0,2.969577701796541
505051,10,50,50,0,37,1,3146.0,0.5282410974840251
505051,10,50,50,0,38,1,2409.0,1.0801527923541594
505051,10,50,50,0,39,1,1868.0,0.8377346515655277
505051,10,50,50,0,40,1,3730.0,1.0655299195083714
505051,10,50,50,0,41,1,3538.0,1.578591850967974
505051,10,50,50,0,42,1,2161.0,1.6222672121163777
505051,10,50,50,0,43,1,1405.0,1.0313594188855708
505051,10,50,50,0,44,1,3137.0,1.0801527923541594
505051,10,50,50,0,45,1,3303.0,1.4783941521192767
505051,10,50,50,0,46,1,4064.0,1.139749120680631
505051,10,50,50,0,47,1,1241.0,0.7507293986690956
505051,10,50,50,0,48,1,4327.0,1.0655299195083714
505051,10,50,50,0,49,1,2481.0,3.293875717613562
505051,10,50,50,0,50,1,2812.0,1.4769670534634423
606042,1,60,60,0,1,1,2496.0,1.6603602655495222
606042,1,60,60,0,2,1,4670.0,1.2708600078170273
606042,1,60,60,0,3,1,1988.0,1.5663165094657858
606042,1,60,60,0,4,1,2395.0,0.8998878758747773
606042,1,60,60,0,5,1,3878.0,1.3236864307340797
606042,1,60,60,0,6,1,4158.0,1.0220642471254937
606042,1,60,60,0,7,1,3821.0,1.6055094948402073
606042,1,60,60,0,8,1,2992.0,1.2708600078170273
606042,1,60,60,0,9,1,3505.0,1.826092972356511
606042,1,60,60,0,10,1,3760.0,1.3236864307340797
606042,1,60,60,0,11,1,1416.0,1.6055094948402073
606042,1,60,60,0,12,1,3021.0,1.2811394797393882
606042,1,60,60,0,13,1,2180.0,1.3311370567974268
606042,1,60,60,0,14,1,4200.0,2.563966457279302
606042,1,60,60,0,15,1,3205.0,1.028473450879075
606042,1,60,60,0,16,1,2384.0,1.4516570637465211
606042,1,60,60,0,17,1,4199.0,1.6603602655495222
606042,1,60,60,0,18,1,4777.0,1.0584313721498162
606042,1,60,60,0,19,1,1349.0,1.324194076886024
606042,1,60,60,0,20,1,2787.0,1.2901668856456727
606042,1,60,60,0,21,1,4077.0,1.5663165094657858
606042,1,60,60,0,22,1,1779.0,1.394521351568537
606042,1,60,60,0,23,1,1943.0,1.172917868648608
606042,1,60,60,0,24,1,3132.0,1.9564915190088072
606042,1,60,60,0,25,0,3152.0,
606042,1,60,60,0,26,1,2756.0,1.3962569572255368
606042,1,60,60,0,27,1,3078.0,1.8060048425090693
606042,1,60,60,0,28,1,2280.0,0.8990772029423267
606042,1,60,60,0,29,1,1428.0,1.826092972356511
606042,1,60,60,0,30,1,4658.0,0.9444069181997242
606042,1,60,60,0,31,1,3443.0,0.9444069181997242
606042,1,60,60,0,32,1,3605.0,1.394521351568537
606042,1,60,60,0,33,1,1871.0,1.0220642471254937
606042,1,60,60,0,34,1,1836.0,0.963937966997689
606042,1,60,60,0,35,1,2210.0,1.1429797610426362
606042,1,60,60,0,36,1,2302.0,1.1653926067813285
606042,1,60,60,0,37,1,2556.0,0.8998878758747773
606042,1,60,60,0,38,1,3192.0,1.3962569572255368
606042,1,60,60,0,39,1,1732.0,1.4516570637465211
606042,1,60,60,0,40,1,3902.0,1.2811394797393882
606042,1,60,60,0,41,1,1224.0,1.428177867671999
606042,1,60,60,0,42,1,2960.0,1.324194076886024
606042,1,60,60,0,43,1,4686.0,1.428177867671999
606042,1,60,60,0,44,1,1277.0,2.563966457279302
606042,1,60,60,0,45,1,4538.0,1.3311370567974268
606042,1,60,60,0,46,1,4158.0,1.028473450879075
606042,1,60,60,0,47,1,1936.0,0.8990772029423267
606042,1,60,60,0,48,1,1592.0,1.0584313721498162
606042,1,60,60,0,49,1,3740.0,1.8060048425090693
606042,1,60,60,0,50,1,2251.0,0.963937966997689
606042,1,60,60,0,51,1,4716.0,1.6176587373208677
606042,1,60,60,0,52,1,2744.0,1.2901668856456727
606042,1,60,60,0,53,1,3777.0,1.9564915190088072
606042,1,60,60,0,54,1,4366.0,1.1653926067813285
606042,1,60,60,0,55,1,2993.0,1.1429797610426362
606042,1,60,60,0,56,1,2803.0,1.657011944824526
606042,1,60,60,0,57,1,1211.0,1.172917868648608
606042,1,60,60,0,58,0,1980.0,
606042,1,60,60,0,59,1,2833.0,1.6176587373208677
606042,1,60,60,0,60,1,4190.0,1.657011944824526
606043,2,60,60,0,1,1,2730.0,1.8269966869527374
606043,2,60,60,0,2,1,2320.0,2.0174779324962433
606043,2,60,60,0,3,1,4478.0,1.4552825371770315
606043,2,60,60,0,4,1,2228.0,0.9769208611646031
606043,2,60,60,0,5,1,1896.0,1.5000102648975249
606043,2,60,60,0,6,1,3940.0,0.8048807081189848
606043,2,60,60,0,7,1,3024.0,1.1417277384731344
606043,2,60,60,0,8,1,4177.0,1.6941806383603113
606043,2,60,60,0,9,1,3732.0,2.2882996196880345
606043,2,60,60,0,10,1,4165.0,0.5700437500364101
606043,2,60,60,0,11,1,1763.0,1.4552825371770315
606043,2,60,60,0,12,1,1362.0,1.2900515726912953
606043,2,60,60,0,13,1,1261.0,1.8269966869527374
606043,2,60,60,0,14,1,1355.0,1.5000102648975249
606043,2,60,60,0,15,1,4122.0,1.2923081081629
606043,2,60,60,0,16,1,3512.0,2.2882996196880345
606043,2,60,60,0,17,1,3450.0,1.294532167115647
606043,2,60,60,0,18,1,1545.0,1.2923081081629
606043,2,60,60,0,19,1,3790.0,1.0570477285661826
606043,2,60,60,0,20,1,4496.0,0.9253094600725904
606043,2,60,60,0,21,1,2337.0,0.8802783059017706
606043,2,60,60,0,22,1,4137.0,1.294532167115647
606043,2,60,60,0,23,1,1708.0,1.7172503336797305
606043,2,60,60,0,24,1,1290.0,1.1062061468865045
606043,2,60,60,0,25,1,3014.0,0.9573704531102951
606043,2,60,60,0,26,1,2399.0,0.8802783059017706
606043,2,60,60,0,27,1,2271.0,0.9573704531102951
606043,2,60,60,0,28,1,1256.0,1.1123398127568946
606043,2,60,60,0,29,1,1657.0,1.1019790920647112
606043,2,60,60,0,30,1,2794.0,1.1148459736589318
606043,2,60,60,0,31,1,3044.0,0.8048807081189848
606043,2,60,60,0,32,0,3113.0,
606043,2,60,60,0,33,1,3667.0,1.2713645396206819
606043,2,60,60,0,34,1,2915.0,1.1062061468865045
606043,2,60,60,0,35,1,3048.0,1.9765593023285004
606043,2,60,60,0,36,1,4698.0,1.1148459736589318
606043,2,60,60,0,37,1,2368.0,0.9769208611646031
606043,2,60,60,0,38,1,1536.0,1.164820525085806
606043,2,60,60,0,39,0,4704.0,
606043,2,60,60,0,40,1,2180.0,0.9253094600725904
606043,2,60,60,0,41,1,4162.0,1.558110337780681
606043,2,60,60,0,42,1,3959.0,1.1123398127568946
606043,2,60,60,0,43,1,2593.0,1.030428579000829
606043,2,60,60,0,44,1,1204.0,1.1417277384731344
606043,2,60,60,0,45,1,2394.0,1.4841752132655992
606043,2,60,60,0,46,1,2363.0,1.030428579000829
606043,2,60,60,0,47,1,3766.0,1.3180245456836104
606043,2,60,60,0,48,1,1339.0,1.2900515726912953
606043,2,60,60,0,49,1,4197.0,1.2713645396206819
606043,2,60,60,0,50,1,2762.0,1.1019790920647112
606043,2,60,60,0,51,1,3501.0,2.0174779324962433
606043,2,60,60,0,52,1,1714.0,1.0570477285661826
606043,2,60,60,0,53,1,4713.0,1.9765593023285004
606043,2,60,60,0,54,1,1877.0,1.558110337780681
606043,2,60,60,0,55,1,1310.0,0.5700437500364101
606043,2,60,60,0,56,1,2625.0,1.7172503336797305
606043,2,60,60,0,57,1,2277.0,1.6941806383603113
606043,2,60,60,0,58,1,3322.0,1.3180245456836104
606043,2,60,60,0,59,1,2711.0,1.164820525085806
606043,2,60,60,0,60,1,2921.0,1.4841752132655992
606044,3,60,60,0,1,1,3736.0,1.0632170488241415
606044,3,60,60,0,2,1,3834.0,1.322231409923983
606044,3,60,60,0,3,1,2252.0,1.1935573058867952
606044,3,60,60,0,4,1,1541.0,1.3387248002598835
606044,3,60,60,0,5,1,3222.0,1.6303527110306604
606044,3,60,60,0,6,1,1716.0,0.9497014383660404
606044,3,60,60,0,7,1,3782.0,1.6303527110306604
606044,3,60,60,0,8,1,3997.0,1.1411984949249327
606044,3,60,60,0,9,1,2129.0,1.1935573058867952
606044,3,60,60,0,10,1,1214.0,1.227796075872811
606044,3,60,60,0,11,1,1866.0,1.5402642729880407
606044,3,60,60,0,12,1,1902.0,1.322231409923983
606044,3,60,60,0,13,1,4612.0,1.5402642729880407
606044,3,60,60,0,14,1,1726.0,1.3387248002598835
606044,3,60,60,0,15,1,3563.0,1.1600563127526347
606044,3,60,60,0,16,1,2262.0,3.036393914623273
606044,3,60,60,0,17,1,2941.0,1.3900179757305662
606044,3,60,60,0,18,1,4221.0,1.3519534707781051
606044,3,60,60,0,19,1,3238.0,1.1338843011326019
606044,3,60,60,0,20,1,2354.0,1.1600563127526347
606044,3,60,60,0,21,1,3612.0,0.7660473869661801
606044,3,60,60,0,22,1,2871.0,1.3900179757305662
606044,3,60,60,0,23,1,3915.0,9.463354933994905
606044,3,60,60,0,24,1,2454.0,0.718056689622877
606044,3,60,60,0,25,1,1761.0,1.0256427831796153
606044,3,60,60,0,26,1,4773.0,0.7660473869661801
606044,3,60,60,0,27,1,3049.0,1.1660995651284651
606044,3,60,60,0,28,1,1710.0,1.1222087788855584
606044,3,60,60,0,29,1,3355.0,1.1660995651284651
606044,3,60,60,0,30,1,4679.0,1.1338843011326019
606044,3,60,60,0,31,1,2412.0,0.9497014383660404
606044,3,60,60,0,32,1,3587.0,1.2695928435345645
606044,3,60,60,0,33,1,3789.0,3.036393914623273
606044,3,60,60,0,34,1,1816.0,1.227796075872811
606044,3,60,60,0,35,1,3453.0,1.1647953775214217
606044,3,60,60,0,36,1,2437.0,9.463354933994905
606044,3,60,60,0,37,1,4470.0,1.1222087788855584
606044,3,60,60,0,38,1,3745.0,1.7354026972048522
606044,3,60,60,0,39,1,3405.0,1.0256427831796153
606044,3,60,60,0,40,1,1225.0,2.6874347754444425
606044,3,60,60,0,41,1,1417.0,1.0013201418893567
606044,3,60,60,0,42,1,2275.0,0.8271188050149774
606044,3,60,60,0,43,1,1510.0,1.0632170488241415
606044,3,60,60,0,44,1,3540.0,1.7354026972048522
606044,3,60,60,0,45,1,2100.0,0.8921355997591289
606044,3,60,60,0,46,1,2852.0,0.8271188050149774
606044,3,60,60,0,47,1,3618.0,1.089288461395772
606044,3,60,60,0,48,1,1896.0,2.6874347754444425
606044,3,60,60,0,49,1,1822.0,1.089288461395772
606044,3,60,60,0,50,1,4437.0,1.3519534707781051
606044,3,60,60,0,51,1,1864.0,1.7246144972880855
606044,3,60,60,0,52,1,1601.0,0.8921355997591289
606044,3,60,60,0,53,1,1764.0,1.1647953775214217
606044,3,60,60,0,54,1,2197.0,1.3462060463264351
606044,3,60,60,0,55,1,2212.0,0.718056689622877
606044,3,60,60,0,56,1,3902.0,1.3462060463264351
606044,3,60,60,0,57,1,4734.0,1.1411984949249327
606044,3,60,60,0,58,1,4652.0,1.2695928435345645
606044,3,60,60,0,59,1,1574.0,1.7246144972880855
606044,3,60,60,0,60,1,3035.0,1.0013201418893567
606045,4,60,60,0,1,1,2531.0,0.9347737107993345
606045,4,60,60,0,2,0,2625.0,
606045,4,60,60,0,3,1,2442.0,1.922971083770112
606045,4,60,60,0,4,1,2576.0,1.3119832800845823
606045,4,60,60,0,5,1,2612.0,1.410766580568552
606045,4,60,60,0,6,1,1473.0,1.8354695087980135
606045,4,60,60,0,7,1,3904.0,1.083783928160568
606045,4,60,60,0,8,1,4738.0,0.7633831300382893
606045,4,60,60,0,9,1,4129.0,1.922971083770112
606045,4,60,60,0,10,1,4043.0,1.9613934478015975
606045,4,60,60,0,11,1,1244.0,1.083783928160568
606045,4,60,60,0,12,1,4222.0,0.8216971325003257
606045,4,60,60,0,13,1,4179.0,1.034305754192445
606045,4,60,60,0,14,1,2938.0,0.9982526216352462
606045,4,60,60,0,15,1,3765.0,1.7639506032075172
606045,4,60,60,0,16,1,4678.0,1.460216081861071
606045,4,60,60,0,17,1,3328.0,2.8459232862332366
606045,4,60,60,0,18,1,3269.0,3.737172404790029
606045,4,60,60,0,19,1,2303.0,1.410766580568552
606045,4,60,60,0,20,1,4076.0,3.737172404790029
606045,4,60,60,0,21,1,4661.0,1.411407029535506
606045,4,60,60,0,22,1,2313.0,1.5882669181381124
606045,4,60,60,0,23,1,4135.0,0.8853561898442691
606045,4,60,60,0,24,1,4488.0,1.1577926156759843
606045,4,60,60,0,25,1,4099.0,0.8853561898442691
606045,4,60,60,0,26,1,4735.0,1.3134934224953962
606045,4,60,60,0,27,0,2933.0,
606045,4,60,60,0,28,1,1430.0,0.7633831300382893
606045,4,60,60,0,29,1,3840.0,0.9585405072021537
606045,4,60,60,0,30,1,2084.0,1.034305754192445
606045,4,60,60,0,31,1,1706.0,0.8216971325003257
606045,4,60,60,0,32,1,2240.0,1.5882669181381124
606045,4,60,60,0,33,1,2354.0,1.1577926156759843
606045,4,60,60,0,34,1,4616.0,1.2799186103721742
606045,4,60,60,0,35,1,3291.0,2.3761740828930042
606045,4,60,60,0,36,1,1309.0,2.2921017857319392
606045,4,60,60,0,37,1,1661.0,1.460216081861071
606045,4,60,60,0,38,1,4037.0,1.3134934224953962
606045,4,60,60,0,39,1,2395.0,1.8354695087980135
606045,4,60,60,0,40,1,3409.0,0.9982526216352462
606045,4,60,60,0,41,1,1390.0,2.3761740828930042
606045,4,60,60,0,42,1,2757.0,1.7370815960208368
606045,4,60,60,0,43,1,3849.0,1.0691591433354575
606045,4,60,60,0,44,1,1915.0,1.2799186103721742
606045,4,60,60,0,45,1,1674.0,2.003810796195566
606045,4,60,60,0,46,1,1246.0,1.7639506032075172
606045,4,60,60,0,47,1,2678.0,1.7370815960208368
606045,4,60,60,0,48,1,2987.0,1.411407029535506
606045,4,60,60,0,49,1,2041.0,1.3119832800845823
606045,4,60,60,0,50,1,4722.0,1.0764786631170165
606045,4,60,60,0,51,1,1892.0,1.093213431437899
606045,4,60,60,0,52,1,4671.0,2.003810796195566
606045,4,60,60,0,53,1,1369.0,1.0764786631170165
606045,4,60,60,0,54,1,3224.0,2.2921017857319392
606045,4,60,60,0,55,1,1515.0,0.9585405072021537
606045,4,60,60,0,56,1,2620.0,1.0691591433354575
606045,4,60,60,0,57,1,2991.0,1.9613934478015975
606045,4,60,60,0,58,1,1605.0,0.9347737107993345
606045,4,60,60,0,59,1,3359.0,1.093213431437899
606045,4,60,60,0,60,1,2405.0,2.8459232862332366
606046,5,60,60,0,1,0,3030.0,
606046,5,60,60,0,2,1,2241.0,1.019506587433413
606046,5,60,60,0,3,1,1586.0,1.616840287415734
606046,5,60,60,0,4,1,2290.0,1.6754681818642196
606046,5,60,60,0,5,1,3590.0,1.409029787442961
606046,5,60,60,0,6,1,1551.0,1.3572146851531917
606046,5,60,60,0,7,1,4598.0,1.1717633117902788
606046,5,60,60,0,8,1,4582.0,1.409029787442961
606046,5,60,60,0,9,1,4091.0,1.099464426066735
606046,5,60,60,0,10,1,2495.0,1.2457735740217881
606046,5,60,60,0,11,1,4379.0,1.311440580703501
606046,5,60,60,0,12,1,4193.0,1.3783856875709712
606046,5,60,60,0,13,1,4145.0,1.5325365293926472
606046,5,60,60,0,14,1,3801.0,2.021662577223507
606046,5,60,60,0,15,1,3415.0,1.3940076067152645
606046,5,60,60,0,16,1,1862.0,1.311440580703501
606046,5,60,60,0,17,1,2443.0,1.616840287415734
606046,5,60,60,0,18,1,1701.0,1.229163416858238
606046,5,60,60,0,19,0,2281.0,
606046,5,60,60,0,20,1,3355.0,1.497442036018549
606046,5,60,60,0,21,1,2216.0,1.497442036018549
606046,5,60,60,0,22,1,4549.0,1.0774216246359156
606046,5,60,60,0,23,1,3519.0,1.603907609065752
606046,5,60,60,0,24,1,1837.0,1.3773658169504286
606046,5,60,60,0,25,1,4762.0,1.0304440255859364
606046,5,60,60,0,26,1,3743.0,1.3783856875709712
606046,5,60,60,0,27,1,3867.0,1.2597745415772272
606046,5,60,60,0,28,1,2092.0,1.5325365293926472
606046,5,60,60,0,29,1,1330.0,1.6754681818642196
606046,5,60,60,0,30,1,3135.0,1.0304440255859364
606046,5,60,60,0,31,1,4273.0,1.099464426066735
606046,5,60,60,0,32,1,3384.0,1.3940076067152645
606046,5,60,60,0,33,1,2962.0,1.6392723037908554
606046,5,60,60,0,34,1,2655.0,1.4748004629560039
606046,5,60,60,0,35,1,3833.0,1.0048731462188991
606046,5,60,60,0,36,1,3124.0,1.3773658169504286
606046,5,60,60,0,37,1,1577.0,1.345260592819097
606046,5,60,60,0,38,1,4122.0,1.345260592819097
606046,5,60,60,0,39,1,1976.0,1.0048731462188991
606046,5,60,60,0,40,1,3371.0,1.4748004629560039
606046,5,60,60,0,41,1,4081.0,1.2457735740217881
606046,5,60,60,0,42,1,4390.0,1.019506587433413
606046,5,60,60,0,43,1,2429.0,2.021662577223507
606046,5,60,60,0,44,1,1466.0,0.8702619042808695
606046,5,60,60,0,45,1,3168.0,1.5420258021832618
606046,5,60,60,0,46,1,1948.0,1.6392723037908554
606046,5,60,60,0,47,1,1796.0,0.8702619042808695
606046,5,60,60,0,48,1,3410.0,1.229163416858238
606046,5,60,60,0,49,1,2846.0,1.2597745415772272
606046,5,60,60,0,50,1,2383.0,1.1324180027805426
606046,5,60,60,0,51,1,1269.0,1.1330177309565634
606046,5,60,60,0,52,1,2768.0,1.5420258021832618
606046,5,60,60,0,53,1,2282.0,1.1324180027805426
606046,5,60,60,0,54,1,1526.0,1.3572146851531917
606046,5,60,60,0,55,1,4593.0,1.447100122407852
606046,5,60,60,0,56,1,4691.0,1.0774216246359156
606046,5,60,60,0,57,1,4453.0,1.603907609065752
606046,5,60,60,0,58,1,4362.0,1.1330177309565634
606046,5,60,60,0,59,1,3668.0,1.447100122407852
606046,5,60,60,0,60,1,2509.0,1.1717633117902788
606047,6,60,60,0,1,1,2301.0,1.6087295317892218
606047,6,60,60,0,2,1,3036.0,1.3700063012720023
606047,6,60,60,0,3,1,2655.0,1.4276206882498643
606047,6,60,60,0,4,1,4295.0,1.1444741944216419
606047,6,60,60,0,5,1,3623.0,1.4354200811429303
606047,6,60,60,0,6,1,3606.0,1.2834213014247506
606047,6,60,60,0,7,1,2957.0,1.4354200811429303
606047,6,60,60,0,8,1,1849.0,1.560247520949917
606047,6,60,60,0,9,1,2544.0,1.4276206882498643
606047,6,60,60,0,10,1,2252.0,0.9528744065368866
606047,6,60,60,0,11,1,4206.0,1.3770948400320342
606047,6,60,60,0,12,1,4488.0,1.3700063012720023
606047,6,60,60,0,13,1,1466.0,1.6218128563553638
606047,6,60,60,0,14,1,3089.0,0.8162900684182078
606047,6,60,60,0,15,1,2159.0,1.1347548173510869
606047,6,60,60,0,16,0,3381.0,
606047,6,60,60,0,17,1,4324.0,0.8600984067478907
606047,6,60,60,0,18,1,1495.0,1.4935325971886784
606047,6,60,60,0,19,1,1295.0,1.3770948400320342
606047,6,60,60,0,20,1,4766.0,1.6087295317892218
606047,6,60,60,0,21,1,2436.0,1.1347548173510869
606047,6,60,60,0,22,0,1735.0,
606047,6,60,60,0,23,1,2980.0,1.6980358948866066
606047,6,60,60,0,24,1,4735.0,1.7267303972944645
606047,6,60,60,0,25,1,3008.0,1.2430568501334394
606047,6,60,60,0,26,1,4322.0,1.2430568501334394
606047,6,60,60,0,27,0,3644.0,
606047,6,60,60,0,28,1,4015.0,1.842729991847913
606047,6,60,60,0,29,1,2701.0,0.9528744065368866
606047,6,60,60,0,30,1,1255.0,1.2917520262532487
606047,6,60,60,0,31,1,3119.0,0.8746464716785742
606047,6,60,60,0,32,1,4694.0,0.8746464716785742
606047,6,60,60,0,33,1,1857.0,1.560247520949917
606047,6,60,60,0,34,1,1436.0,2.3668493732838236
606047,6,60,60,0,35,1,2411.0,1.3109145971206986
606047,6,60,60,0,36,1,1293.0,1.1113255973537233
606047,6,60,60,0,37,1,1473.0,1.2834213014247506
606047,6,60,60,0,38,1,4196.0,2.3668493732838236
606047,6,60,60,0,39,1,2903.0,0.9973240386192241
606047,6,60,60,0,40,1,2364.0,1.5462506944127714
606047,6,60,60,0,41,1,3186.0,1.244210746732081
606047,6,60,60,0,42,1,1323.0,1.842729991847913
606047,6,60,60,0,43,1,3795.0,0.8162900684182078
606047,6,60,60,0,44,1,1580.0,1.7267303972944645
606047,6,60,60,0,45,1,3678.0,1.6218128563553638
606047,6,60,60,0,46,1,1485.0,1.187036754889464
606047,6,60,60,0,47,1,2558.0,0.9973240386192241
606047,6,60,60,0,48,1,3005.0,1.5462506944127714
606047,6,60,60,0,49,1,1505.0,1.2896470070195738
606047,6,60,60,0,50,1,4666.0,1.4935325971886784
606047,6,60,60,0,51,0,4515.0,
606047,6,60,60,0,52,1,2189.0,1.244210746732081
606047,6,60,60,0,53,1,4046.0,1.2896470070195738
606047,6,60,60,0,54,1,3346.0,1.1113255973537233
606047,6,60,60,0,55,1,1356.0,1.3109145971206986
606047,6,60,60,0,56,1,1368.0,1.2917520262532487
606047,6,60,60,0,57,1,3163.0,1.1444741944216419
606047,6,60,60,0,58,1,1370.0,1.6980358948866066
606047,6,60,60,0,59,1,2178.0,0.8600984067478907
606047,6,60,60,0,60,1,3641.0,1.187036754889464
606048,7,60,60,0,1,1,2957.0,1.2637446546059379
606048,7,60,60,0,2,1,2932.0,0.9233220633252613
606048,7,60,60,0,3,1,4352.0,1.7582439192438262
606048,7,60,60,0,4,1,3834.0,1.4027271719820944
606048,7,60,60,0,5,1,3316.0,1.666144577653229
606048,7,60,60,0,6,1,3849.0,1.7582439192438262
606048,7,60,60,0,7,1,3781.0,1.666144577653229
606048,7,60,60,0,8,1,2556.0,0.9884557934841673
606048,7,60,60,0,9,1,4197.0,1.4745069506101214
606048,7,60,60,0,10,0,4348.0,
606048,7,60,60,0,11,1,4180.0,0.8931949192118205
606048,7,60,60,0,12,1,2781.0,0.9233220633252613
606048,7,60,60,0,13,1,4557.0,0.9884557934841673
606048,7,60,60,0,14,1,3404.0,1.4027271719820944
606048,7,60,60,0,15,1,4553.0,1.160383177849044
606048,7,60,60,0,16,1,2411.0,1.2542389541244796
606048,7,60,60,0,17,1,3699.0,1.149482793590697
606048,7,60,60,0,18,1,1272.0,1.4866965429956456
606048,7,60,60,0,19,1,1566.0,1.0863101599198266
606048,7,60,60,0,20,1,3529.0,1.0250784989962423
606048,7,60,60,0,21,1,2662.0,1.0659464671016905
606048,7,60,60,0,22,1,1913.0,1.149482793590697
606048,7,60,60,0,23,1,2500.0,1.2542389541244796
606048,7,60,60,0,24,1,4161.0,1.0659464671016905
606048,7,60,60,0,25,1,2199.0,1.4457776712855928
606048,7,60,60,0,26,1,4227.0,2.6137534724941074
606048,7,60,60,0,27,1,3904.0,0.9128411616945368
606048,7,60,60,0,28,1,1372.0,1.4815701669887182
606048,7,60,60,0,29,1,3413.0,1.4745069506101214
606048,7,60,60,0,30,1,1699.0,1.3714826061138168
606048,7,60,60,0,31,0,2963.0,
606048,7,60,60,0,32,1,1709.0,0.8931949192118205
606048,7,60,60,0,33,1,4424.0,1.4866965429956456
606048,7,60,60,0,34,1,1839.0,1.160383177849044
606048,7,60,60,0,35,1,1277.0,0.8299470934628136
606048,7,60,60,0,36,1,4474.0,1.067914170229509
606048,7,60,60,0,37,1,2569.0,1.8079924296213183
606048,7,60,60,0,38,1,3135.0,0.5956895286276762
606048,7,60,60,0,39,1,3580.0,2.0048450840196694
606048,7,60,60,0,40,1,3102.0,1.3714826061138168
606048,7,60,60,0,41,1,4538.0,0.8299470934628136
606048,7,60,60,0,42,1,2166.0,1.4815701669887182
606048,7,60,60,0,43,1,4794.0,1.2637446546059379
606048,7,60,60,0,44,1,2981.0,0.9128411616945368
606048,7,60,60,0,45,1,4447.0,1.0196169516162454
606048,7,60,60,0,46,1,4052.0,1.067914170229509
606048,7,60,60,0,47,1,2061.0,2.0048450840196694
606048,7,60,60,0,48,1,2907.0,1.517863123301581
606048,7,60,60,0,49,1,2425.0,0.5956895286276762
606048,7,60,60,0,50,1,3066.0,1.0863101599198266
606048,7,60,60,0,51,1,4390.0,1.6297445910360193
606048,7,60,60,0,52,1,1508.0,1.0196169516162454
606048,7,60,60,0,53,1,3741.0,1.0250784989962423
606048,7,60,60,0,54,0,1616.0,
606048,7,60,60,0,55,1,4168.0,1.4457776712855928
606048,7,60,60,0,56,0,2178.0,
606048,7,60,60,0,57,1,4144.0,1.8079924296213183
606048,7,60,60,0,58,1,2142.0,2.6137534724941074
606048,7,60,60,0,59,1,2886.0,1.6297445910360193
606048,7,60,60,0,60,1,2756.0,1.517863123301581
606049,8,60,60,0,1,1,3977.0,1.8937947735862435
606049,8,60,60,0,2,1,2661.0,1.056156692875698
606049,8,60,60,0,3,1,2481.0,1.4258325640843568
606049,8,60,60,0,4,1,4420.0,1.2752657820664917
606049,8,60,60,0,5,1,2837.0,0.9952587492797197
606049,8,60,60,0,6,1,2461.0,1.2959203730194262
606049,8,60,60,0,7,0,4044.0,
606049,8,60,60,0,8,1,1840.0,1.056156692875698
606049,8,60,60,0,9,1,3329.0,4.256172449521114
606049,8,60,60,0,10,1,1397.0,0.9284060841329747
606049,8,60,60,0,11,1,4563.0,1.4258325640843568
606049,8,60,60,0,12,1,3753.0,0.9284060841329747
606049,8,60,60,0,13,1,2323.0,4.256172449521114
606049,8,60,60,0,14,1,3204.0,1.2752657820664917
606049,8,60,60,0,15,1,2466.0,1.0227140246823878
606049,8,60,60,0,16,1,4100.0,1.3488020605806161
606049,8,60,60,0,17,1,2521.0,1.2511648455465947
606049,8,60,60,0,18,1,4743.0,1.2289490718624654
606049,8,60,60,0,19,1,4055.0,1.2511648455465947
606049,8,60,60,0,20,1,2324.0,1.0227140246823878
606049,8,60,60,0,21,1,1819.0,1.020975405777624
606049,8,60,60,0,22,1,1639.0,1.2634516066989123
606049,8,60,60,0,23,1,1457.0,1.2634516066989123
606049,8,60,60,0,24,1,3699.0,1.6319105879429383
606049,8,60,60,0,25,0,4742.0,
606049,8,60,60,0,26,1,3254.0,1.020975405777624
606049,8,60,60,0,27,1,4014.0,1.200667868087876
606049,8,60,60,0,28,1,1920.0,1.1262138094473684
606049,8,60,60,0,29,1,1259.0,1.2959203730194262
606049,8,60,60,0,30,1,3007.0,1.2280833156459692
606049,8,60,60,0,31,1,2710.0,1.0651026418463354
606049,8,60,60,0,32,1,3796.0,1.8616378753284806
606049,8,60,60,0,33,1,2666.0,1.2289490718624654
606049,8,60,60,0,34,1,4436.0,1.5273603860420388
606049,8,60,60,0,35,1,2076.0,1.2280833156459692
606049,8,60,60,0,36,1,3044.0,1.1903346022675092
606049,8,60,60,0,37,1,4093.0,1.3488020605806161
606049,8,60,60,0,38,1,2678.0,1.3934150758701256
606049,8,60,60,0,39,1,1871.0,0.9952587492797197
606049,8,60,60,0,40,1,4077.0,1.0926884139482564
606049,8,60,60,0,41,1,3970.0,1.3934150758701256
606049,8,60,60,0,42,1,3546.0,1.1262138094473684
606049,8,60,60,0,43,1,4412.0,1.8937947735862435
606049,8,60,60,0,44,1,1452.0,1.200667868087876
606049,8,60,60,0,45,1,3524.0,2.060318154660293
606049,8,60,60,0,46,1,4071.0,1.5273603860420388
606049,8,60,60,0,47,1,3330.0,1.3672603157189003
606049,8,60,60,0,48,1,2182.0,1.0926884139482564
606049,8,60,60,0,49,1,4572.0,1.3672603157189003
606049,8,60,60,0,50,1,2788.0,1.3767445772048283
606049,8,60,60,0,51,1,4485.0,1.1903346022675092
606049,8,60,60,0,52,1,4448.0,2.060318154660293
606049,8,60,60,0,53,1,1413.0,1.3767445772048283
606049,8,60,60,0,54,1,4525.0,1.0651026418463354
606049,8,60,60,0,55,1,2819.0,1.3303300707271541
606049,8,60,60,0,56,1,2329.0,1.1762829326670576
606049,8,60,60,0,57,1,1991.0,1.8616378753284806
606049,8,60,60,0,58,1,4232.0,1.6319105879429383
606049,8,60,60,0,59,1,3405.0,1.3303300707271541
606049,8,60,60,0,60,1,2299.0,1.1762829326670576
606050,9,60,60,0,1,1,2949.0,1.4765819289267754
606050,9,60,60,0,2,1,2876.0,1.27747029270837
606050,9,60,60,0,3,1,3768.0,1.2860210780409718
606050,9,60,60,0,4,1,3141.0,1.159626101834873
606050,9,60,60,0,5,1,1829.0,1.3119556337305076
606050,9,60,60,0,6,1,2263.0,2.113576026773378
606050,9,60,60,0,7,1,4092.0,1.0561728272791873
606050,9,60,60,0,8,1,1856.0,1.1309806848816468
606050,9,60,60,0,9,1,4306.0,2.3638351979223304
606050,9,60,60,0,10,1,4564.0,1.3332863692754213
606050,9,60,60,0,11,1,3582.0,0.936256115731537
606050,9,60,60,0,12,1,1271.0,1.27747029270837
606050,9,60,60,0,13,1,4526.0,1.3050415250188419
606050,9,60,60,0,14,1,1714.0,1.181892300319142
606050,9,60,60,0,15,1,3953.0,2.376074058608786
606050,9,60,60,0,16,0,1726.0,
606050,9,60,60,0,17,1,1297.0,1.290738218300509
606050,9,60,60,0,18,1,1241.0,0.936256115731537
606050,9,60,60,0,19,1,3682.0,1.4704004572974365
606050,9,60,60,0,20,1,4461.0,2.376074058608786
606050,9,60,60,0,21,1,4444.0,1.181892300319142
606050,9,60,60,0,22,1,4756.0,1.290738218300509
606050,9,60,60,0,23,1,2437.0,1.2860210780409718
606050,9,60,60,0,24,1,4788.0,1.3128622848241698
606050,9,60,60,0,25,1,1406.0,1.0662508723849728
606050,9,60,60,0,26,1,3343.0,1.1309806848816468
606050,9,60,60,0,27,1,1613.0,1.159626101834873
606050,9,60,60,0,28,1,3434.0,2.033380625645656
606050,9,60,60,0,29,1,1760.0,2.3638351979223304
606050,9,60,60,0,30,0,1955.0,
606050,9,60,60,0,31,1,2396.0,1.38895193329812
606050,9,60,60,0,32,1,2505.0,1.6785317761810332
606050,9,60,60,0,33,1,3221.0,1.1786757477491665
606050,9,60,60,0,34,1,4646.0,1.4749236521887426
606050,9,60,60,0,35,1,2796.0,0.7649282979085235
606050,9,60,60,0,36,1,3909.0,1.1156445602148497
606050,9,60,60,0,37,1,3669.0,2.033380625645656
606050,9,60,60,0,38,1,1491.0,0.7649282979085235
606050,9,60,60,0,39,1,3109.0,1.1156445602148497
606050,9,60,60,0,40,1,2253.0,2.113576026773378
606050,9,60,60,0,41,1,2499.0,1.1232566107707191
606050,9,60,60,0,42,1,1761.0,1.4704004572974365
606050,9,60,60,0,43,1,1985.0,1.3128622848241698
606050,9,60,60,0,44,0,4440.0,
606050,9,60,60,0,45,1,3950.0,1.4765819289267754
606050,9,60,60,0,46,1,2381.0,1.4749236521887426
606050,9,60,60,0,47,0,4278.0,
606050,9,60,60,0,48,1,4762.0,0.6196707013532635
606050,9,60,60,0,49,1,2403.0,1.1786757477491665
606050,9,60,60,0,50,1,2369.0,1.6785317761810332
606050,9,60,60,0,51,1,1511.0,1.0662508723849728
606050,9,60,60,0,52,1,1290.0,1.1232566107707191
606050,9,60,60,0,53,1,4196.0,1.0561728272791873
606050,9,60,60,0,54,1,3302.0,1.3050415250188419
606050,9,60,60,0,55,1,3420.0,1.3332863692754213
606050,9,60,60,0,56,1,1848.0,1.38895193329812
606050,9,60,60,0,57,1,1664.0,0.6196707013532635
606050,9,60,60,0,58,1,4614.0,1.5387442448867013
606050,9,60,60,0,59,1,1339.0,1.3119556337305076
606050,9,60,60,0,60,1,3232.0,1.5387442448867013
606051,10,60,60,0,1,1,4270.0,1.2120863426776023
606051,10,60,60,0,2,1,4598.0,2.6813963824834444
606051,10,60,60,0,3,1,1761.0,1.860163877508506
606051,10,60,60,0,4,1,4165.0,1.07319060638354
606051,10,60,60,0,5,1,1554.0,1.07319060638354
606051,10,60,60,0,6,1,4326.0,1.5470902301180052
606051,10,60,60,0,7,1,2808.0,1.4266641577548025
606051,10,60,60,0,8,1,4204.0,1.5007135439907588
606051,10,60,60,0,9,1,2526.0,1.860163877508506
606051,10,60,60,0,10,0,3497.0,
606051,10,60,60,0,11,1,2887.0,1.1906806405003292
606051,10,60,60,0,12,1,2920.0,2.6813963824834444
606051,10,60,60,0,13,0,4749.0,
606051,10,60,60,0,14,1,3959.0,1.4266641577548025
606051,10,60,60,0,15,1,2536.0,1.1694629043578426
606051,10,60,60,0,16,0,3016.0,
606051,10,60,60,0,17,1,2885.0,1.1694629043578426
606051,10,60,60,0,18,1,1843.0,1.0260008260384006
606051,10,60,60,0,19,1,4029.0,1.088319935289786
606051,10,60,60,0,20,0,3540.0,
606051,10,60,60,0,21,1,4315.0,1.2361297380445049
606051,10,60,60,0,22,1,2457.0,1.2596347543856643
606051,10,60,60,0,23,0,1779.0,
606051,10,60,60,0,24,1,3245.0,1.3176483387239053
606051,10,60,60,0,25,1,1318.0,1.0881235322944047
606051,10,60,60,0,26,1,1263.0,0.782065788859421
606051,10,60,60,0,27,1,3499.0,1.1299602681603376
606051,10,60,60,0,28,1,3815.0,0.9702234839770896
606051,10,60,60,0,29,1,3296.0,0.782065788859421
606051,10,60,60,0,30,1,1821.0,1.359276457631766
606051,10,60,60,0,31,1,1920.0,1.3153364396683296
606051,10,60,60,0,32,1,3197.0,1.2596347543856643
606051,10,60,60,0,33,1,3144.0,1.1574819334082824
606051,10,60,60,0,34,1,3001.0,1.0852955625784082
606051,10,60,60,0,35,1,2344.0,1.256204818631471
606051,10,60,60,0,36,1,2501.0,0.959884105005363
606051,10,60,60,0,37,1,4627.0,1.1938616557345456
606051,10,60,60,0,38,1,2772.0,1.4122535304680188
606051,10,60,60,0,39,1,1928.0,1.5470902301180052
606051,10,60,60,0,40,1,1379.0,1.0881235322944047
606051,10,60,60,0,41,1,1700.0,1.359276457631766
606051,10,60,60,0,42,1,3048.0,0.9702234839770896
606051,10,60,60,0,43,1,3480.0,1.2361297380445049
606051,10,60,60,0,44,1,2993.0,1.3176483387239053
606051,10,60,60,0,45,1,4333.0,1.2120863426776023
606051,10,60,60,0,46,1,2561.0,0.959884105005363
606051,10,60,60,0,47,0,4406.0,
606051,10,60,60,0,48,1,4547.0,1.5007135439907588
606051,10,60,60,0,49,1,4741.0,1.1574819334082824
606051,10,60,60,0,50,1,1522.0,1.0260008260384006
606051,10,60,60,0,51,1,3246.0,1.0852955625784082
606051,10,60,60,0,52,1,1348.0,1.1906806405003292
606051,10,60,60,0,53,1,3557.0,1.088319935289786
606051,10,60,60,0,54,1,2567.0,1.3153364396683296
606051,10,60,60,0,55,1,3814.0,1.256204818631471
606051,10,60,60,0,56,1,3595.0,1.1299602681603376
606051,10,60,60,0,57,1,1645.0,1.1938616557345456
606051,10,60,60,0,58,1,4618.0,1.2605581822461545
606051,10,60,60,0,59,1,4218.0,1.4122535304680188
606051,10,60,60,0,60,1,4624.0,1.2605581822461545
50542,1,5,5,0,1,1,4561.0,1.2134824674199653
50542,1,5,5,0,2,1,1316.0,1.2134824674199653
50542,1,5,5,0,3,1,1850.0,1.013664800414486
50542,1,5,5,0,4,1,4585.0,1.2587582243903246
50542,1,5,5,0,5,1,1897.0,1.2587582243903246
50543,2,5,5,0,1,1,4471.0,1.166854085256717
50543,2,5,5,0,2,1,4275.0,2.719201364601357
50543,2,5,5,0,3,1,1405.0,1.166854085256717
50543,2,5,5,0,4,1,3150.0,1.6311035213755736
50543,2,5,5,0,5,1,3342.0,1.6311035213755736
50544,3,5,5,0,1,0,4482.0,
50544,3,5,5,0,2,1,3680.0,1.7643414565391227
50544,3,5,5,0,3,0,1368.0,
50544,3,5,5,0,4,1,3070.0,2.252471026192674
50544,3,5,5,0,5,1,3357.0,2.252471026192674
50545,4,5,5,0,1,1,2187.0,2.3130165366661415
50545,4,5,5,0,2,1,3262.0,2.3130165366661415
50545,4,5,5,0,3,1,1890.0,2.359446258936928
50545,4,5,5,0,4,1,2271.0,2.857340798304221
50545,4,5,5,0,5,1,1341.0,2.857340798304221
50546,5,5,5,0,1,0,4647.0,
50546,5,5,5,0,2,1,3596.0,2.013026608883864
50546,5,5,5,0,3,1,1826.0,1.3673706536283212
50546,5,5,5,0,4,1,2038.0,2.013026608883864
50546,5,5,5,0,5,0,3226.0,
50547,6,5,5,0,1,1,3043.0,1.6284211584875303
50547,6,5,5,0,2,0,4486.0,
50547,6,5,5,0,3,1,3905.0,1.2012739957736513
50547,6,5,5,0,4,1,3014.0,1.0821040138912914
50547,6,5,5,0,5,1,4256.0,1.2012739957736513
50548,7,5,5,0,1,1,4291.0,1.4302824167549077
50548,7,5,5,0,2,0,2720.0,
50548,7,5,5,0,3,1,4555.0,1.4302824167549077
50548,7,5,5,0,4,1,3628.0,1.5584330269838502
50548,7,5,5,0,5,1,2528.0,1.5584330269838502
50549,8,5,5,0,1,0,1261.0,
50549,8,5,5,0,2,0,2571.0,
50549,8,5,5,0,3,0,1442.0,
50549,8,5,5,0,4,1,3224.0,4.6659798338246095
50549,8,5,5,0,5,0,3606.0,
50550,9,5,5,0,1,1,1502.0,1.3007588938907615
50550,9,5,5,0,2,1,3704.0,1.3007588938907615
50550,9,5,5,0,3,1,1819.0,2.0
50550,9,5,5,0,4,1,1659.0,1.8356082315284974
50550,9,5,5,0,5,1,3702.0,1.8356082315284974
50551,10,5,5,0,1,1,3779.0,1.6243731325094914
50551,10,5,5,0,2,1,3810.0,1.8885438917626616
50551,10,5,5,0,3,1,2386.0,1.1527345715463349
50551,10,5,5,0,4,1,4426.0,1.8885438917626616
50551,10,5,5,0,5,1,3313.0,1.1527345715463349
100542,1,5,10,0,1,0,2313.0,
100542,1,5,10,0,2,1,2554.0,2.418766837955289
100542,1,5,10,0,3,1,3111.0,1.4300509653963167
100542,1,5,10,0,4,1,2021.0,1.4300509653963167
100542,1,5,10,0,5,1,1494.0,1.0750106984162962
100542,1,5,10,0,6,0,3382.0,
100542,1,5,10,0,7,1,3557.0,1.3122500710344105
100542,1,5,10,0,8,0,2299.0,
100542,1,5,10,0,9,0,1568.0,
100542,1,5,10,0,10,1,1923.0,1.1161719330429476
100543,2,5,10,0,1,0,2202.0,
100543,2,5,10,0,2,1,1219.0,1.557570221201294
100543,2,5,10,0,3,1,1294.0,1.8863893006394898
100543,2,5,10,0,4,1,1273.0,1.8863893006394898
100543,2,5,10,0,5,1,2253.0,1.557570221201294
100543,2,5,10,0,6,0,2777.0,
100543,2,5,10,0,7,1,1618.0,1.5541497988300548
100543,2,5,10,0,8,0,3707.0,
100543,2,5,10,0,9,0,4280.0,
100543,2,5,10,0,10,1,4783.0,1.5541497988300548
100544,3,5,10,0,1,1,2258.0,1.6370550054223587
100544,3,5,10,0,2,0,3726.0,
100544,3,5,10,0,3,1,1351.0,4.090426035594811
100544,3,5,10,0,4,1,1562.0,1.2637608174938206
100544,3,5,10,0,5,1,3105.0,1.4759167921872078
100544,3,5,10,0,6,0,3896.0,
100544,3,5,10,0,7,1,1924.0,5.043715094292369
100544,3,5,10,0,8,1,2735.0,1.6370550054223587
100544,3,5,10,0,9,0,4494.0,
100544,3,5,10,0,10,0,2706.0,
100545,4,5,10,0,1,0,2442.0,
100545,4,5,10,0,2,0,2411.0,
100545,4,5,10,0,3,1,3093.0,1.9774842751668582
100545,4,5,10,0,4,1,1248.0,1.9774842751668582
100545,4,5,10,0,5,1,3133.0,1.6596282080140792
100545,4,5,10,0,6,0,2479.0,
100545,4,5,10,0,7,0,3760.0,
100545,4,5,10,0,8,1,4459.0,1.399342789617498
100545,4,5,10,0,9,1,2685.0,3.091281421184661
100545,4,5,10,0,10,1,1662.0,2.4716375154937333
100546,5,5,10,0,1,0,4508.0,
100546,5,5,10,0,2,0,2688.0,
100546,5,5,10,0,3,1,4163.0,2.49339674963446
100546,5,5,10,0,4,1,2485.0,2.49339674963446
100546,5,5,10,0,5,1,2164.0,1.000000674156546
100546,5,5,10,0,6,1,3160.0,6.580557797974011
100546,5,5,10,0,7,1,2006.0,1.8569832772103652
100546,5,5,10,0,8,1,2886.0,2.0668951600452625
100546,5,5,10,0,9,0,3241.0,
100546,5,5,10,0,10,0,4326.0,
100547,6,5,10,0,1,1,4123.0,1.1243659085992086
100547,6,5,10,0,2,1,2114.0,1.5868462750921373
100547,6,5,10,0,3,1,1283.0,1.5868462750921373
100547,6,5,10,0,4,1,2875.0,2.078743666993894
100547,6,5,10,0,5,1,4072.0,1.2620939259647976
100547,6,5,10,0,6,1,1303.0,1.8217719495549398
100547,6,5,10,0,7,1,2511.0,2.078743666993894
100547,6,5,10,0,8,1,2824.0,1.1243659085992086
100547,6,5,10,0,9,0,3221.0,
100547,6,5,10,0,10,1,1362.0,1.8217719495549398
100548,7,5,10,0,1,1,3767.0,1.6132020401503384
100548,7,5,10,0,2,1,3832.0,1.6348018454091666
100548,7,5,10,0,3,1,1475.0,1.6348018454091666
100548,7,5,10,0,4,1,3550.0,1.4932870460967644
100548,7,5,10,0,5,1,2885.0,1.4609363678733547
100548,7,5,10,0,6,0,3826.0,
100548,7,5,10,0,7,1,1768.0,1.4932870460967644
100548,7,5,10,0,8,1,1710.0,1.6132020401503384
100548,7,5,10,0,9,1,3188.0,1.6658026299205977
100548,7,5,10,0,10,0,3575.0,
100549,8,5,10,0,1,1,4058.0,1.9500134651478807
100549,8,5,10,0,2,1,4773.0,1.5026311404406985
100549,8,5,10,0,3,0,4501.0,
100549,8,5,10,0,4,0,2454.0,
100549,8,5,10,0,5,1,4107.0,1.8823432318389393
100549,8,5,10,0,6,1,4400.0,1.5026311404406985
100549,8,5,10,0,7,1,4106.0,11.56153258006966
100549,8,5,10,0,8,1,4364.0,3.0708115623415813
100549,8,5,10,0,9,1,3335.0,1.8823432318389393
100549,8,5,10,0,10,1,1673.0,1.9500134651478807
100550,9,5,10,0,1,0,4174.0,
100550,9,5,10,0,2,1,2420.0,5.503551365943581
100550,9,5,10,0,3,1,3123.0,1.59227886796174
100550,9,5,10,0,4,1,3660.0,1.59227886796174
100550,9,5,10,0,5,1,2392.0,1.8629530904343878
100550,9,5,10,0,6,0,2736.0,
100550,9,5,10,0,7,1,3593.0,1.3908897416012864
100550,9,5,10,0,8,1,2195.0,1.5234296589240501
100550,9,5,10,0,9,0,3115.0,
100550,9,5,10,0,10,0,2194.0,
100551,10,5,10,0,1,1,2589.0,9.083233535522979
100551,10,5,10,0,2,0,3555.0,
100551,10,5,10,0,3,0,1991.0,
100551,10,5,10,0,4,0,3423.0,
100551,10,5,10,0,5,1,2081.0,5.917983486180035
100551,10,5,10,0,6,0,3571.0,
100551,10,5,10,0,7,0,3435.0,
100551,10,5,10,0,8,1,3956.0,9.083233535522979
100551,10,5,10,0,9,1,4774.0,2.1376731455243165
100551,10,5,10,0,10,1,3821.0,2.183256307296007
101042,1,10,10,0,1,1,3537.0,2.0669448921836597
101042,1,10,10,0,2,1,3954.0,0.9196900101909905
101042,1,10,10,0,3,1,1443.0,2.0636510085686335
101042,1,10,10,0,4,1,4403.0,2.0636510085686335
101042,1,10,10,0,5,1,1805.0,1.4878470780436923
101042,1,10,10,0,6,0,2116.0,
101042,1,10,10,0,7,1,2797.0,0.9196900101909905
101042,1,10,10,0,8,1,1234.0,2.0669448921836597
101042,1,10,10,0,9,1,1513.0,1.4878470780436923
101042,1,10,10,0,10,1,2071.0,1.1785230225124124
101043,2,10,10,0,1,1,2554.0,2.3072842143590644
101043,2,10,10,0,2,1,4741.0,1.324947042355471
101043,2,10,10,0,3,0,4274.0,
101043,2,10,10,0,4,1,2962.0,1.4109402630668808
101043,2,10,10,0,5,1,4021.0,1.4033514895459394
101043,2,10,10,0,6,1,3702.0,1.29572019597597
101043,2,10,10,0,7,1,4090.0,1.594861509207467
101043,2,10,10,0,8,1,1437.0,1.594861509207467
101043,2,10,10,0,9,1,2679.0,1.29572019597597
101043,2,10,10,0,10,1,1842.0,2.3072842143590644
101044,3,10,10,0,1,1,1705.0,1.9166167743828282
101044,3,10,10,0,2,1,4009.0,2.508405339162332
101044,3,10,10,0,3,1,1409.0,1.4450810655231878
101044,3,10,10,0,4,1,4540.0,1.4450810655231878
101044,3,10,10,0,5,1,2324.0,1.3477518926591419
101044,3,10,10,0,6,1,4579.0,1.9166167743828282
101044,3,10,10,0,7,0,4415.0,
101044,3,10,10,0,8,1,1300.0,1.238568662961344
101044,3,10,10,0,9,1,2631.0,1.808027928335281
101044,3,10,10,0,10,1,4047.0,2.8881435294993683
101045,4,10,10,0,1,1,3663.0,0.8619946073493462
101045,4,10,10,0,2,1,4319.0,1.0926415240640117
101045,4,10,10,0,3,1,1555.0,2.2923983527055354
101045,4,10,10,0,4,1,1509.0,2.2923983527055354
101045,4,10,10,0,5,1,3228.0,2.0014823419878294
101045,4,10,10,0,6,1,3462.0,1.2218778027516959
101045,4,10,10,0,7,1,1676.0,1.1578982277406347
101045,4,10,10,0,8,1,1231.0,1.6443837994662514
101045,4,10,10,0,9,1,4312.0,1.2218778027516959
101045,4,10,10,0,10,1,3496.0,0.8619946073493462
101046,5,10,10,0,1,1,3657.0,1.2870995994764638
101046,5,10,10,0,2,0,1298.0,
101046,5,10,10,0,3,1,2237.0,1.1681517681489877
101046,5,10,10,0,4,1,2339.0,1.1681517681489877
101046,5,10,10,0,5,1,1355.0,1.4851434048514338
101046,5,10,10,0,6,1,1326.0,1.2870995994764638
101046,5,10,10,0,7,1,3913.0,1.144467992169932
101046,5,10,10,0,8,1,1985.0,1.1519476876589978
101046,5,10,10,0,9,1,2384.0,1.370129693691787
101046,5,10,10,0,10,1,2089.0,1.9773528351089957
101047,6,10,10,0,1,1,1225.0,1.5153726738081588
101047,6,10,10,0,2,1,4566.0,2.3211328418594985
101047,6,10,10,0,3,1,1209.0,1.4040000888908641
101047,6,10,10,0,4,1,2583.0,1.5656903618389435
101047,6,10,10,0,5,1,3254.0,1.4282985511369406
101047,6,10,10,0,6,1,4230.0,2.277485206283496
101047,6,10,10,0,7,1,2361.0,1.5656903618389435
101047,6,10,10,0,8,1,4424.0,1.5153726738081588
101047,6,10,10,0,9,1,2280.0,2.277485206283496
101047,6,10,10,0,10,1,4268.0,1.2512640666200379
101048,7,10,10,0,1,1,3477.0,1.326056068898685
101048,7,10,10,0,2,0,1737.0,
101048,7,10,10,0,3,1,2300.0,1.5731159137136586
101048,7,10,10,0,4,1,1556.0,1.5731159137136586
101048,7,10,10,0,5,1,4125.0,1.4053757649033336
101048,7,10,10,0,6,1,2372.0,1.3119795528432099
101048,7,10,10,0,7,1,1789.0,1.3574302277357757
101048,7,10,10,0,8,1,1598.0,1.3574302277357757
101048,7,10,10,0,9,1,4004.0,1.2152968452278616
101048,7,10,10,0,10,1,4073.0,1.326056068898685
101049,8,10,10,0,1,1,3367.0,1.4736651455904688
101049,8,10,10,0,2,1,4047.0,1.711296602792663
101049,8,10,10,0,3,1,2542.0,1.7350743815338008
101049,8,10,10,0,4,1,3265.0,1.7350743815338008
101049,8,10,10,0,5,1,3302.0,1.953991336353853
101049,8,10,10,0,6,1,3402.0,2.834944773719095
101049,8,10,10,0,7,1,2269.0,1.711296602792663
101049,8,10,10,0,8,0,3236.0,
101049,8,10,10,0,9,1,2565.0,2.834944773719095
101049,8,10,10,0,10,1,3429.0,1.4736651455904688
101050,9,10,10,0,1,1,1890.0,1.3606290949529254
101050,9,10,10,0,2,1,3322.0,0.8027990947899419
101050,9,10,10,0,3,1,4518.0,1.6303356318373
101050,9,10,10,0,4,1,1365.0,1.6303356318373
101050,9,10,10,0,5,1,4417.0,0.8027990947899419
101050,9,10,10,0,6,1,4694.0,1.7957919957165813
101050,9,10,10,0,7,1,4161.0,1.752632418096934
101050,9,10,10,0,8,0,3514.0,
101050,9,10,10,0,9,1,3362.0,1.7957919957165813
101050,9,10,10,0,10,1,3567.0,1.3606290949529254
101051,10,10,10,0,1,1,4669.0,3.633660992567732
101051,10,10,10,0,2,1,4644.0,1.0776471789713027
101051,10,10,10,0,3,1,2867.0,1.3812166553036798
101051,10,10,10,0,4,1,4518.0,0.7969322871973249
101051,10,10,10,0,5,1,2224.0,1.7030005554318546
101051,10,10,10,0,6,1,2216.0,1.0
101051,10,10,10,0,7,1,3010.0,0.7969322871973249
101051,10,10,10,0,8,1,2517.0,1.3072805160709295
101051,10,10,10,0,9,1,3591.0,1.7030005554318546
101051,10,10,10,0,10,1,2722.0,3.633660992567732
201042,1,10,20,0,1,1,1442.0,2.269503070560688
201042,1,10,20,0,2,1,4056.0,1.1066515682020883
201042,1,10,20,0,3,1,3720.0,2.0288867240210373
201042,1,10,20,0,4,1,2987.0,1.7170094432887149
201042,1,10,20,0,5,1,4639.0,1.9532731453446766
201042,1,10,20,0,6,0,1385.0,
201042,1,10,20,0,7,1,1263.0,1.8992233286454872
201042,1,10,20,0,8,1,2638.0,2.269503070560688
201042,1,10,20,0,9,1,3560.0,1.98127843096438
201042,1,10,20,0,10,1,2738.0,1.8992233286454872
201042,1,10,20,0,11,1,2482.0,2.667516542319882
201042,1,10,20,0,12,1,3435.0,1.544322678860538
201042,1,10,20,0,13,1,1830.0,1.98127843096438
201042,1,10,20,0,14,1,3025.0,1.544322678860538
201042,1,10,20,0,15,1,4676.0,2.0164313791892794
201042,1,10,20,0,16,1,1602.0,2.667516542319882
201042,1,10,20,0,17,0,2946.0,
201042,1,10,20,0,18,0,2935.0,
201042,1,10,20,0,19,1,2832.0,1.9532731453446766
201042,1,10,20,0,20,1,2267.0,2.0164313791892794
201043,2,10,20,0,1,1,1821.0,2.335461428406673
201043,2,10,20,0,2,1,2122.0,0.8420303469604712
201043,2,10,20,0,3,0,2202.0,
201043,2,10,20,0,4,1,2537.0,1.1834324427545313
201043,2,10,20,0,5,0,4138.0,
201043,2,10,20,0,6,1,3462.0,0.9714750889542594
201043,2,10,20,0,7,0,2038.0,
201043,2,10,20,0,8,1,4234.0,2.335461428406673
201043,2,10,20,0,9,1,4380.0,1.411067342030244
201043,2,10,20,0,10,0,4700.0,
201043,2,10,20,0,11,1,3882.0,1.411067342030244
201043,2,10,20,0,12,1,2292.0,1.950940001285227
201043,2,10,20,0,13,1,3534.0,1.7063759278623387
201043,2,10,20,0,14,1,3709.0,1.950940001285227
201043,2,10,20,0,15,1,2610.0,1.7063759278623387
201043,2,10,20,0,16,1,3534.0,0.8124600189132162
201043,2,10,20,0,17,1,3756.0,0.9714750889542594
201043,2,10,20,0,18,1,3210.0,0.8420303469604712
201043,2,10,20,0,19,0,3151.0,
201043,2,10,20,0,20,1,3182.0,0.8124600189132162
201044,3,10,20,0,1,1,3241.0,2.533638860691467
201044,3,10,20,0,2,0,3434.0,
201044,3,10,20,0,3,1,2576.0,0.7313860431751442
201044,3,10,20,0,4,0,4687.0,
201044,3,10,20,0,5,1,3132.0,1.2128281725297618
201044,3,10,20,0,6,1,4107.0,1.7041875710186234
201044,3,10,20,0,7,0,1451.0,
201044,3,10,20,0,8,1,4089.0,1.4366942043815363
201044,3,10,20,0,9,0,1510.0,
201044,3,10,20,0,10,1,4329.0,3.323937282229967
201044,3,10,20,0,11,0,3645.0,
201044,3,10,20,0,12,1,2834.0,2.3201788784081847
201044,3,10,20,0,13,0,2724.0,
201044,3,10,20,0,14,1,3382.0,2.3201788784081847
201044,3,10,20,0,15,1,3821.0,3.323937282229967
201044,3,10,20,0,16,1,3061.0,1.4366942043815363
201044,3,10,20,0,17,1,2892.0,1.2128281725297618
201044,3,10,20,0,18,1,1519.0,1.7041875710186234
201044,3,10,20,0,19,1,3989.0,2.533638860691467
201044,3,10,20,0,20,1,1660.0,0.7313860431751442
201045,4,10,20,0,1,1,4370.0,1.9710088462366246
201045,4,10,20,0,2,0,2222.0,
201045,4,10,20,0,3,1,4136.0,1.859293095800812
201045,4,10,20,0,4,0,2739.0,
201045,4,10,20,0,5,1,1965.0,1.6622788421896806
201045,4,10,20,0,6,0,4777.0,
201045,4,10,20,0,7,0,2124.0,
201045,4,10,20,0,8,1,3769.0,1.9710088462366246
201045,4,10,20,0,9,1,2756.0,1.4652586397608525
201045,4,10,20,0,10,0,2818.0,
201045,4,10,20,0,11,1,4431.0,1.859293095800812
201045,4,10,20,0,12,0,3738.0,
201045,4,10,20,0,13,1,2988.0,1.4652586397608525
201045,4,10,20,0,14,0,2994.0,
201045,4,10,20,0,15,1,2412.0,1.2807554348998076
201045,4,10,20,0,16,1,2618.0,1.748567790659899
201045,4,10,20,0,17,1,3277.0,1.6622788421896806
201045,4,10,20,0,18,1,1759.0,1.296123305130406
201045,4,10,20,0,19,1,2063.0,1.748567790659899
201045,4,10,20,0,20,1,1419.0,1.2807554348998076
201046,5,10,20,0,1,1,2598.0,5.646353960068757
201046,5,10,20,0,2,1,1288.0,1.9405796560499435
201046,5,10,20,0,3,1,4581.0,5.646353960068757
201046,5,10,20,0,4,0,3497.0,
201046,5,10,20,0,5,1,3422.0,1.6401989049101815
201046,5,10,20,0,6,0,3208.0,
201046,5,10,20,0,7,1,1968.0,1.6075458720340907
201046,5,10,20,0,8,1,1581.0,1.4038643973626583
201046,5,10,20,0,9,1,4387.0,1.4419251511890594
201046,5,10,20,0,10,1,4411.0,1.3363046796781672
201046,5,10,20,0,11,1,3978.0,1.4419251511890594
201046,5,10,20,0,12,0,4441.0,
201046,5,10,20,0,13,1,2572.0,1.6075458720340907
201046,5,10,20,0,14,1,1434.0,1.3363046796781672
201046,5,10,20,0,15,1,2619.0,1.1012832114662554
201046,5,10,20,0,16,1,4777.0,1.7567132590198558
201046,5,10,20,0,17,1,3454.0,1.6401989049101815
201046,5,10,20,0,18,1,3322.0,1.9405796560499435
201046,5,10,20,0,19,1,1514.0,1.7567132590198558
201046,5,10,20,0,20,1,4693.0,1.1012832114662554
201047,6,10,20,0,1,0,4336.0,
201047,6,10,20,0,2,1,4530.0,1.5147008768219092
201047,6,10,20,0,3,0,3922.0,
201047,6,10,20,0,4,0,1352.0,
201047,6,10,20,0,5,1,2472.0,2.601141389953089
201047,6,10,20,0,6,1,1897.0,1.1808132185524856
201047,6,10,20,0,7,1,2483.0,1.1516058290888507
201047,6,10,20,0,8,1,2455.0,1.0900828394788622
201047,6,10,20,0,9,1,2515.0,1.3353871542835118
201047,6,10,20,0,10,1,2354.0,1.1516058290888507
201047,6,10,20,0,11,0,4094.0,
201047,6,10,20,0,12,1,1215.0,1.4151124579710779
201047,6,10,20,0,13,1,1997.0,1.3353871542835118
201047,6,10,20,0,14,1,2894.0,1.4151124579710779
201047,6,10,20,0,15,1,1402.0,1.54469164591029
201047,6,10,20,0,16,0,2915.0,
201047,6,10,20,0,17,1,1526.0,1.5147008768219092
201047,6,10,20,0,18,1,3740.0,1.1808132185524856
201047,6,10,20,0,19,1,3687.0,2.601141389953089
201047,6,10,20,0,20,1,4493.0,1.54469164591029
201048,7,10,20,0,1,1,3750.0,1.9774979388478848
201048,7,10,20,0,2,0,4482.0,
201048,7,10,20,0,3,1,4073.0,1.9774979388478848
201048,7,10,20,0,4,1,2541.0,2.277196620346012
201048,7,10,20,0,5,1,4435.0,1.472248919551447
201048,7,10,20,0,6,1,1622.0,1.012592756686498
201048,7,10,20,0,7,1,1934.0,1.5537909041692113
201048,7,10,20,0,8,1,2985.0,1.139922103078328
201048,7,10,20,0,9,0,3747.0,
201048,7,10,20,0,10,1,2921.0,1.472248919551447
201048,7,10,20,0,11,1,3732.0,2.277196620346012
201048,7,10,20,0,12,1,3786.0,1.351371992613914
201048,7,10,20,0,13,0,2224.0,
201048,7,10,20,0,14,1,1575.0,1.012592756686498
201048,7,10,20,0,15,1,4098.0,1.6737284832180006
201048,7,10,20,0,16,1,4004.0,1.5537909041692113
201048,7,10,20,0,17,1,1792.0,2.1899821003144084
201048,7,10,20,0,18,0,1738.0,
201048,7,10,20,0,19,1,3188.0,1.5128630783669197
201048,7,10,20,0,20,1,1621.0,1.6737284832180006
201049,8,10,20,0,1,1,1977.0,1.3890109260195673
201049,8,10,20,0,2,0,3419.0,
201049,8,10,20,0,3,0,2888.0,
201049,8,10,20,0,4,1,2227.0,1.3282618728996152
201049,8,10,20,0,5,1,1803.0,1.6516404626403887
201049,8,10,20,0,6,1,2192.0,2.637877742542394
201049,8,10,20,0,7,0,4121.0,
201049,8,10,20,0,8,1,3904.0,1.3890109260195673
201049,8,10,20,0,9,1,3798.0,2.9586512437805172
201049,8,10,20,0,10,0,3839.0,
201049,8,10,20,0,11,1,2758.0,1.3282618728996152
201049,8,10,20,0,12,1,1530.0,2.159220070576692
201049,8,10,20,0,13,1,3927.0,2.261707801556302
201049,8,10,20,0,14,1,2054.0,2.159220070576692
201049,8,10,20,0,15,1,3086.0,1.1007895043418259
201049,8,10,20,0,16,1,2725.0,2.9586512437805172
201049,8,10,20,0,17,1,2018.0,2.261707801556302
201049,8,10,20,0,18,1,4190.0,2.637877742542394
201049,8,10,20,0,19,1,2084.0,1.6516404626403887
201049,8,10,20,0,20,1,3081.0,1.1007895043418259
201050,9,10,20,0,1,1,4610.0,1.216913950456323
201050,9,10,20,0,2,1,3500.0,2.42141245078497
201050,9,10,20,0,3,1,2586.0,1.216913950456323
201050,9,10,20,0,4,1,3380.0,4.0573315810741795
201050,9,10,20,0,5,0,4036.0,
201050,9,10,20,0,6,1,1939.0,2.5544363778446724
201050,9,10,20,0,7,0,3994.0,
201050,9,10,20,0,8,1,2601.0,4.7701896054397555
201050,9,10,20,0,9,1,1219.0,1.443871761386682
201050,9,10,20,0,10,1,1844.0,2.5544363778446724
201050,9,10,20,0,11,1,2781.0,1.6027229969733798
201050,9,10,20,0,12,1,4726.0,1.6027229969733798
201050,9,10,20,0,13,1,2936.0,2.356341399599102
201050,9,10,20,0,14,1,4171.0,4.0573315810741795
201050,9,10,20,0,15,0,1857.0,
201050,9,10,20,0,16,1,3810.0,1.443871761386682
201050,9,10,20,0,17,1,3907.0,2.356341399599102
201050,9,10,20,0,18,0,2087.0,
201050,9,10,20,0,19,0,3092.0,
201050,9,10,20,0,20,0,2444.0,
201051,10,10,20,0,1,1,1729.0,1.2449084361836253
201051,10,10,20,0,2,1,2195.0,1.1793134786637869
201051,10,10,20,0,3,1,2326.0,1.2449084361836253
201051,10,10,20,0,4,1,4252.0,1.3607553852586733
201051,10,10,20,0,5,1,3036.0,1.761175699474318
201051,10,10,20,0,6,1,2966.0,2.689364933799506
201051,10,10,20,0,7,1,4645.0,1.8832179050685607
201051,10,10,20,0,8,1,4345.0,1.1919167723694648
201051,10,10,20,0,9,1,3365.0,2.6937295184070833
201051,10,10,20,0,10,1,3643.0,1.8832179050685607
201051,10,10,20,0,11,0,2498.0,
201051,10,10,20,0,12,0,4779.0,
201051,10,10,20,0,13,1,1839.0,2.6937295184070833
201051,10,10,20,0,14,1,4526.0,1.2953697078196802
201051,10,10,20,0,15,1,3289.0,1.2953697078196802
201051,10,10,20,0,16,1,3395.0,1.1919167723694648
201051,10,10,20,0,17,1,3276.0,1.761175699474318
201051,10,10,20,0,18,1,1839.0,2.689364933799506
201051,10,10,20,0,19,1,1979.0,1.8947882027068617
201051,10,10,20,0,20,1,3120.0,1.8947882027068617
202042,1,20,20,0,1,1,2055.0,1.1813779835823184
202042,1,20,20,0,2,1,2383.0,1.16311846513623
202042,1,20,20,0,3,1,3146.0,1.117765015692952
202042,1,20,20,0,4,1,4245.0,1.2989482308830294
202042,1,20,20,0,5,1,4613.0,0.8078016941059638
202042,1,20,20,0,6,1,3617.0,1.1979341243294517
202042,1,20,20,0,7,1,3888.0,1.2399601697668148
202042,1,20,20,0,8,1,4456.0,1.1813779835823184
202042,1,20,20,0,9,1,1567.0,1.1028232144813714
202042,1,20,20,0,10,1,1383.0,1.2989482308830294
202042,1,20,20,0,11,1,1871.0,1.117765015692952
202042,1,20,20,0,12,1,4601.0,1.23951168103591
202042,1,20,20,0,13,1,3407.0,1.2399601697668148
202042,1,20,20,0,14,1,3934.0,1.23951168103591
202042,1,20,20,0,15,1,3181.0,1.1979341243294517
202042,1,20,20,0,16,1,4116.0,1.1028232144813714
202042,1,20,20,0,17,1,1337.0,0.8078016941059638
202042,1,20,20,0,18,0,4690.0,
202042,1,20,20,0,19,1,4733.0,1.5865258778382192
202042,1,20,20,0,20,1,3634.0,1.5865258778382192
202043,2,20,20,0,1,1,3641.0,1.4972370629955958
202043,2,20,20,0,2,1,4529.0,1.4357914193241603
202043,2,20,20,0,3,1,2344.0,4.064815218518891
202043,2,20,20,0,4,1,2721.0,2.9312084263068283
202043,2,20,20,0,5,1,2340.0,1.198826047329926
202043,2,20,20,0,6,1,2652.0,1.7856244109398043
202043,2,20,20,0,7,1,3734.0,1.9718530416800717
202043,2,20,20,0,8,1,2775.0,1.367704940848991
202043,2,20,20,0,9,1,4329.0,1.1819334645799142
202043,2,20,20,0,10,1,1706.0,1.9718530416800717
202043,2,20,20,0,11,0,2951.0,
202043,2,20,20,0,12,1,1663.0,2.4959070100061433
202043,2,20,20,0,13,1,1340.0,1.1819334645799142
202043,2,20,20,0,14,1,3106.0,2.4959070100061433
202043,2,20,20,0,15,1,2050.0,2.9312084263068283
202043,2,20,20,0,16,1,1731.0,1.367704940848991
202043,2,20,20,0,17,1,3621.0,1.198826047329926
202043,2,20,20,0,18,1,2451.0,1.7856244109398043
202043,2,20,20,0,19,1,3170.0,1.606164048401051
202043,2,20,20,0,20,1,4436.0,4.064815218518891
202044,3,20,20,0,1,1,1428.0,2.053884659787269
202044,3,20,20,0,2,1,2755.0,2.0702451899759167
202044,3,20,20,0,3,1,1272.0,2.053884659787269
202044,3,20,20,0,4,1,3337.0,1.831055553413779
202044,3,20,20,0,5,1,3634.0,1.9219781566994898
202044,3,20,20,0,6,0,3665.0,
202044,3,20,20,0,7,1,4195.0,1.5548165828166507
202044,3,20,20,0,8,1,2900.0,1.4261672524703228
202044,3,20,20,0,9,1,2856.0,1.6385947436658805
202044,3,20,20,0,10,1,3798.0,1.5548165828166507
202044,3,20,20,0,11,1,2587.0,1.831055553413779
202044,3,20,20,0,12,1,3375.0,1.2093041454601998
202044,3,20,20,0,13,1,2352.0,1.6385947436658805
202044,3,20,20,0,14,1,2068.0,1.2093041454601998
202044,3,20,20,0,15,1,1315.0,1.2236170061057756
202044,3,20,20,0,16,1,2058.0,1.4261672524703228
202044,3,20,20,0,17,1,2172.0,1.9219781566994898
202044,3,20,20,0,18,1,1484.0,2.0702451899759167
202044,3,20,20,0,19,1,2242.0,1.7954989577118452
202044,3,20,20,0,20,1,3784.0,1.2236170061057756
202045,4,20,20,0,1,1,1636.0,1.2479290082953207
202045,4,20,20,0,2,1,4090.0,1.698148866541335
202045,4,20,20,0,3,1,1515.0,1.5021495540150336
202045,4,20,20,0,4,1,2373.0,1.1526522646572521
202045,4,20,20,0,5,1,3498.0,1.4714688318945446
202045,4,20,20,0,6,1,3236.0,1.0043561913944594
202045,4,20,20,0,7,1,3971.0,1.4073076567193334
202045,4,20,20,0,8,1,3519.0,1.2479290082953207
202045,4,20,20,0,9,1,2102.0,2.292277425790176
202045,4,20,20,0,10,1,3445.0,2.0297579168341593
202045,4,20,20,0,11,0,4506.0,
202045,4,20,20,0,12,1,1526.0,1.6491909614199078
202045,4,20,20,0,13,1,1960.0,2.292277425790176
202045,4,20,20,0,14,1,4242.0,1.6491909614199078
202045,4,20,20,0,15,1,1794.0,2.0297579168341593
202045,4,20,20,0,16,1,2074.0,1.4073076567193334
202045,4,20,20,0,17,1,3032.0,1.3800928812955355
202045,4,20,20,0,18,1,1470.0,1.0043561913944594
202045,4,20,20,0,19,1,4564.0,1.4714688318945446
202045,4,20,20,0,20,1,3178.0,1.5021495540150336
202046,5,20,20,0,1,1,4326.0,1.0027171269965462
202046,5,20,20,0,2,1,3227.0,1.517405830847219
202046,5,20,20,0,3,1,1301.0,1.6816318794569882
202046,5,20,20,0,4,1,4232.0,2.6192158550870284
202046,5,20,20,0,5,1,2282.0,1.3268602277670574
202046,5,20,20,0,6,1,3286.0,1.4112330626196496
202046,5,20,20,0,7,1,1432.0,1.517405830847219
202046,5,20,20,0,8,1,1568.0,1.0027171269965462
202046,5,20,20,0,9,1,2158.0,0.8029859660596191
202046,5,20,20,0,10,1,1708.0,1.2184976512350487
202046,5,20,20,0,11,1,2579.0,2.6192158550870284
202046,5,20,20,0,12,1,2749.0,1.8952465805744825
202046,5,20,20,0,13,1,1529.0,0.8029859660596191
202046,5,20,20,0,14,1,3524.0,1.8952465805744825
202046,5,20,20,0,15,1,3095.0,1.4318077836885739
202046,5,20,20,0,16,1,3925.0,1.9769371906125008
202046,5,20,20,0,17,1,3050.0,1.4318077836885739
202046,5,20,20,0,18,1,4423.0,1.4112330626196496
202046,5,20,20,0,19,1,2131.0,1.9769371906125008
202046,5,20,20,0,20,1,4225.0,1.6816318794569882
202047,6,20,20,0,1,1,1914.0,1.2540609082102385
202047,6,20,20,0,2,1,4566.0,1.7499522148689337
202047,6,20,20,0,3,1,3340.0,1.2540609082102385
202047,6,20,20,0,4,1,2100.0,1.7959083870422519
202047,6,20,20,0,5,1,3609.0,1.5567639736955352
202047,6,20,20,0,6,1,3094.0,1.5901586528048517
202047,6,20,20,0,7,1,2645.0,2.392862567045827
202047,6,20,20,0,8,1,1309.0,1.1430160438332388
202047,6,20,20,0,9,0,1694.0,
202047,6,20,20,0,10,1,3822.0,2.392862567045827
202047,6,20,20,0,11,1,4743.0,1.7959083870422519
202047,6,20,20,0,12,1,1635.0,1.3857057633620988
202047,6,20,20,0,13,1,2632.0,1.5567639736955352
202047,6,20,20,0,14,1,2987.0,1.3857057633620988
202047,6,20,20,0,15,1,3660.0,1.2469573807996948
202047,6,20,20,0,16,1,1441.0,1.1430160438332388
202047,6,20,20,0,17,1,4764.0,1.4556886209259723
202047,6,20,20,0,18,1,2085.0,1.5901586528048517
202047,6,20,20,0,19,1,3980.0,1.4556886209259723
202047,6,20,20,0,20,1,4164.0,1.2469573807996948
202048,7,20,20,0,1,1,1893.0,1.6299411867532043
202048,7,20,20,0,2,1,4417.0,1.5553372788092314
202048,7,20,20,0,3,1,3569.0,1.5553372788092314
202048,7,20,20,0,4,1,3297.0,1.332307185254905
202048,7,20,20,0,5,1,1599.0,2.0834383235700513
202048,7,20,20,0,6,1,3890.0,1.22511447990398
202048,7,20,20,0,7,1,1821.0,1.3736717219448284
202048,7,20,20,0,8,1,1201.0,1.448111562817606
202048,7,20,20,0,9,1,3579.0,1.8695331314723247
202048,7,20,20,0,10,1,1287.0,1.6299411867532043
202048,7,20,20,0,11,1,3277.0,1.332307185254905
202048,7,20,20,0,12,1,4483.0,1.4940962086143459
202048,7,20,20,0,13,1,2000.0,1.8695331314723247
202048,7,20,20,0,14,1,4779.0,1.4940962086143459
202048,7,20,20,0,15,1,3774.0,1.4503952054199605
202048,7,20,20,0,16,1,2815.0,1.448111562817606
202048,7,20,20,0,17,1,2048.0,2.0834383235700513
202048,7,20,20,0,18,1,3241.0,1.22511447990398
202048,7,20,20,0,19,1,4750.0,1.1210140865283278
202048,7,20,20,0,20,1,1831.0,1.4503952054199605
202049,8,20,20,0,1,1,4152.0,1.9182093105568214
202049,8,20,20,0,2,1,3170.0,1.6440524706901343
202049,8,20,20,0,3,1,4450.0,1.2543746116989127
202049,8,20,20,0,4,1,2198.0,1.587787780872005
202049,8,20,20,0,5,1,4003.0,1.2543746116989127
202049,8,20,20,0,6,1,3362.0,1.4669219598007586
202049,8,20,20,0,7,1,4194.0,1.5206936859218676
202049,8,20,20,0,8,1,3760.0,1.9182093105568214
202049,8,20,20,0,9,1,3190.0,1.3174571155736996
202049,8,20,20,0,10,1,2749.0,1.5206936859218676
202049,8,20,20,0,11,0,4176.0,
202049,8,20,20,0,12,1,4800.0,1.946622024350256
202049,8,20,20,0,13,0,1674.0,
202049,8,20,20,0,14,1,1530.0,1.946622024350256
202049,8,20,20,0,15,1,1970.0,1.2207343091682787
202049,8,20,20,0,16,1,1313.0,1.3174571155736996
202049,8,20,20,0,17,1,3602.0,1.4669219598007586
202049,8,20,20,0,18,1,1299.0,1.6440524706901343
202049,8,20,20,0,19,1,3797.0,1.3573787969964155
202049,8,20,20,0,20,1,3519.0,1.2207343091682787
202050,9,20,20,0,1,1,3555.0,2.150221133599649
202050,9,20,20,0,2,1,4265.0,1.5258639826173095
202050,9,20,20,0,3,1,2748.0,2.150221133599649
202050,9,20,20,0,4,1,1203.0,2.110699334481989
202050,9,20,20,0,5,1,2954.0,1.5389009074785105
202050,9,20,20,0,6,1,3385.0,1.075549486671152
202050,9,20,20,0,7,1,3327.0,1.1964565827866875
202050,9,20,20,0,8,1,4263.0,1.3199499237659214
202050,9,20,20,0,9,1,1804.0,2.40404493260006
202050,9,20,20,0,10,0,3401.0,
202050,9,20,20,0,11,1,4412.0,2.110699334481989
202050,9,20,20,0,12,1,4555.0,1.499198663185664
202050,9,20,20,0,13,1,4018.0,2.40404493260006
202050,9,20,20,0,14,1,3425.0,1.499198663185664
202050,9,20,20,0,15,1,3801.0,1.334374890109062
202050,9,20,20,0,16,1,2218.0,1.4963328603813375
202050,9,20,20,0,17,1,1989.0,1.075549486671152
202050,9,20,20,0,18,1,3274.0,1.5258639826173095
202050,9,20,20,0,19,1,2176.0,1.4963328603813375
202050,9,20,20,0,20,1,2035.0,1.334374890109062
202051,10,20,20,0,1,1,2483.0,1.2196632927872157
202051,10,20,20,0,2,1,1772.0,1.4180199060947312
202051,10,20,20,0,3,1,3989.0,2.575092717529168
202051,10,20,20,0,4,1,2670.0,2.2566556929232338
202051,10,20,20,0,5,1,4349.0,2.575092717529168
202051,10,20,20,0,6,1,3758.0,1.7046036947270617
202051,10,20,20,0,7,1,3006.0,1.4180199060947312
202051,10,20,20,0,8,1,2233.0,1.2196632927872157
202051,10,20,20,0,9,1,4397.0,2.0152068138168215
202051,10,20,20,0,10,1,1553.0,0.7671084323168725
202051,10,20,20,0,11,1,3856.0,2.2566556929232338
202051,10,20,20,0,12,0,2999.0,
202051,10,20,20,0,13,1,3183.0,2.0152068138168215
202051,10,20,20,0,14,1,1549.0,0.7671084323168725
202051,10,20,20,0,15,1,4765.0,1.7501493982107548
202051,10,20,20,0,16,1,3311.0,1.1332579574078316
202051,10,20,20,0,17,1,3569.0,1.0000007289017563
202051,10,20,20,0,18,1,2649.0,1.7046036947270617
202051,10,20,20,0,19,1,2307.0,1.1332579574078316
202051,10,20,20,0,20,1,1711.0,1.7501493982107548
302042,1,20,30,0,1,1,4510.0,1.7800087907794493
302042,1,20,30,0,2,1,1307.0,1.9213168057103611
302042,1,20,30,0,3,1,2622.0,1.3424981594976109
302042,1,20,30,0,4,1,2297.0,0.8400252733630399
302042,1,20,30,0,5,1,3862.0,1.1554111959657993
302042,1,20,30,0,6,1,2951.0,1.91175387491679
302042,1,20,30,0,7,1,3605.0,1.6374076780725122
302042,1,20,30,0,8,1,4271.0,1.7800087907794493
302042,1,20,30,0,9,1,1286.0,1.0168882776495798
302042,1,20,30,0,10,0,2920.0,
302042,1,20,30,0,11,1,3996.0,1.91175387491679
302042,1,20,30,0,12,1,1861.0,1.6473001484407264
302042,1,20,30,0,13,1,3189.0,1.0168882776495798
302042,1,20,30,0,14,1,3814.0,1.3525979680148383
302042,1,20,30,0,15,1,3114.0,1.4159830478665
302042,1,20,30,0,16,1,3122.0,1.515605098626966
302042,1,20,30,0,17,1,1806.0,1.4159830478665
302042,1,20,30,0,18,1,4036.0,1.9213168057103611
302042,1,20,30,0,19,1,2021.0,1.515605098626966
302042,1,20,30,0,20,1,1958.0,2.3384481619075337
302042,1,20,30,0,21,1,4420.0,2.3384481619075337
302042,1,20,30,0,22,1,3126.0,1.1554111959657993
302042,1,20,30,0,23,1,1886.0,0.8400252733630399
302042,1,20,30,0,24,1,2533.0,2.651132418666169
302042,1,20,30,0,25,1,2162.0,1.6374076780725122
302042,1,20,30,0,26,0,4680.0,
302042,1,20,30,0,27,1,1724.0,1.6473001484407264
302042,1,20,30,0,28,1,1428.0,1.3424981594976109
302042,1,20,30,0,29,1,2126.0,2.651132418666169
302042,1,20,30,0,30,1,4296.0,1.3525979680148383
302043,2,20,30,0,1,1,3701.0,1.0143852984890185
302043,2,20,30,0,2,0,1468.0,
302043,2,20,30,0,3,1,1480.0,1.691425028606418
302043,2,20,30,0,4,1,2494.0,1.2163928642128576
302043,2,20,30,0,5,1,2659.0,2.547964102863807
302043,2,20,30,0,6,1,2566.0,1.4698325871365294
302043,2,20,30,0,7,1,3791.0,2.3725712680803257
302043,2,20,30,0,8,1,2874.0,1.0143852984890185
302043,2,20,30,0,9,1,1969.0,2.5887305724754452
302043,2,20,30,0,10,1,1262.0,2.5887305724754452
302043,2,20,30,0,11,1,4000.0,1.2163928642128576
302043,2,20,30,0,12,1,1705.0,0.996311927013372
302043,2,20,30,0,13,1,3370.0,1.692440243773471
302043,2,20,30,0,14,1,2225.0,1.4698325871365294
302043,2,20,30,0,15,0,1641.0,
302043,2,20,30,0,16,1,1210.0,1.8145582654939323
302043,2,20,30,0,17,0,4453.0,
302043,2,20,30,0,18,1,4608.0,1.101391611894954
302043,2,20,30,0,19,1,2909.0,1.8145582654939323
302043,2,20,30,0,20,1,3352.0,1.029089337195468
302043,2,20,30,0,21,1,3859.0,1.558978504929947
302043,2,20,30,0,22,1,4276.0,0.996311927013372
302043,2,20,30,0,23,1,1544.0,1.558978504929947
302043,2,20,30,0,24,1,4624.0,1.029089337195468
302043,2,20,30,0,25,1,2678.0,1.1564607066257402
302043,2,20,30,0,26,1,2380.0,2.3725712680803257
302043,2,20,30,0,27,1,4739.0,2.547964102863807
302043,2,20,30,0,28,1,3633.0,1.691425028606418
302043,2,20,30,0,29,0,2060.0,
302043,2,20,30,0,30,1,2001.0,1.101391611894954
302044,3,20,30,0,1,1,1887.0,2.7619184397626104
302044,3,20,30,0,2,1,2938.0,2.0070886643543324
302044,3,20,30,0,3,1,4018.0,2.109161525769855
302044,3,20,30,0,4,1,3594.0,1.4895903667054713
302044,3,20,30,0,5,1,1322.0,1.9306715981054752
302044,3,20,30,0,6,0,4633.0,
302044,3,20,30,0,7,1,1762.0,1.2034218232847822
302044,3,20,30,0,8,1,4783.0,2.7619184397626104
302044,3,20,30,0,9,1,2241.0,1.1483245011404457
302044,3,20,30,0,10,1,1466.0,1.4948343061147173
302044,3,20,30,0,11,1,4762.0,1.4895903667054713
302044,3,20,30,0,12,1,4542.0,1.269061059083629
302044,3,20,30,0,13,1,3083.0,1.6610179905825537
302044,3,20,30,0,14,1,4160.0,2.0382417062982934
302044,3,20,30,0,15,1,1987.0,1.1483245011404457
302044,3,20,30,0,16,1,1571.0,1.5320604725009992
302044,3,20,30,0,17,1,4226.0,1.50433100493752
302044,3,20,30,0,18,1,3231.0,2.0070886643543324
302044,3,20,30,0,19,1,3501.0,1.3230693147973096
302044,3,20,30,0,20,1,4362.0,2.3132320673026245
302044,3,20,30,0,21,1,1550.0,2.0382417062982934
302044,3,20,30,0,22,1,4272.0,1.4948343061147173
302044,3,20,30,0,23,1,2434.0,1.50433100493752
302044,3,20,30,0,24,1,2652.0,1.4024467775648581
302044,3,20,30,0,25,1,3651.0,1.6610179905825537
302044,3,20,30,0,26,1,3948.0,1.2034218232847822
302044,3,20,30,0,27,1,3064.0,1.9306715981054752
302044,3,20,30,0,28,1,4038.0,2.109161525769855
302044,3,20,30,0,29,1,2381.0,1.4024467775648581
302044,3,20,30,0,30,1,4796.0,2.3132320673026245
302045,4,20,30,0,1,1,3057.0,1.5041568069594713
302045,4,20,30,0,2,1,4076.0,1.3004765831581475
302045,4,20,30,0,3,1,4495.0,1.6462200381119594
302045,4,20,30,0,4,1,2736.0,1.8548287484512254
302045,4,20,30,0,5,1,2201.0,1.1391947002126042
302045,4,20,30,0,6,1,4398.0,1.257073386383731
302045,4,20,30,0,7,1,4566.0,1.3652276017608138
302045,4,20,30,0,8,1,2998.0,1.5041568069594713
302045,4,20,30,0,9,1,4207.0,1.1974087274829015
302045,4,20,30,0,10,1,2202.0,1.5411175948659932
302045,4,20,30,0,11,1,3292.0,2.233454970762159
302045,4,20,30,0,12,1,4534.0,1.5827754611043483
302045,4,20,30,0,13,1,1955.0,1.1974087274829015
302045,4,20,30,0,14,1,4269.0,2.0930481119599973
302045,4,20,30,0,15,1,1697.0,1.7261126705562984
302045,4,20,30,0,16,1,2386.0,1.3652276017608138
302045,4,20,30,0,17,1,3958.0,4.357243844532772
302045,4,20,30,0,18,1,1376.0,1.2602751559275411
302045,4,20,30,0,19,1,3396.0,1.569665721480577
302045,4,20,30,0,20,1,2715.0,1.7261126705562984
302045,4,20,30,0,21,1,2153.0,1.5827754611043483
302045,4,20,30,0,22,1,4023.0,1.5411175948659932
302045,4,20,30,0,23,1,4399.0,4.357243844532772
302045,4,20,30,0,24,1,2837.0,2.233454970762159
302045,4,20,30,0,25,1,4043.0,1.8869779354569427
302045,4,20,30,0,26,1,2688.0,1.8548287484512254
302045,4,20,30,0,27,1,2679.0,1.8869779354569427
302045,4,20,30,0,28,1,4262.0,1.6462200381119594
302045,4,20,30,0,29,1,3938.0,1.3004765831581475
302045,4,20,30,0,30,1,4060.0,2.0930481119599973
302046,5,20,30,0,1,1,4710.0,3.210000735167985
302046,5,20,30,0,2,1,2858.0,1.4075886006125455
302046,5,20,30,0,3,1,3128.0,1.2547787336317766
302046,5,20,30,0,4,1,1384.0,1.2547787336317766
302046,5,20,30,0,5,1,3181.0,2.9934413978964773
302046,5,20,30,0,6,1,4739.0,2.5780690838544125
302046,5,20,30,0,7,1,2373.0,1.3294380806736885
302046,5,20,30,0,8,1,3959.0,3.210000735167985
302046,5,20,30,0,9,1,1222.0,1.9705551441558289
302046,5,20,30,0,10,1,1862.0,1.721797482732268
302046,5,20,30,0,11,1,1904.0,1.6911593452804559
302046,5,20,30,0,12,1,2858.0,2.2503284447029936
302046,5,20,30,0,13,1,1753.0,1.9705551441558289
302046,5,20,30,0,14,1,3957.0,1.5151517008105173
302046,5,20,30,0,15,1,2380.0,1.6350493584195636
302046,5,20,30,0,16,1,4501.0,1.968770468700999
302046,5,20,30,0,17,1,2910.0,2.0684474587739015
302046,5,20,30,0,18,1,2410.0,1.4075886006125455
302046,5,20,30,0,19,1,3991.0,1.6350493584195636
302046,5,20,30,0,20,1,4235.0,2.2503284447029936
302046,5,20,30,0,21,1,2586.0,1.8426006066048766
302046,5,20,30,0,22,1,1629.0,1.721797482732268
302046,5,20,30,0,23,1,1259.0,2.0684474587739015
302046,5,20,30,0,24,1,3668.0,1.1524435136014202
302046,5,20,30,0,25,1,2108.0,1.8426006066048766
302046,5,20,30,0,26,1,2689.0,1.3294380806736885
302046,5,20,30,0,27,1,1220.0,2.9934413978964773
302046,5,20,30,0,28,0,3596.0,
302046,5,20,30,0,29,1,4756.0,1.1524435136014202
302046,5,20,30,0,30,1,4153.0,1.5151517008105173
302047,6,20,30,0,1,1,3702.0,1.4414985743475284
302047,6,20,30,0,2,1,4613.0,1.0906558552832188
302047,6,20,30,0,3,1,2583.0,1.960338521190818
302047,6,20,30,0,4,1,3863.0,1.3123551964720594
302047,6,20,30,0,5,1,2837.0,1.5520075091669907
302047,6,20,30,0,6,1,1399.0,1.2474159913609264
302047,6,20,30,0,7,1,4287.0,2.0856469133824014
302047,6,20,30,0,8,1,2534.0,1.9305032923153023
302047,6,20,30,0,9,1,4613.0,2.372778528413206
302047,6,20,30,0,10,1,2852.0,1.1697973042073186
302047,6,20,30,0,11,1,1431.0,1.3123551964720594
302047,6,20,30,0,12,1,2466.0,1.8930263682999682
302047,6,20,30,0,13,1,2223.0,2.372778528413206
302047,6,20,30,0,14,1,1393.0,1.0836957978451847
302047,6,20,30,0,15,1,2400.0,1.5803038188320826
302047,6,20,30,0,16,1,2862.0,1.9305032923153023
302047,6,20,30,0,17,1,4392.0,1.092359814039728
302047,6,20,30,0,18,1,4187.0,2.0856469133824014
302047,6,20,30,0,19,1,4500.0,4.101662455307406
302047,6,20,30,0,20,1,2689.0,1.4414985743475284
302047,6,20,30,0,21,1,3254.0,1.8930263682999682
302047,6,20,30,0,22,1,2847.0,1.1697973042073186
302047,6,20,30,0,23,1,2721.0,1.092359814039728
302047,6,20,30,0,24,1,4306.0,1.0836957978451847
302047,6,20,30,0,25,1,2466.0,2.9176432719467167
302047,6,20,30,0,26,1,2859.0,1.48160358057625
302047,6,20,30,0,27,1,2429.0,1.5520075091669907
302047,6,20,30,0,28,1,2370.0,1.960338521190818
302047,6,20,30,0,29,1,2795.0,1.0906558552832188
302047,6,20,30,0,30,1,2769.0,4.101662455307406
302048,7,20,30,0,1,1,3519.0,1.4057028422227669
302048,7,20,30,0,2,1,4786.0,1.340374283778839
302048,7,20,30,0,3,1,1338.0,2.0056858468925425
302048,7,20,30,0,4,1,2138.0,4.6234699871811955
302048,7,20,30,0,5,1,4219.0,2.1605767581281548
302048,7,20,30,0,6,1,2537.0,1.055275397080762
302048,7,20,30,0,7,1,1634.0,1.3717512023192717
302048,7,20,30,0,8,1,3239.0,1.4057028422227669
302048,7,20,30,0,9,1,3690.0,0.9584727364281502
302048,7,20,30,0,10,1,2228.0,1.2932239849421887
302048,7,20,30,0,11,1,3452.0,1.055275397080762
302048,7,20,30,0,12,1,4083.0,1.3958576160406027
302048,7,20,30,0,13,1,1656.0,1.7974441015574822
302048,7,20,30,0,14,1,1576.0,0.7477977305478243
302048,7,20,30,0,15,1,2625.0,4.6234699871811955
302048,7,20,30,0,16,1,2772.0,3.6286710053156725
302048,7,20,30,0,17,1,3647.0,2.5754858117671113
302048,7,20,30,0,18,1,3868.0,1.3717512023192717
302048,7,20,30,0,19,1,1574.0,3.6286710053156725
302048,7,20,30,0,20,1,3272.0,1.7974441015574822
302048,7,20,30,0,21,1,2996.0,1.4155455837253634
302048,7,20,30,0,22,1,3678.0,1.3958576160406027
302048,7,20,30,0,23,1,4787.0,2.5754858117671113
302048,7,20,30,0,24,1,1568.0,0.9584727364281502
302048,7,20,30,0,25,1,3572.0,1.4155455837253634
302048,7,20,30,0,26,1,2640.0,1.6540596246719825
302048,7,20,30,0,27,1,3358.0,2.1605767581281548
302048,7,20,30,0,28,1,1406.0,2.0056858468925425
302048,7,20,30,0,29,1,3192.0,1.340374283778839
302048,7,20,30,0,30,1,1276.0,0.7477977305478243
302049,8,20,30,0,1,0,2753.0,
302049,8,20,30,0,2,1,3677.0,1.4624771233161495
302049,8,20,30,0,3,1,4192.0,3.979018132568167
302049,8,20,30,0,4,1,2087.0,1.1782180748117115
302049,8,20,30,0,5,1,2010.0,2.0503390273947213
302049,8,20,30,0,6,1,1255.0,1.2619102236664466
302049,8,20,30,0,7,0,3021.0,
302049,8,20,30,0,8,0,4649.0,
302049,8,20,30,0,9,1,2706.0,1.7266432895206245
302049,8,20,30,0,10,1,2209.0,1.8438176624191516
302049,8,20,30,0,11,1,3191.0,1.1782180748117115
302049,8,20,30,0,12,1,2130.0,1.2573880406756854
302049,8,20,30,0,13,1,1601.0,1.7266432895206245
302049,8,20,30,0,14,1,1830.0,2.571216618847328
302049,8,20,30,0,15,1,4402.0,2.0927289929908794
302049,8,20,30,0,16,1,1651.0,1.1828933896236864
302049,8,20,30,0,17,1,1226.0,1.1828933896236864
302049,8,20,30,0,18,1,3618.0,1.2619102236664466
302049,8,20,30,0,19,1,4654.0,1.7182792929254096
302049,8,20,30,0,20,1,2464.0,2.0165494322751742
302049,8,20,30,0,21,1,1564.0,2.571216618847328
302049,8,20,30,0,22,1,1671.0,1.8438176624191516
302049,8,20,30,0,23,1,1422.0,2.0927289929908794
302049,8,20,30,0,24,1,1650.0,1.2573880406756854
302049,8,20,30,0,25,1,2980.0,1.0353931951619657
302049,8,20,30,0,26,0,2084.0,
302049,8,20,30,0,27,1,2513.0,2.0503390273947213
302049,8,20,30,0,28,1,2498.0,3.979018132568167
302049,8,20,30,0,29,1,4288.0,1.4624771233161495
302049,8,20,30,0,30,1,2912.0,2.0165494322751742
302050,9,20,30,0,1,1,4448.0,1.7547083296592307
302050,9,20,30,0,2,1,2057.0,0.9588981303120151
302050,9,20,30,0,3,1,1672.0,1.4879115200779067
302050,9,20,30,0,4,1,4749.0,1.096607113587937
302050,9,20,30,0,5,1,1213.0,1.440820889610066
302050,9,20,30,0,6,1,3473.0,1.351295571406118
302050,9,20,30,0,7,1,4236.0,2.107033450753524
302050,9,20,30,0,8,1,2291.0,1.4239061021249422
302050,9,20,30,0,9,1,2085.0,0.9977636356020212
302050,9,20,30,0,10,1,4737.0,2.107033450753524
302050,9,20,30,0,11,1,1259.0,1.096607113587937
302050,9,20,30,0,12,1,4346.0,1.957303586236361
302050,9,20,30,0,13,1,1920.0,0.9977636356020212
302050,9,20,30,0,14,1,1445.0,1.351295571406118
302050,9,20,30,0,15,1,1247.0,2.178607859200338
302050,9,20,30,0,16,1,3705.0,1.3537203908752153
302050,9,20,30,0,17,1,2726.0,1.6687783321809886
302050,9,20,30,0,18,1,1883.0,1.2125347500892592
302050,9,20,30,0,19,1,1888.0,1.0000048769782244
302050,9,20,30,0,20,1,2082.0,1.9349863970631094
302050,9,20,30,0,21,1,2733.0,1.9349863970631094
302050,9,20,30,0,22,1,2849.0,1.3606366720619092
302050,9,20,30,0,23,1,2037.0,1.6687783321809886
302050,9,20,30,0,24,1,2881.0,1.957303586236361
302050,9,20,30,0,25,1,1635.0,1.9304455644949443
302050,9,20,30,0,26,1,2554.0,1.7527048455062326
302050,9,20,30,0,27,1,3860.0,0.9588981303120151
302050,9,20,30,0,28,1,3144.0,1.4879115200779067
302050,9,20,30,0,29,1,4240.0,1.440820889610066
302050,9,20,30,0,30,1,1404.0,1.4239061021249422
302051,10,20,30,0,1,1,3016.0,1.795361069879722
302051,10,20,30,0,2,1,2916.0,1.3138710892965042
302051,10,20,30,0,3,1,3052.0,1.4795366105811054
302051,10,20,30,0,4,1,3130.0,1.795361069879722
302051,10,20,30,0,5,1,1635.0,1.0328733162354913
302051,10,20,30,0,6,1,4496.0,1.121539976416528
302051,10,20,30,0,7,1,3352.0,1.7940356355353995
302051,10,20,30,0,8,1,2938.0,1.1350591173104092
302051,10,20,30,0,9,1,2255.0,1.4289938181203137
302051,10,20,30,0,10,1,3200.0,1.9097908532253995
302051,10,20,30,0,11,1,1368.0,1.413354271921028
302051,10,20,30,0,12,1,3088.0,0.7790573457282322
302051,10,20,30,0,13,1,3643.0,1.4725274143137161
302051,10,20,30,0,14,1,3414.0,1.4725274143137161
302051,10,20,30,0,15,1,4751.0,0.7790573457282322
302051,10,20,30,0,16,1,1850.0,1.0328733162354913
302051,10,20,30,0,17,1,3270.0,1.561373100515283
302051,10,20,30,0,18,1,4770.0,1.4289938181203137
302051,10,20,30,0,19,1,3074.0,1.2105447193260284
302051,10,20,30,0,20,1,1517.0,1.561373100515283
302051,10,20,30,0,21,1,3134.0,1.4330106370264124
302051,10,20,30,0,22,1,2459.0,1.9097908532253995
302051,10,20,30,0,23,1,3088.0,1.5116298808904312
302051,10,20,30,0,24,1,4055.0,1.413354271921028
302051,10,20,30,0,25,1,3720.0,1.4330106370264124
302051,10,20,30,0,26,1,1571.0,1.7940356355353995
302051,10,20,30,0,27,1,3743.0,1.3138710892965042
302051,10,20,30,0,28,1,4378.0,1.4795366105811054
302051,10,20,30,0,29,1,3918.0,1.5116298808904312
302051,10,20,30,0,30,1,1560.0,1.1350591173104092
402042,1,20,40,0,1,1,4564.0,2.039134261552971
402042,1,20,40,0,2,1,3691.0,1.2903708093285093
402042,1,20,40,0,3,1,3718.0,2.262853094818586
402042,1,20,40,0,4,1,1625.0,2.1501944981481906
402042,1,20,40,0,5,1,3584.0,0.9199641766319141
402042,1,20,40,0,6,1,4680.0,1.1445517669153502
402042,1,20,40,0,7,0,1896.0,
402042,1,20,40,0,8,1,4235.0,2.039134261552971
402042,1,20,40,0,9,1,2558.0,1.5753765077345938
402042,1,20,40,0,10,1,2846.0,1.2404594237374456
402042,1,20,40,0,11,1,1415.0,2.4854607308496
402042,1,20,40,0,12,1,4182.0,2.6852523411135336
402042,1,20,40,0,13,1,3524.0,1.5753765077345938
402042,1,20,40,0,14,1,2982.0,2.6852523411135336
402042,1,20,40,0,15,1,1743.0,2.4854607308496
402042,1,20,40,0,16,1,3275.0,0.9199641766319141
402042,1,20,40,0,17,1,3221.0,1.4507664200789718
402042,1,20,40,0,18,1,3537.0,1.4868600714098457
402042,1,20,40,0,19,1,4510.0,1.873195695060258
402042,1,20,40,0,20,1,2451.0,2.06892515934903
402042,1,20,40,0,21,1,1263.0,1.504527829907298
402042,1,20,40,0,22,1,4408.0,1.2404594237374456
402042,1,20,40,0,23,1,3228.0,2.1501944981481906
402042,1,20,40,0,24,1,2085.0,1.8624808844189293
402042,1,20,40,0,25,0,2189.0,
402042,1,20,40,0,26,1,1899.0,1.549367377415617
402042,1,20,40,0,27,1,3729.0,1.2805361660103158
402042,1,20,40,0,28,1,2114.0,2.262853094818586
402042,1,20,40,0,29,1,1625.0,1.2903708093285093
402042,1,20,40,0,30,1,3604.0,2.06892515934903
402042,1,20,40,0,31,1,4480.0,1.4480873214175347
402042,1,20,40,0,32,1,3825.0,1.4507664200789718
402042,1,20,40,0,33,1,3484.0,1.873195695060258
402042,1,20,40,0,34,1,4212.0,1.1445517669153502
402042,1,20,40,0,35,1,3711.0,1.2805361660103158
402042,1,20,40,0,36,1,2101.0,1.549367377415617
402042,1,20,40,0,37,1,4315.0,1.4480873214175347
402042,1,20,40,0,38,1,2880.0,1.4868600714098457
402042,1,20,40,0,39,1,3396.0,1.504527829907298
402042,1,20,40,0,40,1,3324.0,1.8624808844189293
402043,2,20,40,0,1,1,2629.0,2.179947685875647
402043,2,20,40,0,2,1,2077.0,1.4176015425807682
402043,2,20,40,0,3,1,1207.0,1.4659498084751876
402043,2,20,40,0,4,1,2429.0,0.9935434805795438
402043,2,20,40,0,5,1,4148.0,1.4504774134183909
402043,2,20,40,0,6,1,4002.0,1.6086238183736732
402043,2,20,40,0,7,1,3040.0,1.6857977172183265
402043,2,20,40,0,8,1,3406.0,2.179947685875647
402043,2,20,40,0,9,1,4470.0,1.2427951330212907
402043,2,20,40,0,10,1,4374.0,1.7299274405173946
402043,2,20,40,0,11,1,4286.0,1.968218692973422
402043,2,20,40,0,12,1,2714.0,1.4938720298258146
402043,2,20,40,0,13,1,2547.0,2.736654975105428
402043,2,20,40,0,14,1,1321.0,1.2326642019191107
402043,2,20,40,0,15,1,4554.0,1.7876383117208228
402043,2,20,40,0,16,1,3697.0,1.6857977172183265
402043,2,20,40,0,17,1,3325.0,1.2427951330212907
402043,2,20,40,0,18,1,1879.0,1.735025344629204
402043,2,20,40,0,19,1,3799.0,1.8405087461037237
402043,2,20,40,0,20,1,3880.0,1.7876383117208228
402043,2,20,40,0,21,1,3219.0,1.4954718131907263
402043,2,20,40,0,22,1,2307.0,1.7299274405173946
402043,2,20,40,0,23,1,3411.0,0.9935434805795438
402043,2,20,40,0,24,1,3749.0,1.4938720298258146
402043,2,20,40,0,25,0,3749.0,
402043,2,20,40,0,26,1,2792.0,1.7902073761801383
402043,2,20,40,0,27,0,2594.0,
402043,2,20,40,0,28,1,2333.0,2.736654975105428
402043,2,20,40,0,29,1,3573.0,1.4176015425807682
402043,2,20,40,0,30,1,1827.0,1.2326642019191107
402043,2,20,40,0,31,1,2831.0,2.3014667038635266
402043,2,20,40,0,32,1,3988.0,1.4504774134183909
402043,2,20,40,0,33,1,1280.0,1.8405087461037237
402043,2,20,40,0,34,1,1483.0,1.6086238183736732
402043,2,20,40,0,35,1,1453.0,1.7902073761801383
402043,2,20,40,0,36,1,3939.0,1.4659498084751876
402043,2,20,40,0,37,1,4330.0,2.3014667038635266
402043,2,20,40,0,38,1,2648.0,1.735025344629204
402043,2,20,40,0,39,1,1395.0,1.4954718131907263
402043,2,20,40,0,40,1,1854.0,1.968218692973422
402044,3,20,40,0,1,1,3008.0,1.64828749972382
402044,3,20,40,0,2,1,3119.0,1.026942173923226
402044,3,20,40,0,3,1,1994.0,1.8946046474073963
402044,3,20,40,0,4,0,2759.0,
402044,3,20,40,0,5,1,4709.0,2.259825560907148
402044,3,20,40,0,6,1,3157.0,1.8535489784079042
402044,3,20,40,0,7,1,2329.0,1.255381154157754
402044,3,20,40,0,8,1,2444.0,3.346544023530053
402044,3,20,40,0,9,0,1462.0,
402044,3,20,40,0,10,1,1280.0,1.0985847465874157
402044,3,20,40,0,11,0,4641.0,
402044,3,20,40,0,12,0,1234.0,
402044,3,20,40,0,13,1,4548.0,1.4732782369146005
402044,3,20,40,0,14,1,2738.0,2.005751285010098
402044,3,20,40,0,15,1,4699.0,1.517527330958857
402044,3,20,40,0,16,1,2636.0,3.346544023530053
402044,3,20,40,0,17,1,4158.0,1.8946046474073963
402044,3,20,40,0,18,1,2856.0,1.4620422629731498
402044,3,20,40,0,19,0,4558.0,
402044,3,20,40,0,20,1,2740.0,2.005751285010098
402044,3,20,40,0,21,1,1283.0,2.229675945336663
402044,3,20,40,0,22,0,4697.0,
402044,3,20,40,0,23,1,1756.0,1.517527330958857
402044,3,20,40,0,24,0,2852.0,
402044,3,20,40,0,25,1,3267.0,1.255381154157754
402044,3,20,40,0,26,1,3714.0,1.4457026428250368
402044,3,20,40,0,27,1,3049.0,2.259825560907148
402044,3,20,40,0,28,1,1398.0,1.4732782369146005
402044,3,20,40,0,29,1,4550.0,1.026942173923226
402044,3,20,40,0,30,1,3740.0,1.4457026428250368
402044,3,20,40,0,31,1,3215.0,1.2193288555386472
402044,3,20,40,0,32,1,1591.0,1.64828749972382
402044,3,20,40,0,33,1,4195.0,2.229675945336663
402044,3,20,40,0,34,1,1757.0,1.0985847465874157
402044,3,20,40,0,35,1,4395.0,1.2193288555386472
402044,3,20,40,0,36,1,3243.0,1.8535489784079042
402044,3,20,40,0,37,0,2127.0,
402044,3,20,40,0,38,1,2365.0,1.4620422629731498
402044,3,20,40,0,39,0,4273.0,
402044,3,20,40,0,40,0,2423.0,
402045,4,20,40,0,1,1,3664.0,1.3186591823960376
402045,4,20,40,0,2,1,3164.0,1.6625686099877992
402045,4,20,40,0,3,1,3607.0,1.0739412278095948
402045,4,20,40,0,4,1,2552.0,1.9376631048403936
402045,4,20,40,0,5,1,2112.0,3.255309874576431
402045,4,20,40,0,6,0,1320.0,
402045,4,20,40,0,7,1,2695.0,1.4809983190460458
402045,4,20,40,0,8,1,3864.0,1.4541480773715927
402045,4,20,40,0,9,1,4473.0,1.8076708356696047
402045,4,20,40,0,10,1,4258.0,1.5047786731330672
402045,4,20,40,0,11,1,2985.0,2.271119947314139
402045,4,20,40,0,12,0,2323.0,
402045,4,20,40,0,13,1,3602.0,1.8076708356696047
402045,4,20,40,0,14,1,4501.0,1.8602053913009704
402045,4,20,40,0,15,0,4329.0,
402045,4,20,40,0,16,1,4699.0,1.8602053913009704
402045,4,20,40,0,17,1,4553.0,2.4042177951346755
402045,4,20,40,0,18,1,3094.0,1.5086656557603424
402045,4,20,40,0,19,0,1433.0,
402045,4,20,40,0,20,1,1800.0,1.7992322236864722
402045,4,20,40,0,21,1,3110.0,1.3822943659869322
402045,4,20,40,0,22,0,2212.0,
402045,4,20,40,0,23,1,2374.0,2.4042177951346755
402045,4,20,40,0,24,1,2641.0,2.271119947314139
402045,4,20,40,0,25,1,1322.0,1.4809983190460458
402045,4,20,40,0,26,0,1759.0,
402045,4,20,40,0,27,1,3754.0,1.3903892594882101
402045,4,20,40,0,28,1,2068.0,1.0739412278095948
402045,4,20,40,0,29,1,3374.0,1.6625686099877992
402045,4,20,40,0,30,1,4731.0,1.4541480773715927
402045,4,20,40,0,31,1,3285.0,1.3903892594882101
402045,4,20,40,0,32,1,2453.0,1.3186591823960376
402045,4,20,40,0,33,1,2899.0,1.3822943659869322
402045,4,20,40,0,34,1,4346.0,1.9376631048403936
402045,4,20,40,0,35,1,3552.0,3.255309874576431
402045,4,20,40,0,36,0,2841.0,
402045,4,20,40,0,37,0,3990.0,
402045,4,20,40,0,38,1,4215.0,1.5086656557603424
402045,4,20,40,0,39,1,2048.0,1.7992322236864722
402045,4,20,40,0,40,1,1337.0,1.5047786731330672
402046,5,20,40,0,1,1,2504.0,2.354164323444424
402046,5,20,40,0,2,1,4676.0,1.8162845987150789
402046,5,20,40,0,3,1,1461.0,1.8025214473235736
402046,5,20,40,0,4,1,4245.0,1.544794843120414
402046,5,20,40,0,5,1,2035.0,2.9641746432765195
402046,5,20,40,0,6,1,1914.0,1.1378086113191017
402046,5,20,40,0,7,1,1262.0,1.6237030208777194
402046,5,20,40,0,8,1,2591.0,2.354164323444424
402046,5,20,40,0,9,1,3974.0,1.1526351771092496
402046,5,20,40,0,10,1,3776.0,2.1208193433663403
402046,5,20,40,0,11,1,2952.0,1.544794843120414
402046,5,20,40,0,12,1,1666.0,1.8025214473235736
402046,5,20,40,0,13,1,4147.0,1.5972201471447929
402046,5,20,40,0,14,1,1250.0,2.9641746432765195
402046,5,20,40,0,15,1,1837.0,1.5061004020742368
402046,5,20,40,0,16,1,3513.0,1.4801942943547794
402046,5,20,40,0,17,1,2783.0,1.2441652423256786
402046,5,20,40,0,18,1,2367.0,1.4414308466358192
402046,5,20,40,0,19,1,3643.0,1.2113851339501214
402046,5,20,40,0,20,1,4118.0,1.369650898843098
402046,5,20,40,0,21,1,1563.0,1.5061004020742368
402046,5,20,40,0,22,1,2630.0,2.1208193433663403
402046,5,20,40,0,23,1,2456.0,1.6525990348205064
402046,5,20,40,0,24,1,1666.0,1.1378086113191017
402046,5,20,40,0,25,1,1919.0,1.0810118050192652
402046,5,20,40,0,26,1,4383.0,1.8969620326234875
402046,5,20,40,0,27,1,2400.0,0.9350731211934284
402046,5,20,40,0,28,1,2694.0,1.2441652423256786
402046,5,20,40,0,29,1,3413.0,1.8162845987150789
402046,5,20,40,0,30,1,1257.0,1.6237030208777194
402046,5,20,40,0,31,1,3089.0,1.4801942943547794
402046,5,20,40,0,32,1,1738.0,1.5972201471447929
402046,5,20,40,0,33,1,3756.0,1.2113851339501214
402046,5,20,40,0,34,1,2592.0,1.0810118050192652
402046,5,20,40,0,35,1,4676.0,1.1526351771092496
402046,5,20,40,0,36,1,2083.0,1.8969620326234875
402046,5,20,40,0,37,1,3552.0,0.9350731211934284
402046,5,20,40,0,38,1,1242.0,1.4414308466358192
402046,5,20,40,0,39,1,2354.0,1.369650898843098
402046,5,20,40,0,40,1,3651.0,1.6525990348205064
402047,6,20,40,0,1,1,2773.0,1.3466242283008205
402047,6,20,40,0,2,1,3360.0,1.1410871897967132
402047,6,20,40,0,3,1,4060.0,1.1530621410020065
402047,6,20,40,0,4,1,3086.0,1.2187518522875351
402047,6,20,40,0,5,1,2649.0,2.569499405791964
402047,6,20,40,0,6,1,2347.0,1.5414773752614546
402047,6,20,40,0,7,0,3849.0,
402047,6,20,40,0,8,1,3600.0,1.3466242283008205
402047,6,20,40,0,9,1,3923.0,1.6173553781832006
402047,6,20,40,0,10,0,2101.0,
402047,6,20,40,0,11,1,1642.0,1.494459518377264
402047,6,20,40,0,12,1,3072.0,1.2187518522875351
402047,6,20,40,0,13,1,3916.0,1.6173553781832006
402047,6,20,40,0,14,1,4711.0,1.5414773752614546
402047,6,20,40,0,15,1,2901.0,1.070773458409295
402047,6,20,40,0,16,0,4280.0,
402047,6,20,40,0,17,1,2745.0,1.2996907845040337
402047,6,20,40,0,18,1,2591.0,1.1410871897967132
402047,6,20,40,0,19,0,4750.0,
402047,6,20,40,0,20,1,4032.0,1.3115691514851133
402047,6,20,40,0,21,1,3598.0,1.410762509319899
402047,6,20,40,0,22,1,2149.0,1.070773458409295
402047,6,20,40,0,23,1,4299.0,1.2996907845040337
402047,6,20,40,0,24,1,3888.0,1.4205866987480182
402047,6,20,40,0,25,1,2562.0,1.55213541499891
402047,6,20,40,0,26,0,2481.0,
402047,6,20,40,0,27,1,2495.0,1.55213541499891
402047,6,20,40,0,28,1,2771.0,1.1530621410020065
402047,6,20,40,0,29,1,4713.0,1.3034496857438977
402047,6,20,40,0,30,1,3523.0,1.1604853137873057
402047,6,20,40,0,31,1,3069.0,1.1604853137873057
402047,6,20,40,0,32,1,1870.0,2.569499405791964
402047,6,20,40,0,33,1,1724.0,1.410762509319899
402047,6,20,40,0,34,0,2964.0,
402047,6,20,40,0,35,1,3114.0,1.7362742544915353
402047,6,20,40,0,36,1,2924.0,1.494459518377264
402047,6,20,40,0,37,1,4012.0,1.3034496857438977
402047,6,20,40,0,38,1,3311.0,1.3115691514851133
402047,6,20,40,0,39,1,1920.0,1.7362742544915353
402047,6,20,40,0,40,1,4787.0,1.4205866987480182
402048,7,20,40,0,1,1,2908.0,2.3327512799961814
402048,7,20,40,0,2,1,1351.0,1.6503271514970328
402048,7,20,40,0,3,1,3100.0,1.3525896060640719
402048,7,20,40,0,4,1,4008.0,1.522681171360643
402048,7,20,40,0,5,1,2494.0,1.736134716970434
402048,7,20,40,0,6,1,3140.0,2.1843072921909044
402048,7,20,40,0,7,1,3846.0,1.20601469589046
402048,7,20,40,0,8,1,3546.0,2.0444107540122967
402048,7,20,40,0,9,1,4587.0,1.9074590773049187
402048,7,20,40,0,10,1,1529.0,1.3676507673530904
402048,7,20,40,0,11,1,1547.0,2.0444107540122967
402048,7,20,40,0,12,1,3375.0,1.8327058958395068
402048,7,20,40,0,13,1,3671.0,1.9074590773049187
402048,7,20,40,0,14,1,2271.0,2.1843072921909044
402048,7,20,40,0,15,1,4614.0,1.522681171360643
402048,7,20,40,0,16,1,1340.0,2.3703252441670943
402048,7,20,40,0,17,1,4654.0,1.348947204970125
402048,7,20,40,0,18,0,4193.0,
402048,7,20,40,0,19,1,3458.0,1.3879576915609801
402048,7,20,40,0,20,1,1768.0,2.3703252441670943
402048,7,20,40,0,21,1,1449.0,1.7761315585148278
402048,7,20,40,0,22,1,4083.0,1.8327058958395068
402048,7,20,40,0,23,1,2609.0,1.348947204970125
402048,7,20,40,0,24,1,4380.0,1.8349345086086168
402048,7,20,40,0,25,1,3478.0,1.20601469589046
402048,7,20,40,0,26,1,3978.0,1.3567108223741384
402048,7,20,40,0,27,0,1507.0,
402048,7,20,40,0,28,1,3960.0,1.3525896060640719
402048,7,20,40,0,29,1,3146.0,1.6503271514970328
402048,7,20,40,0,30,1,3339.0,1.3879576915609801
402048,7,20,40,0,31,1,2237.0,3.848112259546368
402048,7,20,40,0,32,1,1602.0,2.3327512799961814
402048,7,20,40,0,33,1,2736.0,1.7761315585148278
402048,7,20,40,0,34,1,4182.0,1.3676507673530904
402048,7,20,40,0,35,1,2860.0,1.736134716970434
402048,7,20,40,0,36,1,2993.0,1.3567108223741384
402048,7,20,40,0,37,1,4264.0,3.848112259546368
402048,7,20,40,0,38,1,1848.0,1.370379761471757
402048,7,20,40,0,39,1,2237.0,1.370379761471757
402048,7,20,40,0,40,1,1268.0,1.8349345086086168
402049,8,20,40,0,1,1,3723.0,1.670582656991301
402049,8,20,40,0,2,1,3205.0,1.3884036229151793
402049,8,20,40,0,3,1,3290.0,1.3333536929399759
402049,8,20,40,0,4,1,4746.0,1.1686009794136356
402049,8,20,40,0,5,1,1622.0,1.2700405773991423
402049,8,20,40,0,6,1,1877.0,0.9309557418510046
402049,8,20,40,0,7,1,4005.0,1.3990175433428238
402049,8,20,40,0,8,1,4286.0,1.5420914429931112
402049,8,20,40,0,9,1,1818.0,1.4255601833340923
402049,8,20,40,0,10,1,1345.0,2.781646488218638
402049,8,20,40,0,11,1,3983.0,2.5897595601421806
402049,8,20,40,0,12,1,2661.0,2.0320616705605543
402049,8,20,40,0,13,1,2350.0,1.5856475845271931
402049,8,20,40,0,14,1,4530.0,1.2700405773991423
402049,8,20,40,0,15,1,2765.0,1.1686009794136356
402049,8,20,40,0,16,1,2553.0,1.5420914429931112
402049,8,20,40,0,17,1,2929.0,1.073111129546998
402049,8,20,40,0,18,1,1241.0,2.392415962054032
402049,8,20,40,0,19,1,2862.0,1.3333536929399759
402049,8,20,40,0,20,1,1738.0,1.1291653423867638
402049,8,20,40,0,21,1,1853.0,1.5729997216425824
402049,8,20,40,0,22,1,3648.0,2.781646488218638
402049,8,20,40,0,23,1,4255.0,1.806948904296882
402049,8,20,40,0,24,1,1964.0,2.0320616705605543
402049,8,20,40,0,25,1,3258.0,1.3990175433428238
402049,8,20,40,0,26,1,1419.0,1.5698582047812057
402049,8,20,40,0,27,1,3504.0,1.4255601833340923
402049,8,20,40,0,28,1,3187.0,1.5856475845271931
402049,8,20,40,0,29,1,3330.0,1.3884036229151793
402049,8,20,40,0,30,1,3183.0,1.1291653423867638
402049,8,20,40,0,31,1,3976.0,2.4307607061869168
402049,8,20,40,0,32,1,1378.0,1.670582656991301
402049,8,20,40,0,33,1,1705.0,1.5729997216425824
402049,8,20,40,0,34,1,2022.0,0.9309557418510046
402049,8,20,40,0,35,1,2381.0,2.4307607061869168
402049,8,20,40,0,36,1,2003.0,1.073111129546998
402049,8,20,40,0,37,1,1353.0,1.5698582047812057
402049,8,20,40,0,38,1,1773.0,2.392415962054032
402049,8,20,40,0,39,1,3662.0,2.5897595601421806
402049,8,20,40,0,40,1,2554.0,1.806948904296882
402050,9,20,40,0,1,1,4689.0,1.898516295084772
402050,9,20,40,0,2,1,3427.0,0.9021467523472265
402050,9,20,40,0,3,1,2873.0,1.600605202721245
402050,9,20,40,0,4,1,3311.0,1.1772084808217242
402050,9,20,40,0,5,1,3863.0,1.4097850753134649
402050,9,20,40,0,6,1,1456.0,1.7701869220094533
402050,9,20,40,0,7,1,2125.0,1.0589743690011357
402050,9,20,40,0,8,1,1361.0,1.5425543872032776
402050,9,20,40,0,9,1,1497.0,1.4097850753134649
402050,9,20,40,0,10,1,2767.0,1.4192775275678426
402050,9,20,40,0,11,1,4039.0,1.7701869220094533
402050,9,20,40,0,12,1,2510.0,1.1772084808217242
402050,9,20,40,0,13,1,3973.0,1.2382928056467164
402050,9,20,40,0,14,1,2863.0,0.9642048340415935
402050,9,20,40,0,15,1,2650.0,0.723317534545775
402050,9,20,40,0,16,1,1565.0,1.0589743690011357
402050,9,20,40,0,17,1,3986.0,2.2652373189029222
402050,9,20,40,0,18,1,1409.0,1.7308985880624352
402050,9,20,40,0,19,1,3225.0,2.3268588359904947
402050,9,20,40,0,20,1,1702.0,1.7351478074223767
402050,9,20,40,0,21,1,1818.0,0.9642048340415935
402050,9,20,40,0,22,1,2527.0,1.4192775275678426
402050,9,20,40,0,23,1,3728.0,2.2652373189029222
402050,9,20,40,0,24,1,3455.0,1.7125350547729623
402050,9,20,40,0,25,1,2638.0,1.7308985880624352
402050,9,20,40,0,26,1,3545.0,0.9475488279137894
402050,9,20,40,0,27,1,4023.0,0.9021467523472265
402050,9,20,40,0,28,1,4534.0,1.2382928056467164
402050,9,20,40,0,29,1,3072.0,1.7125350547729623
402050,9,20,40,0,30,1,2447.0,1.4143676636295988
402050,9,20,40,0,31,1,3020.0,1.4143676636295988
402050,9,20,40,0,32,1,2626.0,1.898516295084772
402050,9,20,40,0,33,1,3826.0,2.3268588359904947
402050,9,20,40,0,34,1,1717.0,1.5425543872032776
402050,9,20,40,0,35,1,1961.0,1.600605202721245
402050,9,20,40,0,36,1,4040.0,0.9475488279137894
402050,9,20,40,0,37,1,3349.0,0.723317534545775
402050,9,20,40,0,38,1,1568.0,3.1285729852350443
402050,9,20,40,0,39,1,4392.0,1.7351478074223767
402050,9,20,40,0,40,1,2469.0,3.1285729852350443
402051,10,20,40,0,1,1,2127.0,3.1390966844350525
402051,10,20,40,0,2,1,3065.0,1.3676424238764053
402051,10,20,40,0,3,1,4302.0,1.4271417073919506
402051,10,20,40,0,4,1,2405.0,1.0664189442721974
402051,10,20,40,0,5,1,4704.0,1.3141798218048726
402051,10,20,40,0,6,1,4569.0,1.1646561935041457
402051,10,20,40,0,7,1,3193.0,1.985624421318371
402051,10,20,40,0,8,1,1275.0,3.1390966844350525
402051,10,20,40,0,9,0,2631.0,
402051,10,20,40,0,10,1,1816.0,1.0136937859182944
402051,10,20,40,0,11,1,2442.0,1.0664189442721974
402051,10,20,40,0,12,1,2023.0,1.9054873965445183
402051,10,20,40,0,13,1,3585.0,1.126317356407933
402051,10,20,40,0,14,1,1829.0,1.1646561935041457
402051,10,20,40,0,15,0,1455.0,
402051,10,20,40,0,16,1,3450.0,1.985624421318371
402051,10,20,40,0,17,1,4665.0,2.0026766937532594
402051,10,20,40,0,18,1,1266.0,1.3676424238764053
402051,10,20,40,0,19,1,1654.0,1.8761422744048517
402051,10,20,40,0,20,1,3938.0,3.0718574540817234
402051,10,20,40,0,21,1,1595.0,1.126317356407933
402051,10,20,40,0,22,1,2121.0,1.9054873965445183
402051,10,20,40,0,23,1,1930.0,2.0026766937532594
402051,10,20,40,0,24,1,4476.0,1.2474380711415771
402051,10,20,40,0,25,1,3291.0,2.801118860221575
402051,10,20,40,0,26,1,1819.0,1.411876052028886
402051,10,20,40,0,27,1,4515.0,2.3890427344266705
402051,10,20,40,0,28,1,4263.0,1.4271417073919506
402051,10,20,40,0,29,1,3697.0,2.801118860221575
402051,10,20,40,0,30,1,2737.0,3.0718574540817234
402051,10,20,40,0,31,1,1498.0,2.3417546692061006
402051,10,20,40,0,32,1,3412.0,1.1362438727275408
402051,10,20,40,0,33,1,3260.0,1.8761422744048517
402051,10,20,40,0,34,1,3354.0,1.0136937859182944
402051,10,20,40,0,35,1,3796.0,1.3141798218048726
402051,10,20,40,0,36,1,2444.0,1.411876052028886
402051,10,20,40,0,37,1,4613.0,2.3417546692061006
402051,10,20,40,0,38,1,3053.0,1.1362438727275408
402051,10,20,40,0,39,1,2703.0,2.3890427344266705
402051,10,20,40,0,40,1,2171.0,1.2474380711415771
303042,1,30,30,0,1,1,2296.0,1.1944316401918589
303042,1,30,30,0,2,1,3689.0,1.6052052876244294
303042,1,30,30,0,3,1,1281.0,1.8644105409857474
303042,1,30,30,0,4,1,3609.0,1.9462849829885456
303042,1,30,30,0,5,1,3961.0,1.4986594270045743
303042,1,30,30,0,6,1,3222.0,1.7657768947468315
303042,1,30,30,0,7,1,3850.0,1.490964581219046
303042,1,30,30,0,8,1,4312.0,0.9942354672548647
303042,1,30,30,0,9,1,2355.0,2.2370017246519347
303042,1,30,30,0,10,1,2590.0,1.256286282511795
303042,1,30,30,0,11,1,1552.0,1.0000008986550728
303042,1,30,30,0,12,1,2995.0,1.0950517944891471
303042,1,30,30,0,13,1,2302.0,1.1385053512302672
303042,1,30,30,0,14,1,2173.0,1.7657768947468315
303042,1,30,30,0,15,1,1655.0,1.2538914369239758
303042,1,30,30,0,16,1,4622.0,1.4986594270045743
303042,1,30,30,0,17,1,2844.0,1.8644105409857474
303042,1,30,30,0,18,1,2263.0,1.6052052876244294
303042,1,30,30,0,19,1,4376.0,1.256286282511795
303042,1,30,30,0,20,1,4120.0,1.490964581219046
303042,1,30,30,0,21,0,4370.0,
303042,1,30,30,0,22,1,1564.0,1.1769670412957063
303042,1,30,30,0,23,1,4451.0,1.9462849829885456
303042,1,30,30,0,24,1,4168.0,1.4571454472952545
303042,1,30,30,0,25,1,3800.0,1.3917418091313396
303042,1,30,30,0,26,1,1215.0,1.043515801091018
303042,1,30,30,0,27,1,4565.0,1.1944316401918589
303042,1,30,30,0,28,1,1599.0,1.1385053512302672
303042,1,30,30,0,29,1,4706.0,1.4571454472952545
303042,1,30,30,0,30,1,2626.0,0.9942354672548647
303043,2,30,30,0,1,1,2548.0,1.3751273725119233
303043,2,30,30,0,2,1,3596.0,2.057383505599639
303043,2,30,30,0,3,1,3177.0,1.4710428958197517
303043,2,30,30,0,4,1,3717.0,2.0151491952443927
303043,2,30,30,0,5,1,1849.0,1.1954098538758218
303043,2,30,30,0,6,1,4082.0,1.329073554868557
303043,2,30,30,0,7,1,1485.0,1.436358319143566
303043,2,30,30,0,8,1,3657.0,1.0484774789030067
303043,2,30,30,0,9,1,2598.0,1.4129121712140338
303043,2,30,30,0,10,1,2842.0,2.057383505599639
303043,2,30,30,0,11,1,1762.0,3.060747885208318
303043,2,30,30,0,12,1,3414.0,1.325696244727315
303043,2,30,30,0,13,1,1772.0,1.4129121712140338
303043,2,30,30,0,14,1,3738.0,3.060747885208318
303043,2,30,30,0,15,1,4526.0,1.0877842319521522
303043,2,30,30,0,16,1,3684.0,1.436358319143566
303043,2,30,30,0,17,1,1908.0,1.4710428958197517
303043,2,30,30,0,18,1,4198.0,1.8990037985324888
303043,2,30,30,0,19,1,1743.0,1.2422419758343535
303043,2,30,30,0,20,1,3303.0,4.44481115963035
303043,2,30,30,0,21,1,4800.0,4.44481115963035
303043,2,30,30,0,22,1,4740.0,1.3751273725119233
303043,2,30,30,0,23,1,3254.0,2.0151491952443927
303043,2,30,30,0,24,1,3377.0,1.645037527074903
303043,2,30,30,0,25,1,4516.0,1.2284809166590829
303043,2,30,30,0,26,1,3396.0,1.1491270393737716
303043,2,30,30,0,27,1,2920.0,1.8990037985324888
303043,2,30,30,0,28,1,2417.0,1.325696244727315
303043,2,30,30,0,29,1,1379.0,1.645037527074903
303043,2,30,30,0,30,1,2940.0,1.0484774789030067
303044,3,30,30,0,1,1,1910.0,1.4886120596859176
303044,3,30,30,0,2,1,1924.0,1.4715161789953655
303044,3,30,30,0,3,1,3256.0,1.2998041807669765
303044,3,30,30,0,4,1,2540.0,1.6229038456736091
303044,3,30,30,0,5,1,3840.0,1.4886120596859176
303044,3,30,30,0,6,1,1832.0,2.1697769431619336
303044,3,30,30,0,7,1,3332.0,1.7752561937727362
303044,3,30,30,0,8,1,3959.0,1.178154387160704
303044,3,30,30,0,9,1,4211.0,1.1628049005498358
303044,3,30,30,0,10,1,3990.0,1.5291829560890404
303044,3,30,30,0,11,1,2707.0,1.4487343955712768
303044,3,30,30,0,12,1,3108.0,1.413991258643411
303044,3,30,30,0,13,1,2267.0,1.4306970708498388
303044,3,30,30,0,14,1,2965.0,2.1697769431619336
303044,3,30,30,0,15,1,4137.0,1.413991258643411
303044,3,30,30,0,16,1,1972.0,1.178154387160704
303044,3,30,30,0,17,1,2350.0,1.2998041807669765
303044,3,30,30,0,18,1,1548.0,1.4715161789953655
303044,3,30,30,0,19,1,1893.0,1.6411091036686427
303044,3,30,30,0,20,1,2437.0,2.0669338855548847
303044,3,30,30,0,21,0,1560.0,
303044,3,30,30,0,22,1,1802.0,1.5444060768216363
303044,3,30,30,0,23,1,2037.0,1.6229038456736091
303044,3,30,30,0,24,1,4414.0,1.4487343955712768
303044,3,30,30,0,25,1,4661.0,1.7752561937727362
303044,3,30,30,0,26,1,4604.0,1.632956716837569
303044,3,30,30,0,27,0,4641.0,
303044,3,30,30,0,28,1,3208.0,1.4306970708498388
303044,3,30,30,0,29,1,2109.0,1.5444060768216363
303044,3,30,30,0,30,1,2522.0,2.0669338855548847
303045,4,30,30,0,1,1,4057.0,0.9585290806844671
303045,4,30,30,0,2,1,3098.0,1.4951851787743984
303045,4,30,30,0,3,1,1356.0,1.6378359645094118
303045,4,30,30,0,4,1,1602.0,1.2774084033592354
303045,4,30,30,0,5,1,1772.0,1.5374920921380946
303045,4,30,30,0,6,1,3962.0,1.0000007323609044
303045,4,30,30,0,7,1,4245.0,1.3694475444526018
303045,4,30,30,0,8,1,2580.0,1.2587044380958134
303045,4,30,30,0,9,1,1980.0,0.9338195279065212
303045,4,30,30,0,10,1,1269.0,0.8200594539529733
303045,4,30,30,0,11,1,4552.0,1.2587044380958134
303045,4,30,30,0,12,1,3208.0,1.1478369308906222
303045,4,30,30,0,13,1,2021.0,1.931405707528392
303045,4,30,30,0,14,1,3809.0,1.1918696101952757
303045,4,30,30,0,15,1,1253.0,1.4951851787743984
303045,4,30,30,0,16,1,1421.0,1.3694475444526018
303045,4,30,30,0,17,1,3828.0,0.9338195279065212
303045,4,30,30,0,18,1,1323.0,1.100206569677128
303045,4,30,30,0,19,1,1981.0,1.185616799271869
303045,4,30,30,0,20,1,3222.0,1.403909536848977
303045,4,30,30,0,21,1,2118.0,1.403909536848977
303045,4,30,30,0,22,1,1762.0,1.100206569677128
303045,4,30,30,0,23,1,2742.0,1.2774084033592354
303045,4,30,30,0,24,1,4488.0,1.1478369308906222
303045,4,30,30,0,25,1,3113.0,0.9585290806844671
303045,4,30,30,0,26,1,4583.0,0.8200594539529733
303045,4,30,30,0,27,1,2393.0,1.3820359461333744
303045,4,30,30,0,28,1,4279.0,1.931405707528392
303045,4,30,30,0,29,1,3196.0,1.5374920921380946
303045,4,30,30,0,30,1,4433.0,1.1918696101952757
303046,5,30,30,0,1,1,3893.0,4.91083531883222
303046,5,30,30,0,2,1,1911.0,1.284484905254701
303046,5,30,30,0,3,1,1644.0,1.5964127036366629
303046,5,30,30,0,4,1,4031.0,1.461392885167577
303046,5,30,30,0,5,1,3608.0,1.3054209416096865
303046,5,30,30,0,6,1,1512.0,1.4168897499035409
303046,5,30,30,0,7,1,2320.0,1.2482010138381363
303046,5,30,30,0,8,1,3635.0,4.91083531883222
303046,5,30,30,0,9,1,4518.0,0.9405544249299398
303046,5,30,30,0,10,1,1888.0,1.3281770374031328
303046,5,30,30,0,11,1,3520.0,1.461392885167577
303046,5,30,30,0,12,1,4450.0,1.3837808097895685
303046,5,30,30,0,13,1,1697.0,0.9405544249299398
303046,5,30,30,0,14,1,1433.0,1.4168897499035409
303046,5,30,30,0,15,1,1483.0,0.6307634944271254
303046,5,30,30,0,16,1,3227.0,1.1405440384427825
303046,5,30,30,0,17,1,2246.0,1.591074574280681
303046,5,30,30,0,18,0,2062.0,
303046,5,30,30,0,19,1,1339.0,1.8696259831381203
303046,5,30,30,0,20,1,3422.0,1.8348141985086048
303046,5,30,30,0,21,1,2366.0,0.6307634944271254
303046,5,30,30,0,22,1,4286.0,1.3281770374031328
303046,5,30,30,0,23,1,3043.0,1.591074574280681
303046,5,30,30,0,24,1,2884.0,1.7143323373767376
303046,5,30,30,0,25,1,2265.0,1.2482010138381363
303046,5,30,30,0,26,1,3795.0,1.7143323373767376
303046,5,30,30,0,27,1,4047.0,1.3837808097895685
303046,5,30,30,0,28,1,4228.0,1.5964127036366629
303046,5,30,30,0,29,1,4086.0,1.284484905254701
303046,5,30,30,0,30,1,2725.0,1.8348141985086048
303047,6,30,30,0,1,1,4182.0,1.8535803570042166
303047,6,30,30,0,2,1,3219.0,2.1635006423603427
303047,6,30,30,0,3,1,3329.0,2.196191459462559
303047,6,30,30,0,4,1,2958.0,1.8535803570042166
303047,6,30,30,0,5,1,4446.0,1.3912980856243204
303047,6,30,30,0,6,1,1353.0,1.2325301339006032
303047,6,30,30,0,7,1,4387.0,2.235073423726221
303047,6,30,30,0,8,1,4670.0,2.3733037899523537
303047,6,30,30,0,9,1,1983.0,1.3912980856243204
303047,6,30,30,0,10,1,2416.0,1.2408790306773838
303047,6,30,30,0,11,1,3037.0,1.7620269508745634
303047,6,30,30,0,12,1,1471.0,2.0839117811831143
303047,6,30,30,0,13,1,3172.0,1.759998947492034
303047,6,30,30,0,14,1,3845.0,1.2325301339006032
303047,6,30,30,0,15,1,4521.0,1.5499562173463102
303047,6,30,30,0,16,1,4149.0,1.3029203665611289
303047,6,30,30,0,17,1,1888.0,1.759998947492034
303047,6,30,30,0,18,1,4676.0,1.3719250941394743
303047,6,30,30,0,19,1,4662.0,1.2408790306773838
303047,6,30,30,0,20,1,4273.0,1.7620269508745634
303047,6,30,30,0,21,1,4682.0,1.2688535024698702
303047,6,30,30,0,22,1,3089.0,1.0796036176027588
303047,6,30,30,0,23,1,1322.0,1.4626081256401504
303047,6,30,30,0,24,1,1295.0,2.0839117811831143
303047,6,30,30,0,25,1,3075.0,2.196191459462559
303047,6,30,30,0,26,1,3479.0,2.235073423726221
303047,6,30,30,0,27,1,2899.0,1.2688535024698702
303047,6,30,30,0,28,1,2940.0,2.1635006423603427
303047,6,30,30,0,29,1,2982.0,1.4626081256401504
303047,6,30,30,0,30,1,1210.0,2.3733037899523537
303048,7,30,30,0,1,1,1767.0,1.6524102394124043
303048,7,30,30,0,2,1,3863.0,1.4388206325146595
303048,7,30,30,0,3,1,1916.0,1.7727236166639067
303048,7,30,30,0,4,1,4798.0,1.349610953990863
303048,7,30,30,0,5,1,3510.0,1.769896517920495
303048,7,30,30,0,6,1,4666.0,1.0296580015378098
303048,7,30,30,0,7,1,3464.0,1.935440674140586
303048,7,30,30,0,8,1,3082.0,1.6524102394124043
303048,7,30,30,0,9,1,1406.0,1.769896517920495
303048,7,30,30,0,10,1,3606.0,1.370103068641197
303048,7,30,30,0,11,1,4035.0,1.3138458984039008
303048,7,30,30,0,12,1,2810.0,1.0209385096746428
303048,7,30,30,0,13,1,1540.0,1.4699077495798842
303048,7,30,30,0,14,1,3618.0,1.0296580015378098
303048,7,30,30,0,15,1,3556.0,1.6009301587485256
303048,7,30,30,0,16,1,3596.0,1.4268048386293464
303048,7,30,30,0,17,1,4637.0,1.6009301587485256
303048,7,30,30,0,18,1,1671.0,1.4388206325146595
303048,7,30,30,0,19,1,4608.0,1.4268048386293464
303048,7,30,30,0,20,1,1649.0,1.3135159226192412
303048,7,30,30,0,21,1,3622.0,1.3135159226192412
303048,7,30,30,0,22,1,3276.0,1.370103068641197
303048,7,30,30,0,23,1,2346.0,1.349610953990863
303048,7,30,30,0,24,1,2373.0,1.600572774899157
303048,7,30,30,0,25,1,4253.0,1.3097374660096797
303048,7,30,30,0,26,1,3801.0,1.935440674140586
303048,7,30,30,0,27,1,3481.0,1.3097374660096797
303048,7,30,30,0,28,1,1447.0,1.0209385096746428
303048,7,30,30,0,29,1,3957.0,1.600572774899157
303048,7,30,30,0,30,1,4655.0,1.4699077495798842
303049,8,30,30,0,1,1,3746.0,1.6032102478358352
303049,8,30,30,0,2,1,1233.0,1.1446248731174826
303049,8,30,30,0,3,1,1761.0,1.9757883302830892
303049,8,30,30,0,4,1,4115.0,1.5695859404862418
303049,8,30,30,0,5,1,2058.0,1.1484773591374624
303049,8,30,30,0,6,1,3372.0,1.4189545733836928
303049,8,30,30,0,7,1,3208.0,1.8829278458175727
303049,8,30,30,0,8,1,3905.0,1.9448778847316122
303049,8,30,30,0,9,1,3574.0,1.5710797265454934
303049,8,30,30,0,10,1,4091.0,1.9222465190415343
303049,8,30,30,0,11,1,2969.0,1.4189545733836928
303049,8,30,30,0,12,1,3375.0,1.5854403569722892
303049,8,30,30,0,13,1,2832.0,1.5710797265454934
303049,8,30,30,0,14,1,1929.0,1.9757883302830892
303049,8,30,30,0,15,1,4483.0,1.1446248731174826
303049,8,30,30,0,16,1,2248.0,1.275605495952279
303049,8,30,30,0,17,1,3150.0,1.391445973045018
303049,8,30,30,0,18,0,3319.0,
303049,8,30,30,0,19,1,3262.0,1.275605495952279
303049,8,30,30,0,20,1,2775.0,1.5118287735285223
303049,8,30,30,0,21,1,3002.0,1.5118287735285223
303049,8,30,30,0,22,1,3323.0,1.6032102478358352
303049,8,30,30,0,23,1,2102.0,1.5695859404862418
303049,8,30,30,0,24,1,4798.0,1.5854403569722892
303049,8,30,30,0,25,1,2181.0,1.0499088414337678
303049,8,30,30,0,26,1,1266.0,1.8829278458175727
303049,8,30,30,0,27,1,3534.0,1.0499088414337678
303049,8,30,30,0,28,1,3289.0,1.391445973045018
303049,8,30,30,0,29,1,1233.0,1.1484773591374624
303049,8,30,30,0,30,1,3265.0,1.9448778847316122
303050,9,30,30,0,1,1,3556.0,2.1524875124875127
303050,9,30,30,0,2,1,4769.0,1.2338726927769312
303050,9,30,30,0,3,1,2356.0,1.5781051653465412
303050,9,30,30,0,4,1,1905.0,1.0467366484172504
303050,9,30,30,0,5,1,4148.0,2.1524875124875127
303050,9,30,30,0,6,1,4178.0,1.2347725053593925
303050,9,30,30,0,7,1,3658.0,1.525606581084234
303050,9,30,30,0,8,1,2703.0,1.7431158939566176
303050,9,30,30,0,9,1,4407.0,1.2361593399681468
303050,9,30,30,0,10,1,2738.0,1.2361593399681468
303050,9,30,30,0,11,1,3871.0,1.0467366484172504
303050,9,30,30,0,12,0,3178.0,
303050,9,30,30,0,13,1,4134.0,1.9243633475136261
303050,9,30,30,0,14,1,1940.0,1.2347725053593925
303050,9,30,30,0,15,0,2016.0,
303050,9,30,30,0,16,1,3739.0,1.1664829529136636
303050,9,30,30,0,17,1,4377.0,1.8244084245809273
303050,9,30,30,0,18,1,1598.0,1.2338726927769312
303050,9,30,30,0,19,1,4413.0,1.104472556909405
303050,9,30,30,0,20,1,1384.0,1.3783637413296224
303050,9,30,30,0,21,1,3070.0,1.3783637413296224
303050,9,30,30,0,22,1,3255.0,1.9243633475136261
303050,9,30,30,0,23,1,4246.0,1.8244084245809273
303050,9,30,30,0,24,1,4037.0,1.4128743679502136
303050,9,30,30,0,25,1,4691.0,1.525606581084234
303050,9,30,30,0,26,1,3983.0,1.1716683538863077
303050,9,30,30,0,27,1,3749.0,1.2647650887624653
303050,9,30,30,0,28,1,2293.0,1.5781051653465412
303050,9,30,30,0,29,1,1836.0,1.4128743679502136
303050,9,30,30,0,30,1,1726.0,1.7431158939566176
303051,10,30,30,0,1,1,2829.0,1.974876053770972
303051,10,30,30,0,2,1,4538.0,1.1788791581630458
303051,10,30,30,0,3,1,2242.0,1.115069322164051
303051,10,30,30,0,4,1,4614.0,1.8294444484377135
303051,10,30,30,0,5,1,4650.0,1.974876053770972
303051,10,30,30,0,6,1,1820.0,1.9080924648534794
303051,10,30,30,0,7,1,2034.0,1.5998656388491237
303051,10,30,30,0,8,1,4302.0,1.4190444359302528
303051,10,30,30,0,9,1,3455.0,1.9660015007691674
303051,10,30,30,0,10,1,1789.0,1.9724444059981572
303051,10,30,30,0,11,1,3905.0,1.8294444484377135
303051,10,30,30,0,12,0,3194.0,
303051,10,30,30,0,13,1,3228.0,1.9660015007691674
303051,10,30,30,0,14,1,3470.0,1.9080924648534794
303051,10,30,30,0,15,1,3162.0,1.4564942678522699
303051,10,30,30,0,16,1,1598.0,1.0000012471798148
303051,10,30,30,0,17,1,2621.0,1.9138036711166773
303051,10,30,30,0,18,1,1374.0,1.1788791581630458
303051,10,30,30,0,19,1,3405.0,1.4564942678522699
303051,10,30,30,0,20,1,4077.0,2.896671301843716
303051,10,30,30,0,21,1,3998.0,2.896671301843716
303051,10,30,30,0,22,1,2565.0,1.9724444059981572
303051,10,30,30,0,23,1,3275.0,1.9138036711166773
303051,10,30,30,0,24,1,1253.0,1.084811191890572
303051,10,30,30,0,25,1,4645.0,1.5264338344587418
303051,10,30,30,0,26,1,2719.0,1.5998656388491237
303051,10,30,30,0,27,1,4717.0,1.1030574132104034
303051,10,30,30,0,28,1,2377.0,1.115069322164051
303051,10,30,30,0,29,1,2587.0,1.084811191890572
303051,10,30,30,0,30,1,4558.0,1.4190444359302528
603042,1,30,60,0,1,1,1379.0,2.0636609109713833
603042,1,30,60,0,2,1,2932.0,1.3859418537754482
603042,1,30,60,0,3,1,4098.0,1.309612946871326
603042,1,30,60,0,4,1,2508.0,1.384683422621333
603042,1,30,60,0,5,1,2961.0,2.237641419844017
603042,1,30,60,0,6,1,1347.0,1.8026604350793558
603042,1,30,60,0,7,1,3314.0,2.041114867260821
603042,1,30,60,0,8,1,1438.0,1.5885069523513322
603042,1,30,60,0,9,1,2169.0,1.1753936117698633
603042,1,30,60,0,10,1,2562.0,1.8851363533596817
603042,1,30,60,0,11,1,2211.0,1.0678422498812823
603042,1,30,60,0,12,1,2321.0,1.5169494509553214
603042,1,30,60,0,13,1,2422.0,1.1326436072584838
603042,1,30,60,0,14,1,2136.0,1.237732348010417
603042,1,30,60,0,15,1,2873.0,1.384683422621333
603042,1,30,60,0,16,1,3438.0,1.6981398583456557
603042,1,30,60,0,17,1,3752.0,1.3336392931603738
603042,1,30,60,0,18,1,3147.0,1.3336392931603738
603042,1,30,60,0,19,1,2783.0,1.8851363533596817
603042,1,30,60,0,20,1,4643.0,1.9062256142570915
603042,1,30,60,0,21,1,4731.0,1.1358353648941724
603042,1,30,60,0,22,1,1340.0,1.5169494509553214
603042,1,30,60,0,23,1,2439.0,1.4510313477886352
603042,1,30,60,0,24,1,3174.0,1.0678422498812823
603042,1,30,60,0,25,1,4550.0,1.9062256142570915
603042,1,30,60,0,26,1,4635.0,1.8019551153021929
603042,1,30,60,0,27,1,1941.0,1.3859418537754482
603042,1,30,60,0,28,1,1971.0,0.9715282125249031
603042,1,30,60,0,29,1,2249.0,3.4898496374025463
603042,1,30,60,0,30,1,2856.0,1.2728739218244236
603042,1,30,60,0,31,1,4391.0,1.589357166674605
603042,1,30,60,0,32,1,3236.0,2.237641419844017
603042,1,30,60,0,33,1,1420.0,1.1358353648941724
603042,1,30,60,0,34,1,4603.0,1.8026604350793558
603042,1,30,60,0,35,1,4385.0,1.589357166674605
603042,1,30,60,0,36,1,2527.0,1.8019551153021929
603042,1,30,60,0,37,1,1888.0,1.2469072458454074
603042,1,30,60,0,38,1,4246.0,1.356900962677858
603042,1,30,60,0,39,1,1849.0,0.9715282125249031
603042,1,30,60,0,40,0,3710.0,
603042,1,30,60,0,41,0,4016.0,
603042,1,30,60,0,42,1,2422.0,0.9219189906312018
603042,1,30,60,0,43,1,4235.0,0.9219189906312018
603042,1,30,60,0,44,1,3056.0,1.237732348010417
603042,1,30,60,0,45,1,4265.0,1.309612946871326
603042,1,30,60,0,46,1,2222.0,3.4898496374025463
603042,1,30,60,0,47,1,4437.0,1.1326436072584838
603042,1,30,60,0,48,1,2776.0,1.4510313477886352
603042,1,30,60,0,49,1,1688.0,1.1734591321097048
603042,1,30,60,0,50,1,2033.0,1.2469072458454074
603042,1,30,60,0,51,1,2454.0,2.0636609109713833
603042,1,30,60,0,52,1,2420.0,1.302782806667189
603042,1,30,60,0,53,1,2067.0,2.041114867260821
603042,1,30,60,0,54,1,4058.0,1.302782806667189
603042,1,30,60,0,55,1,4701.0,1.6981398583456557
603042,1,30,60,0,56,1,4764.0,1.356900962677858
603042,1,30,60,0,57,1,2830.0,1.5885069523513322
603042,1,30,60,0,58,1,2601.0,1.1734591321097048
603042,1,30,60,0,59,1,1413.0,1.1753936117698633
603042,1,30,60,0,60,1,3523.0,1.2728739218244236
603043,2,30,60,0,1,1,2530.0,0.8576231104516365
603043,2,30,60,0,2,1,2014.0,1.0138702179229344
603043,2,30,60,0,3,1,1689.0,1.507678112490048
603043,2,30,60,0,4,1,2164.0,1.4495475278989942
603043,2,30,60,0,5,1,1608.0,1.8128099288710673
603043,2,30,60,0,6,1,3941.0,1.4193288924667944
603043,2,30,60,0,7,1,4588.0,1.7191966142227946
603043,2,30,60,0,8,1,3509.0,0.8576231104516365
603043,2,30,60,0,9,1,3244.0,1.0035204122563195
603043,2,30,60,0,10,1,2551.0,0.8395216022350079
603043,2,30,60,0,11,1,1470.0,0.9438547761262911
603043,2,30,60,0,12,1,4784.0,1.049166945915153
603043,2,30,60,0,13,1,4010.0,2.282669153134175
603043,2,30,60,0,14,1,2269.0,0.9438547761262911
603043,2,30,60,0,15,1,3113.0,1.4495475278989942
603043,2,30,60,0,16,1,1463.0,2.0497635919868884
603043,2,30,60,0,17,1,4024.0,0.9106829136979437
603043,2,30,60,0,18,0,3012.0,
603043,2,30,60,0,19,1,2174.0,1.212602307687784
603043,2,30,60,0,20,1,4468.0,0.6983279638814984
603043,2,30,60,0,21,1,2532.0,1.5022385412154946
603043,2,30,60,0,22,1,2777.0,0.6842385036034978
603043,2,30,60,0,23,1,2014.0,1.4738916792884795
603043,2,30,60,0,24,1,2482.0,1.049166945915153
603043,2,30,60,0,25,1,1835.0,1.2255471578579653
603043,2,30,60,0,26,1,3787.0,0.8368769769563973
603043,2,30,60,0,27,1,4674.0,1.507678112490048
603043,2,30,60,0,28,0,3203.0,
603043,2,30,60,0,29,1,2170.0,1.3377256225205307
603043,2,30,60,0,30,1,4111.0,1.212602307687784
603043,2,30,60,0,31,1,2162.0,1.456228170104345
603043,2,30,60,0,32,1,4260.0,2.282669153134175
603043,2,30,60,0,33,1,3152.0,1.5022385412154946
603043,2,30,60,0,34,1,2836.0,0.9831104267707841
603043,2,30,60,0,35,1,2746.0,1.2255471578579653
603043,2,30,60,0,36,1,3984.0,0.8368769769563973
603043,2,30,60,0,37,0,3940.0,
603043,2,30,60,0,38,1,4342.0,1.2551544600245188
603043,2,30,60,0,39,1,2992.0,1.8128099288710673
603043,2,30,60,0,40,1,1374.0,1.2551544600245188
603043,2,30,60,0,41,1,2695.0,1.4193288924667944
603043,2,30,60,0,42,1,1568.0,1.6243356194255532
603043,2,30,60,0,43,1,2952.0,0.6983279638814984
603043,2,30,60,0,44,1,1418.0,2.0497635919868884
603043,2,30,60,0,45,1,3036.0,1.3377256225205307
603043,2,30,60,0,46,1,4491.0,1.0138702179229344
603043,2,30,60,0,47,1,1620.0,0.9831104267707841
603043,2,30,60,0,48,1,1665.0,1.456228170104345
603043,2,30,60,0,49,1,3059.0,1.7191966142227946
603043,2,30,60,0,50,1,1573.0,1.6243356194255532
603043,2,30,60,0,51,0,2305.0,
603043,2,30,60,0,52,1,2309.0,1.4816495512492418
603043,2,30,60,0,53,1,1969.0,0.9106829136979437
603043,2,30,60,0,54,1,2749.0,1.4816495512492418
603043,2,30,60,0,55,1,1674.0,1.1356825730634805
603043,2,30,60,0,56,1,4077.0,1.4738916792884795
603043,2,30,60,0,57,1,2667.0,1.1356825730634805
603043,2,30,60,0,58,1,4162.0,0.8395216022350079
603043,2,30,60,0,59,1,2461.0,1.0035204122563195
603043,2,30,60,0,60,1,3410.0,0.6842385036034978
603044,3,30,60,0,1,1,1764.0,1.4213066516382085
603044,3,30,60,0,2,1,1313.0,0.8320438938345266
603044,3,30,60,0,3,1,3779.0,1.8993541730736792
603044,3,30,60,0,4,1,1507.0,1.1737773682123638
603044,3,30,60,0,5,1,4388.0,1.9463875433432225
603044,3,30,60,0,6,1,1353.0,2.124550425745739
603044,3,30,60,0,7,1,1700.0,1.0286752468418519
603044,3,30,60,0,8,1,2855.0,0.9323506346669699
603044,3,30,60,0,9,1,1355.0,0.9629212887654968
603044,3,30,60,0,10,1,2739.0,1.4147673222833141
603044,3,30,60,0,11,0,4629.0,
603044,3,30,60,0,12,1,2293.0,1.3174920096130063
603044,3,30,60,0,13,1,4103.0,1.7832495740379515
603044,3,30,60,0,14,1,2901.0,2.183573851956411
603044,3,30,60,0,15,1,2743.0,1.768682411075777
603044,3,30,60,0,16,1,2202.0,1.1135246388858888
603044,3,30,60,0,17,1,4469.0,1.7832495740379515
603044,3,30,60,0,18,1,3217.0,1.4147673222833141
603044,3,30,60,0,19,1,2731.0,1.319223855293046
603044,3,30,60,0,20,1,4271.0,1.4458368578108294
603044,3,30,60,0,21,1,1396.0,1.1135246388858888
603044,3,30,60,0,22,1,1947.0,1.2246495935632602
603044,3,30,60,0,23,1,2676.0,1.61107007851912
603044,3,30,60,0,24,1,3401.0,1.9627482398906897
603044,3,30,60,0,25,1,4158.0,1.1758225579899289
603044,3,30,60,0,26,1,3512.0,1.2706873513841346
603044,3,30,60,0,27,1,3906.0,1.9463875433432225
603044,3,30,60,0,28,1,2048.0,1.9627482398906897
603044,3,30,60,0,29,1,1904.0,2.183573851956411
603044,3,30,60,0,30,1,3947.0,1.319223855293046
603044,3,30,60,0,31,1,1480.0,1.595343025156617
603044,3,30,60,0,32,1,4650.0,1.6724111690105397
603044,3,30,60,0,33,1,1534.0,0.9629212887654968
603044,3,30,60,0,34,1,1395.0,1.7122170265877334
603044,3,30,60,0,35,1,3770.0,1.595343025156617
603044,3,30,60,0,36,1,3438.0,1.2706873513841346
603044,3,30,60,0,37,1,3618.0,1.4458368578108294
603044,3,30,60,0,38,1,2386.0,1.3339709844883016
603044,3,30,60,0,39,1,2570.0,1.6724111690105397
603044,3,30,60,0,40,1,3118.0,1.4863213237345214
603044,3,30,60,0,41,1,3769.0,0.9323506346669699
603044,3,30,60,0,42,1,4333.0,1.61107007851912
603044,3,30,60,0,43,1,3020.0,1.0286752468418519
603044,3,30,60,0,44,1,3037.0,0.8320438938345266
603044,3,30,60,0,45,1,3485.0,1.8993541730736792
603044,3,30,60,0,46,1,3354.0,0.636963775346177
603044,3,30,60,0,47,0,2715.0,
603044,3,30,60,0,48,1,4344.0,1.3174920096130063
603044,3,30,60,0,49,1,2073.0,1.2246495935632602
603044,3,30,60,0,50,0,1200.0,
603044,3,30,60,0,51,0,3759.0,
603044,3,30,60,0,52,1,4669.0,0.636963775346177
603044,3,30,60,0,53,1,2675.0,2.124550425745739
603044,3,30,60,0,54,1,3367.0,1.1737773682123638
603044,3,30,60,0,55,1,2524.0,1.7122170265877334
603044,3,30,60,0,56,1,2244.0,1.768682411075777
603044,3,30,60,0,57,1,3688.0,1.4863213237345214
603044,3,30,60,0,58,1,1788.0,1.4213066516382085
603044,3,30,60,0,59,1,2744.0,1.1758225579899289
603044,3,30,60,0,60,1,4708.0,1.3339709844883016
603045,4,30,60,0,1,1,2474.0,1.0522063720625356
603045,4,30,60,0,2,1,2136.0,1.421652799668713
603045,4,30,60,0,3,1,1213.0,1.8191335477777262
603045,4,30,60,0,4,1,2976.0,1.9435986419563702
603045,4,30,60,0,5,1,3151.0,1.9451340702420616
603045,4,30,60,0,6,0,1944.0,
603045,4,30,60,0,7,1,4248.0,2.5113399942641057
603045,4,30,60,0,8,1,2972.0,1.9400734490987852
603045,4,30,60,0,9,1,3294.0,1.0807002262127035
603045,4,30,60,0,10,1,1737.0,1.9264480037308183
603045,4,30,60,0,11,1,1233.0,1.854855961244698
603045,4,30,60,0,12,1,2233.0,1.341610361365387
603045,4,30,60,0,13,1,4201.0,1.0807002262127035
603045,4,30,60,0,14,1,3527.0,1.4414486052671764
603045,4,30,60,0,15,1,3722.0,2.407306647066218
603045,4,30,60,0,16,1,1359.0,1.7471528310201814
603045,4,30,60,0,17,1,3247.0,1.854855961244698
603045,4,30,60,0,18,1,2392.0,1.1534176993362653
603045,4,30,60,0,19,1,2691.0,1.1259492674764955
603045,4,30,60,0,20,1,3470.0,1.7455727533910956
603045,4,30,60,0,21,0,2947.0,
603045,4,30,60,0,22,1,1660.0,1.5351196916685756
603045,4,30,60,0,23,1,2314.0,1.087902930220587
603045,4,30,60,0,24,1,4023.0,1.341610361365387
603045,4,30,60,0,25,1,3640.0,1.1534176993362653
603045,4,30,60,0,26,1,4589.0,1.923314018216405
603045,4,30,60,0,27,1,4398.0,1.5307454498375892
603045,4,30,60,0,28,1,3512.0,0.823453325575288
603045,4,30,60,0,29,1,3724.0,1.6808553218186433
603045,4,30,60,0,30,1,3681.0,1.9400734490987852
603045,4,30,60,0,31,1,4475.0,1.0522063720625356
603045,4,30,60,0,32,1,4012.0,1.9451340702420616
603045,4,30,60,0,33,1,1979.0,1.9435986419563702
603045,4,30,60,0,34,1,4778.0,0.7938130596478484
603045,4,30,60,0,35,1,2809.0,1.5307454498375892
603045,4,30,60,0,36,1,4048.0,0.9111259710475036
603045,4,30,60,0,37,1,3463.0,1.7455727533910956
603045,4,30,60,0,38,1,2180.0,2.602670389634595
603045,4,30,60,0,39,1,4155.0,1.5015125347021052
603045,4,30,60,0,40,1,2010.0,2.602670389634595
603045,4,30,60,0,41,1,3176.0,0.823453325575288
603045,4,30,60,0,42,1,3380.0,2.407306647066218
603045,4,30,60,0,43,1,3542.0,1.9264480037308183
603045,4,30,60,0,44,1,4800.0,0.7938130596478484
603045,4,30,60,0,45,1,2529.0,1.923314018216405
603045,4,30,60,0,46,1,3010.0,1.421652799668713
603045,4,30,60,0,47,1,2500.0,0.9111259710475036
603045,4,30,60,0,48,1,2510.0,1.8191335477777262
603045,4,30,60,0,49,1,2813.0,2.5113399942641057
603045,4,30,60,0,50,1,1352.0,1.6808553218186433
603045,4,30,60,0,51,1,4666.0,1.4414486052671764
603045,4,30,60,0,52,0,1368.0,
603045,4,30,60,0,53,1,3316.0,1.4564183530046018
603045,4,30,60,0,54,1,4279.0,1.5015125347021052
603045,4,30,60,0,55,0,1413.0,
603045,4,30,60,0,56,1,4231.0,1.087902930220587
603045,4,30,60,0,57,1,2304.0,1.1259492674764955
603045,4,30,60,0,58,1,1466.0,1.4564183530046018
603045,4,30,60,0,59,1,4045.0,1.7471528310201814
603045,4,30,60,0,60,1,4704.0,1.5351196916685756
603046,5,30,60,0,1,1,2278.0,1.4876356010020886
603046,5,30,60,0,2,1,4279.0,6.1923429311120195
603046,5,30,60,0,3,0,2467.0,
603046,5,30,60,0,4,1,2697.0,3.773520772537759
603046,5,30,60,0,5,1,3137.0,1.2903440969659103
603046,5,30,60,0,6,0,1676.0,
603046,5,30,60,0,7,1,3188.0,1.9112868081927412
603046,5,30,60,0,8,1,3764.0,1.665430819591899
603046,5,30,60,0,9,1,1745.0,1.4797298243907988
603046,5,30,60,0,10,1,4146.0,1.0856125831331143
603046,5,30,60,0,11,1,1463.0,1.8374795968598596
603046,5,30,60,0,12,0,2707.0,
603046,5,30,60,0,13,1,4098.0,1.4797298243907988
603046,5,30,60,0,14,1,1568.0,1.8374795968598596
603046,5,30,60,0,15,0,1259.0,
603046,5,30,60,0,16,1,1375.0,2.4015132895295
603046,5,30,60,0,17,1,4726.0,1.421267168031146
603046,5,30,60,0,18,0,3992.0,
603046,5,30,60,0,19,1,4148.0,1.5004790556579486
603046,5,30,60,0,20,1,2916.0,2.4015132895295
603046,5,30,60,0,21,1,2928.0,1.0534943265375625
603046,5,30,60,0,22,1,1207.0,2.9118543003435082
603046,5,30,60,0,23,1,3695.0,1.499027889806606
603046,5,30,60,0,24,0,1599.0,
603046,5,30,60,0,25,0,3146.0,
603046,5,30,60,0,26,0,2130.0,
603046,5,30,60,0,27,0,1818.0,
603046,5,30,60,0,28,1,2461.0,1.3590332784347152
603046,5,30,60,0,29,1,1209.0,6.1923429311120195
603046,5,30,60,0,30,1,2444.0,1.665430819591899
603046,5,30,60,0,31,1,4269.0,1.2903440969659103
603046,5,30,60,0,32,1,3906.0,1.4876356010020886
603046,5,30,60,0,33,1,4090.0,3.773520772537759
603046,5,30,60,0,34,0,4581.0,
603046,5,30,60,0,35,0,1699.0,
603046,5,30,60,0,36,1,2845.0,1.1598861252239332
603046,5,30,60,0,37,0,2323.0,
603046,5,30,60,0,38,1,3135.0,0.9174980284133162
603046,5,30,60,0,39,1,3571.0,1.8155478049875202
603046,5,30,60,0,40,1,4341.0,1.452927364378495
603046,5,30,60,0,41,1,4693.0,1.3590332784347152
603046,5,30,60,0,42,1,4430.0,1.6677751867749937
603046,5,30,60,0,43,1,3898.0,1.4052777740586517
603046,5,30,60,0,44,1,4224.0,1.576892352208195
603046,5,30,60,0,45,1,1401.0,1.421267168031146
603046,5,30,60,0,46,1,2986.0,1.452927364378495
603046,5,30,60,0,47,1,3338.0,1.1598861252239332
603046,5,30,60,0,48,1,4230.0,1.6677751867749937
603046,5,30,60,0,49,1,1696.0,0.9174980284133162
603046,5,30,60,0,50,1,4321.0,1.8155478049875202
603046,5,30,60,0,51,1,2694.0,1.0534943265375625
603046,5,30,60,0,52,1,1904.0,1.2281686356231873
603046,5,30,60,0,53,1,2295.0,1.9112868081927412
603046,5,30,60,0,54,1,3578.0,1.576892352208195
603046,5,30,60,0,55,1,2213.0,1.5004790556579486
603046,5,30,60,0,56,1,2033.0,1.499027889806606
603046,5,30,60,0,57,1,2630.0,1.2281686356231873
603046,5,30,60,0,58,1,3158.0,1.0856125831331143
603046,5,30,60,0,59,1,2754.0,1.4052777740586517
603046,5,30,60,0,60,1,3206.0,2.9118543003435082
603047,6,30,60,0,1,1,4074.0,1.9170968117190454
603047,6,30,60,0,2,1,2189.0,1.8641908316168923
603047,6,30,60,0,3,1,3253.0,1.4159467879094048
603047,6,30,60,0,4,1,1629.0,1.292358974710344
603047,6,30,60,0,5,1,2613.0,2.1604896160578466
603047,6,30,60,0,6,1,4757.0,1.4063939198430457
603047,6,30,60,0,7,1,4502.0,0.9765195794580214
603047,6,30,60,0,8,1,3825.0,1.4371248034343036
603047,6,30,60,0,9,1,1963.0,1.0702043098128586
603047,6,30,60,0,10,1,2856.0,2.156179601177634
603047,6,30,60,0,11,1,2232.0,1.6405906507678938
603047,6,30,60,0,12,1,1846.0,0.709353608131931
603047,6,30,60,0,13,1,2481.0,1.4583122143761746
603047,6,30,60,0,14,1,2411.0,1.5985139527433145
603047,6,30,60,0,15,1,4194.0,1.7453226940473798
603047,6,30,60,0,16,1,3121.0,1.2465825810662137
603047,6,30,60,0,17,1,4084.0,1.4583122143761746
603047,6,30,60,0,18,1,1834.0,0.9765195794580214
603047,6,30,60,0,19,1,1840.0,1.7453226940473798
603047,6,30,60,0,20,1,4390.0,1.243505200564266
603047,6,30,60,0,21,1,4382.0,1.5075716180405376
603047,6,30,60,0,22,1,4567.0,0.917398350665532
603047,6,30,60,0,23,1,1571.0,1.9170968117190454
603047,6,30,60,0,24,1,4052.0,1.5164286079006961
603047,6,30,60,0,25,1,4638.0,1.243505200564266
603047,6,30,60,0,26,1,3983.0,1.314375695154097
603047,6,30,60,0,27,1,3220.0,1.2465825810662137
603047,6,30,60,0,28,1,2691.0,1.5164286079006961
603047,6,30,60,0,29,1,3892.0,1.8583064860749963
603047,6,30,60,0,30,1,4168.0,2.156179601177634
603047,6,30,60,0,31,1,2392.0,1.996379259640287
603047,6,30,60,0,32,1,4756.0,2.1604896160578466
603047,6,30,60,0,33,1,3660.0,1.5075716180405376
603047,6,30,60,0,34,1,1643.0,1.2944816466877083
603047,6,30,60,0,35,1,1799.0,1.996379259640287
603047,6,30,60,0,36,1,3423.0,1.1919180985949256
603047,6,30,60,0,37,1,3486.0,1.314375695154097
603047,6,30,60,0,38,1,3205.0,2.330165589082907
603047,6,30,60,0,39,1,3697.0,1.6405906507678938
603047,6,30,60,0,40,1,4054.0,1.6301928607031937
603047,6,30,60,0,41,1,2916.0,1.1919180985949256
603047,6,30,60,0,42,1,3191.0,1.0420038311308486
603047,6,30,60,0,43,1,2163.0,1.0420038311308486
603047,6,30,60,0,44,1,3085.0,1.5985139527433145
603047,6,30,60,0,45,1,4382.0,1.4159467879094048
603047,6,30,60,0,46,1,2294.0,1.8583064860749963
603047,6,30,60,0,47,1,2729.0,1.4371248034343036
603047,6,30,60,0,48,1,3632.0,0.709353608131931
603047,6,30,60,0,49,1,3714.0,2.330165589082907
603047,6,30,60,0,50,1,3021.0,1.292358974710344
603047,6,30,60,0,51,1,1580.0,1.8641908316168923
603047,6,30,60,0,52,1,1915.0,1.7490744338547648
603047,6,30,60,0,53,1,2775.0,1.4063939198430457
603047,6,30,60,0,54,1,4435.0,1.7490744338547648
603047,6,30,60,0,55,1,2781.0,0.917398350665532
603047,6,30,60,0,56,1,2784.0,3.299324604416065
603047,6,30,60,0,57,1,3193.0,1.6301928607031937
603047,6,30,60,0,58,1,1819.0,3.299324604416065
603047,6,30,60,0,59,1,2707.0,1.0702043098128586
603047,6,30,60,0,60,1,4280.0,1.2944816466877083
603048,7,30,60,0,1,1,2285.0,1.4219625122394732
603048,7,30,60,0,2,1,4327.0,1.2944651541170358
603048,7,30,60,0,3,1,2559.0,1.4863627961848356
603048,7,30,60,0,4,1,1652.0,2.0488883086587286
603048,7,30,60,0,5,1,4016.0,0.8446443545723918
603048,7,30,60,0,6,1,2483.0,1.071820863764992
603048,7,30,60,0,7,1,4027.0,2.065756815772709
603048,7,30,60,0,8,1,2937.0,1.4219625122394732
603048,7,30,60,0,9,1,3468.0,1.4321288015195879
603048,7,30,60,0,10,1,3342.0,1.1317130858959534
603048,7,30,60,0,11,1,4541.0,1.071820863764992
603048,7,30,60,0,12,1,4157.0,2.0488883086587286
603048,7,30,60,0,13,1,4166.0,1.6929074334198786
603048,7,30,60,0,14,1,1374.0,1.380236610758952
603048,7,30,60,0,15,1,2743.0,0.9702481486798843
603048,7,30,60,0,16,1,4028.0,1.1317130858959534
603048,7,30,60,0,17,1,2329.0,1.3851687081400395
603048,7,30,60,0,18,1,2601.0,1.2952279943539873
603048,7,30,60,0,19,1,3761.0,1.8687967610187584
603048,7,30,60,0,20,1,1814.0,1.380236610758952
603048,7,30,60,0,21,1,2891.0,1.7484827575731936
603048,7,30,60,0,22,0,4636.0,
603048,7,30,60,0,23,1,1941.0,1.3851687081400395
603048,7,30,60,0,24,1,1781.0,1.241847978717429
603048,7,30,60,0,25,1,2708.0,1.1258980820151558
603048,7,30,60,0,26,0,1272.0,
603048,7,30,60,0,27,1,2928.0,1.2998325558491304
603048,7,30,60,0,28,1,2478.0,1.6929074334198786
603048,7,30,60,0,29,1,1734.0,1.241847978717429
603048,7,30,60,0,30,1,2967.0,1.3590976592885937
603048,7,30,60,0,31,1,4081.0,0.7511541158661266
603048,7,30,60,0,32,1,4003.0,0.8446443545723918
603048,7,30,60,0,33,1,3524.0,2.200029516988893
603048,7,30,60,0,34,1,3143.0,1.2303756476067236
603048,7,30,60,0,35,1,1605.0,1.2998325558491304
603048,7,30,60,0,36,0,3597.0,
603048,7,30,60,0,37,1,3357.0,1.1258980820151558
603048,7,30,60,0,38,1,1204.0,1.5418635036890083
603048,7,30,60,0,39,1,1319.0,1.7484827575731936
603048,7,30,60,0,40,1,4624.0,1.5418635036890083
603048,7,30,60,0,41,1,1789.0,1.2952279943539873
603048,7,30,60,0,42,1,1913.0,1.2285883894090892
603048,7,30,60,0,43,1,3817.0,1.2944651541170358
603048,7,30,60,0,44,1,1955.0,1.2303756476067236
603048,7,30,60,0,45,1,2693.0,2.200029516988893
603048,7,30,60,0,46,1,4497.0,1.4863627961848356
603048,7,30,60,0,47,1,1782.0,1.3590976592885937
603048,7,30,60,0,48,1,2693.0,1.1971975242861868
603048,7,30,60,0,49,1,2144.0,2.065756815772709
603048,7,30,60,0,50,1,4505.0,1.2285883894090892
603048,7,30,60,0,51,1,4410.0,1.832277718909546
603048,7,30,60,0,52,0,2830.0,
603048,7,30,60,0,53,1,4129.0,1.3501974249549495
603048,7,30,60,0,54,1,3388.0,1.4321288015195879
603048,7,30,60,0,55,1,1661.0,1.832277718909546
603048,7,30,60,0,56,1,3828.0,0.9702481486798843
603048,7,30,60,0,57,1,2818.0,1.8687967610187584
603048,7,30,60,0,58,1,4691.0,1.3501974249549495
603048,7,30,60,0,59,1,4576.0,1.1971975242861868
603048,7,30,60,0,60,1,4692.0,0.7511541158661266
603049,8,30,60,0,1,1,2301.0,1.878398911407881
603049,8,30,60,0,2,1,1456.0,1.102497482878901
603049,8,30,60,0,3,1,2504.0,1.6030396852406774
603049,8,30,60,0,4,1,4308.0,0.8474863251962437
603049,8,30,60,0,5,1,3570.0,1.099994328464406
603049,8,30,60,0,6,1,4407.0,1.3197997540096778
603049,8,30,60,0,7,1,4413.0,3.90588322127463
603049,8,30,60,0,8,1,4682.0,1.7965420913552288
603049,8,30,60,0,9,1,2192.0,1.626713197969543
603049,8,30,60,0,10,1,3014.0,1.4494015330911107
603049,8,30,60,0,11,1,2680.0,1.177120115473027
603049,8,30,60,0,12,1,2628.0,0.9565711417864958
603049,8,30,60,0,13,1,4797.0,1.626713197969543
603049,8,30,60,0,14,1,3034.0,1.3197997540096778
603049,8,30,60,0,15,1,3497.0,1.997925801577451
603049,8,30,60,0,16,1,4063.0,0.8839729450694385
603049,8,30,60,0,17,1,2990.0,1.6038461943926616
603049,8,30,60,0,18,1,3111.0,1.4428900852171522
603049,8,30,60,0,19,1,2593.0,1.0413542719506002
603049,8,30,60,0,20,1,3189.0,1.4672450744057488
603049,8,30,60,0,21,1,3676.0,1.554934856955809
603049,8,30,60,0,22,1,2860.0,2.0005513439007574
603049,8,30,60,0,23,1,3501.0,0.8474863251962437
603049,8,30,60,0,24,1,4094.0,1.7790805291878844
603049,8,30,60,0,25,1,4137.0,1.3565231824529265
603049,8,30,60,0,26,1,3896.0,0.9565711417864958
603049,8,30,60,0,27,1,2506.0,1.3565231824529265
603049,8,30,60,0,28,1,3606.0,2.1871433678172973
603049,8,30,60,0,29,1,3138.0,1.099994328464406
603049,8,30,60,0,30,1,3406.0,1.4672450744057488
603049,8,30,60,0,31,1,1577.0,1.3468167372760864
603049,8,30,60,0,32,1,3069.0,1.177120115473027
603049,8,30,60,0,33,1,2818.0,1.554934856955809
603049,8,30,60,0,34,1,4598.0,1.7965420913552288
603049,8,30,60,0,35,0,1832.0,
603049,8,30,60,0,36,1,4687.0,1.7971404057250853
603049,8,30,60,0,37,1,1312.0,1.997925801577451
603049,8,30,60,0,38,1,3000.0,1.370962372314338
603049,8,30,60,0,39,1,2278.0,1.5322653182976842
603049,8,30,60,0,40,0,4285.0,
603049,8,30,60,0,41,1,3412.0,2.1871433678172973
603049,8,30,60,0,42,1,2969.0,1.878398911407881
603049,8,30,60,0,43,1,4518.0,1.4494015330911107
603049,8,30,60,0,44,1,2298.0,1.2511829801252183
603049,8,30,60,0,45,1,3095.0,1.5322653182976842
603049,8,30,60,0,46,1,1801.0,1.102497482878901
603049,8,30,60,0,47,1,2793.0,0.8839729450694385
603049,8,30,60,0,48,1,4353.0,1.0413542719506002
603049,8,30,60,0,49,1,4083.0,1.3468167372760864
603049,8,30,60,0,50,1,4219.0,1.7790805291878844
603049,8,30,60,0,51,1,1415.0,2.0464582247618344
603049,8,30,60,0,52,1,3232.0,1.4428900852171522
603049,8,30,60,0,53,1,2020.0,1.6038461943926616
603049,8,30,60,0,54,1,4172.0,1.2511829801252183
603049,8,30,60,0,55,1,3155.0,2.0464582247618344
603049,8,30,60,0,56,1,1394.0,3.90588322127463
603049,8,30,60,0,57,1,2897.0,1.370962372314338
603049,8,30,60,0,58,1,4481.0,1.6030396852406774
603049,8,30,60,0,59,1,3220.0,1.7971404057250853
603049,8,30,60,0,60,1,1817.0,2.0005513439007574
603050,9,30,60,0,1,1,3129.0,1.2991394142417425
603050,9,30,60,0,2,1,3698.0,1.2266776415273761
603050,9,30,60,0,3,1,3053.0,1.8204876660080667
603050,9,30,60,0,4,0,1809.0,
603050,9,30,60,0,5,1,2941.0,3.024412785287466
603050,9,30,60,0,6,0,3912.0,
603050,9,30,60,0,7,1,3425.0,1.7152716130695
603050,9,30,60,0,8,1,1736.0,0.8181042520823197
603050,9,30,60,0,9,1,4462.0,1.5610771956328833
603050,9,30,60,0,10,1,3245.0,1.3139683865152596
603050,9,30,60,0,11,1,4413.0,0.8181042520823197
603050,9,30,60,0,12,1,4113.0,1.2663076451849478
603050,9,30,60,0,13,1,4100.0,1.5302596771957395
603050,9,30,60,0,14,1,4384.0,1.1830026579869701
603050,9,30,60,0,15,1,3004.0,1.2625975973842773
603050,9,30,60,0,16,1,4676.0,1.6508717571613178
603050,9,30,60,0,17,1,2500.0,1.6292345665048114
603050,9,30,60,0,18,1,4598.0,1.8967857334830867
603050,9,30,60,0,19,1,1889.0,1.5851165702920706
603050,9,30,60,0,20,1,2281.0,1.179433568074731
603050,9,30,60,0,21,1,2260.0,1.237793413836149
603050,9,30,60,0,22,1,3686.0,1.3139683865152596
603050,9,30,60,0,23,1,2526.0,1.8073734992538448
603050,9,30,60,0,24,1,1908.0,1.5610771956328833
603050,9,30,60,0,25,1,1689.0,1.5302596771957395
603050,9,30,60,0,26,1,2905.0,1.6080212478733096
603050,9,30,60,0,27,1,4677.0,3.024412785287466
603050,9,30,60,0,28,1,3126.0,1.1830026579869701
603050,9,30,60,0,29,1,3341.0,1.2266776415273761
603050,9,30,60,0,30,1,4305.0,1.179433568074731
603050,9,30,60,0,31,1,1455.0,2.4632626365670656
603050,9,30,60,0,32,1,4038.0,1.2991394142417425
603050,9,30,60,0,33,1,1735.0,1.237793413836149
603050,9,30,60,0,34,1,4036.0,1.4703840462786437
603050,9,30,60,0,35,1,1547.0,1.1172304057564493
603050,9,30,60,0,36,1,2174.0,1.6080212478733096
603050,9,30,60,0,37,1,3338.0,2.4632626365670656
603050,9,30,60,0,38,1,3597.0,1.8967857334830867
603050,9,30,60,0,39,1,1549.0,0.882706064640028
603050,9,30,60,0,40,1,3391.0,1.6820289739171521
603050,9,30,60,0,41,1,1215.0,1.2625975973842773
603050,9,30,60,0,42,1,1875.0,1.3497310015378925
603050,9,30,60,0,43,1,2754.0,1.3497310015378925
603050,9,30,60,0,44,1,2849.0,1.8778209833141832
603050,9,30,60,0,45,1,1744.0,1.6292345665048114
603050,9,30,60,0,46,1,2209.0,1.8968813884636653
603050,9,30,60,0,47,1,3885.0,1.4703840462786437
603050,9,30,60,0,48,1,2117.0,1.8968813884636653
603050,9,30,60,0,49,1,3813.0,1.7152716130695
603050,9,30,60,0,50,1,2930.0,1.6820289739171521
603050,9,30,60,0,51,0,2074.0,
603050,9,30,60,0,52,1,3930.0,1.8778209833141832
603050,9,30,60,0,53,0,2033.0,
603050,9,30,60,0,54,1,2782.0,0.882706064640028
603050,9,30,60,0,55,1,4628.0,1.1172304057564493
603050,9,30,60,0,56,1,1647.0,1.8073734992538448
603050,9,30,60,0,57,1,1276.0,1.5851165702920706
603050,9,30,60,0,58,1,3717.0,1.8204876660080667
603050,9,30,60,0,59,1,1453.0,1.6508717571613178
603050,9,30,60,0,60,1,4396.0,1.2663076451849478
603051,10,30,60,0,1,1,3586.0,1.1737736893597237
603051,10,30,60,0,2,1,2440.0,1.5607754540805396
603051,10,30,60,0,3,1,4433.0,1.245613233630999
603051,10,30,60,0,4,1,2441.0,1.2628401521120516
603051,10,30,60,0,5,1,3094.0,1.7089984289421825
603051,10,30,60,0,6,1,1471.0,0.6315356674380839
603051,10,30,60,0,7,1,3798.0,1.683865459651301
603051,10,30,60,0,8,1,2151.0,0.9510328972230223
603051,10,30,60,0,9,1,1339.0,0.8494808845660219
603051,10,30,60,0,10,0,4584.0,
603051,10,30,60,0,11,1,4144.0,1.4455527732169118
603051,10,30,60,0,12,1,2254.0,2.286138409412717
603051,10,30,60,0,13,1,1870.0,1.0433781990042905
603051,10,30,60,0,14,1,4794.0,1.2952929484005036
603051,10,30,60,0,15,1,2042.0,1.5279340550139318
603051,10,30,60,0,16,1,4227.0,1.4473847232668073
603051,10,30,60,0,17,1,4701.0,0.9915711723710496
603051,10,30,60,0,18,1,4047.0,0.9915711723710496
603051,10,30,60,0,19,1,3370.0,0.6940755952944009
603051,10,30,60,0,20,1,3634.0,2.035228802554295
603051,10,30,60,0,21,1,3988.0,2.035228802554295
603051,10,30,60,0,22,1,2544.0,0.980093816192761
603051,10,30,60,0,23,1,4221.0,1.2628401521120516
603051,10,30,60,0,24,1,4280.0,0.8494808845660219
603051,10,30,60,0,25,0,1344.0,
603051,10,30,60,0,26,1,2399.0,3.022046695686585
603051,10,30,60,0,27,1,1651.0,1.5607754540805396
603051,10,30,60,0,28,1,4516.0,1.0433781990042905
603051,10,30,60,0,29,1,4427.0,1.5601981010359909
603051,10,30,60,0,30,1,3470.0,0.9510328972230223
603051,10,30,60,0,31,0,2167.0,
603051,10,30,60,0,32,1,2477.0,1.1737736893597237
603051,10,30,60,0,33,1,3072.0,0.6940755952944009
603051,10,30,60,0,34,1,2359.0,1.886870172916673
603051,10,30,60,0,35,0,4784.0,
603051,10,30,60,0,36,1,3188.0,0.6315356674380839
603051,10,30,60,0,37,1,2971.0,1.147857477098483
603051,10,30,60,0,38,1,4400.0,1.5601981010359909
603051,10,30,60,0,39,1,1884.0,2.4725788784802822
603051,10,30,60,0,40,1,4432.0,1.2098525726523113
603051,10,30,60,0,41,1,3523.0,1.147857477098483
603051,10,30,60,0,42,1,2124.0,1.2293653358456256
603051,10,30,60,0,43,1,2468.0,0.980093816192761
603051,10,30,60,0,44,1,4188.0,1.2323353054236315
603051,10,30,60,0,45,1,2515.0,3.022046695686585
603051,10,30,60,0,46,1,1656.0,1.245613233630999
603051,10,30,60,0,47,1,4370.0,1.886870172916673
603051,10,30,60,0,48,1,4326.0,1.4455527732169118
603051,10,30,60,0,49,1,1710.0,1.2293653358456256
603051,10,30,60,0,50,1,4762.0,2.4725788784802822
603051,10,30,60,0,51,1,1876.0,1.2952929484005036
603051,10,30,60,0,52,0,1556.0,
603051,10,30,60,0,53,1,3429.0,1.2098525726523113
603051,10,30,60,0,54,1,2659.0,1.5279340550139318
603051,10,30,60,0,55,1,1932.0,1.7089984289421825
603051,10,30,60,0,56,1,3650.0,1.683865459651301
603051,10,30,60,0,57,1,3578.0,1.2323353054236315
603051,10,30,60,0,58,0,1216.0,
603051,10,30,60,0,59,1,3374.0,1.4473847232668073
603051,10,30,60,0,60,1,4277.0,2.286138409412717
404042,1,40,40,0,1,1,4479.0,1.7322559374013324
404042,1,40,40,0,2,1,3080.0,0.9039704268801433
404042,1,40,40,0,3,0,1836.0,
404042,1,40,40,0,4,1,1944.0,1.7322559374013324
404042,1,40,40,0,5,1,2639.0,1.565322063581955
404042,1,40,40,0,6,1,2306.0,1.3782992670665857
404042,1,40,40,0,7,1,3509.0,1.7165501374250485
404042,1,40,40,0,8,1,1578.0,1.565081092487903
404042,1,40,40,0,9,1,3996.0,0.8764934712032151
404042,1,40,40,0,10,1,2825.0,0.8173334028339334
404042,1,40,40,0,11,1,4373.0,1.4880236595912677
404042,1,40,40,0,12,1,4448.0,2.3207853018628297
404042,1,40,40,0,13,1,2477.0,1.686149443182044
404042,1,40,40,0,14,1,1747.0,1.2599794101531556
404042,1,40,40,0,15,1,4476.0,2.3207853018628297
404042,1,40,40,0,16,1,4173.0,1.7165501374250485
404042,1,40,40,0,17,1,1625.0,0.6299470147010461
404042,1,40,40,0,18,1,1907.0,1.470692203687345
404042,1,40,40,0,19,1,1700.0,2.6243631540454437
404042,1,40,40,0,20,1,2650.0,1.380620062449878
404042,1,40,40,0,21,1,4570.0,1.2496670119875681
404042,1,40,40,0,22,1,2081.0,0.8173334028339334
404042,1,40,40,0,23,1,2545.0,0.6299470147010461
404042,1,40,40,0,24,1,4306.0,1.7284587442345516
404042,1,40,40,0,25,1,2182.0,1.2496670119875681
404042,1,40,40,0,26,1,2554.0,1.2599794101531556
404042,1,40,40,0,27,1,4662.0,1.565322063581955
404042,1,40,40,0,28,1,1629.0,1.686149443182044
404042,1,40,40,0,29,1,3849.0,0.9039704268801433
404042,1,40,40,0,30,1,4246.0,1.380620062449878
404042,1,40,40,0,31,1,3095.0,0.878117655782377
404042,1,40,40,0,32,1,4595.0,1.4880236595912677
404042,1,40,40,0,33,1,3699.0,2.6243631540454437
404042,1,40,40,0,34,1,3865.0,1.3782992670665857
404042,1,40,40,0,35,1,3699.0,0.8764934712032151
404042,1,40,40,0,36,1,2720.0,1.565081092487903
404042,1,40,40,0,37,1,4657.0,0.878117655782377
404042,1,40,40,0,38,1,1544.0,1.470692203687345
404042,1,40,40,0,39,0,3097.0,
404042,1,40,40,0,40,1,3147.0,1.7284587442345516
404043,2,40,40,0,1,1,4177.0,1.697063835511462
404043,2,40,40,0,2,1,4214.0,1.0128277182919205
404043,2,40,40,0,3,1,2041.0,1.0128277182919205
404043,2,40,40,0,4,1,1247.0,1.4038688716494903
404043,2,40,40,0,5,1,1844.0,3.955257550028302
404043,2,40,40,0,6,1,2243.0,1.2808404931917816
404043,2,40,40,0,7,1,4545.0,1.3819876487716054
404043,2,40,40,0,8,1,4742.0,1.697063835511462
404043,2,40,40,0,9,1,4668.0,2.053169407774487
404043,2,40,40,0,10,1,3389.0,1.213664789773271
404043,2,40,40,0,11,1,1901.0,1.4038688716494903
404043,2,40,40,0,12,1,3989.0,2.053169407774487
404043,2,40,40,0,13,1,3269.0,1.430820959160254
404043,2,40,40,0,14,0,4581.0,
404043,2,40,40,0,15,1,3640.0,1.1262683401698736
404043,2,40,40,0,16,1,4786.0,1.1392146383515473
404043,2,40,40,0,17,1,3388.0,1.931950082455918
404043,2,40,40,0,18,1,1799.0,1.1262683401698736
404043,2,40,40,0,19,1,2724.0,1.1392146383515473
404043,2,40,40,0,20,1,2929.0,1.39294394981654
404043,2,40,40,0,21,1,1620.0,1.4790967150659817
404043,2,40,40,0,22,1,4534.0,1.213664789773271
404043,2,40,40,0,23,1,2920.0,1.931950082455918
404043,2,40,40,0,24,1,1464.0,1.7001054229848627
404043,2,40,40,0,25,1,4721.0,1.7199864343129163
404043,2,40,40,0,26,1,1511.0,1.6574763980164722
404043,2,40,40,0,27,1,4363.0,1.3819876487716054
404043,2,40,40,0,28,1,4344.0,1.2808404931917816
404043,2,40,40,0,29,1,4472.0,1.7001054229848627
404043,2,40,40,0,30,1,2973.0,1.39294394981654
404043,2,40,40,0,31,1,2915.0,3.0852899529523876
404043,2,40,40,0,32,1,2998.0,3.955257550028302
404043,2,40,40,0,33,1,3840.0,1.4790967150659817
404043,2,40,40,0,34,1,3346.0,1.7199864343129163
404043,2,40,40,0,35,1,2384.0,1.430820959160254
404043,2,40,40,0,36,1,4113.0,1.6574763980164722
404043,2,40,40,0,37,1,2707.0,1.439559343226085
404043,2,40,40,0,38,0,4575.0,
404043,2,40,40,0,39,1,1497.0,3.0852899529523876
404043,2,40,40,0,40,1,4348.0,1.439559343226085
404044,3,40,40,0,1,1,3247.0,1.0293596100194087
404044,3,40,40,0,2,1,4173.0,1.6799877240165078
404044,3,40,40,0,3,1,3338.0,1.3174757804353892
404044,3,40,40,0,4,1,2273.0,0.8171791759662062
404044,3,40,40,0,5,1,1923.0,3.2201739698427745
404044,3,40,40,0,6,1,1849.0,1.260463226556295
404044,3,40,40,0,7,1,4224.0,0.9005509413244291
404044,3,40,40,0,8,1,1575.0,1.0293596100194087
404044,3,40,40,0,9,1,4093.0,1.1125424533030082
404044,3,40,40,0,10,1,2084.0,1.1125424533030082
404044,3,40,40,0,11,1,4792.0,1.2714905523975082
404044,3,40,40,0,12,1,2659.0,1.1138142737504308
404044,3,40,40,0,13,0,3694.0,
404044,3,40,40,0,14,1,4110.0,1.260463226556295
404044,3,40,40,0,15,1,1213.0,0.8171791759662062
404044,3,40,40,0,16,1,2262.0,1.4538609171238237
404044,3,40,40,0,17,1,1286.0,1.2941901975821164
404044,3,40,40,0,18,1,4680.0,1.6799877240165078
404044,3,40,40,0,19,1,3381.0,1.4538609171238237
404044,3,40,40,0,20,1,3310.0,1.1743922647273695
404044,3,40,40,0,21,1,2754.0,1.318281622551535
404044,3,40,40,0,22,1,1892.0,1.1138142737504308
404044,3,40,40,0,23,1,3735.0,1.2941901975821164
404044,3,40,40,0,24,1,1635.0,2.0214350971604196
404044,3,40,40,0,25,0,2146.0,
404044,3,40,40,0,26,1,3979.0,1.6436879046975366
404044,3,40,40,0,27,1,4681.0,1.2084724160514364
404044,3,40,40,0,28,1,3172.0,1.3174757804353892
404044,3,40,40,0,29,1,3955.0,0.8661066409018436
404044,3,40,40,0,30,1,3746.0,1.2714905523975082
404044,3,40,40,0,31,1,2700.0,1.073985827141225
404044,3,40,40,0,32,1,1364.0,3.2201739698427745
404044,3,40,40,0,33,1,1492.0,1.318281622551535
404044,3,40,40,0,34,1,2023.0,0.8661066409018436
404044,3,40,40,0,35,1,4362.0,1.6436879046975366
404044,3,40,40,0,36,1,1998.0,1.1743922647273695
404044,3,40,40,0,37,1,4521.0,1.073985827141225
404044,3,40,40,0,38,1,4240.0,0.9005509413244291
404044,3,40,40,0,39,1,4430.0,1.2084724160514364
404044,3,40,40,0,40,1,2726.0,2.0214350971604196
404045,4,40,40,0,1,1,3238.0,1.5784028166812571
404045,4,40,40,0,2,1,4166.0,1.7178299161575639
404045,4,40,40,0,3,1,4122.0,1.601230095627754
404045,4,40,40,0,4,1,4147.0,1.0293951568086113
404045,4,40,40,0,5,1,4465.0,1.5197033941064113
404045,4,40,40,0,6,1,3129.0,1.9565084546137863
404045,4,40,40,0,7,1,1364.0,1.9922475056122022
404045,4,40,40,0,8,1,1722.0,1.280804209782304
404045,4,40,40,0,9,1,3618.0,0.9232840310765389
404045,4,40,40,0,10,1,4794.0,1.227644087625169
404045,4,40,40,0,11,1,2229.0,1.0293951568086113
404045,4,40,40,0,12,1,3281.0,1.9922475056122022
404045,4,40,40,0,13,1,3493.0,3.3165811158814886
404045,4,40,40,0,14,0,4749.0,
404045,4,40,40,0,15,1,4268.0,0.9232840310765389
404045,4,40,40,0,16,1,3710.0,1.280804209782304
404045,4,40,40,0,17,1,4030.0,1.090592181331935
404045,4,40,40,0,18,1,2492.0,1.5784028166812571
404045,4,40,40,0,19,1,1442.0,1.7414577857020856
404045,4,40,40,0,20,1,2492.0,1.376582752295159
404045,4,40,40,0,21,1,3833.0,1.6357827266348954
404045,4,40,40,0,22,1,1311.0,1.227644087625169
404045,4,40,40,0,23,1,3626.0,1.7414577857020856
404045,4,40,40,0,24,1,1336.0,1.1763375458109322
404045,4,40,40,0,25,1,3283.0,1.1763375458109322
404045,4,40,40,0,26,1,2010.0,0.9346638172961454
404045,4,40,40,0,27,0,2703.0,
404045,4,40,40,0,28,1,4443.0,1.601230095627754
404045,4,40,40,0,29,1,2362.0,1.7178299161575639
404045,4,40,40,0,30,1,1898.0,1.334265310696136
404045,4,40,40,0,31,1,3224.0,1.334265310696136
404045,4,40,40,0,32,1,4719.0,3.3165811158814886
404045,4,40,40,0,33,1,4337.0,1.6357827266348954
404045,4,40,40,0,34,1,4431.0,1.090592181331935
404045,4,40,40,0,35,1,4478.0,1.5197033941064113
404045,4,40,40,0,36,1,1260.0,0.9346638172961454
404045,4,40,40,0,37,1,1532.0,1.9565084546137863
404045,4,40,40,0,38,1,2237.0,1.0307102200055542
404045,4,40,40,0,39,1,1477.0,1.376582752295159
404045,4,40,40,0,40,1,4062.0,1.0307102200055542
404046,5,40,40,0,1,1,2764.0,1.4096192503766238
404046,5,40,40,0,2,1,4000.0,2.375218341944862
404046,5,40,40,0,3,1,1992.0,2.680390855812609
404046,5,40,40,0,4,1,1613.0,1.4096192503766238
404046,5,40,40,0,5,1,4524.0,1.7187058702808176
404046,5,40,40,0,6,1,1825.0,1.3393458371520597
404046,5,40,40,0,7,1,3210.0,1.2066483459546167
404046,5,40,40,0,8,1,4674.0,1.8537493834649554
404046,5,40,40,0,9,0,4033.0,
404046,5,40,40,0,10,1,4566.0,1.1642084859631743
404046,5,40,40,0,11,1,4636.0,1.1811591646544626
404046,5,40,40,0,12,1,4599.0,1.2066483459546167
404046,5,40,40,0,13,1,3893.0,1.5564865779731858
404046,5,40,40,0,14,1,3477.0,1.3393458371520597
404046,5,40,40,0,15,0,1369.0,
404046,5,40,40,0,16,1,4473.0,2.090422255680262
404046,5,40,40,0,17,1,3282.0,1.3233051740600543
404046,5,40,40,0,18,1,1397.0,0.9828459008968629
404046,5,40,40,0,19,1,2808.0,2.090422255680262
404046,5,40,40,0,20,1,1636.0,1.54063609424914
404046,5,40,40,0,21,1,4267.0,1.4429001084048643
404046,5,40,40,0,22,1,2784.0,1.1642084859631743
404046,5,40,40,0,23,1,1568.0,1.3233051740600543
404046,5,40,40,0,24,1,1205.0,1.8302608295760143
404046,5,40,40,0,25,1,3446.0,2.680390855812609
404046,5,40,40,0,26,1,3664.0,1.0117591612656993
404046,5,40,40,0,27,1,2324.0,2.074181116429699
404046,5,40,40,0,28,1,4335.0,1.5564865779731858
404046,5,40,40,0,29,1,1808.0,1.8302608295760143
404046,5,40,40,0,30,1,2860.0,1.54063609424914
404046,5,40,40,0,31,1,2535.0,1.1811591646544626
404046,5,40,40,0,32,1,2722.0,1.7187058702808176
404046,5,40,40,0,33,1,3330.0,1.4429001084048643
404046,5,40,40,0,34,1,1482.0,1.8537493834649554
404046,5,40,40,0,35,1,1954.0,1.0117591612656993
404046,5,40,40,0,36,1,3889.0,2.375218341944862
404046,5,40,40,0,37,1,3085.0,1.1584557876865433
404046,5,40,40,0,38,1,3330.0,0.9828459008968629
404046,5,40,40,0,39,1,2684.0,2.074181116429699
404046,5,40,40,0,40,1,3699.0,1.1584557876865433
404047,6,40,40,0,1,1,2192.0,1.9210697933198342
404047,6,40,40,0,2,1,3324.0,1.3151017616116647
404047,6,40,40,0,3,1,4787.0,1.214978948119603
404047,6,40,40,0,4,1,1745.0,4.658007012396918
404047,6,40,40,0,5,1,4568.0,1.6207973801055044
404047,6,40,40,0,6,1,2766.0,1.6452592224148068
404047,6,40,40,0,7,1,3458.0,0.9613391367587871
404047,6,40,40,0,8,1,2405.0,1.9210697933198342
404047,6,40,40,0,9,1,3800.0,2.11416599188079
404047,6,40,40,0,10,1,1761.0,1.2658518258599074
404047,6,40,40,0,11,1,4651.0,0.9092971876537365
404047,6,40,40,0,12,1,3624.0,1.3791422176836914
404047,6,40,40,0,13,1,4174.0,0.6625581917395528
404047,6,40,40,0,14,1,4739.0,0.9092971876537365
404047,6,40,40,0,15,1,2016.0,1.7902804960131542
404047,6,40,40,0,16,1,4255.0,1.637799238536829
404047,6,40,40,0,17,1,2672.0,0.6625581917395528
404047,6,40,40,0,18,1,1969.0,1.637799238536829
404047,6,40,40,0,19,1,1554.0,1.5143721922329865
404047,6,40,40,0,20,1,4135.0,1.377898214101373
404047,6,40,40,0,21,1,4462.0,1.7902804960131542
404047,6,40,40,0,22,1,3022.0,1.2658518258599074
404047,6,40,40,0,23,1,3170.0,4.658007012396918
404047,6,40,40,0,24,1,1846.0,1.3791422176836914
404047,6,40,40,0,25,1,2032.0,2.5445738799144126
404047,6,40,40,0,26,1,4081.0,0.9613391367587871
404047,6,40,40,0,27,1,4233.0,0.9647384531133548
404047,6,40,40,0,28,0,3846.0,
404047,6,40,40,0,29,1,2076.0,1.3151017616116647
404047,6,40,40,0,30,1,2907.0,1.5143721922329865
404047,6,40,40,0,31,1,2989.0,0.7688775670382623
404047,6,40,40,0,32,1,2087.0,1.6207973801055044
404047,6,40,40,0,33,1,1582.0,2.11416599188079
404047,6,40,40,0,34,1,4060.0,1.6452592224148068
404047,6,40,40,0,35,1,3653.0,2.5445738799144126
404047,6,40,40,0,36,0,3609.0,
404047,6,40,40,0,37,1,1802.0,0.7688775670382623
404047,6,40,40,0,38,1,2979.0,0.9647384531133548
404047,6,40,40,0,39,1,3350.0,1.377898214101373
404047,6,40,40,0,40,1,1876.0,1.214978948119603
404048,7,40,40,0,1,1,3327.0,0.9032781243698289
404048,7,40,40,0,2,1,1725.0,1.310770576209948
404048,7,40,40,0,3,1,2244.0,1.1667828010925554
404048,7,40,40,0,4,1,2708.0,1.2231597930013587
404048,7,40,40,0,5,1,1705.0,0.7796349986918472
404048,7,40,40,0,6,1,4039.0,1.5425196556224163
404048,7,40,40,0,7,1,2366.0,1.4913221031138333
404048,7,40,40,0,8,1,3534.0,0.9032781243698289
404048,7,40,40,0,9,1,2006.0,1.3008731767968562
404048,7,40,40,0,10,1,4200.0,1.4739611860641406
404048,7,40,40,0,11,1,4492.0,1.3547662044249074
404048,7,40,40,0,12,1,3975.0,1.3010010073709788
404048,7,40,40,0,13,1,1825.0,1.8815583193698013
404048,7,40,40,0,14,1,4682.0,1.5425196556224163
404048,7,40,40,0,15,1,3859.0,1.3008731767968562
404048,7,40,40,0,16,1,3103.0,1.3547662044249074
404048,7,40,40,0,17,1,1391.0,1.4739611860641406
404048,7,40,40,0,18,1,2495.0,1.310770576209948
404048,7,40,40,0,19,1,2740.0,1.7072934131023247
404048,7,40,40,0,20,1,2927.0,1.5333507144615304
404048,7,40,40,0,21,1,1498.0,1.7072934131023247
404048,7,40,40,0,22,1,3820.0,2.1510122876875157
404048,7,40,40,0,23,1,2026.0,1.1801244779786466
404048,7,40,40,0,24,1,3184.0,1.49241105916804
404048,7,40,40,0,25,1,4417.0,1.4913221031138333
404048,7,40,40,0,26,1,1781.0,2.509339084442622
404048,7,40,40,0,27,0,1978.0,
404048,7,40,40,0,28,1,2082.0,1.1667828010925554
404048,7,40,40,0,29,1,3101.0,1.49241105916804
404048,7,40,40,0,30,1,2438.0,1.5333507144615304
404048,7,40,40,0,31,1,1769.0,1.1275370742880313
404048,7,40,40,0,32,1,2624.0,0.7796349986918472
404048,7,40,40,0,33,1,1784.0,1.2231597930013587
404048,7,40,40,0,34,1,4798.0,1.3010010073709788
404048,7,40,40,0,35,1,3242.0,1.1275370742880313
404048,7,40,40,0,36,1,4414.0,2.509339084442622
404048,7,40,40,0,37,1,2035.0,2.1510122876875157
404048,7,40,40,0,38,1,1893.0,1.8815583193698013
404048,7,40,40,0,39,0,2454.0,
404048,7,40,40,0,40,1,3087.0,1.1801244779786466
404049,8,40,40,0,1,1,1304.0,1.4431613121802098
404049,8,40,40,0,2,1,4471.0,1.6067111204740927
404049,8,40,40,0,3,1,2986.0,1.4545181114368388
404049,8,40,40,0,4,1,4000.0,1.0782677406518255
404049,8,40,40,0,5,1,1276.0,1.6737063872461653
404049,8,40,40,0,6,1,4207.0,1.8233623595186845
404049,8,40,40,0,7,1,3435.0,1.4093269027661512
404049,8,40,40,0,8,1,3323.0,0.8216070268686876
404049,8,40,40,0,9,1,4366.0,1.434316710397307
404049,8,40,40,0,10,1,1453.0,1.0428650580623615
404049,8,40,40,0,11,1,3082.0,1.0782677406518255
404049,8,40,40,0,12,1,1368.0,1.434316710397307
404049,8,40,40,0,13,1,3475.0,1.0938589281485331
404049,8,40,40,0,14,1,2277.0,1.8233623595186845
404049,8,40,40,0,15,1,2447.0,1.6067111204740927
404049,8,40,40,0,16,0,3931.0,
404049,8,40,40,0,17,1,2437.0,1.4663283973010137
404049,8,40,40,0,18,1,1811.0,3.1497358890132228
404049,8,40,40,0,19,1,2885.0,1.174595705002152
404049,8,40,40,0,20,1,4582.0,1.052328595446008
404049,8,40,40,0,21,1,1552.0,1.6439264132138522
404049,8,40,40,0,22,1,2026.0,1.0428650580623615
404049,8,40,40,0,23,1,3404.0,1.4663283973010137
404049,8,40,40,0,24,1,4594.0,1.0256893686537951
404049,8,40,40,0,25,1,4592.0,0.678715880844701
404049,8,40,40,0,26,1,4054.0,1.4093269027661512
404049,8,40,40,0,27,1,1768.0,1.6159666408850923
404049,8,40,40,0,28,1,3673.0,1.0938589281485331
404049,8,40,40,0,29,1,1948.0,1.0256893686537951
404049,8,40,40,0,30,1,4319.0,1.174595705002152
404049,8,40,40,0,31,0,1323.0,
404049,8,40,40,0,32,1,4738.0,1.4431613121802098
404049,8,40,40,0,33,1,4136.0,1.6439264132138522
404049,8,40,40,0,34,1,3561.0,0.8216070268686876
404049,8,40,40,0,35,1,4286.0,0.678715880844701
404049,8,40,40,0,36,1,1833.0,1.6159666408850923
404049,8,40,40,0,37,1,4643.0,1.052328595446008
404049,8,40,40,0,38,1,4602.0,3.1497358890132228
404049,8,40,40,0,39,1,1380.0,1.6737063872461653
404049,8,40,40,0,40,1,1325.0,1.4545181114368388
404050,9,40,40,0,1,1,4075.0,1.6171676960069759
404050,9,40,40,0,2,1,4018.0,1.3459719000516808
404050,9,40,40,0,3,0,2336.0,
404050,9,40,40,0,4,1,1995.0,1.360568576972068
404050,9,40,40,0,5,1,4291.0,1.264626342745818
404050,9,40,40,0,6,1,4045.0,1.7255728360983236
404050,9,40,40,0,7,1,4255.0,1.8451164604804153
404050,9,40,40,0,8,1,4243.0,1.3390507361344814
404050,9,40,40,0,9,1,4141.0,1.082346078560584
404050,9,40,40,0,10,1,3645.0,1.3390507361344814
404050,9,40,40,0,11,1,4527.0,1.360568576972068
404050,9,40,40,0,12,1,2425.0,1.100571308837803
404050,9,40,40,0,13,1,2976.0,1.082346078560584
404050,9,40,40,0,14,1,3480.0,1.088778570972712
404050,9,40,40,0,15,1,2151.0,1.6545054172732023
404050,9,40,40,0,16,1,1821.0,1.619567741975983
404050,9,40,40,0,17,1,4791.0,2.14741013122851
404050,9,40,40,0,18,1,2601.0,1.7009573006497862
404050,9,40,40,0,19,1,4800.0,0.7620187527792939
404050,9,40,40,0,20,1,2270.0,0.8319012583845792
404050,9,40,40,0,21,1,2826.0,1.6545054172732023
404050,9,40,40,0,22,0,3159.0,
404050,9,40,40,0,23,1,3926.0,2.14741013122851
404050,9,40,40,0,24,1,2258.0,1.3515987980138142
404050,9,40,40,0,25,1,2908.0,1.8451164604804153
404050,9,40,40,0,26,1,2851.0,1.4948118950332197
404050,9,40,40,0,27,1,3922.0,1.3227219370902152
404050,9,40,40,0,28,1,4372.0,1.100571308837803
404050,9,40,40,0,29,1,1311.0,1.3459719000516808
404050,9,40,40,0,30,1,4545.0,1.088778570972712
404050,9,40,40,0,31,1,2635.0,1.619567741975983
404050,9,40,40,0,32,1,2607.0,1.6171676960069759
404050,9,40,40,0,33,1,3176.0,0.7620187527792939
404050,9,40,40,0,34,1,2201.0,1.3227219370902152
404050,9,40,40,0,35,1,3006.0,1.264626342745818
404050,9,40,40,0,36,1,4567.0,1.7255728360983236
404050,9,40,40,0,37,1,4409.0,1.4948118950332197
404050,9,40,40,0,38,1,4162.0,1.7009573006497862
404050,9,40,40,0,39,1,2829.0,0.8319012583845792
404050,9,40,40,0,40,1,3806.0,1.3515987980138142
404051,10,40,40,0,1,1,3122.0,1.259810208560799
404051,10,40,40,0,2,1,1649.0,1.40229996034995
404051,10,40,40,0,3,1,3958.0,1.4228326788110008
404051,10,40,40,0,4,1,3105.0,0.8152635207398395
404051,10,40,40,0,5,1,2923.0,0.8258736229175331
404051,10,40,40,0,6,1,3506.0,1.1177615759123054
404051,10,40,40,0,7,1,2931.0,1.109973236695615
404051,10,40,40,0,8,1,2128.0,1.259810208560799
404051,10,40,40,0,9,1,1962.0,1.5237574734748875
404051,10,40,40,0,10,1,4144.0,1.2849932574388434
404051,10,40,40,0,11,1,3995.0,1.2516891891891893
404051,10,40,40,0,12,0,3690.0,
404051,10,40,40,0,13,1,1936.0,1.5237574734748875
404051,10,40,40,0,14,1,1362.0,1.1177615759123054
404051,10,40,40,0,15,1,1561.0,0.8152635207398395
404051,10,40,40,0,16,1,1355.0,1.109973236695615
404051,10,40,40,0,17,1,1201.0,1.5725852041521764
404051,10,40,40,0,18,1,4246.0,1.9911594092071054
404051,10,40,40,0,19,1,4382.0,2.288413350387088
404051,10,40,40,0,20,1,2179.0,1.4295252982410975
404051,10,40,40,0,21,0,4234.0,
404051,10,40,40,0,22,1,4491.0,1.2849932574388434
404051,10,40,40,0,23,1,4118.0,1.5725852041521764
404051,10,40,40,0,24,1,3185.0,1.0077285282296586
404051,10,40,40,0,25,1,3142.0,1.8102889074900281
404051,10,40,40,0,26,1,4208.0,1.165892854173468
404051,10,40,40,0,27,1,2769.0,1.5013606293849877
404051,10,40,40,0,28,1,1207.0,1.4228326788110008
404051,10,40,40,0,29,1,2681.0,1.40229996034995
404051,10,40,40,0,30,1,1869.0,1.8814046329037093
404051,10,40,40,0,31,1,2508.0,1.2516891891891893
404051,10,40,40,0,32,1,3280.0,0.8258736229175331
404051,10,40,40,0,33,1,3195.0,2.288413350387088
404051,10,40,40,0,34,1,4318.0,1.8814046329037093
404051,10,40,40,0,35,1,2770.0,1.8102889074900281
404051,10,40,40,0,36,1,4687.0,1.165892854173468
404051,10,40,40,0,37,1,2251.0,1.5013606293849877
404051,10,40,40,0,38,1,2418.0,1.9911594092071054
404051,10,40,40,0,39,1,4637.0,1.4295252982410975
404051,10,40,40,0,40,1,2161.0,1.0077285282296586
505042,1,50,50,0,1,1,1263.0,1.3109685204302917
505042,1,50,50,0,2,1,2905.0,1.7313100207187142
505042,1,50,50,0,3,1,1762.0,1.1563442889126145
505042,1,50,50,0,4,1,2761.0,1.3109685204302917
505042,1,50,50,0,5,1,1384.0,1.6250180202865168
505042,1,50,50,0,6,1,4191.0,1.1136061808176423
505042,1,50,50,0,7,1,3830.0,1.277804749438434
505042,1,50,50,0,8,1,4377.0,1.6707282436979145
505042,1,50,50,0,9,1,4022.0,1.5576865767675603
505042,1,50,50,0,10,1,2363.0,1.7446249364613604
505042,1,50,50,0,11,1,2097.0,1.1136061808176423
505042,1,50,50,0,12,1,1967.0,1.1430989351748029
505042,1,50,50,0,13,1,4681.0,1.5576865767675603
505042,1,50,50,0,14,1,2747.0,1.0297345231229476
505042,1,50,50,0,15,1,3309.0,1.8940087167733666
505042,1,50,50,0,16,1,4478.0,1.6250180202865168
505042,1,50,50,0,17,1,3083.0,1.8940087167733666
505042,1,50,50,0,18,1,4013.0,1.6086857108262196
505042,1,50,50,0,19,1,3169.0,1.298103519101739
505042,1,50,50,0,20,1,2329.0,1.2990109808022712
505042,1,50,50,0,21,1,3131.0,1.0297345231229476
505042,1,50,50,0,22,1,2218.0,1.377111598034752
505042,1,50,50,0,23,1,4445.0,1.265212272435986
505042,1,50,50,0,24,1,3815.0,1.1430989351748029
505042,1,50,50,0,25,1,4162.0,1.5499443113681095
505042,1,50,50,0,26,1,1709.0,1.226767070154488
505042,1,50,50,0,27,1,1689.0,1.5499443113681095
505042,1,50,50,0,28,1,1723.0,1.1563442889126145
505042,1,50,50,0,29,1,1235.0,1.265212272435986
505042,1,50,50,0,30,1,1912.0,1.6707282436979145
505042,1,50,50,0,31,0,4509.0,
505042,1,50,50,0,32,1,2348.0,1.2986545017774163
505042,1,50,50,0,33,1,2376.0,1.4043399762122755
505042,1,50,50,0,34,1,2557.0,1.687249219329302
505042,1,50,50,0,35,1,4202.0,1.226767070154488
505042,1,50,50,0,36,1,3610.0,1.2990109808022712
505042,1,50,50,0,37,0,4592.0,
505042,1,50,50,0,38,1,2656.0,1.6086857108262196
505042,1,50,50,0,39,1,2277.0,0.8210278553544305
505042,1,50,50,0,40,1,3815.0,1.377111598034752
505042,1,50,50,0,41,1,1980.0,0.8210278553544305
505042,1,50,50,0,42,1,2419.0,1.2567143035160324
505042,1,50,50,0,43,1,2126.0,1.7313100207187142
505042,1,50,50,0,44,1,2682.0,1.7446249364613604
505042,1,50,50,0,45,1,4515.0,1.2986545017774163
505042,1,50,50,0,46,1,3278.0,1.298103519101739
505042,1,50,50,0,47,1,1698.0,1.687249219329302
505042,1,50,50,0,48,1,2953.0,1.4043399762122755
505042,1,50,50,0,49,1,2086.0,1.277804749438434
505042,1,50,50,0,50,1,2999.0,1.2567143035160324
505043,2,50,50,0,1,1,3500.0,2.439149406100247
505043,2,50,50,0,2,1,3711.0,1.1456182970285755
505043,2,50,50,0,3,1,2249.0,1.1080681370280878
505043,2,50,50,0,4,1,2873.0,1.5801157237174395
505043,2,50,50,0,5,1,3041.0,0.8197842840219104
505043,2,50,50,0,6,1,1937.0,1.1243124897185623
505043,2,50,50,0,7,1,2230.0,2.1731781827268173
505043,2,50,50,0,8,1,2430.0,1.369563058475196
505043,2,50,50,0,9,1,4328.0,1.6789962152377818
505043,2,50,50,0,10,1,4262.0,1.709640610523236
505043,2,50,50,0,11,1,3926.0,1.369563058475196
505043,2,50,50,0,12,1,2591.0,1.0827435551863012
505043,2,50,50,0,13,1,4395.0,1.8551972881788938
505043,2,50,50,0,14,1,1562.0,1.075668844483021
505043,2,50,50,0,15,1,2837.0,1.4244741962814342
505043,2,50,50,0,16,1,1878.0,1.8834816061983695
505043,2,50,50,0,17,1,1585.0,1.105293339004028
505043,2,50,50,0,18,1,3894.0,2.172177721818955
505043,2,50,50,0,19,1,4330.0,1.8834816061983695
505043,2,50,50,0,20,1,4104.0,0.6951931747242835
505043,2,50,50,0,21,1,2607.0,1.4244741962814342
505043,2,50,50,0,22,1,2052.0,1.709640610523236
505043,2,50,50,0,23,1,2597.0,1.5801157237174395
505043,2,50,50,0,24,1,2378.0,1.0827435551863012
505043,2,50,50,0,25,1,3846.0,1.2590613247538098
505043,2,50,50,0,26,1,3402.0,1.1243124897185623
505043,2,50,50,0,27,1,1492.0,1.6629408621303883
505043,2,50,50,0,28,1,2152.0,1.1080681370280878
505043,2,50,50,0,29,1,2433.0,1.1456182970285755
505043,2,50,50,0,30,1,3969.0,0.6951931747242835
505043,2,50,50,0,31,1,2712.0,0.8545110741471494
505043,2,50,50,0,32,1,3465.0,0.8197842840219104
505043,2,50,50,0,33,1,4038.0,1.1631064271986151
505043,2,50,50,0,34,1,4461.0,1.105293339004028
505043,2,50,50,0,35,1,2603.0,1.2590613247538098
505043,2,50,50,0,36,1,3198.0,1.8551972881788938
505043,2,50,50,0,37,1,1390.0,0.8545110741471494
505043,2,50,50,0,38,1,2253.0,2.172177721818955
505043,2,50,50,0,39,1,1877.0,1.250430291053359
505043,2,50,50,0,40,1,4761.0,1.125202767732313
505043,2,50,50,0,41,1,3788.0,2.1731781827268173
505043,2,50,50,0,42,1,2841.0,2.439149406100247
505043,2,50,50,0,43,1,2977.0,1.6629408621303883
505043,2,50,50,0,44,1,3955.0,1.2974146058940792
505043,2,50,50,0,45,1,3170.0,1.1631064271986151
505043,2,50,50,0,46,1,3703.0,1.125202767732313
505043,2,50,50,0,47,1,2790.0,1.2974146058940792
505043,2,50,50,0,48,1,2155.0,1.075668844483021
505043,2,50,50,0,49,1,4326.0,1.6789962152377818
505043,2,50,50,0,50,1,4459.0,1.250430291053359
505044,3,50,50,0,1,1,2864.0,1.4895586645282046
505044,3,50,50,0,2,1,3484.0,1.1300133515131465
505044,3,50,50,0,3,1,3459.0,0.9293765133419353
505044,3,50,50,0,4,1,1890.0,1.0218544806702512
505044,3,50,50,0,5,1,1445.0,1.5613704790987986
505044,3,50,50,0,6,1,1768.0,1.1024895883530597
505044,3,50,50,0,7,1,1846.0,1.4711212904058595
505044,3,50,50,0,8,1,2075.0,0.7622311276079724
505044,3,50,50,0,9,1,1257.0,1.5971358806157323
505044,3,50,50,0,10,1,2843.0,1.551558809280941
505044,3,50,50,0,11,1,4278.0,1.8310172128652702
505044,3,50,50,0,12,1,1699.0,0.943142809201648
505044,3,50,50,0,13,0,2655.0,
505044,3,50,50,0,14,1,3117.0,1.8310172128652702
505044,3,50,50,0,15,1,3208.0,2.584085967007719
505044,3,50,50,0,16,1,3434.0,1.482090772173379
505044,3,50,50,0,17,1,4689.0,1.551558809280941
505044,3,50,50,0,18,1,1516.0,1.2813320927881822
505044,3,50,50,0,19,1,2161.0,1.482090772173379
505044,3,50,50,0,20,1,3620.0,2.584085967007719
505044,3,50,50,0,21,1,2204.0,1.6581379398976708
505044,3,50,50,0,22,1,1389.0,1.740796117852295
505044,3,50,50,0,23,1,2831.0,1.4119209414104592
505044,3,50,50,0,24,1,4574.0,4.396962521093602
505044,3,50,50,0,25,1,4345.0,0.9293765133419353
505044,3,50,50,0,26,1,4739.0,2.293769040007863
505044,3,50,50,0,27,1,2247.0,1.5613704790987986
505044,3,50,50,0,28,1,2935.0,0.943142809201648
505044,3,50,50,0,29,1,2030.0,4.396962521093602
505044,3,50,50,0,30,1,1481.0,0.7622311276079724
505044,3,50,50,0,31,1,4653.0,1.209782082545597
505044,3,50,50,0,32,1,2260.0,1.4895586645282046
505044,3,50,50,0,33,1,1299.0,1.0218544806702512
505044,3,50,50,0,34,1,2402.0,1.1024895883530597
505044,3,50,50,0,35,1,2370.0,1.3073972438717758
505044,3,50,50,0,36,1,4461.0,1.209782082545597
505044,3,50,50,0,37,1,4095.0,1.0699809144207564
505044,3,50,50,0,38,1,3475.0,1.2813320927881822
505044,3,50,50,0,39,1,2111.0,1.6378467691116856
505044,3,50,50,0,40,1,2000.0,1.4119209414104592
505044,3,50,50,0,41,0,1715.0,
505044,3,50,50,0,42,1,3099.0,1.6581379398976708
505044,3,50,50,0,43,1,1260.0,1.740796117852295
505044,3,50,50,0,44,1,2513.0,1.0699809144207564
505044,3,50,50,0,45,1,4780.0,2.293769040007863
505044,3,50,50,0,46,1,2806.0,1.1300133515131465
505044,3,50,50,0,47,1,2342.0,1.3073972438717758
505044,3,50,50,0,48,1,2721.0,1.5971358806157323
505044,3,50,50,0,49,1,3186.0,1.4711212904058595
505044,3,50,50,0,50,1,2738.0,1.6378467691116856
505045,4,50,50,0,1,1,2994.0,1.2121230196207085
505045,4,50,50,0,2,1,4580.0,2.0452736135217733
505045,4,50,50,0,3,1,3535.0,1.4261833028019504
505045,4,50,50,0,4,1,4184.0,1.232347326594941
505045,4,50,50,0,5,1,3454.0,1.1438443340689126
505045,4,50,50,0,6,1,2651.0,0.6628830339918018
505045,4,50,50,0,7,1,2819.0,1.9980589611123964
505045,4,50,50,0,8,1,4428.0,1.5455041537447975
505045,4,50,50,0,9,1,4793.0,1.814756499862313
505045,4,50,50,0,10,1,3503.0,0.9041118184589018
505045,4,50,50,0,11,1,3171.0,0.8252419584049473
505045,4,50,50,0,12,1,2054.0,1.2128416316046353
505045,4,50,50,0,13,1,3718.0,1.814756499862313
505045,4,50,50,0,14,1,2389.0,0.6628830339918018
505045,4,50,50,0,15,1,1338.0,1.232347326594941
505045,4,50,50,0,16,1,2657.0,1.3277450450319446
505045,4,50,50,0,17,1,4186.0,1.25894591946376
505045,4,50,50,0,18,1,1744.0,1.386695961743631
505045,4,50,50,0,19,1,3182.0,0.9041118184589018
505045,4,50,50,0,20,1,4784.0,1.4054640313667877
505045,4,50,50,0,21,1,3084.0,1.734797449324831
505045,4,50,50,0,22,1,2478.0,1.2128416316046353
505045,4,50,50,0,23,1,3799.0,1.25894591946376
505045,4,50,50,0,24,1,4575.0,0.8252419584049473
505045,4,50,50,0,25,1,4620.0,1.9980589611123964
505045,4,50,50,0,26,1,3343.0,0.9978699664348599
505045,4,50,50,0,27,1,4328.0,1.207297541592694
505045,4,50,50,0,28,1,2195.0,1.4261833028019504
505045,4,50,50,0,29,1,3491.0,1.1438443340689126
505045,4,50,50,0,30,1,1978.0,1.5455041537447975
505045,4,50,50,0,31,0,2126.0,
505045,4,50,50,0,32,1,3767.0,1.2121230196207085
505045,4,50,50,0,33,1,1432.0,1.734797449324831
505045,4,50,50,0,34,1,3710.0,1.207297541592694
505045,4,50,50,0,35,1,3619.0,1.4529642939097536
505045,4,50,50,0,36,1,3377.0,0.9978699664348599
505045,4,50,50,0,37,1,1304.0,1.2551840214350547
505045,4,50,50,0,38,1,1627.0,2.4164304606715508
505045,4,50,50,0,39,1,4772.0,1.4697424843292528
505045,4,50,50,0,40,1,1471.0,1.4529642939097536
505045,4,50,50,0,41,1,1794.0,1.4697424843292528
505045,4,50,50,0,42,1,3618.0,1.4008092825589158
505045,4,50,50,0,43,1,2975.0,2.0452736135217733
505045,4,50,50,0,44,1,4573.0,1.2551840214350547
505045,4,50,50,0,45,0,4615.0,
505045,4,50,50,0,46,1,1381.0,1.386695961743631
505045,4,50,50,0,47,1,2623.0,1.3277450450319446
505045,4,50,50,0,48,1,1788.0,1.4054640313667877
505045,4,50,50,0,49,1,3306.0,2.4164304606715508
505045,4,50,50,0,50,1,1874.0,1.4008092825589158
505046,5,50,50,0,1,1,4603.0,1.5509605515483562
505046,5,50,50,0,2,1,3429.0,1.4852854332799443
505046,5,50,50,0,3,1,1352.0,1.2826075292333712
505046,5,50,50,0,4,1,3490.0,1.4364144599951818
505046,5,50,50,0,5,1,3030.0,1.0486220096787042
505046,5,50,50,0,6,1,2117.0,1.1227770190193223
505046,5,50,50,0,7,1,2761.0,1.4199638302828095
505046,5,50,50,0,8,1,2634.0,1.808341747216358
505046,5,50,50,0,9,1,1680.0,1.3384550275387705
505046,5,50,50,0,10,1,3924.0,1.1935532856257436
505046,5,50,50,0,11,1,2048.0,1.5759905756749826
505046,5,50,50,0,12,1,1720.0,1.4940533879214206
505046,5,50,50,0,13,1,3493.0,1.865643978005255
505046,5,50,50,0,14,1,2432.0,1.2826075292333712
505046,5,50,50,0,15,1,2625.0,1.2060663601524784
505046,5,50,50,0,16,1,2347.0,1.2771729265709622
505046,5,50,50,0,17,1,3627.0,1.615828787161532
505046,5,50,50,0,18,1,2130.0,1.2795780749237118
505046,5,50,50,0,19,1,3264.0,1.149527399676886
505046,5,50,50,0,20,1,2979.0,3.5627466556030036
505046,5,50,50,0,21,1,3216.0,1.2771729265709622
505046,5,50,50,0,22,1,4172.0,1.5509605515483562
505046,5,50,50,0,23,1,2679.0,1.615828787161532
505046,5,50,50,0,24,1,1975.0,1.3384550275387705
505046,5,50,50,0,25,1,3716.0,1.1425543732056358
505046,5,50,50,0,26,1,1277.0,1.4934897788793262
505046,5,50,50,0,27,1,4610.0,1.0952934370058836
505046,5,50,50,0,28,1,1348.0,1.865643978005255
505046,5,50,50,0,29,1,3379.0,1.4852854332799443
505046,5,50,50,0,30,1,3042.0,1.808341747216358
505046,5,50,50,0,31,1,4800.0,1.1935532856257436
505046,5,50,50,0,32,1,3604.0,1.0486220096787042
505046,5,50,50,0,33,1,3250.0,1.4364144599951818
505046,5,50,50,0,34,1,3813.0,1.1227770190193223
505046,5,50,50,0,35,1,3777.0,1.1425543732056358
505046,5,50,50,0,36,1,4455.0,1.4940533879214206
505046,5,50,50,0,37,1,4248.0,1.0952934370058836
505046,5,50,50,0,38,1,1597.0,3.5627466556030036
505046,5,50,50,0,39,1,4020.0,1.4503183582536185
505046,5,50,50,0,40,1,1587.0,1.7593707506454093
505046,5,50,50,0,41,1,2689.0,1.5759905756749826
505046,5,50,50,0,42,1,2395.0,1.2795780749237118
505046,5,50,50,0,43,1,4051.0,1.2060663601524784
505046,5,50,50,0,44,1,2207.0,1.2581609283352804
505046,5,50,50,0,45,1,3193.0,1.4934897788793262
505046,5,50,50,0,46,1,1261.0,1.149527399676886
505046,5,50,50,0,47,1,2689.0,1.2581609283352804
505046,5,50,50,0,48,1,4231.0,1.7593707506454093
505046,5,50,50,0,49,1,1676.0,1.4199638302828095
505046,5,50,50,0,50,1,3178.0,1.4503183582536185
505047,6,50,50,0,1,1,3668.0,1.124199560084058
505047,6,50,50,0,2,1,1736.0,1.2610299651958028
505047,6,50,50,0,3,1,2309.0,1.3643299294247524
505047,6,50,50,0,4,1,4439.0,1.124199560084058
505047,6,50,50,0,5,1,2845.0,1.4765799919808538
505047,6,50,50,0,6,1,3078.0,3.1167264462328284
505047,6,50,50,0,7,1,4037.0,1.2209538395007558
505047,6,50,50,0,8,1,3763.0,1.7371143952485943
505047,6,50,50,0,9,1,3835.0,1.395543333850339
505047,6,50,50,0,10,1,1794.0,1.3643299294247524
505047,6,50,50,0,11,1,2732.0,1.1637474204478868
505047,6,50,50,0,12,1,2693.0,1.2209538395007558
505047,6,50,50,0,13,0,2600.0,
505047,6,50,50,0,14,1,2183.0,3.1167264462328284
505047,6,50,50,0,15,1,4647.0,1.4937635435524383
505047,6,50,50,0,16,1,3465.0,1.128030591948931
505047,6,50,50,0,17,1,4708.0,1.5721647815864226
505047,6,50,50,0,18,1,3620.0,1.1657164856790696
505047,6,50,50,0,19,1,2904.0,1.2310409976378238
505047,6,50,50,0,20,1,1559.0,1.4912739286498384
505047,6,50,50,0,21,0,2635.0,
505047,6,50,50,0,22,1,3892.0,1.395543333850339
505047,6,50,50,0,23,1,2718.0,1.5721647815864226
505047,6,50,50,0,24,1,2185.0,1.8722187298920596
505047,6,50,50,0,25,1,3210.0,1.128030591948931
505047,6,50,50,0,26,1,4597.0,1.5192644763246625
505047,6,50,50,0,27,1,2610.0,1.2610299651958028
505047,6,50,50,0,28,1,4518.0,1.7371143952485943
505047,6,50,50,0,29,1,1988.0,1.8722187298920596
505047,6,50,50,0,30,1,2044.0,1.2310409976378238
505047,6,50,50,0,31,1,2870.0,1.136158906010481
505047,6,50,50,0,32,1,2436.0,1.4765799919808538
505047,6,50,50,0,33,1,2181.0,1.0920717257395243
505047,6,50,50,0,34,1,4338.0,1.4636281076253337
505047,6,50,50,0,35,1,4313.0,1.136158906010481
505047,6,50,50,0,36,1,1646.0,1.5192644763246625
505047,6,50,50,0,37,1,3341.0,1.1637474204478868
505047,6,50,50,0,38,1,3559.0,1.1657164856790696
505047,6,50,50,0,39,1,2135.0,1.9434742360804032
505047,6,50,50,0,40,1,3622.0,1.3995543451538375
505047,6,50,50,0,41,1,2300.0,1.4937635435524383
505047,6,50,50,0,42,1,3322.0,1.448581328426885
505047,6,50,50,0,43,1,3997.0,3.0598328876150016
505047,6,50,50,0,44,1,4461.0,3.0598328876150016
505047,6,50,50,0,45,1,2004.0,1.4912739286498384
505047,6,50,50,0,46,1,3481.0,1.3995543451538375
505047,6,50,50,0,47,1,2274.0,1.4636281076253337
505047,6,50,50,0,48,1,4029.0,1.448581328426885
505047,6,50,50,0,49,1,3298.0,1.0920717257395243
505047,6,50,50,0,50,1,2426.0,1.9434742360804032
505048,7,50,50,0,1,1,3573.0,1.019333497158599
505048,7,50,50,0,2,1,4128.0,2.2689621963154187
505048,7,50,50,0,3,1,2273.0,1.7747741153266197
505048,7,50,50,0,4,1,3084.0,2.002545101884447
505048,7,50,50,0,5,1,1837.0,0.7016562054511793
505048,7,50,50,0,6,1,3054.0,1.3185870866394473
505048,7,50,50,0,7,1,3273.0,1.659904131005565
505048,7,50,50,0,8,1,3242.0,1.019333497158599
505048,7,50,50,0,9,1,2596.0,2.567395845686502
505048,7,50,50,0,10,1,3035.0,1.2484030447906445
505048,7,50,50,0,11,1,1424.0,1.3986101087154332
505048,7,50,50,0,12,1,2704.0,1.659904131005565
505048,7,50,50,0,13,1,3637.0,1.1351706601764227
505048,7,50,50,0,14,1,4170.0,1.3986101087154332
505048,7,50,50,0,15,1,1684.0,1.1809153247348443
505048,7,50,50,0,16,1,3883.0,1.1735819657236957
505048,7,50,50,0,17,1,4380.0,1.9096260425156886
505048,7,50,50,0,18,1,1556.0,4.071092132080935
505048,7,50,50,0,19,1,1539.0,1.2484030447906445
505048,7,50,50,0,20,1,3966.0,1.054074228589739
505048,7,50,50,0,21,1,4169.0,0.9006269093658371
505048,7,50,50,0,22,1,4544.0,1.367792901251603
505048,7,50,50,0,23,1,4191.0,0.9006269093658371
505048,7,50,50,0,24,1,3378.0,1.799289803656774
505048,7,50,50,0,25,1,3478.0,1.377971896500868
505048,7,50,50,0,26,1,3891.0,1.1735819657236957
505048,7,50,50,0,27,1,1850.0,0.7016562054511793
505048,7,50,50,0,28,1,4372.0,1.9096260425156886
505048,7,50,50,0,29,1,3601.0,2.2689621963154187
505048,7,50,50,0,30,1,2652.0,1.054074228589739
505048,7,50,50,0,31,1,1709.0,1.5141278120635588
505048,7,50,50,0,32,1,3525.0,1.7747741153266197
505048,7,50,50,0,33,1,1799.0,2.002545101884447
505048,7,50,50,0,34,1,1389.0,1.3185870866394473
505048,7,50,50,0,35,1,4275.0,1.377971896500868
505048,7,50,50,0,36,0,3440.0,
505048,7,50,50,0,37,1,2575.0,1.5141278120635588
505048,7,50,50,0,38,0,2556.0,
505048,7,50,50,0,39,1,1258.0,1.743439320104232
505048,7,50,50,0,40,1,4341.0,1.799289803656774
505048,7,50,50,0,41,1,2959.0,1.367792901251603
505048,7,50,50,0,42,1,3138.0,4.071092132080935
505048,7,50,50,0,43,1,4144.0,1.1809153247348443
505048,7,50,50,0,44,1,3118.0,1.5652082993521614
505048,7,50,50,0,45,1,1324.0,1.4690248428987267
505048,7,50,50,0,46,1,1429.0,1.1351706601764227
505048,7,50,50,0,47,1,3167.0,1.5652082993521614
505048,7,50,50,0,48,1,2569.0,2.567395845686502
505048,7,50,50,0,49,1,4442.0,1.4690248428987267
505048,7,50,50,0,50,1,3906.0,1.743439320104232
505049,8,50,50,0,1,1,2879.0,2.7365748639552745
505049,8,50,50,0,2,1,1210.0,1.6778353926885512
505049,8,50,50,0,3,1,4093.0,1.7320303347159731
505049,8,50,50,0,4,1,3148.0,1.4934204116099556
505049,8,50,50,0,5,1,4235.0,1.1191131730307342
505049,8,50,50,0,6,1,3558.0,1.2961958259642778
505049,8,50,50,0,7,1,3822.0,1.121071602586818
505049,8,50,50,0,8,1,3076.0,1.7437296766203785
505049,8,50,50,0,9,1,2935.0,1.851907468616281
505049,8,50,50,0,10,1,3055.0,1.904418591723213
505049,8,50,50,0,11,1,2159.0,1.221781414932099
505049,8,50,50,0,12,1,2678.0,1.2531793374517266
505049,8,50,50,0,13,1,4067.0,1.851907468616281
505049,8,50,50,0,14,1,2883.0,1.2961958259642778
505049,8,50,50,0,15,1,2475.0,1.4934204116099556
505049,8,50,50,0,16,1,4186.0,1.6742038679039384
505049,8,50,50,0,17,1,2011.0,1.7320303347159731
505049,8,50,50,0,18,1,3274.0,1.7136269966790103
505049,8,50,50,0,19,1,3979.0,1.1621737365021763
505049,8,50,50,0,20,1,3642.0,0.6585573182005068
505049,8,50,50,0,21,1,3789.0,0.8842088741089039
505049,8,50,50,0,22,1,3144.0,1.904418591723213
505049,8,50,50,0,23,1,2596.0,1.089969731876773
505049,8,50,50,0,24,1,1205.0,1.267117773918055
505049,8,50,50,0,25,1,1777.0,1.2531793374517266
505049,8,50,50,0,26,1,2145.0,1.1300794184644678
505049,8,50,50,0,27,1,1622.0,1.036890768124029
505049,8,50,50,0,28,1,3502.0,1.2073235956507116
505049,8,50,50,0,29,1,2383.0,1.267117773918055
505049,8,50,50,0,30,1,1930.0,0.6585573182005068
505049,8,50,50,0,31,1,4109.0,1.6742038679039384
505049,8,50,50,0,32,1,1768.0,2.7365748639552745
505049,8,50,50,0,33,1,2498.0,1.3567732192667639
505049,8,50,50,0,34,1,1293.0,1.7437296766203785
505049,8,50,50,0,35,1,4274.0,1.1191131730307342
505049,8,50,50,0,36,1,4024.0,1.1300794184644678
505049,8,50,50,0,37,1,2130.0,1.036890768124029
505049,8,50,50,0,38,1,3003.0,1.7136269966790103
505049,8,50,50,0,39,1,4481.0,0.8842088741089039
505049,8,50,50,0,40,1,4781.0,1.521801539089654
505049,8,50,50,0,41,1,4459.0,1.221781414932099
505049,8,50,50,0,42,1,3292.0,1.089969731876773
505049,8,50,50,0,43,0,1428.0,
505049,8,50,50,0,44,1,4769.0,1.121071602586818
505049,8,50,50,0,45,1,2626.0,1.3567732192667639
505049,8,50,50,0,46,1,2751.0,1.6778353926885512
505049,8,50,50,0,47,1,1260.0,1.2073235956507116
505049,8,50,50,0,48,1,2530.0,1.521801539089654
505049,8,50,50,0,49,0,4613.0,
505049,8,50,50,0,50,1,4106.0,1.1621737365021763
505050,9,50,50,0,1,1,3286.0,1.1083575178530671
505050,9,50,50,0,2,1,1584.0,1.1872150179247634
505050,9,50,50,0,3,1,4127.0,1.1095782072814484
505050,9,50,50,0,4,1,4505.0,1.2684833440576802
505050,9,50,50,0,5,1,1370.0,1.5137651594812476
505050,9,50,50,0,6,1,2941.0,1.369886797778049
505050,9,50,50,0,7,1,2128.0,1.5069246082929075
505050,9,50,50,0,8,1,4361.0,1.1083575178530671
505050,9,50,50,0,9,1,1506.0,0.9340446113059403
505050,9,50,50,0,10,1,4355.0,1.2091999691553559
505050,9,50,50,0,11,0,4431.0,
505050,9,50,50,0,12,1,2097.0,1.434855920594683
505050,9,50,50,0,13,1,3660.0,0.850673810732317
505050,9,50,50,0,14,0,3218.0,
505050,9,50,50,0,15,1,1845.0,0.9340446113059403
505050,9,50,50,0,16,1,2798.0,1.4082205034918112
505050,9,50,50,0,17,1,1229.0,1.2395506284527829
505050,9,50,50,0,18,1,2852.0,0.8250889235249594
505050,9,50,50,0,19,1,2259.0,2.2560963723774785
505050,9,50,50,0,20,1,2057.0,1.122337587853329
505050,9,50,50,0,21,1,1756.0,1.434855920594683
505050,9,50,50,0,22,1,1662.0,1.2091999691553559
505050,9,50,50,0,23,1,1481.0,1.455328453380542
505050,9,50,50,0,24,1,2539.0,1.2658625885885946
505050,9,50,50,0,25,1,1537.0,0.9809452393663631
505050,9,50,50,0,26,1,3403.0,1.1064461385930193
505050,9,50,50,0,27,1,4565.0,1.1095782072814484
505050,9,50,50,0,28,0,2395.0,
505050,9,50,50,0,29,1,2126.0,1.2658625885885946
505050,9,50,50,0,30,1,2631.0,2.2560963723774785
505050,9,50,50,0,31,0,1946.0,
505050,9,50,50,0,32,1,1960.0,0.9706304888327126
505050,9,50,50,0,33,1,3818.0,1.2684833440576802
505050,9,50,50,0,34,1,3378.0,1.369886797778049
505050,9,50,50,0,35,1,3419.0,1.5137651594812476
505050,9,50,50,0,36,1,3795.0,1.1872150179247634
505050,9,50,50,0,37,1,3457.0,1.4082205034918112
505050,9,50,50,0,38,1,2064.0,0.9706304888327126
505050,9,50,50,0,39,1,1434.0,1.2395506284527829
505050,9,50,50,0,40,1,2662.0,1.455328453380542
505050,9,50,50,0,41,1,2618.0,0.8250889235249594
505050,9,50,50,0,42,1,1754.0,0.907246686161924
505050,9,50,50,0,43,1,2973.0,0.9809452393663631
505050,9,50,50,0,44,1,3722.0,1.2021892937196734
505050,9,50,50,0,45,1,1335.0,1.1064461385930193
505050,9,50,50,0,46,1,3164.0,0.850673810732317
505050,9,50,50,0,47,1,3023.0,1.2021892937196734
505050,9,50,50,0,48,1,2368.0,1.122337587853329
505050,9,50,50,0,49,1,3734.0,1.5069246082929075
505050,9,50,50,0,50,1,1379.0,0.907246686161924
505051,10,50,50,0,1,1,1793.0,1.1448400459583974
505051,10,50,50,0,2,1,3546.0,0.8925951942092356
505051,10,50,50,0,3,1,2092.0,1.1153931099539933
505051,10,50,50,0,4,1,3447.0,0.9652796686202478
505051,10,50,50,0,5,1,4316.0,0.8301532383675677
505051,10,50,50,0,6,1,2126.0,1.3367626922220524
505051,10,50,50,0,7,1,3090.0,1.5663770833638542
505051,10,50,50,0,8,1,4624.0,1.1448400459583974
505051,10,50,50,0,9,1,2682.0,1.5176478328017082
505051,10,50,50,0,10,1,1910.0,1.2671321524649024
505051,10,50,50,0,11,1,2736.0,1.674044563270439
505051,10,50,50,0,12,1,3194.0,1.2539719033943044
505051,10,50,50,0,13,1,3514.0,1.5176478328017082
505051,10,50,50,0,14,1,4124.0,1.5762041943928926
505051,10,50,50,0,15,1,2108.0,0.9652796686202478
505051,10,50,50,0,16,1,4463.0,1.3776749315919137
505051,10,50,50,0,17,1,3794.0,1.1507180220938786
505051,10,50,50,0,18,1,3617.0,0.9405076764608132
505051,10,50,50,0,19,1,1227.0,1.6883567101802226
505051,10,50,50,0,20,1,3662.0,1.395208049411955
505051,10,50,50,0,21,1,4065.0,1.2671321524649024
505051,10,50,50,0,22,1,1679.0,1.5762041943928926
505051,10,50,50,0,23,1,4424.0,1.1507180220938786
505051,10,50,50,0,24,1,4437.0,1.4557770858461059
505051,10,50,50,0,25,1,2591.0,1.035536286741816
505051,10,50,50,0,26,1,3380.0,1.0893128620708001
505051,10,50,50,0,27,1,3060.0,0.8123591178342597
505051,10,50,50,0,28,1,3993.0,1.2539719033943044
505051,10,50,50,0,29,1,2287.0,0.8925951942092356
505051,10,50,50,0,30,1,1979.0,1.395208049411955
505051,10,50,50,0,31,1,2711.0,1.520892574467237
505051,10,50,50,0,32,1,3353.0,1.674044563270439
505051,10,50,50,0,33,1,2772.0,2.0045872355805305
505051,10,50,50,0,34,1,2269.0,1.3367626922220524
505051,10,50,50,0,35,1,4449.0,1.0893128620708001
505051,10,50,50,0,36,1,2530.0,2.0045872355805305
505051,10,50,50,0,37,1,3146.0,1.1234671891090577
505051,10,50,50,0,38,1,2409.0,0.9405076764608132
505051,10,50,50,0,39,1,1868.0,0.8301532383675677
505051,10,50,50,0,40,1,3730.0,0.8123591178342597
505051,10,50,50,0,41,1,3538.0,1.4557770858461059
505051,10,50,50,0,42,1,2161.0,1.375381811166984
505051,10,50,50,0,43,1,1405.0,1.035536286741816
505051,10,50,50,0,44,1,3137.0,1.3776749315919137
505051,10,50,50,0,45,1,3303.0,1.6883567101802226
505051,10,50,50,0,46,1,4064.0,1.1153931099539933
505051,10,50,50,0,47,1,1241.0,1.1234671891090577
505051,10,50,50,0,48,1,4327.0,1.520892574467237
505051,10,50,50,0,49,1,2481.0,1.5663770833638542
505051,10,50,50,0,50,1,2812.0,1.375381811166984
606042,1,60,60,0,1,1,2496.0,1.6494112914598547
606042,1,60,60,0,2,1,4670.0,0.818119720182886
606042,1,60,60,0,3,1,1988.0,1.3335931177555203
606042,1,60,60,0,4,1,2395.0,1.0415556097474605
606042,1,60,60,0,5,1,3878.0,1.2895899827473205
606042,1,60,60,0,6,1,4158.0,1.0808608003727738
606042,1,60,60,0,7,1,3821.0,1.3351940882096176
606042,1,60,60,0,8,1,2992.0,1.151876875398061
606042,1,60,60,0,9,1,3505.0,1.8950342582750244
606042,1,60,60,0,10,1,3760.0,1.3335931177555203
606042,1,60,60,0,11,1,1416.0,1.3504853779749584
606042,1,60,60,0,12,1,3021.0,1.9595221599984602
606042,1,60,60,0,13,1,2180.0,1.2952793527425623
606042,1,60,60,0,14,1,4200.0,2.26577378399245
606042,1,60,60,0,15,1,3205.0,1.11745223273402
606042,1,60,60,0,16,1,2384.0,1.151876875398061
606042,1,60,60,0,17,1,4199.0,1.4303194525048213
606042,1,60,60,0,18,1,4777.0,1.3351940882096176
606042,1,60,60,0,19,1,1349.0,1.13461720579223
606042,1,60,60,0,20,1,2787.0,3.0679043205289314
606042,1,60,60,0,21,1,4077.0,1.3944685273793174
606042,1,60,60,0,22,1,1779.0,1.2685853371926623
606042,1,60,60,0,23,1,1943.0,1.2952793527425623
606042,1,60,60,0,24,1,3132.0,1.2003216205069842
606042,1,60,60,0,25,0,3152.0,
606042,1,60,60,0,26,1,2756.0,1.9595221599984602
606042,1,60,60,0,27,1,3078.0,0.818119720182886
606042,1,60,60,0,28,1,2280.0,1.4303194525048213
606042,1,60,60,0,29,1,1428.0,1.8353086883702778
606042,1,60,60,0,30,1,4658.0,1.2320837978912171
606042,1,60,60,0,31,1,3443.0,1.1702171101504526
606042,1,60,60,0,32,1,3605.0,1.3504853779749584
606042,1,60,60,0,33,1,1871.0,1.13461720579223
606042,1,60,60,0,34,1,1836.0,1.1702171101504526
606042,1,60,60,0,35,1,2210.0,1.8353086883702778
606042,1,60,60,0,36,1,2302.0,1.0808608003727738
606042,1,60,60,0,37,1,2556.0,3.0679043205289314
606042,1,60,60,0,38,1,3192.0,1.2685853371926623
606042,1,60,60,0,39,1,1732.0,1.9425578659172396
606042,1,60,60,0,40,1,3902.0,1.1016411276983284
606042,1,60,60,0,41,1,1224.0,1.2003216205069842
606042,1,60,60,0,42,1,2960.0,1.7752698481682452
606042,1,60,60,0,43,1,4686.0,1.7752698481682452
606042,1,60,60,0,44,1,1277.0,1.9425578659172396
606042,1,60,60,0,45,1,4538.0,1.2895899827473205
606042,1,60,60,0,46,1,4158.0,1.570234606683227
606042,1,60,60,0,47,1,1936.0,1.0272303364916937
606042,1,60,60,0,48,1,1592.0,1.570234606683227
606042,1,60,60,0,49,1,3740.0,1.1943376622554263
606042,1,60,60,0,50,1,2251.0,1.1016411276983284
606042,1,60,60,0,51,1,4716.0,1.6494112914598547
606042,1,60,60,0,52,1,2744.0,1.3944685273793174
606042,1,60,60,0,53,1,3777.0,1.0272303364916937
606042,1,60,60,0,54,1,4366.0,1.0415556097474605
606042,1,60,60,0,55,1,2993.0,1.2320837978912171
606042,1,60,60,0,56,1,2803.0,1.11745223273402
606042,1,60,60,0,57,1,1211.0,2.26577378399245
606042,1,60,60,0,58,1,1980.0,1.1943376622554263
606042,1,60,60,0,59,1,2833.0,1.8950342582750244
606042,1,60,60,0,60,0,4190.0,
606043,2,60,60,0,1,1,2730.0,1.6394625834852314
606043,2,60,60,0,2,1,2320.0,1.2120784529926973
606043,2,60,60,0,3,1,4478.0,0.9272826848193424
606043,2,60,60,0,4,1,2228.0,1.1080890879102108
606043,2,60,60,0,5,1,1896.0,1.852691423032968
606043,2,60,60,0,6,1,3940.0,1.1637305170306533
606043,2,60,60,0,7,1,3024.0,1.7985958889390323
606043,2,60,60,0,8,1,4177.0,4.817390580241156
606043,2,60,60,0,9,1,3732.0,1.162884997218266
606043,2,60,60,0,10,1,4165.0,0.9272826848193424
606043,2,60,60,0,11,1,1763.0,0.8138597271032457
606043,2,60,60,0,12,1,1362.0,1.1697003910947732
606043,2,60,60,0,13,1,1261.0,1.0192175769350702
606043,2,60,60,0,14,1,1355.0,1.1637305170306533
606043,2,60,60,0,15,1,4122.0,1.2705055956653595
606043,2,60,60,0,16,1,3512.0,4.817390580241156
606043,2,60,60,0,17,1,3450.0,1.1782098301128257
606043,2,60,60,0,18,1,1545.0,1.4038684010044866
606043,2,60,60,0,19,1,3790.0,1.1421795267884358
606043,2,60,60,0,20,1,4496.0,1.2705055956653595
606043,2,60,60,0,21,1,2337.0,1.5004309305574162
606043,2,60,60,0,22,1,4137.0,1.0754301716025447
606043,2,60,60,0,23,1,1708.0,1.7172503336797305
606043,2,60,60,0,24,1,1290.0,1.1697003910947732
606043,2,60,60,0,25,1,3014.0,0.976401613380389
606043,2,60,60,0,26,1,2399.0,1.1430444268212825
606043,2,60,60,0,27,1,2271.0,0.976401613380389
606043,2,60,60,0,28,1,1256.0,1.0192175769350702
606043,2,60,60,0,29,1,1657.0,1.4939035029691543
606043,2,60,60,0,30,1,2794.0,1.2953376733333064
606043,2,60,60,0,31,1,3044.0,0.7942724425730853
606043,2,60,60,0,32,1,3113.0,1.6394625834852314
606043,2,60,60,0,33,1,3667.0,1.5004309305574162
606043,2,60,60,0,34,1,2915.0,1.852691423032968
606043,2,60,60,0,35,1,3048.0,1.2953376733333064
606043,2,60,60,0,36,1,4698.0,1.5703212252391334
606043,2,60,60,0,37,1,2368.0,1.222597927764963
606043,2,60,60,0,38,1,1536.0,1.4939035029691543
606043,2,60,60,0,39,1,4704.0,0.8138597271032457
606043,2,60,60,0,40,0,2180.0,
606043,2,60,60,0,41,1,4162.0,1.4038684010044866
606043,2,60,60,0,42,1,3959.0,1.222597927764963
606043,2,60,60,0,43,1,2593.0,1.2120784529926973
606043,2,60,60,0,44,0,1204.0,
606043,2,60,60,0,45,1,2394.0,1.1430444268212825
606043,2,60,60,0,46,1,2363.0,1.0754301716025447
606043,2,60,60,0,47,1,3766.0,1.4056697963154796
606043,2,60,60,0,48,1,1339.0,0.7942724425730853
606043,2,60,60,0,49,1,4197.0,1.4056697963154796
606043,2,60,60,0,50,1,2762.0,1.1782098301128257
606043,2,60,60,0,51,1,3501.0,0.9258458688912102
606043,2,60,60,0,52,1,1714.0,1.0997214646215516
606043,2,60,60,0,53,1,4713.0,1.7985958889390323
606043,2,60,60,0,54,1,1877.0,1.162884997218266
606043,2,60,60,0,55,1,1310.0,0.9258458688912102
606043,2,60,60,0,56,1,2625.0,1.7172503336797305
606043,2,60,60,0,57,1,2277.0,1.0997214646215516
606043,2,60,60,0,58,1,3322.0,1.1421795267884358
606043,2,60,60,0,59,1,2711.0,1.5703212252391334
606043,2,60,60,0,60,1,2921.0,1.1080890879102108
606044,3,60,60,0,1,1,3736.0,1.5278654954355648
606044,3,60,60,0,2,1,3834.0,1.085210558882264
606044,3,60,60,0,3,1,2252.0,1.369446533262106
606044,3,60,60,0,4,1,1541.0,1.5278654954355648
606044,3,60,60,0,5,1,3222.0,1.1658224240265733
606044,3,60,60,0,6,1,1716.0,1.7742565102148575
606044,3,60,60,0,7,1,3782.0,1.4742921850987216
606044,3,60,60,0,8,1,3997.0,1.2116574641508797
606044,3,60,60,0,9,1,2129.0,1.2146693318811612
606044,3,60,60,0,10,1,1214.0,1.2315588293417143
606044,3,60,60,0,11,1,1866.0,1.7742565102148575
606044,3,60,60,0,12,1,1902.0,1.2239610246640098
606044,3,60,60,0,13,1,4612.0,1.2146693318811612
606044,3,60,60,0,14,0,1726.0,
606044,3,60,60,0,15,1,3563.0,2.0405664160534114
606044,3,60,60,0,16,1,2262.0,1.2116574641508797
606044,3,60,60,0,17,1,2941.0,0.9658736285201901
606044,3,60,60,0,18,1,4221.0,1.6744370223440876
606044,3,60,60,0,19,1,3238.0,1.1338843011326019
606044,3,60,60,0,20,1,2354.0,0.9658736285201901
606044,3,60,60,0,21,1,3612.0,1.3619137961751506
606044,3,60,60,0,22,1,2871.0,1.2305666286440478
606044,3,60,60,0,23,1,3915.0,1.6496301679836296
606044,3,60,60,0,24,1,2454.0,1.2239610246640098
606044,3,60,60,0,25,1,1761.0,1.2315588293417143
606044,3,60,60,0,26,1,4773.0,0.9895919417766906
606044,3,60,60,0,27,1,3049.0,1.9758819945600479
606044,3,60,60,0,28,1,1710.0,1.369446533262106
606044,3,60,60,0,29,1,3355.0,1.300531337082586
606044,3,60,60,0,30,1,4679.0,1.1338843011326019
606044,3,60,60,0,31,1,2412.0,1.5177003586856825
606044,3,60,60,0,32,1,3587.0,1.1658224240265733
606044,3,60,60,0,33,1,3789.0,1.3619137961751506
606044,3,60,60,0,34,1,1816.0,1.111233709122891
606044,3,60,60,0,35,1,3453.0,1.5208980321758303
606044,3,60,60,0,36,1,2437.0,2.253620286867424
606044,3,60,60,0,37,1,4470.0,0.8184663374489011
606044,3,60,60,0,38,1,3745.0,1.6744370223440876
606044,3,60,60,0,39,1,3405.0,1.5123108009145714
606044,3,60,60,0,40,1,1225.0,1.300531337082586
606044,3,60,60,0,41,1,1417.0,1.5123108009145714
606044,3,60,60,0,42,1,2275.0,1.1972569313777424
606044,3,60,60,0,43,1,1510.0,2.0405664160534114
606044,3,60,60,0,44,1,3540.0,0.8184663374489011
606044,3,60,60,0,45,1,2100.0,0.9895919417766906
606044,3,60,60,0,46,1,2852.0,1.085210558882264
606044,3,60,60,0,47,1,3618.0,1.111233709122891
606044,3,60,60,0,48,1,1896.0,1.5177003586856825
606044,3,60,60,0,49,1,1822.0,1.4742921850987216
606044,3,60,60,0,50,1,4437.0,1.1972569313777424
606044,3,60,60,0,51,1,1864.0,1.633565296174136
606044,3,60,60,0,52,1,1601.0,1.3010675240349896
606044,3,60,60,0,53,0,1764.0,
606044,3,60,60,0,54,1,2197.0,1.3010675240349896
606044,3,60,60,0,55,1,2212.0,1.633565296174136
606044,3,60,60,0,56,1,3902.0,1.6496301679836296
606044,3,60,60,0,57,1,4734.0,1.5208980321758303
606044,3,60,60,0,58,1,4652.0,1.9758819945600479
606044,3,60,60,0,59,1,1574.0,2.253620286867424
606044,3,60,60,0,60,1,3035.0,1.2305666286440478
606045,4,60,60,0,1,0,2531.0,
606045,4,60,60,0,2,1,2625.0,1.1379981348354913
606045,4,60,60,0,3,1,2442.0,1.010567632686211
606045,4,60,60,0,4,1,2576.0,1.1364546888527816
606045,4,60,60,0,5,1,2612.0,2.512304828183649
606045,4,60,60,0,6,1,1473.0,2.7112517048906
606045,4,60,60,0,7,1,3904.0,1.2081408738197974
606045,4,60,60,0,8,1,4738.0,1.311952883741915
606045,4,60,60,0,9,1,4129.0,1.4024163072164149
606045,4,60,60,0,10,1,4043.0,1.5245376679777343
606045,4,60,60,0,11,1,1244.0,1.7746812962031964
606045,4,60,60,0,12,1,4222.0,0.8704296936359981
606045,4,60,60,0,13,1,4179.0,2.512304828183649
606045,4,60,60,0,14,1,2938.0,1.1045460801696987
606045,4,60,60,0,15,1,3765.0,1.1970239974413541
606045,4,60,60,0,16,1,4678.0,1.1045460801696987
606045,4,60,60,0,17,1,3328.0,1.5298954013740171
606045,4,60,60,0,18,1,3269.0,1.8275841050722093
606045,4,60,60,0,19,1,2303.0,1.4859280340210068
606045,4,60,60,0,20,1,4076.0,1.0236803026635533
606045,4,60,60,0,21,1,4661.0,1.5705964093553113
606045,4,60,60,0,22,1,2313.0,1.5245376679777343
606045,4,60,60,0,23,1,4135.0,0.7674222829134798
606045,4,60,60,0,24,1,4488.0,1.4320633964161265
606045,4,60,60,0,25,0,4099.0,
606045,4,60,60,0,26,1,4735.0,1.2432697983510106
606045,4,60,60,0,27,1,2933.0,1.972290068636398
606045,4,60,60,0,28,1,1430.0,1.4024163072164149
606045,4,60,60,0,29,1,3840.0,1.2324320950279481
606045,4,60,60,0,30,1,2084.0,1.289817176403333
606045,4,60,60,0,31,1,1706.0,1.010567632686211
606045,4,60,60,0,32,1,2240.0,1.7746812962031964
606045,4,60,60,0,33,1,2354.0,1.1364546888527816
606045,4,60,60,0,34,1,4616.0,1.6170797548658995
606045,4,60,60,0,35,1,3291.0,1.2324320950279481
606045,4,60,60,0,36,1,1309.0,1.2432697983510106
606045,4,60,60,0,37,1,1661.0,1.2081408738197974
606045,4,60,60,0,38,1,4037.0,1.8275841050722093
606045,4,60,60,0,39,1,2395.0,1.6170797548658995
606045,4,60,60,0,40,0,3409.0,
606045,4,60,60,0,41,1,1390.0,1.972290068636398
606045,4,60,60,0,42,1,2757.0,1.8303259956461653
606045,4,60,60,0,43,1,3849.0,1.4428880892462952
606045,4,60,60,0,44,1,1915.0,1.0806060138507279
606045,4,60,60,0,45,1,1674.0,1.4859280340210068
606045,4,60,60,0,46,1,1246.0,1.8303259956461653
606045,4,60,60,0,47,1,2678.0,1.289817176403333
606045,4,60,60,0,48,1,2987.0,0.8704296936359981
606045,4,60,60,0,49,1,2041.0,1.4320633964161265
606045,4,60,60,0,50,1,4722.0,1.0236803026635533
606045,4,60,60,0,51,0,1892.0,
606045,4,60,60,0,52,1,4671.0,1.5705964093553113
606045,4,60,60,0,53,1,1369.0,2.7112517048906
606045,4,60,60,0,54,1,3224.0,1.1379981348354913
606045,4,60,60,0,55,1,1515.0,1.4428880892462952
606045,4,60,60,0,56,1,2620.0,1.1970239974413541
606045,4,60,60,0,57,1,2991.0,1.311952883741915
606045,4,60,60,0,58,1,1605.0,1.5298954013740171
606045,4,60,60,0,59,1,3359.0,0.7674222829134798
606045,4,60,60,0,60,1,2405.0,1.0806060138507279
606046,5,60,60,0,1,0,3030.0,
606046,5,60,60,0,2,1,2241.0,1.019506587433413
606046,5,60,60,0,3,1,1586.0,1.3964444142158035
606046,5,60,60,0,4,1,2290.0,0.913332677812469
606046,5,60,60,0,5,1,3590.0,1.4423623255578446
606046,5,60,60,0,6,1,1551.0,1.3215063601590988
606046,5,60,60,0,7,1,4598.0,2.4120214408585747
606046,5,60,60,0,8,1,4582.0,1.42634920983422
606046,5,60,60,0,9,1,4091.0,1.7419559310526487
606046,5,60,60,0,10,1,2495.0,0.9562003409007515
606046,5,60,60,0,11,1,4379.0,1.828550843400118
606046,5,60,60,0,12,0,4193.0,
606046,5,60,60,0,13,0,4145.0,
606046,5,60,60,0,14,1,3801.0,1.1290849185731109
606046,5,60,60,0,15,1,3415.0,1.3552220759913418
606046,5,60,60,0,16,1,1862.0,1.2167933892324565
606046,5,60,60,0,17,1,2443.0,2.1524505034042813
606046,5,60,60,0,18,1,1701.0,1.2464240812694258
606046,5,60,60,0,19,1,2281.0,1.083892347012097
606046,5,60,60,0,20,1,3355.0,2.5188720206666027
606046,5,60,60,0,21,1,2216.0,1.2816272552273074
606046,5,60,60,0,22,1,4549.0,0.9562003409007515
606046,5,60,60,0,23,1,3519.0,1.1499002172369766
606046,5,60,60,0,24,1,1837.0,0.913332677812469
606046,5,60,60,0,25,1,4762.0,1.7020270431071411
606046,5,60,60,0,26,1,3743.0,1.291179598195857
606046,5,60,60,0,27,1,3867.0,1.7020270431071411
606046,5,60,60,0,28,1,2092.0,2.1524505034042813
606046,5,60,60,0,29,1,1330.0,1.6295028459578391
606046,5,60,60,0,30,1,3135.0,1.4423623255578446
606046,5,60,60,0,31,1,4273.0,1.1511079289497852
606046,5,60,60,0,32,1,3384.0,1.828550843400118
606046,5,60,60,0,33,1,2962.0,1.083892347012097
606046,5,60,60,0,34,1,2655.0,1.4367109081998757
606046,5,60,60,0,35,1,3833.0,1.6295028459578391
606046,5,60,60,0,36,1,3124.0,1.291179598195857
606046,5,60,60,0,37,1,1577.0,2.5188720206666027
606046,5,60,60,0,38,1,4122.0,1.2167933892324565
606046,5,60,60,0,39,1,1976.0,1.3698804760548167
606046,5,60,60,0,40,1,3371.0,1.5401556241306376
606046,5,60,60,0,41,1,4081.0,1.391686696347321
606046,5,60,60,0,42,1,4390.0,1.019506587433413
606046,5,60,60,0,43,1,2429.0,2.4120214408585747
606046,5,60,60,0,44,1,1466.0,1.1290849185731109
606046,5,60,60,0,45,1,3168.0,1.3964444142158035
606046,5,60,60,0,46,1,1948.0,1.3698804760548167
606046,5,60,60,0,47,1,1796.0,1.391686696347321
606046,5,60,60,0,48,0,3410.0,
606046,5,60,60,0,49,1,2846.0,1.2816272552273074
606046,5,60,60,0,50,1,2383.0,1.5401556241306376
606046,5,60,60,0,51,1,1269.0,1.1511079289497852
606046,5,60,60,0,52,1,2768.0,1.3210346689740926
606046,5,60,60,0,53,1,2282.0,1.3215063601590988
606046,5,60,60,0,54,1,1526.0,1.3210346689740926
606046,5,60,60,0,55,1,4593.0,1.4367109081998757
606046,5,60,60,0,56,1,4691.0,1.3552220759913418
606046,5,60,60,0,57,1,4453.0,1.42634920983422
606046,5,60,60,0,58,1,4362.0,1.1499002172369766
606046,5,60,60,0,59,1,3668.0,1.7419559310526487
606046,5,60,60,0,60,1,2509.0,1.2464240812694258
606047,6,60,60,0,1,1,2301.0,1.4231560955382645
606047,6,60,60,0,2,1,3036.0,1.275087238261675
606047,6,60,60,0,3,1,2655.0,1.0755515410882945
606047,6,60,60,0,4,1,4295.0,1.1540465812286682
606047,6,60,60,0,5,1,3623.0,0.9792265081199805
606047,6,60,60,0,6,1,3606.0,1.622904265507413
606047,6,60,60,0,7,1,2957.0,1.3408193480486488
606047,6,60,60,0,8,1,1849.0,1.4231560955382645
606047,6,60,60,0,9,1,2544.0,1.0087374002990166
606047,6,60,60,0,10,0,2252.0,
606047,6,60,60,0,11,0,4206.0,
606047,6,60,60,0,12,1,4488.0,1.528855308720504
606047,6,60,60,0,13,0,1466.0,
606047,6,60,60,0,14,1,3089.0,1.622904265507413
606047,6,60,60,0,15,0,2159.0,
606047,6,60,60,0,16,1,3381.0,1.5333060313059992
606047,6,60,60,0,17,1,4324.0,1.3430477353647428
606047,6,60,60,0,18,1,1495.0,1.6204618011137768
606047,6,60,60,0,19,1,1295.0,2.2780677071600035
606047,6,60,60,0,20,1,4766.0,1.5113750674175626
606047,6,60,60,0,21,1,2436.0,1.1540465812286682
606047,6,60,60,0,22,1,1735.0,1.3457693130414317
606047,6,60,60,0,23,1,2980.0,1.4233504473901653
606047,6,60,60,0,24,1,4735.0,1.0087374002990166
606047,6,60,60,0,25,1,3008.0,0.9681854502501394
606047,6,60,60,0,26,1,4322.0,1.597118831952107
606047,6,60,60,0,27,1,3644.0,1.0755515410882945
606047,6,60,60,0,28,1,4015.0,1.3430477353647428
606047,6,60,60,0,29,1,2701.0,1.2737573344116804
606047,6,60,60,0,30,1,1255.0,0.8750899176737809
606047,6,60,60,0,31,1,3119.0,0.8750899176737809
606047,6,60,60,0,32,1,4694.0,0.9792265081199805
606047,6,60,60,0,33,1,1857.0,0.7904982553315025
606047,6,60,60,0,34,1,1436.0,1.6184697767289895
606047,6,60,60,0,35,1,2411.0,0.9681854502501394
606047,6,60,60,0,36,1,1293.0,1.597118831952107
606047,6,60,60,0,37,1,1473.0,1.2737573344116804
606047,6,60,60,0,38,1,4196.0,2.274175945640918
606047,6,60,60,0,39,1,2903.0,1.352909212720038
606047,6,60,60,0,40,1,2364.0,2.274175945640918
606047,6,60,60,0,41,1,3186.0,1.3457693130414317
606047,6,60,60,0,42,1,1323.0,1.6204618011137768
606047,6,60,60,0,43,1,3795.0,1.5333060313059992
606047,6,60,60,0,44,1,1580.0,2.0829487363790578
606047,6,60,60,0,45,1,3678.0,1.043532786600756
606047,6,60,60,0,46,1,1485.0,1.275087238261675
606047,6,60,60,0,47,1,2558.0,1.6184697767289895
606047,6,60,60,0,48,1,3005.0,0.7904982553315025
606047,6,60,60,0,49,1,1505.0,1.3684576003766835
606047,6,60,60,0,50,1,4666.0,1.352909212720038
606047,6,60,60,0,51,1,4515.0,1.3408193480486488
606047,6,60,60,0,52,1,2189.0,1.5113750674175626
606047,6,60,60,0,53,1,4046.0,1.043532786600756
606047,6,60,60,0,54,1,3346.0,2.0829487363790578
606047,6,60,60,0,55,1,1356.0,1.235388512693755
606047,6,60,60,0,56,1,1368.0,1.4233504473901653
606047,6,60,60,0,57,1,3163.0,2.2780677071600035
606047,6,60,60,0,58,1,1370.0,1.3684576003766835
606047,6,60,60,0,59,1,2178.0,1.235388512693755
606047,6,60,60,0,60,1,3641.0,1.528855308720504
606048,7,60,60,0,1,1,2957.0,1.3451254955963576
606048,7,60,60,0,2,1,2932.0,0.963263588704844
606048,7,60,60,0,3,1,4352.0,1.420823634346379
606048,7,60,60,0,4,1,3834.0,1.7962704315636182
606048,7,60,60,0,5,1,3316.0,1.0597582822910248
606048,7,60,60,0,6,1,3849.0,1.1359646445914449
606048,7,60,60,0,7,1,3781.0,1.081939629588211
606048,7,60,60,0,8,1,2556.0,0.784033427320713
606048,7,60,60,0,9,1,4197.0,1.521145549300472
606048,7,60,60,0,10,1,4348.0,1.2655187265771917
606048,7,60,60,0,11,1,4180.0,1.1005505992299183
606048,7,60,60,0,12,1,2781.0,1.1079316120526188
606048,7,60,60,0,13,1,4557.0,1.128097904220371
606048,7,60,60,0,14,1,3404.0,1.9021623078693428
606048,7,60,60,0,15,1,4553.0,1.446827084674676
606048,7,60,60,0,16,0,2411.0,
606048,7,60,60,0,17,1,3699.0,1.128097904220371
606048,7,60,60,0,18,1,1272.0,1.3039439995778863
606048,7,60,60,0,19,1,1566.0,1.8979358429849102
606048,7,60,60,0,20,1,3529.0,1.9021623078693428
606048,7,60,60,0,21,1,2662.0,1.1229493829382684
606048,7,60,60,0,22,1,1913.0,1.2655187265771917
606048,7,60,60,0,23,1,2500.0,1.674887566364055
606048,7,60,60,0,24,1,4161.0,1.9534196808067767
606048,7,60,60,0,25,1,2199.0,1.512688067914739
606048,7,60,60,0,26,1,4227.0,2.7502236232317454
606048,7,60,60,0,27,1,3904.0,1.512688067914739
606048,7,60,60,0,28,1,1372.0,0.8932158099362997
606048,7,60,60,0,29,1,3413.0,1.9534196808067767
606048,7,60,60,0,30,1,1699.0,0.784033427320713
606048,7,60,60,0,31,1,2963.0,1.5053748247863312
606048,7,60,60,0,32,1,1709.0,1.3451254955963576
606048,7,60,60,0,33,1,4424.0,1.1229493829382684
606048,7,60,60,0,34,1,1839.0,1.0210234736089108
606048,7,60,60,0,35,0,1277.0,
606048,7,60,60,0,36,1,4474.0,0.7956757137401586
606048,7,60,60,0,37,1,2569.0,0.764291165841299
606048,7,60,60,0,38,1,3135.0,1.3039439995778863
606048,7,60,60,0,39,1,3580.0,1.521145549300472
606048,7,60,60,0,40,1,3102.0,1.674887566364055
606048,7,60,60,0,41,1,4538.0,0.8932158099362997
606048,7,60,60,0,42,1,2166.0,1.2868360044581046
606048,7,60,60,0,43,1,4794.0,0.963263588704844
606048,7,60,60,0,44,1,2981.0,0.764291165841299
606048,7,60,60,0,45,1,4447.0,2.7502236232317454
606048,7,60,60,0,46,1,4052.0,1.420823634346379
606048,7,60,60,0,47,1,2061.0,1.0210234736089108
606048,7,60,60,0,48,1,2907.0,1.5053748247863312
606048,7,60,60,0,49,1,2425.0,1.081939629588211
606048,7,60,60,0,50,1,3066.0,1.3340880015066308
606048,7,60,60,0,51,1,4390.0,1.3340880015066308
606048,7,60,60,0,52,1,1508.0,1.1005505992299183
606048,7,60,60,0,53,1,3741.0,1.1359646445914449
606048,7,60,60,0,54,1,1616.0,1.446827084674676
606048,7,60,60,0,55,1,4168.0,1.0597582822910248
606048,7,60,60,0,56,1,2178.0,0.7956757137401586
606048,7,60,60,0,57,1,4144.0,1.8979358429849102
606048,7,60,60,0,58,1,2142.0,1.1079316120526188
606048,7,60,60,0,59,1,2886.0,1.7962704315636182
606048,7,60,60,0,60,1,2756.0,1.2868360044581046
606049,8,60,60,0,1,1,3977.0,2.1729620901088156
606049,8,60,60,0,2,1,2661.0,1.4370872517418227
606049,8,60,60,0,3,1,2481.0,2.040479127867839
606049,8,60,60,0,4,1,4420.0,0.6463040222587674
606049,8,60,60,0,5,1,2837.0,1.1750026274383767
606049,8,60,60,0,6,1,2461.0,1.8034338066252562
606049,8,60,60,0,7,1,4044.0,1.6104539912964146
606049,8,60,60,0,8,0,1840.0,
606049,8,60,60,0,9,1,3329.0,2.1407601796439124
606049,8,60,60,0,10,1,1397.0,1.0944876626350324
606049,8,60,60,0,11,1,4563.0,1.8034338066252562
606049,8,60,60,0,12,0,3753.0,
606049,8,60,60,0,13,1,2323.0,2.072294876240485
606049,8,60,60,0,14,1,3204.0,1.5694823549174868
606049,8,60,60,0,15,1,2466.0,1.4306685869767723
606049,8,60,60,0,16,1,4100.0,1.6104539912964146
606049,8,60,60,0,17,1,2521.0,1.5739363194729141
606049,8,60,60,0,18,0,4743.0,
606049,8,60,60,0,19,1,4055.0,1.306983790984147
606049,8,60,60,0,20,1,2324.0,1.2326713444679673
606049,8,60,60,0,21,0,1819.0,
606049,8,60,60,0,22,1,1639.0,1.0944876626350324
606049,8,60,60,0,23,1,1457.0,1.438106304324454
606049,8,60,60,0,24,1,3699.0,1.1450116069214449
606049,8,60,60,0,25,1,4742.0,0.9983464584850691
606049,8,60,60,0,26,1,3254.0,1.3281038300455055
606049,8,60,60,0,27,1,4014.0,0.753740514308938
606049,8,60,60,0,28,1,1920.0,2.040479127867839
606049,8,60,60,0,29,1,1259.0,1.4370872517418227
606049,8,60,60,0,30,1,3007.0,1.2326713444679673
606049,8,60,60,0,31,1,2710.0,1.2566311388199272
606049,8,60,60,0,32,1,3796.0,2.1729620901088156
606049,8,60,60,0,33,1,2666.0,1.306983790984147
606049,8,60,60,0,34,1,4436.0,0.9983464584850691
606049,8,60,60,0,35,1,2076.0,1.1750026274383767
606049,8,60,60,0,36,1,3044.0,0.753740514308938
606049,8,60,60,0,37,1,4093.0,1.4053906445237068
606049,8,60,60,0,38,1,2678.0,1.2873501013459072
606049,8,60,60,0,39,1,1871.0,0.9949903227619882
606049,8,60,60,0,40,1,4077.0,1.1450116069214449
606049,8,60,60,0,41,1,3970.0,0.9949903227619882
606049,8,60,60,0,42,1,3546.0,0.7013483974059147
606049,8,60,60,0,43,1,4412.0,1.3281038300455055
606049,8,60,60,0,44,1,1452.0,1.4053906445237068
606049,8,60,60,0,45,1,3524.0,2.1407601796439124
606049,8,60,60,0,46,1,4071.0,2.072294876240485
606049,8,60,60,0,47,1,3330.0,1.3672603157189003
606049,8,60,60,0,48,1,2182.0,1.2566311388199272
606049,8,60,60,0,49,1,4572.0,1.3672603157189003
606049,8,60,60,0,50,1,2788.0,0.7013483974059147
606049,8,60,60,0,51,1,4485.0,1.5694823549174868
606049,8,60,60,0,52,1,4448.0,1.926118761177839
606049,8,60,60,0,53,1,1413.0,1.5739363194729141
606049,8,60,60,0,54,1,4525.0,1.4306685869767723
606049,8,60,60,0,55,1,2819.0,1.2873501013459072
606049,8,60,60,0,56,1,2329.0,1.438106304324454
606049,8,60,60,0,57,1,1991.0,1.926118761177839
606049,8,60,60,0,58,1,4232.0,1.5358427122185319
606049,8,60,60,0,59,1,3405.0,0.6463040222587674
606049,8,60,60,0,60,1,2299.0,1.5358427122185319
606050,9,60,60,0,1,1,2949.0,1.2413413572600356
606050,9,60,60,0,2,1,2876.0,1.886557710502238
606050,9,60,60,0,3,1,3768.0,1.2768514212684592
606050,9,60,60,0,4,1,3141.0,0.943666373215857
606050,9,60,60,0,5,1,1829.0,1.0303366531934932
606050,9,60,60,0,6,1,2263.0,1.5282992678279699
606050,9,60,60,0,7,1,4092.0,1.2182311544244038
606050,9,60,60,0,8,1,1856.0,0.9452331387675679
606050,9,60,60,0,9,0,4306.0,
606050,9,60,60,0,10,1,4564.0,1.886557710502238
606050,9,60,60,0,11,1,3582.0,0.943666373215857
606050,9,60,60,0,12,1,1271.0,1.4814537058218324
606050,9,60,60,0,13,1,4526.0,1.0054100373204362
606050,9,60,60,0,14,1,1714.0,1.4814537058218324
606050,9,60,60,0,15,1,3953.0,1.2901777638418206
606050,9,60,60,0,16,1,1726.0,1.2901777638418206
606050,9,60,60,0,17,1,1297.0,1.1502068509886376
606050,9,60,60,0,18,1,1241.0,1.8277543865309434
606050,9,60,60,0,19,1,3682.0,0.6460469359736938
606050,9,60,60,0,20,1,4461.0,2.6587450416212746
606050,9,60,60,0,21,1,4444.0,1.360671154278299
606050,9,60,60,0,22,1,4756.0,1.3093186029905552
606050,9,60,60,0,23,1,2437.0,1.1315841392965886
606050,9,60,60,0,24,1,4788.0,1.9220628919830853
606050,9,60,60,0,25,1,1406.0,1.3309554211714314
606050,9,60,60,0,26,1,3343.0,1.3906185070215156
606050,9,60,60,0,27,0,1613.0,
606050,9,60,60,0,28,1,3434.0,1.0054100373204362
606050,9,60,60,0,29,1,1760.0,1.0303366531934932
606050,9,60,60,0,30,1,1955.0,1.2182311544244038
606050,9,60,60,0,31,1,2396.0,1.38895193329812
606050,9,60,60,0,32,1,2505.0,1.2768514212684592
606050,9,60,60,0,33,0,3221.0,
606050,9,60,60,0,34,1,4646.0,0.9452331387675679
606050,9,60,60,0,35,1,2796.0,1.3309554211714314
606050,9,60,60,0,36,1,3909.0,1.3906185070215156
606050,9,60,60,0,37,1,3669.0,1.0353616169613555
606050,9,60,60,0,38,1,1491.0,1.5799936970604713
606050,9,60,60,0,39,1,3109.0,1.360671154278299
606050,9,60,60,0,40,1,2253.0,1.9220628919830853
606050,9,60,60,0,41,1,2499.0,1.2413413572600356
606050,9,60,60,0,42,1,1761.0,1.432286053831204
606050,9,60,60,0,43,1,1985.0,1.3093186029905552
606050,9,60,60,0,44,1,4440.0,1.8732012206899213
606050,9,60,60,0,45,1,3950.0,2.6587450416212746
606050,9,60,60,0,46,1,2381.0,1.8277543865309434
606050,9,60,60,0,47,1,4278.0,1.1315841392965886
606050,9,60,60,0,48,1,4762.0,1.8293952670014828
606050,9,60,60,0,49,1,2403.0,1.294384949636568
606050,9,60,60,0,50,1,2369.0,1.432286053831204
606050,9,60,60,0,51,1,1511.0,1.0353616169613555
606050,9,60,60,0,52,0,1290.0,
606050,9,60,60,0,53,1,4196.0,1.5282992678279699
606050,9,60,60,0,54,1,3302.0,1.8732012206899213
606050,9,60,60,0,55,1,3420.0,1.5799936970604713
606050,9,60,60,0,56,1,1848.0,1.38895193329812
606050,9,60,60,0,57,1,1664.0,0.6460469359736938
606050,9,60,60,0,58,1,4614.0,1.294384949636568
606050,9,60,60,0,59,1,1339.0,1.8293952670014828
606050,9,60,60,0,60,1,3232.0,1.1502068509886376
606051,10,60,60,0,1,1,4270.0,1.3684036373440522
606051,10,60,60,0,2,1,4598.0,1.2851385537155695
606051,10,60,60,0,3,1,1761.0,1.1576841716895987
606051,10,60,60,0,4,1,4165.0,1.046468860525862
606051,10,60,60,0,5,1,1554.0,1.225848875528723
606051,10,60,60,0,6,1,4326.0,1.8692571877146495
606051,10,60,60,0,7,1,2808.0,0.647567372946993
606051,10,60,60,0,8,1,4204.0,1.7560736047991963
606051,10,60,60,0,9,1,2526.0,0.8757225782461089
606051,10,60,60,0,10,1,3497.0,0.9472205565909482
606051,10,60,60,0,11,1,2887.0,1.2178297059507734
606051,10,60,60,0,12,1,2920.0,1.5340228158138398
606051,10,60,60,0,13,1,4749.0,0.8797427081990621
606051,10,60,60,0,14,1,3959.0,1.8692571877146495
606051,10,60,60,0,15,1,2536.0,1.046468860525862
606051,10,60,60,0,16,1,3016.0,0.8221591798459016
606051,10,60,60,0,17,1,2885.0,1.259752697323028
606051,10,60,60,0,18,1,1843.0,1.8394231883439571
606051,10,60,60,0,19,1,4029.0,0.9472205565909482
606051,10,60,60,0,20,1,3540.0,1.2689838536659324
606051,10,60,60,0,21,1,4315.0,0.88109633597249
606051,10,60,60,0,22,1,2457.0,1.4030136409557936
606051,10,60,60,0,23,1,1779.0,1.5244103633114952
606051,10,60,60,0,24,1,3245.0,1.1991627166115484
606051,10,60,60,0,25,1,1318.0,0.8257477371409019
606051,10,60,60,0,26,1,1263.0,1.7092281054396126
606051,10,60,60,0,27,1,3499.0,0.8257477371409019
606051,10,60,60,0,28,1,3815.0,1.4124307930322084
606051,10,60,60,0,29,1,3296.0,1.2851385537155695
606051,10,60,60,0,30,1,1821.0,1.7560736047991963
606051,10,60,60,0,31,1,1920.0,1.2445760544849822
606051,10,60,60,0,32,1,3197.0,1.3684036373440522
606051,10,60,60,0,33,1,3144.0,1.3144485524259937
606051,10,60,60,0,34,1,3001.0,1.0027682371903222
606051,10,60,60,0,35,1,2344.0,1.3144485524259937
606051,10,60,60,0,36,1,2501.0,0.8797427081990621
606051,10,60,60,0,37,1,4627.0,0.647567372946993
606051,10,60,60,0,38,1,2772.0,1.8394231883439571
606051,10,60,60,0,39,1,1928.0,0.88109633597249
606051,10,60,60,0,40,1,1379.0,1.1991627166115484
606051,10,60,60,0,41,1,1700.0,1.4124307930322084
606051,10,60,60,0,42,1,3048.0,1.5843196705827578
606051,10,60,60,0,43,1,3480.0,1.4030136409557936
606051,10,60,60,0,44,1,2993.0,1.9274403787182144
606051,10,60,60,0,45,1,4333.0,0.8757225782461089
606051,10,60,60,0,46,1,2561.0,1.2445760544849822
606051,10,60,60,0,47,1,4406.0,1.0027682371903222
606051,10,60,60,0,48,1,4547.0,1.2689838536659324
606051,10,60,60,0,49,1,4741.0,1.0737661656476913
606051,10,60,60,0,50,1,1522.0,1.5843196705827578
606051,10,60,60,0,51,1,3246.0,1.259752697323028
606051,10,60,60,0,52,1,1348.0,1.2178297059507734
606051,10,60,60,0,53,1,3557.0,1.1576841716895987
606051,10,60,60,0,54,1,2567.0,1.9274403787182144
606051,10,60,60,0,55,1,3814.0,1.225848875528723
606051,10,60,60,0,56,1,3595.0,1.5244103633114952
606051,10,60,60,0,57,1,1645.0,1.7092281054396126
606051,10,60,60,0,58,1,4618.0,1.0737661656476913
606051,10,60,60,0,59,1,4218.0,0.8221591798459016
606051,10,60,60,0,60,1,4624.0,1.5340228158138398
